json_path,latitude,longitude,Normalized_Lane_Width,Safety_Score,Left_Lookahead_Score,Right_Lookahead_Score,Left_Lane_Intensity_Score,Right_Lane_Intensity_Score,Lane_Visibility_Score,Left_Lane_Confidence,Right_Lane_Confidence,Local_Time
/media/vsi-dev/Lacie_2/mndot_workzone_project/Toyota/campaign_0f13274e-1e23-415d-8a6c-56f06a60a20a-Toyota_Prius_-_Austin_-_1/campaign/processed_json/segments/e6b4bacb-a530-472c-8a4f-cfdd6d463762/part_2/005000.json,43.6806233,-92.9868122,0.9880593620427125,82.26,63.212435233160626,65.80310880829016,41.54269972451791,53.77410468319559,61.98,0.8980938189783494,0.8968310172948152,2025-07-07 11:37:53.917
/media/vsi-dev/Lacie_2/mndot_workzone_project/Toyota/campaign_0f13274e-1e23-415d-8a6c-56f06a60a20a-Toyota_Prius_-_Austin_-_1/campaign/processed_json/segments/e6b4bacb-a530-472c-8a4f-cfdd6d463762/part_2/005001.json,43.6806233,-92.9868122,0,34.65,54.40414507772021,64.76683937823834,0.0,0.0,44.23,0.7551526687484469,0.9405604234735371,2025-07-07 11:37:53.932
/media/vsi-dev/Lacie_2/mndot_workzone_project/Toyota/campaign_0f13274e-1e23-415d-8a6c-56f06a60a20a-Toyota_Prius_-_Austin_-_1/campaign/processed_json/segments/e6b4bacb-a530-472c-8a4f-cfdd6d463762/part_2/005002.json,43.6806233,-92.9868122,0,33.45,50.259067357512954,64.76683937823834,0.9504132231404958,0.0,42.81,0.7384076979999534,0.8940068273405313,2025-07-07 11:37:53.962
/media/vsi-dev/Lacie_2/mndot_workzone_project/Toyota/campaign_0f13274e-1e23-415d-8a6c-56f06a60a20a-Toyota_Prius_-_Austin_-_1/campaign/processed_json/segments/e6b4bacb-a530-472c-8a4f-cfdd6d463762/part_2/005003.json,43.6806233,-92.9868122,0,37.28,53.36787564766839,64.76683937823834,0.055096418732782364,49.79338842975206,51.3,0.7829362485764788,0.8931015067507894,2025-07-07 11:37:53.994
/media/vsi-dev/Lacie_2/mndot_workzone_project/Toyota/campaign_0f13274e-1e23-415d-8a6c-56f06a60a20a-Toyota_Prius_-_Austin_-_1/campaign/processed_json/segments/e6b4bacb-a530-472c-8a4f-cfdd6d463762/part_2/005004.json,43.6806233,-92.9868122,0,36.75,47.15025906735752,64.76683937823834,20.81267217630854,50.23415977961433,52.17,0.6944293281730274,0.8933926433762072,2025-07-07 11:37:54.035
/media/vsi-dev/Lacie_2/mndot_workzone_project/Toyota/campaign_0f13274e-1e23-415d-8a6c-56f06a60a20a-Toyota_Prius_-_Austin_-_1/campaign/processed_json/segments/e6b4bacb-a530-472c-8a4f-cfdd6d463762/part_2/005005.json,43.6806233,-92.9868122,0.9727652403079083,81.89,63.212435233160626,65.28497409326425,46.98347107438017,50.05509641873278,62.16,0.9202858633874361,0.8914849710718242,2025-07-07 11:37:54.069
/media/vsi-dev/Lacie_2/mndot_workzone_project/Toyota/campaign_0f13274e-1e23-415d-8a6c-56f06a60a20a-Toyota_Prius_-_Austin_-_1/campaign/processed_json/segments/e6b4bacb-a530-472c-8a4f-cfdd6d463762/part_2/005006.json,43.6806233,-92.9868122,0,34.0,52.331606217616574,65.80310880829016,0.34435261707988984,2.56198347107438,44.06,0.7442303249636888,0.8933139315854464,2025-07-07 11:37:54.100
/media/vsi-dev/Lacie_2/mndot_workzone_project/Toyota/campaign_0f13274e-1e23-415d-8a6c-56f06a60a20a-Toyota_Prius_-_Austin_-_1/campaign/processed_json/segments/e6b4bacb-a530-472c-8a4f-cfdd6d463762/part_2/005007.json,43.6806233,-92.9868122,0,42.25,57.51295336787565,65.80310880829016,63.27823691460055,51.790633608815426,62.82,0.8180775348649922,0.8941025028579606,2025-07-07 11:37:54.130
/media/vsi-dev/Lacie_2/mndot_workzone_project/Toyota/campaign_0f13274e-1e23-415d-8a6c-56f06a60a20a-Toyota_Prius_-_Austin_-_1/campaign/processed_json/segments/e6b4bacb-a530-472c-8a4f-cfdd6d463762/part_2/005008.json,43.6806233,-92.9868122,0,34.9,58.03108808290155,65.80310880829016,1.143250688705234,1.0055096418732783,45.77,0.7659277355242221,0.8934691649051307,2025-07-07 11:37:54.164
/media/vsi-dev/Lacie_2/mndot_workzone_project/Toyota/campaign_0f13274e-1e23-415d-8a6c-56f06a60a20a-Toyota_Prius_-_Austin_-_1/campaign/processed_json/segments/e6b4bacb-a530-472c-8a4f-cfdd6d463762/part_2/005009.json,43.6806233,-92.9868122,0,38.58,58.549222797927456,65.80310880829016,4.9449035812672175,52.85123966942149,54.39,0.7866442162135912,0.8954333534882124,2025-07-07 11:37:54.198
/media/vsi-dev/Lacie_2/mndot_workzone_project/Toyota/campaign_0f13274e-1e23-415d-8a6c-56f06a60a20a-Toyota_Prius_-_Austin_-_1/campaign/processed_json/segments/e6b4bacb-a530-472c-8a4f-cfdd6d463762/part_2/005010.json,43.6806233,-92.9868122,0.9704334030551546,81.31,60.10362694300518,66.32124352331607,39.531680440771346,53.34710743801653,60.92,0.9162417406745362,0.8960304844044602,2025-07-07 11:37:54.234
/media/vsi-dev/Lacie_2/mndot_workzone_project/Toyota/campaign_0f13274e-1e23-415d-8a6c-56f06a60a20a-Toyota_Prius_-_Austin_-_1/campaign/processed_json/segments/e6b4bacb-a530-472c-8a4f-cfdd6d463762/part_2/005011.json,43.6806233,-92.9868122,0,35.57,55.95854922279793,66.83937823834198,3.126721763085399,0.7162534435261708,46.0,0.8235088495022783,0.893058103555456,2025-07-07 11:37:54.267
/media/vsi-dev/Lacie_2/mndot_workzone_project/Toyota/campaign_0f13274e-1e23-415d-8a6c-56f06a60a20a-Toyota_Prius_-_Austin_-_1/campaign/processed_json/segments/e6b4bacb-a530-472c-8a4f-cfdd6d463762/part_2/005012.json,43.6806233,-92.9868122,0,36.31,57.51295336787565,65.80310880829016,0.6198347107438017,10.798898071625345,47.39,0.8434122818566521,0.8924805386134396,2025-07-07 11:37:54.296
/media/vsi-dev/Lacie_2/mndot_workzone_project/Toyota/campaign_0f13274e-1e23-415d-8a6c-56f06a60a20a-Toyota_Prius_-_Austin_-_1/campaign/processed_json/segments/e6b4bacb-a530-472c-8a4f-cfdd6d463762/part_2/005013.json,43.6806233,-92.9868122,0,36.25,57.51295336787565,66.32124352331607,12.314049586776859,0.0,47.6,0.8287579956132968,0.892318640474013,2025-07-07 11:37:54.332
/media/vsi-dev/Lacie_2/mndot_workzone_project/Toyota/campaign_0f13274e-1e23-415d-8a6c-56f06a60a20a-Toyota_Prius_-_Austin_-_1/campaign/processed_json/segments/e6b4bacb-a530-472c-8a4f-cfdd6d463762/part_2/005014.json,43.6806233,-92.9868122,0,36.56,56.476683937823836,66.32124352331607,14.517906336088155,9.862258953168045,48.98,0.8042457853139697,0.8928005542658827,2025-07-07 11:37:54.360
/media/vsi-dev/Lacie_2/mndot_workzone_project/Toyota/campaign_0f13274e-1e23-415d-8a6c-56f06a60a20a-Toyota_Prius_-_Austin_-_1/campaign/processed_json/segments/e6b4bacb-a530-472c-8a4f-cfdd6d463762/part_2/005015.json,43.6806233,-92.9868122,0,37.92,54.40414507772021,66.83937823834198,16.005509641873278,31.418732782369148,52.04,0.8182684101156438,0.8924988445708478,2025-07-07 11:37:54.394
/media/vsi-dev/Lacie_2/mndot_workzone_project/Toyota/campaign_0f13274e-1e23-415d-8a6c-56f06a60a20a-Toyota_Prius_-_Austin_-_1/campaign/processed_json/segments/e6b4bacb-a530-472c-8a4f-cfdd6d463762/part_2/005016.json,43.6806233,-92.9868122,0,37.9,53.8860103626943,65.80310880829016,21.294765840220386,25.6198347107438,51.58,0.7847456970976121,0.9424647288144301,2025-07-07 11:37:54.429
/media/vsi-dev/Lacie_2/mndot_workzone_project/Toyota/campaign_0f13274e-1e23-415d-8a6c-56f06a60a20a-Toyota_Prius_-_Austin_-_1/campaign/processed_json/segments/e6b4bacb-a530-472c-8a4f-cfdd6d463762/part_2/005017.json,43.6806233,-92.9868122,0.9848041402180955,81.17,60.10362694300518,66.32124352331607,36.59779614325069,52.782369146005514,60.19,0.8760211263091788,0.894636755833583,2025-07-07 11:37:54.460
/media/vsi-dev/Lacie_2/mndot_workzone_project/Toyota/campaign_0f13274e-1e23-415d-8a6c-56f06a60a20a-Toyota_Prius_-_Austin_-_1/campaign/processed_json/segments/e6b4bacb-a530-472c-8a4f-cfdd6d463762/part_2/005018.json,43.6806233,-92.9868122,0.9760904721403703,80.23,55.95854922279793,66.83937823834198,35.564738292011015,51.98347107438016,58.81,0.8742155216487442,0.8925127323974579,2025-07-07 11:37:54.496
/media/vsi-dev/Lacie_2/mndot_workzone_project/Toyota/campaign_0f13274e-1e23-415d-8a6c-56f06a60a20a-Toyota_Prius_-_Austin_-_1/campaign/processed_json/segments/e6b4bacb-a530-472c-8a4f-cfdd6d463762/part_2/005019.json,43.6806233,-92.9868122,0.9692207345544688,82.48,62.69430051813472,67.35751295336787,54.848484848484844,54.55922865013774,64.4,0.8982682215932953,0.8971026006096695,2025-07-07 11:37:54.530
/media/vsi-dev/Lacie_2/mndot_workzone_project/Toyota/campaign_0f13274e-1e23-415d-8a6c-56f06a60a20a-Toyota_Prius_-_Austin_-_1/campaign/processed_json/segments/e6b4bacb-a530-472c-8a4f-cfdd6d463762/part_2/005020.json,43.6806233,-92.9868122,0.9704334030551546,81.55,57.51295336787565,67.87564766839378,49.311294765840216,54.87603305785124,62.18,0.8894521100148614,0.8970155212201872,2025-07-07 11:37:54.566
/media/vsi-dev/Lacie_2/mndot_workzone_project/Toyota/campaign_0f13274e-1e23-415d-8a6c-56f06a60a20a-Toyota_Prius_-_Austin_-_1/campaign/processed_json/segments/e6b4bacb-a530-472c-8a4f-cfdd6d463762/part_2/005021.json,43.6806233,-92.9868122,0.9727652403079083,82.98,63.212435233160626,68.9119170984456,59.18732782369146,52.79614325068871,65.39,0.896242562769452,0.8953709267264012,2025-07-07 11:37:54.602
/media/vsi-dev/Lacie_2/mndot_workzone_project/Toyota/campaign_0f13274e-1e23-415d-8a6c-56f06a60a20a-Toyota_Prius_-_Austin_-_1/campaign/processed_json/segments/e6b4bacb-a530-472c-8a4f-cfdd6d463762/part_2/005022.json,43.6806233,-92.9868122,0.9781913242622373,83.33,63.212435233160626,67.87564766839378,62.066115702479344,53.732782369146,65.66,0.8999410496395677,0.8935199328635631,2025-07-07 11:37:54.632
/media/vsi-dev/Lacie_2/mndot_workzone_project/Toyota/campaign_0f13274e-1e23-415d-8a6c-56f06a60a20a-Toyota_Prius_-_Austin_-_1/campaign/processed_json/segments/e6b4bacb-a530-472c-8a4f-cfdd6d463762/part_2/005023.json,43.6806233,-92.9868122,0.9839305142725083,83.33,61.13989637305699,68.9119170984456,60.13774104683196,53.760330578512395,65.07,0.8986792399285712,0.8955036513101691,2025-07-07 11:37:54.669
/media/vsi-dev/Lacie_2/mndot_workzone_project/Toyota/campaign_0f13274e-1e23-415d-8a6c-56f06a60a20a-Toyota_Prius_-_Austin_-_1/campaign/processed_json/segments/e6b4bacb-a530-472c-8a4f-cfdd6d463762/part_2/005024.json,43.6806241,-92.9866282,0.9781913242622373,83.18,62.69430051813472,68.9119170984456,58.31955922865014,53.7465564738292,65.27,0.9000971966079321,0.8946403603121464,2025-07-07 11:37:54.699
/media/vsi-dev/Lacie_2/mndot_workzone_project/Toyota/campaign_0f13274e-1e23-415d-8a6c-56f06a60a20a-Toyota_Prius_-_Austin_-_1/campaign/processed_json/segments/e6b4bacb-a530-472c-8a4f-cfdd6d463762/part_2/005025.json,43.6806241,-92.9866282,0.9839305142725083,82.64,61.13989637305699,68.9119170984456,45.67493112947658,52.713498622589526,62.85,0.9202864398920919,0.8942486823376234,2025-07-07 11:37:54.733
/media/vsi-dev/Lacie_2/mndot_workzone_project/Toyota/campaign_0f13274e-1e23-415d-8a6c-56f06a60a20a-Toyota_Prius_-_Austin_-_1/campaign/processed_json/segments/e6b4bacb-a530-472c-8a4f-cfdd6d463762/part_2/005026.json,43.6806241,-92.9866282,0.9801986733067553,82.41,64.76683937823834,67.87564766839378,39.28374655647383,52.68595041322314,62.66,0.9205283753866835,0.8932386372557528,2025-07-07 11:37:54.766
/media/vsi-dev/Lacie_2/mndot_workzone_project/Toyota/campaign_0f13274e-1e23-415d-8a6c-56f06a60a20a-Toyota_Prius_-_Austin_-_1/campaign/processed_json/segments/e6b4bacb-a530-472c-8a4f-cfdd6d463762/part_2/005027.json,43.6806241,-92.9866282,0.9839305142725083,83.15,64.24870466321244,67.87564766839378,56.10192837465565,51.887052341597794,64.78,0.8969652586232827,0.8916010158010633,2025-07-07 11:37:54.803
/media/vsi-dev/Lacie_2/mndot_workzone_project/Toyota/campaign_0f13274e-1e23-415d-8a6c-56f06a60a20a-Toyota_Prius_-_Austin_-_1/campaign/processed_json/segments/e6b4bacb-a530-472c-8a4f-cfdd6d463762/part_2/005028.json,43.6806241,-92.9866282,0.9848041402180955,82.65,59.067357512953365,67.87564766839378,54.31129476584022,53.82920110192837,63.28,0.8997190885700893,0.8946474075094694,2025-07-07 11:37:54.840
/media/vsi-dev/Lacie_2/mndot_workzone_project/Toyota/campaign_0f13274e-1e23-415d-8a6c-56f06a60a20a-Toyota_Prius_-_Austin_-_1/campaign/processed_json/segments/e6b4bacb-a530-472c-8a4f-cfdd6d463762/part_2/005029.json,43.6806241,-92.9866282,0.988813044611233,83.39,63.212435233160626,67.87564766839378,55.27548209366391,54.10468319559229,64.71,0.9016411564274238,0.8941640359056212,2025-07-07 11:37:54.865
/media/vsi-dev/Lacie_2/mndot_workzone_project/Toyota/campaign_0f13274e-1e23-415d-8a6c-56f06a60a20a-Toyota_Prius_-_Austin_-_1/campaign/processed_json/segments/e6b4bacb-a530-472c-8a4f-cfdd6d463762/part_2/005030.json,43.6806241,-92.9866282,0,36.11,62.17616580310881,67.35751295336787,0.0,2.7134986225895315,47.77,0.7588926645586833,0.9416571054634202,2025-07-07 11:37:54.898
/media/vsi-dev/Lacie_2/mndot_workzone_project/Toyota/campaign_0f13274e-1e23-415d-8a6c-56f06a60a20a-Toyota_Prius_-_Austin_-_1/campaign/processed_json/segments/e6b4bacb-a530-472c-8a4f-cfdd6d463762/part_2/005031.json,43.6806241,-92.9866282,0.988813044611233,83.77,63.730569948186535,67.87564766839378,62.63085399449035,52.56198347107438,65.73,0.8997340502280783,0.8932987205256095,2025-07-07 11:37:54.933
/media/vsi-dev/Lacie_2/mndot_workzone_project/Toyota/campaign_0f13274e-1e23-415d-8a6c-56f06a60a20a-Toyota_Prius_-_Austin_-_1/campaign/processed_json/segments/e6b4bacb-a530-472c-8a4f-cfdd6d463762/part_2/005032.json,43.6806241,-92.9866282,0.9928258579038134,82.52,57.51295336787565,68.39378238341969,45.3030303030303,52.96143250688705,61.6,0.9224245801991107,0.8943075644603456,2025-07-07 11:37:54.964
/media/vsi-dev/Lacie_2/mndot_workzone_project/Toyota/campaign_0f13274e-1e23-415d-8a6c-56f06a60a20a-Toyota_Prius_-_Austin_-_1/campaign/processed_json/segments/e6b4bacb-a530-472c-8a4f-cfdd6d463762/part_2/005033.json,43.6806241,-92.9866282,0.988813044611233,83.26,63.212435233160626,68.9119170984456,47.231404958677686,53.53994490358127,63.84,0.9236357757549081,0.8939220408671221,2025-07-07 11:37:54.998
/media/vsi-dev/Lacie_2/mndot_workzone_project/Toyota/campaign_0f13274e-1e23-415d-8a6c-56f06a60a20a-Toyota_Prius_-_Austin_-_1/campaign/processed_json/segments/e6b4bacb-a530-472c-8a4f-cfdd6d463762/part_2/005034.json,43.6806241,-92.9866282,0,44.85,63.212435233160626,67.87564766839378,85.68870523415978,54.43526170798898,68.97,0.8300846146399367,0.8956303636912659,2025-07-07 11:37:55.035
/media/vsi-dev/Lacie_2/mndot_workzone_project/Toyota/campaign_0f13274e-1e23-415d-8a6c-56f06a60a20a-Toyota_Prius_-_Austin_-_1/campaign/processed_json/segments/e6b4bacb-a530-472c-8a4f-cfdd6d463762/part_2/005035.json,43.6806241,-92.9866282,0,41.3,62.69430051813472,67.87564766839378,27.286501377410467,54.476584022038566,60.07,0.8320549069250471,0.8947660044417467,2025-07-07 11:37:55.072
/media/vsi-dev/Lacie_2/mndot_workzone_project/Toyota/campaign_0f13274e-1e23-415d-8a6c-56f06a60a20a-Toyota_Prius_-_Austin_-_1/campaign/processed_json/segments/e6b4bacb-a530-472c-8a4f-cfdd6d463762/part_2/005036.json,43.6806241,-92.9866282,0,41.21,65.80310880829016,67.87564766839378,18.40220385674931,53.319559228650135,59.56,0.8447994623553114,0.894161144925193,2025-07-07 11:37:55.097
/media/vsi-dev/Lacie_2/mndot_workzone_project/Toyota/campaign_0f13274e-1e23-415d-8a6c-56f06a60a20a-Toyota_Prius_-_Austin_-_1/campaign/processed_json/segments/e6b4bacb-a530-472c-8a4f-cfdd6d463762/part_2/005037.json,43.6806241,-92.9866282,0,40.24,63.212435233160626,67.87564766839378,18.732782369146005,53.89807162534436,58.62,0.7873590538802131,0.8923406286355784,2025-07-07 11:37:55.139
/media/vsi-dev/Lacie_2/mndot_workzone_project/Toyota/campaign_0f13274e-1e23-415d-8a6c-56f06a60a20a-Toyota_Prius_-_Austin_-_1/campaign/processed_json/segments/e6b4bacb-a530-472c-8a4f-cfdd6d463762/part_2/005038.json,43.6806241,-92.9866282,0,40.14,65.80310880829016,67.87564766839378,0.0,54.366391184573004,56.94,0.8417110806762884,0.894693684570383,2025-07-07 11:37:55.174
/media/vsi-dev/Lacie_2/mndot_workzone_project/Toyota/campaign_0f13274e-1e23-415d-8a6c-56f06a60a20a-Toyota_Prius_-_Austin_-_1/campaign/processed_json/segments/e6b4bacb-a530-472c-8a4f-cfdd6d463762/part_2/005039.json,43.6806241,-92.9866282,0,45.37,66.83937823834198,67.87564766839378,87.09366391184574,52.94765840220386,70.09,0.8423261893902735,0.8912790182298792,2025-07-07 11:37:55.204
/media/vsi-dev/Lacie_2/mndot_workzone_project/Toyota/campaign_0f13274e-1e23-415d-8a6c-56f06a60a20a-Toyota_Prius_-_Austin_-_1/campaign/processed_json/segments/e6b4bacb-a530-472c-8a4f-cfdd6d463762/part_2/005040.json,43.6806241,-92.9866282,0,39.46,63.212435233160626,68.9119170984456,0.8953168044077136,52.603305785123965,56.16,0.807082230082452,0.8921595302997899,2025-07-07 11:37:55.238
/media/vsi-dev/Lacie_2/mndot_workzone_project/Toyota/campaign_0f13274e-1e23-415d-8a6c-56f06a60a20a-Toyota_Prius_-_Austin_-_1/campaign/processed_json/segments/e6b4bacb-a530-472c-8a4f-cfdd6d463762/part_2/005041.json,43.6806241,-92.9866282,0,44.98,62.17616580310881,68.9119170984456,99.93112947658402,52.658402203856745,70.59,0.7830057766318088,0.8913783733335277,2025-07-07 11:37:55.262
/media/vsi-dev/Lacie_2/mndot_workzone_project/Toyota/campaign_0f13274e-1e23-415d-8a6c-56f06a60a20a-Toyota_Prius_-_Austin_-_1/campaign/processed_json/segments/e6b4bacb-a530-472c-8a4f-cfdd6d463762/part_2/005042.json,43.6806241,-92.9866282,0,44.92,63.212435233160626,67.87564766839378,100.0,52.02479338842976,70.49,0.7805136117664278,0.8919636305014368,2025-07-07 11:37:55.305
/media/vsi-dev/Lacie_2/mndot_workzone_project/Toyota/campaign_0f13274e-1e23-415d-8a6c-56f06a60a20a-Toyota_Prius_-_Austin_-_1/campaign/processed_json/segments/e6b4bacb-a530-472c-8a4f-cfdd6d463762/part_2/005043.json,43.6806241,-92.9866282,0,39.68,66.83937823834198,67.87564766839378,1.9283746556473829,52.24517906336088,56.98,0.7942105192255025,0.894095345634343,2025-07-07 11:37:55.336
/media/vsi-dev/Lacie_2/mndot_workzone_project/Toyota/campaign_0f13274e-1e23-415d-8a6c-56f06a60a20a-Toyota_Prius_-_Austin_-_1/campaign/processed_json/segments/e6b4bacb-a530-472c-8a4f-cfdd6d463762/part_2/005044.json,43.6806241,-92.9866282,0,45.19,64.76683937823834,67.87564766839378,93.92561983471074,52.57575757575758,70.3,0.8128614050024441,0.8942382670241816,2025-07-07 11:37:55.367
/media/vsi-dev/Lacie_2/mndot_workzone_project/Toyota/campaign_0f13274e-1e23-415d-8a6c-56f06a60a20a-Toyota_Prius_-_Austin_-_1/campaign/processed_json/segments/e6b4bacb-a530-472c-8a4f-cfdd6d463762/part_2/005045.json,43.6806241,-92.9866282,0.9848041402180955,80.42,50.77720207253886,67.87564766839378,34.421487603305785,52.64462809917355,57.64,0.9032695306859911,0.8936984121595584,2025-07-07 11:37:55.402
/media/vsi-dev/Lacie_2/mndot_workzone_project/Toyota/campaign_0f13274e-1e23-415d-8a6c-56f06a60a20a-Toyota_Prius_-_Austin_-_1/campaign/processed_json/segments/e6b4bacb-a530-472c-8a4f-cfdd6d463762/part_2/005046.json,43.6806241,-92.9866282,0,45.45,64.76683937823834,67.87564766839378,100.0,52.30027548209366,71.14,0.8069942764705442,0.8925376654847119,2025-07-07 11:37:55.435
/media/vsi-dev/Lacie_2/mndot_workzone_project/Toyota/campaign_0f13274e-1e23-415d-8a6c-56f06a60a20a-Toyota_Prius_-_Austin_-_1/campaign/processed_json/segments/e6b4bacb-a530-472c-8a4f-cfdd6d463762/part_2/005047.json,43.6806241,-92.9866282,0,44.82,64.24870466321244,67.87564766839378,79.43526170798899,53.77410468319559,68.36,0.8517780653690697,0.8958272895505871,2025-07-07 11:37:55.467
/media/vsi-dev/Lacie_2/mndot_workzone_project/Toyota/campaign_0f13274e-1e23-415d-8a6c-56f06a60a20a-Toyota_Prius_-_Austin_-_1/campaign/processed_json/segments/e6b4bacb-a530-472c-8a4f-cfdd6d463762/part_2/005048.json,43.6806241,-92.9866282,0,39.42,60.62176165803109,67.87564766839378,0.0,54.090909090909086,55.31,0.8354645524140791,0.8944652724736972,2025-07-07 11:37:55.509
/media/vsi-dev/Lacie_2/mndot_workzone_project/Toyota/campaign_0f13274e-1e23-415d-8a6c-56f06a60a20a-Toyota_Prius_-_Austin_-_1/campaign/processed_json/segments/e6b4bacb-a530-472c-8a4f-cfdd6d463762/part_2/005049.json,43.6806241,-92.9866282,0,39.46,57.51295336787565,66.32124352331607,15.537190082644628,52.53443526170799,55.91,0.8165317333879686,0.8928167336535751,2025-07-07 11:37:55.533
/media/vsi-dev/Lacie_2/mndot_workzone_project/Toyota/campaign_0f13274e-1e23-415d-8a6c-56f06a60a20a-Toyota_Prius_-_Austin_-_1/campaign/processed_json/segments/e6b4bacb-a530-472c-8a4f-cfdd6d463762/part_2/005050.json,43.6806241,-92.9866282,0.9801986733067553,81.95,60.10362694300518,67.87564766839378,44.269972451790636,53.82920110192837,62.07,0.8973411357295871,0.8943465121827641,2025-07-07 11:37:55.569
/media/vsi-dev/Lacie_2/mndot_workzone_project/Toyota/campaign_0f13274e-1e23-415d-8a6c-56f06a60a20a-Toyota_Prius_-_Austin_-_1/campaign/processed_json/segments/e6b4bacb-a530-472c-8a4f-cfdd6d463762/part_2/005051.json,43.6806241,-92.9866282,0.9821119255343636,82.71,62.17616580310881,66.83937823834198,54.269972451790636,53.044077134986225,63.76,0.8978383179343437,0.8939309075312927,2025-07-07 11:37:55.598
/media/vsi-dev/Lacie_2/mndot_workzone_project/Toyota/campaign_0f13274e-1e23-415d-8a6c-56f06a60a20a-Toyota_Prius_-_Austin_-_1/campaign/processed_json/segments/e6b4bacb-a530-472c-8a4f-cfdd6d463762/part_2/005052.json,43.6806241,-92.9866282,0.9760904721403703,82.11,60.62176165803109,67.87564766839378,44.31129476584022,52.988980716253444,62.23,0.9229795855705227,0.8944593831698073,2025-07-07 11:37:55.642
/media/vsi-dev/Lacie_2/mndot_workzone_project/Toyota/campaign_0f13274e-1e23-415d-8a6c-56f06a60a20a-Toyota_Prius_-_Austin_-_1/campaign/processed_json/segments/e6b4bacb-a530-472c-8a4f-cfdd6d463762/part_2/005053.json,43.6806241,-92.9866282,0.9727652403079083,83.11,63.730569948186535,67.87564766839378,60.399449035812665,54.132231404958674,65.64,0.8987391718614841,0.8960811066811297,2025-07-07 11:37:55.670
/media/vsi-dev/Lacie_2/mndot_workzone_project/Toyota/campaign_0f13274e-1e23-415d-8a6c-56f06a60a20a-Toyota_Prius_-_Austin_-_1/campaign/processed_json/segments/e6b4bacb-a530-472c-8a4f-cfdd6d463762/part_2/005054.json,43.6806251,-92.9864449,0.9738967374550571,82.57,63.730569948186535,66.83937823834198,55.09641873278237,53.278236914600555,64.36,0.8909319421391136,0.8959760295322137,2025-07-07 11:37:55.707
/media/vsi-dev/Lacie_2/mndot_workzone_project/Toyota/campaign_0f13274e-1e23-415d-8a6c-56f06a60a20a-Toyota_Prius_-_Austin_-_1/campaign/processed_json/segments/e6b4bacb-a530-472c-8a4f-cfdd6d463762/part_2/005055.json,43.6806251,-92.9864449,0.9839305142725083,83.37,63.212435233160626,67.87564766839378,58.93939393939394,53.870523415977964,65.21,0.8963669557999261,0.8961239245197266,2025-07-07 11:37:55.738
/media/vsi-dev/Lacie_2/mndot_workzone_project/Toyota/campaign_0f13274e-1e23-415d-8a6c-56f06a60a20a-Toyota_Prius_-_Austin_-_1/campaign/processed_json/segments/e6b4bacb-a530-472c-8a4f-cfdd6d463762/part_2/005056.json,43.6806251,-92.9864449,0.9738967374550571,82.25,63.212435233160626,66.83937823834198,43.4159779614325,53.278236914600555,62.64,0.9295863326053944,0.893927785714149,2025-07-07 11:37:55.765
/media/vsi-dev/Lacie_2/mndot_workzone_project/Toyota/campaign_0f13274e-1e23-415d-8a6c-56f06a60a20a-Toyota_Prius_-_Austin_-_1/campaign/processed_json/segments/e6b4bacb-a530-472c-8a4f-cfdd6d463762/part_2/005057.json,43.6806251,-92.9864449,0.9821119255343636,83.09,62.17616580310881,66.83937823834198,59.57300275482093,53.84297520661156,64.68,0.8981956255503654,0.8947941528128391,2025-07-07 11:37:55.809
/media/vsi-dev/Lacie_2/mndot_workzone_project/Toyota/campaign_0f13274e-1e23-415d-8a6c-56f06a60a20a-Toyota_Prius_-_Austin_-_1/campaign/processed_json/segments/e6b4bacb-a530-472c-8a4f-cfdd6d463762/part_2/005058.json,43.6806251,-92.9864449,0.9856539001953453,83.52,63.212435233160626,67.87564766839378,62.36914600550965,51.515151515151516,65.38,0.9014056872102874,0.8932714831135538,2025-07-07 11:37:55.834
/media/vsi-dev/Lacie_2/mndot_workzone_project/Toyota/campaign_0f13274e-1e23-415d-8a6c-56f06a60a20a-Toyota_Prius_-_Austin_-_1/campaign/processed_json/segments/e6b4bacb-a530-472c-8a4f-cfdd6d463762/part_2/005059.json,43.6806251,-92.9864449,0.9872815715902905,83.59,63.730569948186535,66.83937823834198,63.62258953168044,51.08815426997245,65.36,0.9023580713822063,0.893184668179941,2025-07-07 11:37:55.868
/media/vsi-dev/Lacie_2/mndot_workzone_project/Toyota/campaign_0f13274e-1e23-415d-8a6c-56f06a60a20a-Toyota_Prius_-_Austin_-_1/campaign/processed_json/segments/e6b4bacb-a530-472c-8a4f-cfdd6d463762/part_2/005060.json,43.6806251,-92.9864449,0.988813044611233,83.71,64.24870466321244,67.35751295336787,62.09366391184573,51.66666666666667,65.52,0.9012976492961282,0.8936014118407761,2025-07-07 11:37:55.900
/media/vsi-dev/Lacie_2/mndot_workzone_project/Toyota/campaign_0f13274e-1e23-415d-8a6c-56f06a60a20a-Toyota_Prius_-_Austin_-_1/campaign/processed_json/segments/e6b4bacb-a530-472c-8a4f-cfdd6d463762/part_2/005061.json,43.6806251,-92.9864449,0.9902478635182347,84.1,64.76683937823834,67.87564766839378,65.39944903581268,51.19834710743801,66.27,0.9049863162458582,0.8932796098915339,2025-07-07 11:37:55.932
/media/vsi-dev/Lacie_2/mndot_workzone_project/Toyota/campaign_0f13274e-1e23-415d-8a6c-56f06a60a20a-Toyota_Prius_-_Austin_-_1/campaign/processed_json/segments/e6b4bacb-a530-472c-8a4f-cfdd6d463762/part_2/005062.json,43.6806251,-92.9864449,0.9922179382602435,83.76,63.730569948186535,66.83937823834198,62.63085399449035,51.15702479338843,65.23,0.9038535260334714,0.8937223215570149,2025-07-07 11:37:55.966
/media/vsi-dev/Lacie_2/mndot_workzone_project/Toyota/campaign_0f13274e-1e23-415d-8a6c-56f06a60a20a-Toyota_Prius_-_Austin_-_1/campaign/processed_json/segments/e6b4bacb-a530-472c-8a4f-cfdd6d463762/part_2/005063.json,43.6806251,-92.9864449,0.9872815715902905,82.93,63.730569948186535,66.83937823834198,46.58402203856749,51.694214876033065,63.03,0.9277650549044615,0.8951750055239652,2025-07-07 11:37:55.999
/media/vsi-dev/Lacie_2/mndot_workzone_project/Toyota/campaign_0f13274e-1e23-415d-8a6c-56f06a60a20a-Toyota_Prius_-_Austin_-_1/campaign/processed_json/segments/e6b4bacb-a530-472c-8a4f-cfdd6d463762/part_2/005064.json,43.6806251,-92.9864449,0.9856539001953453,83.09,63.730569948186535,67.87564766839378,48.93939393939394,51.33608815426997,63.63,0.9269371397538234,0.8944620807433648,2025-07-07 11:37:56.034
/media/vsi-dev/Lacie_2/mndot_workzone_project/Toyota/campaign_0f13274e-1e23-415d-8a6c-56f06a60a20a-Toyota_Prius_-_Austin_-_1/campaign/processed_json/segments/e6b4bacb-a530-472c-8a4f-cfdd6d463762/part_2/005065.json,43.6806251,-92.9864449,0.9848041402180955,82.74,62.17616580310881,67.87564766839378,46.33608815426997,51.652892561983464,62.82,0.928006542410327,0.8941676404790266,2025-07-07 11:37:56.067
/media/vsi-dev/Lacie_2/mndot_workzone_project/Toyota/campaign_0f13274e-1e23-415d-8a6c-56f06a60a20a-Toyota_Prius_-_Austin_-_1/campaign/processed_json/segments/e6b4bacb-a530-472c-8a4f-cfdd6d463762/part_2/005066.json,43.6806251,-92.9864449,0.9909288930014639,83.91,63.212435233160626,67.35751295336787,62.36914600550965,53.7465564738292,65.6,0.9064485292155406,0.8964394120538053,2025-07-07 11:37:56.102
/media/vsi-dev/Lacie_2/mndot_workzone_project/Toyota/campaign_0f13274e-1e23-415d-8a6c-56f06a60a20a-Toyota_Prius_-_Austin_-_1/campaign/processed_json/segments/e6b4bacb-a530-472c-8a4f-cfdd6d463762/part_2/005067.json,43.6806251,-92.9864449,0,40.37,67.35751295336787,66.83937823834198,3.1955922865013773,53.994490358126725,57.52,0.8964268073112625,0.8401004564240024,2025-07-07 11:37:56.133
/media/vsi-dev/Lacie_2/mndot_workzone_project/Toyota/campaign_0f13274e-1e23-415d-8a6c-56f06a60a20a-Toyota_Prius_-_Austin_-_1/campaign/processed_json/segments/e6b4bacb-a530-472c-8a4f-cfdd6d463762/part_2/005068.json,43.6806251,-92.9864449,0,37.73,64.76683937823834,66.83937823834198,2.286501377410468,12.024793388429753,50.41,0.8620005805864025,0.8947566667076613,2025-07-07 11:37:56.167
/media/vsi-dev/Lacie_2/mndot_workzone_project/Toyota/campaign_0f13274e-1e23-415d-8a6c-56f06a60a20a-Toyota_Prius_-_Austin_-_1/campaign/processed_json/segments/e6b4bacb-a530-472c-8a4f-cfdd6d463762/part_2/005069.json,43.6806251,-92.9864449,0,44.97,64.24870466321244,65.80310880829016,85.57851239669422,53.01652892561983,68.57,0.8601886593681859,0.8937849142956918,2025-07-07 11:37:56.201
/media/vsi-dev/Lacie_2/mndot_workzone_project/Toyota/campaign_0f13274e-1e23-415d-8a6c-56f06a60a20a-Toyota_Prius_-_Austin_-_1/campaign/processed_json/segments/e6b4bacb-a530-472c-8a4f-cfdd6d463762/part_2/005070.json,43.6806251,-92.9864449,0,40.29,67.35751295336787,66.32124352331607,5.46831955922865,52.05234159779615,57.4,0.8923920256318726,0.8407745177793244,2025-07-07 11:37:56.240
/media/vsi-dev/Lacie_2/mndot_workzone_project/Toyota/campaign_0f13274e-1e23-415d-8a6c-56f06a60a20a-Toyota_Prius_-_Austin_-_1/campaign/processed_json/segments/e6b4bacb-a530-472c-8a4f-cfdd6d463762/part_2/005071.json,43.6806251,-92.9864449,0,40.18,63.730569948186535,65.80310880829016,6.859504132231405,52.85123966942149,56.59,0.8598302270835994,0.8945907707524423,2025-07-07 11:37:56.268
/media/vsi-dev/Lacie_2/mndot_workzone_project/Toyota/campaign_0f13274e-1e23-415d-8a6c-56f06a60a20a-Toyota_Prius_-_Austin_-_1/campaign/processed_json/segments/e6b4bacb-a530-472c-8a4f-cfdd6d463762/part_2/005072.json,43.6806251,-92.9864449,0,40.38,63.212435233160626,66.83937823834198,8.705234159779614,52.97520661157024,57.05,0.8612197458336068,0.8945070379391782,2025-07-07 11:37:56.300
/media/vsi-dev/Lacie_2/mndot_workzone_project/Toyota/campaign_0f13274e-1e23-415d-8a6c-56f06a60a20a-Toyota_Prius_-_Austin_-_1/campaign/processed_json/segments/e6b4bacb-a530-472c-8a4f-cfdd6d463762/part_2/005073.json,43.6806251,-92.9864449,0,41.0,63.212435233160626,66.83937823834198,19.00826446280992,53.01652892561983,58.6,0.861692924609737,0.8941963350965076,2025-07-07 11:37:56.331
/media/vsi-dev/Lacie_2/mndot_workzone_project/Toyota/campaign_0f13274e-1e23-415d-8a6c-56f06a60a20a-Toyota_Prius_-_Austin_-_1/campaign/processed_json/segments/e6b4bacb-a530-472c-8a4f-cfdd6d463762/part_2/005074.json,43.6806251,-92.9864449,0,40.52,62.69430051813472,66.83937823834198,11.818181818181818,53.00275482093664,57.37,0.8615261323597285,0.8957272611051126,2025-07-07 11:37:56.374
/media/vsi-dev/Lacie_2/mndot_workzone_project/Toyota/campaign_0f13274e-1e23-415d-8a6c-56f06a60a20a-Toyota_Prius_-_Austin_-_1/campaign/processed_json/segments/e6b4bacb-a530-472c-8a4f-cfdd6d463762/part_2/005075.json,43.6806251,-92.9864449,0,37.78,62.17616580310881,66.83937823834198,0.5922865013774105,18.085399449035812,50.33,0.8697599321053514,0.8948624925921799,2025-07-07 11:37:56.398
/media/vsi-dev/Lacie_2/mndot_workzone_project/Toyota/campaign_0f13274e-1e23-415d-8a6c-56f06a60a20a-Toyota_Prius_-_Austin_-_1/campaign/processed_json/segments/e6b4bacb-a530-472c-8a4f-cfdd6d463762/part_2/005076.json,43.6806251,-92.9864449,0,41.2,60.62176165803109,66.83937823834198,23.236914600550964,54.73829201101928,58.78,0.8734945644787542,0.8956686211880561,2025-07-07 11:37:56.438
/media/vsi-dev/Lacie_2/mndot_workzone_project/Toyota/campaign_0f13274e-1e23-415d-8a6c-56f06a60a20a-Toyota_Prius_-_Austin_-_1/campaign/processed_json/segments/e6b4bacb-a530-472c-8a4f-cfdd6d463762/part_2/005077.json,43.6806251,-92.9864449,0,41.29,60.62176165803109,66.83937823834198,27.56198347107438,53.471074380165284,59.2,0.8663259315107517,0.8943630755059802,2025-07-07 11:37:56.467
/media/vsi-dev/Lacie_2/mndot_workzone_project/Toyota/campaign_0f13274e-1e23-415d-8a6c-56f06a60a20a-Toyota_Prius_-_Austin_-_1/campaign/processed_json/segments/e6b4bacb-a530-472c-8a4f-cfdd6d463762/part_2/005078.json,43.6806251,-92.9864449,0,39.79,60.62176165803109,67.87564766839378,2.3278236914600554,52.988980716253444,55.62,0.8600342374973223,0.8946577815063395,2025-07-07 11:37:56.510
/media/vsi-dev/Lacie_2/mndot_workzone_project/Toyota/campaign_0f13274e-1e23-415d-8a6c-56f06a60a20a-Toyota_Prius_-_Austin_-_1/campaign/processed_json/segments/e6b4bacb-a530-472c-8a4f-cfdd6d463762/part_2/005079.json,43.6806251,-92.9864449,0,37.26,58.549222797927456,67.87564766839378,0.22038567493112945,15.523415977961433,49.1,0.8680143910877326,0.8935232131976918,2025-07-07 11:37:56.537
/media/vsi-dev/Lacie_2/mndot_workzone_project/Toyota/campaign_0f13274e-1e23-415d-8a6c-56f06a60a20a-Toyota_Prius_-_Austin_-_1/campaign/processed_json/segments/e6b4bacb-a530-472c-8a4f-cfdd6d463762/part_2/005080.json,43.6806251,-92.9864449,0,40.85,57.51295336787565,67.87564766839378,24.338842975206614,52.76859504132232,58.01,0.8692095720829935,0.8954168907857266,2025-07-07 11:37:56.568
/media/vsi-dev/Lacie_2/mndot_workzone_project/Toyota/campaign_0f13274e-1e23-415d-8a6c-56f06a60a20a-Toyota_Prius_-_Austin_-_1/campaign/processed_json/segments/e6b4bacb-a530-472c-8a4f-cfdd6d463762/part_2/005081.json,43.6806251,-92.9864449,0.47360078993506305,52.51,62.17616580310881,0.0,38.41597796143251,51.997245179063356,40.83,0.8699603928796923,0.8531661951919853,2025-07-07 11:37:56.602
/media/vsi-dev/Lacie_2/mndot_workzone_project/Toyota/campaign_0f13274e-1e23-415d-8a6c-56f06a60a20a-Toyota_Prius_-_Austin_-_1/campaign/processed_json/segments/e6b4bacb-a530-472c-8a4f-cfdd6d463762/part_2/005082.json,43.6806251,-92.9864449,0.9934093144689159,83.24,63.730569948186535,66.83937823834198,55.81267217630854,51.611570247933884,64.2,0.8920857455891966,0.8903035538979253,2025-07-07 11:37:56.635
/media/vsi-dev/Lacie_2/mndot_workzone_project/Toyota/campaign_0f13274e-1e23-415d-8a6c-56f06a60a20a-Toyota_Prius_-_Austin_-_1/campaign/processed_json/segments/e6b4bacb-a530-472c-8a4f-cfdd6d463762/part_2/005083.json,43.6806251,-92.9864449,0.9963940172279344,83.31,62.69430051813472,66.83937823834198,47.878787878787875,54.035812672176306,63.23,0.9229271172785495,0.8937748855370781,2025-07-07 11:37:56.677
/media/vsi-dev/Lacie_2/mndot_workzone_project/Toyota/campaign_0f13274e-1e23-415d-8a6c-56f06a60a20a-Toyota_Prius_-_Austin_-_1/campaign/processed_json/segments/e6b4bacb-a530-472c-8a4f-cfdd6d463762/part_2/005084.json,43.6806277,-92.986266,0.9989880124051737,83.99,62.17616580310881,66.83937823834198,64.24242424242425,53.34710743801653,65.3,0.8970088269617853,0.8939417715810708,2025-07-07 11:37:56.702
/media/vsi-dev/Lacie_2/mndot_workzone_project/Toyota/campaign_0f13274e-1e23-415d-8a6c-56f06a60a20a-Toyota_Prius_-_Austin_-_1/campaign/processed_json/segments/e6b4bacb-a530-472c-8a4f-cfdd6d463762/part_2/005085.json,43.6806277,-92.986266,0.9978897297577275,83.9,63.212435233160626,66.83937823834198,61.349862258953166,53.608815426997246,65.21,0.8955632084298054,0.8946664891743706,2025-07-07 11:37:56.733
/media/vsi-dev/Lacie_2/mndot_workzone_project/Toyota/campaign_0f13274e-1e23-415d-8a6c-56f06a60a20a-Toyota_Prius_-_Austin_-_1/campaign/processed_json/segments/e6b4bacb-a530-472c-8a4f-cfdd6d463762/part_2/005086.json,43.6806277,-92.986266,0.9848041402180955,82.65,63.212435233160626,66.83937823834198,44.82093663911846,54.24242424242425,62.92,0.9151687609305381,0.8936722859245072,2025-07-07 11:37:56.777
/media/vsi-dev/Lacie_2/mndot_workzone_project/Toyota/campaign_0f13274e-1e23-415d-8a6c-56f06a60a20a-Toyota_Prius_-_Austin_-_1/campaign/processed_json/segments/e6b4bacb-a530-472c-8a4f-cfdd6d463762/part_2/005087.json,43.6806277,-92.986266,0.9839305142725083,83.46,63.730569948186535,66.83937823834198,64.25619834710744,51.446280991735534,65.48,0.9007797945857248,0.8900865811029605,2025-07-07 11:37:56.798
/media/vsi-dev/Lacie_2/mndot_workzone_project/Toyota/campaign_0f13274e-1e23-415d-8a6c-56f06a60a20a-Toyota_Prius_-_Austin_-_1/campaign/processed_json/segments/e6b4bacb-a530-472c-8a4f-cfdd6d463762/part_2/005088.json,43.6806277,-92.986266,0.9738967374550571,80.83,62.17616580310881,64.76683937823834,44.09090909090909,25.633608815426996,57.9,0.9274225026908447,0.9436990889355329,2025-07-07 11:37:56.829
/media/vsi-dev/Lacie_2/mndot_workzone_project/Toyota/campaign_0f13274e-1e23-415d-8a6c-56f06a60a20a-Toyota_Prius_-_Austin_-_1/campaign/processed_json/segments/e6b4bacb-a530-472c-8a4f-cfdd6d463762/part_2/005089.json,43.6806277,-92.986266,0.9848041402180955,82.82,61.13989637305699,65.80310880829016,61.556473829201096,50.66115702479339,63.86,0.8979362246537121,0.8901718630133175,2025-07-07 11:37:56.862
/media/vsi-dev/Lacie_2/mndot_workzone_project/Toyota/campaign_0f13274e-1e23-415d-8a6c-56f06a60a20a-Toyota_Prius_-_Austin_-_1/campaign/processed_json/segments/e6b4bacb-a530-472c-8a4f-cfdd6d463762/part_2/005090.json,43.6806277,-92.986266,0.9856539001953453,82.78,59.58549222797927,66.83937823834198,60.537190082644635,52.1900826446281,63.76,0.89499708443211,0.8902102149476978,2025-07-07 11:37:56.894
/media/vsi-dev/Lacie_2/mndot_workzone_project/Toyota/campaign_0f13274e-1e23-415d-8a6c-56f06a60a20a-Toyota_Prius_-_Austin_-_1/campaign/processed_json/segments/e6b4bacb-a530-472c-8a4f-cfdd6d463762/part_2/005091.json,43.6806277,-92.986266,0.9880593620427125,82.97,60.10362694300518,66.83937823834198,62.13498622589532,51.2396694214876,64.01,0.8961425776968763,0.8885564523723696,2025-07-07 11:37:56.926
/media/vsi-dev/Lacie_2/mndot_workzone_project/Toyota/campaign_0f13274e-1e23-415d-8a6c-56f06a60a20a-Toyota_Prius_-_Austin_-_1/campaign/processed_json/segments/e6b4bacb-a530-472c-8a4f-cfdd6d463762/part_2/005092.json,43.6806277,-92.986266,0.9839305142725083,82.07,59.067357512953365,66.83937823834198,44.97245179063361,51.997245179063356,61.4,0.9237013511808874,0.8920420195246768,2025-07-07 11:37:56.964
/media/vsi-dev/Lacie_2/mndot_workzone_project/Toyota/campaign_0f13274e-1e23-415d-8a6c-56f06a60a20a-Toyota_Prius_-_Austin_-_1/campaign/processed_json/segments/e6b4bacb-a530-472c-8a4f-cfdd6d463762/part_2/005093.json,43.6806277,-92.986266,0.9821119255343636,83.08,60.62176165803109,67.87564766839378,63.705234159779614,51.446280991735534,64.77,0.898374230219471,0.8906637278980256,2025-07-07 11:37:57.001
/media/vsi-dev/Lacie_2/mndot_workzone_project/Toyota/campaign_0f13274e-1e23-415d-8a6c-56f06a60a20a-Toyota_Prius_-_Austin_-_1/campaign/processed_json/segments/e6b4bacb-a530-472c-8a4f-cfdd6d463762/part_2/005094.json,43.6806277,-92.986266,0.9781913242622373,82.42,58.549222797927456,66.83937823834198,61.43250688705234,51.98347107438016,63.56,0.8959027305303586,0.8909316194965003,2025-07-07 11:37:57.034
/media/vsi-dev/Lacie_2/mndot_workzone_project/Toyota/campaign_0f13274e-1e23-415d-8a6c-56f06a60a20a-Toyota_Prius_-_Austin_-_1/campaign/processed_json/segments/e6b4bacb-a530-472c-8a4f-cfdd6d463762/part_2/005095.json,43.6806277,-92.986266,0.988813044611233,83.39,60.62176165803109,67.35751295336787,64.35261707988981,53.69146005509642,65.02,0.890743471757184,0.8926554473463137,2025-07-07 11:37:57.064
/media/vsi-dev/Lacie_2/mndot_workzone_project/Toyota/campaign_0f13274e-1e23-415d-8a6c-56f06a60a20a-Toyota_Prius_-_Austin_-_1/campaign/processed_json/segments/e6b4bacb-a530-472c-8a4f-cfdd6d463762/part_2/005096.json,43.6806277,-92.986266,0.9811670975774323,82.6,58.549222797927456,66.83937823834198,64.13223140495867,50.688705234159784,63.76,0.8945139598315592,0.8903822781653481,2025-07-07 11:37:57.099
/media/vsi-dev/Lacie_2/mndot_workzone_project/Toyota/campaign_0f13274e-1e23-415d-8a6c-56f06a60a20a-Toyota_Prius_-_Austin_-_1/campaign/processed_json/segments/e6b4bacb-a530-472c-8a4f-cfdd6d463762/part_2/005097.json,43.6806277,-92.986266,0.9760904721403703,81.75,59.067357512953365,66.83937823834198,45.743801652892564,51.04683195592287,61.37,0.9256590046656776,0.8901686174172251,2025-07-07 11:37:57.128
/media/vsi-dev/Lacie_2/mndot_workzone_project/Toyota/campaign_0f13274e-1e23-415d-8a6c-56f06a60a20a-Toyota_Prius_-_Austin_-_1/campaign/processed_json/segments/e6b4bacb-a530-472c-8a4f-cfdd6d463762/part_2/005098.json,43.6806277,-92.986266,0.9781913242622373,81.64,58.549222797927456,65.80310880829016,45.66115702479338,50.647382920110196,60.84,0.9258258057642293,0.8913304828021519,2025-07-07 11:37:57.160
/media/vsi-dev/Lacie_2/mndot_workzone_project/Toyota/campaign_0f13274e-1e23-415d-8a6c-56f06a60a20a-Toyota_Prius_-_Austin_-_1/campaign/processed_json/segments/e6b4bacb-a530-472c-8a4f-cfdd6d463762/part_2/005099.json,43.6806277,-92.986266,0.9811670975774323,81.54,52.84974093264248,65.80310880829016,60.840220385674925,51.2396694214876,61.3,0.8866526479082024,0.8909040302865243,2025-07-07 11:37:57.208
/media/vsi-dev/Lacie_2/mndot_workzone_project/Toyota/campaign_0f13274e-1e23-415d-8a6c-56f06a60a20a-Toyota_Prius_-_Austin_-_1/campaign/processed_json/segments/e6b4bacb-a530-472c-8a4f-cfdd6d463762/part_2/005100.json,43.6806277,-92.986266,0.9872815715902905,80.93,51.813471502590666,65.80310880829016,41.887052341597794,51.8732782369146,58.39,0.917757450891431,0.8908605088481069,2025-07-07 11:37:57.237
/media/vsi-dev/Lacie_2/mndot_workzone_project/Toyota/campaign_0f13274e-1e23-415d-8a6c-56f06a60a20a-Toyota_Prius_-_Austin_-_1/campaign/processed_json/segments/e6b4bacb-a530-472c-8a4f-cfdd6d463762/part_2/005101.json,43.6806277,-92.986266,0.9760904721403703,82.75,60.10362694300518,65.80310880829016,65.50964187327824,52.658402203856745,64.46,0.900417208251076,0.8922883283771589,2025-07-07 11:37:57.263
/media/vsi-dev/Lacie_2/mndot_workzone_project/Toyota/campaign_0f13274e-1e23-415d-8a6c-56f06a60a20a-Toyota_Prius_-_Austin_-_1/campaign/processed_json/segments/e6b4bacb-a530-472c-8a4f-cfdd6d463762/part_2/005102.json,43.6806277,-92.986266,0,40.8,65.80310880829016,65.80310880829016,4.008264462809917,52.96143250688705,57.02,0.9062739045834795,0.8929997344375162,2025-07-07 11:37:57.307
/media/vsi-dev/Lacie_2/mndot_workzone_project/Toyota/campaign_0f13274e-1e23-415d-8a6c-56f06a60a20a-Toyota_Prius_-_Austin_-_1/campaign/processed_json/segments/e6b4bacb-a530-472c-8a4f-cfdd6d463762/part_2/005103.json,43.6806277,-92.986266,0,38.63,50.259067357512954,65.80310880829016,3.9669421487603307,53.471074380165284,52.29,0.8772706623009574,0.8940373352709263,2025-07-07 11:37:57.331
/media/vsi-dev/Lacie_2/mndot_workzone_project/Toyota/campaign_0f13274e-1e23-415d-8a6c-56f06a60a20a-Toyota_Prius_-_Austin_-_1/campaign/processed_json/segments/e6b4bacb-a530-472c-8a4f-cfdd6d463762/part_2/005104.json,43.6806277,-92.986266,0.9872815715902905,82.55,54.92227979274611,67.35751295336787,60.6198347107438,53.884297520661164,62.82,0.8982061121258996,0.8948649820345844,2025-07-07 11:37:57.364
/media/vsi-dev/Lacie_2/mndot_workzone_project/Toyota/campaign_0f13274e-1e23-415d-8a6c-56f06a60a20a-Toyota_Prius_-_Austin_-_1/campaign/processed_json/segments/e6b4bacb-a530-472c-8a4f-cfdd6d463762/part_2/005105.json,43.6806277,-92.986266,0,42.61,65.80310880829016,67.35751295336787,27.85123966942149,55.578512396694215,61.47,0.9058936667949216,0.8961819205001266,2025-07-07 11:37:57.397
/media/vsi-dev/Lacie_2/mndot_workzone_project/Toyota/campaign_0f13274e-1e23-415d-8a6c-56f06a60a20a-Toyota_Prius_-_Austin_-_1/campaign/processed_json/segments/e6b4bacb-a530-472c-8a4f-cfdd6d463762/part_2/005106.json,43.6806277,-92.986266,0.9821119255343636,79.85,51.813471502590666,66.83937823834198,34.421487603305785,54.531680440771346,57.68,0.8542837863904633,0.8946149681909151,2025-07-07 11:37:57.429
/media/vsi-dev/Lacie_2/mndot_workzone_project/Toyota/campaign_0f13274e-1e23-415d-8a6c-56f06a60a20a-Toyota_Prius_-_Austin_-_1/campaign/processed_json/segments/e6b4bacb-a530-472c-8a4f-cfdd6d463762/part_2/005107.json,43.6806277,-92.986266,0.9922179382602435,82.23,52.331606217616574,66.83937823834198,59.352617079889804,54.51790633608815,61.75,0.8894297895185549,0.8942324715430116,2025-07-07 11:37:57.462
/media/vsi-dev/Lacie_2/mndot_workzone_project/Toyota/campaign_0f13274e-1e23-415d-8a6c-56f06a60a20a-Toyota_Prius_-_Austin_-_1/campaign/processed_json/segments/e6b4bacb-a530-472c-8a4f-cfdd6d463762/part_2/005108.json,43.6806277,-92.986266,0.9982016190284373,82.7,58.03108808290155,67.87564766839378,41.460055096418735,53.89807162534436,61.22,0.9356949299295847,0.8925683110287308,2025-07-07 11:37:57.501
/media/vsi-dev/Lacie_2/mndot_workzone_project/Toyota/campaign_0f13274e-1e23-415d-8a6c-56f06a60a20a-Toyota_Prius_-_Austin_-_1/campaign/processed_json/segments/e6b4bacb-a530-472c-8a4f-cfdd6d463762/part_2/005109.json,43.6806277,-92.986266,0.9978897297577275,83.38,59.067357512953365,67.87564766839378,58.539944903581265,52.94765840220386,63.78,0.9021396165778682,0.8934007805377545,2025-07-07 11:37:57.530
/media/vsi-dev/Lacie_2/mndot_workzone_project/Toyota/campaign_0f13274e-1e23-415d-8a6c-56f06a60a20a-Toyota_Prius_-_Austin_-_1/campaign/processed_json/segments/e6b4bacb-a530-472c-8a4f-cfdd6d463762/part_2/005110.json,43.6806277,-92.986266,0.9934093144689159,83.11,62.17616580310881,67.87564766839378,45.37190082644628,52.69972451790633,62.84,0.9294935870148869,0.8942293864362763,2025-07-07 11:37:57.564
/media/vsi-dev/Lacie_2/mndot_workzone_project/Toyota/campaign_0f13274e-1e23-415d-8a6c-56f06a60a20a-Toyota_Prius_-_Austin_-_1/campaign/processed_json/segments/e6b4bacb-a530-472c-8a4f-cfdd6d463762/part_2/005111.json,43.6806277,-92.986266,0.9998000199986667,83.64,62.17616580310881,67.35751295336787,55.96418732782369,53.48484848484848,64.25,0.9001731368548291,0.8944947873264277,2025-07-07 11:37:57.602
/media/vsi-dev/Lacie_2/mndot_workzone_project/Toyota/campaign_0f13274e-1e23-415d-8a6c-56f06a60a20a-Toyota_Prius_-_Austin_-_1/campaign/processed_json/segments/e6b4bacb-a530-472c-8a4f-cfdd6d463762/part_2/005112.json,43.6806277,-92.986266,0.9978897297577275,83.79,62.17616580310881,67.35751295336787,59.862258953168045,53.78787878787878,64.87,0.8982168009372173,0.894593583507748,2025-07-07 11:37:57.638
/media/vsi-dev/Lacie_2/mndot_workzone_project/Toyota/campaign_0f13274e-1e23-415d-8a6c-56f06a60a20a-Toyota_Prius_-_Austin_-_1/campaign/processed_json/segments/e6b4bacb-a530-472c-8a4f-cfdd6d463762/part_2/005113.json,43.6806277,-92.986266,0,42.96,65.28497409326425,67.87564766839378,34.57300275482093,53.59504132231405,62.21,0.9128763674698732,0.894756634800809,2025-07-07 11:37:57.670
/media/vsi-dev/Lacie_2/mndot_workzone_project/Toyota/campaign_0f13274e-1e23-415d-8a6c-56f06a60a20a-Toyota_Prius_-_Austin_-_1/campaign/processed_json/segments/e6b4bacb-a530-472c-8a4f-cfdd6d463762/part_2/005114.json,43.6806303,-92.9860904,0.9950124791926823,83.96,61.13989637305699,67.87564766839378,64.35261707988981,54.6831955922865,65.53,0.8989223609041093,0.8954853147348887,2025-07-07 11:37:57.706
/media/vsi-dev/Lacie_2/mndot_workzone_project/Toyota/campaign_0f13274e-1e23-415d-8a6c-56f06a60a20a-Toyota_Prius_-_Austin_-_1/campaign/processed_json/segments/e6b4bacb-a530-472c-8a4f-cfdd6d463762/part_2/005115.json,43.6806303,-92.9860904,0.9872815715902905,82.81,62.17616580310881,67.87564766839378,42.72727272727273,54.366391184573004,62.7,0.9280477926434888,0.8959835435545749,2025-07-07 11:37:57.746
/media/vsi-dev/Lacie_2/mndot_workzone_project/Toyota/campaign_0f13274e-1e23-415d-8a6c-56f06a60a20a-Toyota_Prius_-_Austin_-_1/campaign/processed_json/segments/e6b4bacb-a530-472c-8a4f-cfdd6d463762/part_2/005116.json,43.6806303,-92.9860904,0.9801986733067553,83.02,62.17616580310881,67.87564766839378,60.05509641873278,51.62534435261708,64.73,0.8992929001168097,0.8928111401213243,2025-07-07 11:37:57.768
/media/vsi-dev/Lacie_2/mndot_workzone_project/Toyota/campaign_0f13274e-1e23-415d-8a6c-56f06a60a20a-Toyota_Prius_-_Austin_-_1/campaign/processed_json/segments/e6b4bacb-a530-472c-8a4f-cfdd6d463762/part_2/005117.json,43.6806303,-92.9860904,0.9692332344763441,81.39,62.17616580310881,67.35751295336787,56.73553719008264,27.107438016528924,60.62,0.8966864716929412,0.9406040437029468,2025-07-07 11:37:57.801
/media/vsi-dev/Lacie_2/mndot_workzone_project/Toyota/campaign_0f13274e-1e23-415d-8a6c-56f06a60a20a-Toyota_Prius_-_Austin_-_1/campaign/processed_json/segments/e6b4bacb-a530-472c-8a4f-cfdd6d463762/part_2/005118.json,43.6806303,-92.9860904,0.9839305142725083,82.77,61.13989637305699,67.87564766839378,57.36914600550964,51.25344352617079,63.92,0.8936114766242974,0.8906433868187016,2025-07-07 11:37:57.838
/media/vsi-dev/Lacie_2/mndot_workzone_project/Toyota/campaign_0f13274e-1e23-415d-8a6c-56f06a60a20a-Toyota_Prius_-_Austin_-_1/campaign/processed_json/segments/e6b4bacb-a530-472c-8a4f-cfdd6d463762/part_2/005119.json,43.6806303,-92.9860904,0.9692332344763441,81.77,62.69430051813472,67.35751295336787,43.25068870523416,50.88154269972451,62.2,0.9212761241107466,0.8908478062523181,2025-07-07 11:37:57.871
/media/vsi-dev/Lacie_2/mndot_workzone_project/Toyota/campaign_0f13274e-1e23-415d-8a6c-56f06a60a20a-Toyota_Prius_-_Austin_-_1/campaign/processed_json/segments/e6b4bacb-a530-472c-8a4f-cfdd6d463762/part_2/005120.json,43.6806303,-92.9860904,0.9771525479278598,82.44,60.62176165803109,66.32124352331607,61.349862258953166,50.42699724517906,63.77,0.8949215172876228,0.889244478582619,2025-07-07 11:37:57.901
/media/vsi-dev/Lacie_2/mndot_workzone_project/Toyota/campaign_0f13274e-1e23-415d-8a6c-56f06a60a20a-Toyota_Prius_-_Austin_-_1/campaign/processed_json/segments/e6b4bacb-a530-472c-8a4f-cfdd6d463762/part_2/005121.json,43.6806303,-92.9860904,0.9738967374550571,82.29,60.10362694300518,66.32124352331607,61.52892561983471,50.688705234159784,63.69,0.8966853246011441,0.8889464997536509,2025-07-07 11:37:57.935
/media/vsi-dev/Lacie_2/mndot_workzone_project/Toyota/campaign_0f13274e-1e23-415d-8a6c-56f06a60a20a-Toyota_Prius_-_Austin_-_1/campaign/processed_json/segments/e6b4bacb-a530-472c-8a4f-cfdd6d463762/part_2/005122.json,43.6806303,-92.9860904,0.9704334030551546,82.33,61.13989637305699,66.32124352331607,61.18457300275482,51.18457300275482,64.04,0.8989655303390354,0.8909517628820426,2025-07-07 11:37:57.970
/media/vsi-dev/Lacie_2/mndot_workzone_project/Toyota/campaign_0f13274e-1e23-415d-8a6c-56f06a60a20a-Toyota_Prius_-_Austin_-_1/campaign/processed_json/segments/e6b4bacb-a530-472c-8a4f-cfdd6d463762/part_2/005123.json,43.6806303,-92.9860904,0.9689207832993832,81.54,62.17616580310881,65.80310880829016,42.38292011019284,50.798898071625345,61.47,0.9301753131821264,0.888977142007361,2025-07-07 11:37:58.005
/media/vsi-dev/Lacie_2/mndot_workzone_project/Toyota/campaign_0f13274e-1e23-415d-8a6c-56f06a60a20a-Toyota_Prius_-_Austin_-_1/campaign/processed_json/segments/e6b4bacb-a530-472c-8a4f-cfdd6d463762/part_2/005124.json,43.6806303,-92.9860904,0.9760904721403703,82.89,62.17616580310881,66.83937823834198,61.8732782369146,52.24517906336088,64.79,0.8983125781536064,0.894349866023431,2025-07-07 11:37:58.032
/media/vsi-dev/Lacie_2/mndot_workzone_project/Toyota/campaign_0f13274e-1e23-415d-8a6c-56f06a60a20a-Toyota_Prius_-_Austin_-_1/campaign/processed_json/segments/e6b4bacb-a530-472c-8a4f-cfdd6d463762/part_2/005125.json,43.6806303,-92.9860904,0.9771525479278598,81.85,60.62176165803109,65.80310880829016,48.03030303030303,49.77961432506887,61.65,0.9209656096463648,0.8892011314546399,2025-07-07 11:37:58.069
/media/vsi-dev/Lacie_2/mndot_workzone_project/Toyota/campaign_0f13274e-1e23-415d-8a6c-56f06a60a20a-Toyota_Prius_-_Austin_-_1/campaign/processed_json/segments/e6b4bacb-a530-472c-8a4f-cfdd6d463762/part_2/005126.json,43.6806303,-92.9860904,0.9727652403079083,81.7,60.62176165803109,65.80310880829016,45.34435261707989,50.730027548209364,61.44,0.9272456878488848,0.893932267778763,2025-07-07 11:37:58.100
/media/vsi-dev/Lacie_2/mndot_workzone_project/Toyota/campaign_0f13274e-1e23-415d-8a6c-56f06a60a20a-Toyota_Prius_-_Austin_-_1/campaign/processed_json/segments/e6b4bacb-a530-472c-8a4f-cfdd6d463762/part_2/005127.json,43.6806303,-92.9860904,0.9738967374550571,81.66,60.10362694300518,65.80310880829016,44.66942148760331,51.32231404958678,61.27,0.9263712649614502,0.8931324610241475,2025-07-07 11:37:58.130
/media/vsi-dev/Lacie_2/mndot_workzone_project/Toyota/campaign_0f13274e-1e23-415d-8a6c-56f06a60a20a-Toyota_Prius_-_Austin_-_1/campaign/processed_json/segments/e6b4bacb-a530-472c-8a4f-cfdd6d463762/part_2/005128.json,43.6806303,-92.9860904,0.9839305142725083,83.16,61.13989637305699,66.32124352331607,63.99449035812672,51.80440771349863,64.59,0.9019898987419391,0.8942501572903309,2025-07-07 11:37:58.167
/media/vsi-dev/Lacie_2/mndot_workzone_project/Toyota/campaign_0f13274e-1e23-415d-8a6c-56f06a60a20a-Toyota_Prius_-_Austin_-_1/campaign/processed_json/segments/e6b4bacb-a530-472c-8a4f-cfdd6d463762/part_2/005129.json,43.6806303,-92.9860904,0.9821119255343636,83.01,60.62176165803109,66.32124352331607,63.67768595041322,51.887052341597794,64.4,0.902021086224933,0.8949748900703569,2025-07-07 11:37:58.199
/media/vsi-dev/Lacie_2/mndot_workzone_project/Toyota/campaign_0f13274e-1e23-415d-8a6c-56f06a60a20a-Toyota_Prius_-_Austin_-_1/campaign/processed_json/segments/e6b4bacb-a530-472c-8a4f-cfdd6d463762/part_2/005130.json,43.6806303,-92.9860904,0.9821119255343636,82.8,59.58549222797927,66.32124352331607,62.231404958677686,51.76308539944904,63.86,0.9017141905198864,0.8952988509656402,2025-07-07 11:37:58.240
/media/vsi-dev/Lacie_2/mndot_workzone_project/Toyota/campaign_0f13274e-1e23-415d-8a6c-56f06a60a20a-Toyota_Prius_-_Austin_-_1/campaign/processed_json/segments/e6b4bacb-a530-472c-8a4f-cfdd6d463762/part_2/005131.json,43.6806303,-92.9860904,0.9801986733067553,82.2,60.62176165803109,66.32124352331607,45.3030303030303,52.892561983471076,61.92,0.9283369146875404,0.8940558382051345,2025-07-07 11:37:58.264
/media/vsi-dev/Lacie_2/mndot_workzone_project/Toyota/campaign_0f13274e-1e23-415d-8a6c-56f06a60a20a-Toyota_Prius_-_Austin_-_1/campaign/processed_json/segments/e6b4bacb-a530-472c-8a4f-cfdd6d463762/part_2/005132.json,43.6806303,-92.9860904,0.9839305142725083,82.61,58.549222797927456,65.80310880829016,60.247933884297524,53.01652892561983,63.27,0.8995501008605225,0.8949943971558676,2025-07-07 11:37:58.310
/media/vsi-dev/Lacie_2/mndot_workzone_project/Toyota/campaign_0f13274e-1e23-415d-8a6c-56f06a60a20a-Toyota_Prius_-_Austin_-_1/campaign/processed_json/segments/e6b4bacb-a530-472c-8a4f-cfdd6d463762/part_2/005133.json,43.6806303,-92.9860904,0.9821119255343636,82.84,59.58549222797927,66.83937823834198,63.057851239669425,51.942148760330575,64.13,0.8987539017485978,0.8916517771924963,2025-07-07 11:37:58.333
/media/vsi-dev/Lacie_2/mndot_workzone_project/Toyota/campaign_0f13274e-1e23-415d-8a6c-56f06a60a20a-Toyota_Prius_-_Austin_-_1/campaign/processed_json/segments/e6b4bacb-a530-472c-8a4f-cfdd6d463762/part_2/005134.json,43.6806303,-92.9860904,0.9856539001953453,83.03,59.58549222797927,66.32124352331607,62.43801652892562,53.044077134986225,64.08,0.9015708958425093,0.8953151451371261,2025-07-07 11:37:58.366
/media/vsi-dev/Lacie_2/mndot_workzone_project/Toyota/campaign_0f13274e-1e23-415d-8a6c-56f06a60a20a-Toyota_Prius_-_Austin_-_1/campaign/processed_json/segments/e6b4bacb-a530-472c-8a4f-cfdd6d463762/part_2/005135.json,43.6806303,-92.9860904,0.9839305142725083,82.49,60.62176165803109,65.80310880829016,57.21763085399449,51.62534435261708,63.18,0.8951810325293101,0.8909413251161787,2025-07-07 11:37:58.402
/media/vsi-dev/Lacie_2/mndot_workzone_project/Toyota/campaign_0f13274e-1e23-415d-8a6c-56f06a60a20a-Toyota_Prius_-_Austin_-_1/campaign/processed_json/segments/e6b4bacb-a530-472c-8a4f-cfdd6d463762/part_2/005136.json,43.6806303,-92.9860904,0.9781913242622373,81.92,60.10362694300518,66.32124352331607,45.23415977961432,51.91460055096419,61.58,0.9220561763385948,0.8940325559625875,2025-07-07 11:37:58.432
/media/vsi-dev/Lacie_2/mndot_workzone_project/Toyota/campaign_0f13274e-1e23-415d-8a6c-56f06a60a20a-Toyota_Prius_-_Austin_-_1/campaign/processed_json/segments/e6b4bacb-a530-472c-8a4f-cfdd6d463762/part_2/005137.json,43.6806303,-92.9860904,0,41.72,62.17616580310881,65.80310880829016,28.429752066115704,52.231404958677686,59.46,0.9004342835915541,0.8933283778603497,2025-07-07 11:37:58.475
/media/vsi-dev/Lacie_2/mndot_workzone_project/Toyota/campaign_0f13274e-1e23-415d-8a6c-56f06a60a20a-Toyota_Prius_-_Austin_-_1/campaign/processed_json/segments/e6b4bacb-a530-472c-8a4f-cfdd6d463762/part_2/005138.json,43.6806303,-92.9860904,0.9848041402180955,81.87,57.51295336787565,65.80310880829016,53.30578512396694,50.77134986225895,61.54,0.8936441030355925,0.8929956456326575,2025-07-07 11:37:58.508
/media/vsi-dev/Lacie_2/mndot_workzone_project/Toyota/campaign_0f13274e-1e23-415d-8a6c-56f06a60a20a-Toyota_Prius_-_Austin_-_1/campaign/processed_json/segments/e6b4bacb-a530-472c-8a4f-cfdd6d463762/part_2/005139.json,43.6806303,-92.9860904,0.9856539001953453,81.37,56.476683937823836,65.80310880829016,40.413223140495866,52.02479338842976,59.6,0.917142532035189,0.893565009819806,2025-07-07 11:37:58.535
/media/vsi-dev/Lacie_2/mndot_workzone_project/Toyota/campaign_0f13274e-1e23-415d-8a6c-56f06a60a20a-Toyota_Prius_-_Austin_-_1/campaign/processed_json/segments/e6b4bacb-a530-472c-8a4f-cfdd6d463762/part_2/005140.json,43.6806303,-92.9860904,0.9963940172279344,81.5,56.476683937823836,65.28497409326425,41.66666666666667,53.52617079889808,59.69,0.8826943654040169,0.89416704228826,2025-07-07 11:37:58.566
/media/vsi-dev/Lacie_2/mndot_workzone_project/Toyota/campaign_0f13274e-1e23-415d-8a6c-56f06a60a20a-Toyota_Prius_-_Austin_-_1/campaign/processed_json/segments/e6b4bacb-a530-472c-8a4f-cfdd6d463762/part_2/005141.json,43.6806303,-92.9860904,0.988813044611233,82.83,58.03108808290155,65.80310880829016,62.1900826446281,52.782369146005514,63.36,0.899340499148691,0.8936380718506229,2025-07-07 11:37:58.599
/media/vsi-dev/Lacie_2/mndot_workzone_project/Toyota/campaign_0f13274e-1e23-415d-8a6c-56f06a60a20a-Toyota_Prius_-_Austin_-_1/campaign/processed_json/segments/e6b4bacb-a530-472c-8a4f-cfdd6d463762/part_2/005142.json,43.6806303,-92.9860904,0.988813044611233,82.53,58.549222797927456,65.80310880829016,58.58126721763085,51.074380165289256,62.7,0.8958388540514031,0.8936809872928941,2025-07-07 11:37:58.632
/media/vsi-dev/Lacie_2/mndot_workzone_project/Toyota/campaign_0f13274e-1e23-415d-8a6c-56f06a60a20a-Toyota_Prius_-_Austin_-_1/campaign/processed_json/segments/e6b4bacb-a530-472c-8a4f-cfdd6d463762/part_2/005143.json,43.6806303,-92.9860904,0.9909288930014639,82.81,58.549222797927456,65.80310880829016,60.592286501377416,51.59779614325068,63.1,0.900110894144094,0.893597668959461,2025-07-07 11:37:58.673
/media/vsi-dev/Lacie_2/mndot_workzone_project/Toyota/campaign_0f13274e-1e23-415d-8a6c-56f06a60a20a-Toyota_Prius_-_Austin_-_1/campaign/processed_json/segments/e6b4bacb-a530-472c-8a4f-cfdd6d463762/part_2/005144.json,43.6806312,-92.985918,0.9928258579038134,81.86,58.549222797927456,65.80310880829016,43.16804407713499,53.870523415977964,60.78,0.8864932803077967,0.8968374047339605,2025-07-07 11:37:58.702
/media/vsi-dev/Lacie_2/mndot_workzone_project/Toyota/campaign_0f13274e-1e23-415d-8a6c-56f06a60a20a-Toyota_Prius_-_Austin_-_1/campaign/processed_json/segments/e6b4bacb-a530-472c-8a4f-cfdd6d463762/part_2/005145.json,43.6806312,-92.985918,0.9909288930014639,83.26,60.62176165803109,66.32124352331607,59.77961432506888,54.31129476584022,64.17,0.8996126318020671,0.8959345535448986,2025-07-07 11:37:58.744
/media/vsi-dev/Lacie_2/mndot_workzone_project/Toyota/campaign_0f13274e-1e23-415d-8a6c-56f06a60a20a-Toyota_Prius_-_Austin_-_1/campaign/processed_json/segments/e6b4bacb-a530-472c-8a4f-cfdd6d463762/part_2/005146.json,43.6806312,-92.985918,0.988813044611233,82.78,62.17616580310881,65.80310880829016,46.887052341597794,53.23691460055097,62.52,0.9263399874112679,0.8955236883006286,2025-07-07 11:37:58.771
/media/vsi-dev/Lacie_2/mndot_workzone_project/Toyota/campaign_0f13274e-1e23-415d-8a6c-56f06a60a20a-Toyota_Prius_-_Austin_-_1/campaign/processed_json/segments/e6b4bacb-a530-472c-8a4f-cfdd6d463762/part_2/005147.json,43.6806312,-92.985918,0.9934093144689159,83.23,60.62176165803109,65.80310880829016,61.04683195592286,52.231404958677686,63.89,0.9001522882250295,0.8933817515983955,2025-07-07 11:37:58.799
/media/vsi-dev/Lacie_2/mndot_workzone_project/Toyota/campaign_0f13274e-1e23-415d-8a6c-56f06a60a20a-Toyota_Prius_-_Austin_-_1/campaign/processed_json/segments/e6b4bacb-a530-472c-8a4f-cfdd6d463762/part_2/005148.json,43.6806312,-92.985918,0.9902478635182347,83.36,60.62176165803109,65.80310880829016,63.09917355371901,53.732782369146,64.44,0.9020649398163842,0.8955493165511228,2025-07-07 11:37:58.837
/media/vsi-dev/Lacie_2/mndot_workzone_project/Toyota/campaign_0f13274e-1e23-415d-8a6c-56f06a60a20a-Toyota_Prius_-_Austin_-_1/campaign/processed_json/segments/e6b4bacb-a530-472c-8a4f-cfdd6d463762/part_2/005149.json,43.6806312,-92.985918,0.9848041402180955,82.32,60.10362694300518,65.80310880829016,45.23415977961432,53.4297520661157,61.7,0.9297594986278125,0.8953407849072348,2025-07-07 11:37:58.866
/media/vsi-dev/Lacie_2/mndot_workzone_project/Toyota/campaign_0f13274e-1e23-415d-8a6c-56f06a60a20a-Toyota_Prius_-_Austin_-_1/campaign/processed_json/segments/e6b4bacb-a530-472c-8a4f-cfdd6d463762/part_2/005150.json,43.6806312,-92.985918,0.998488643251663,83.46,64.24870466321244,66.83937823834198,51.11570247933884,54.76584022038568,64.14,0.888610853903623,0.8976476845151871,2025-07-07 11:37:58.899
/media/vsi-dev/Lacie_2/mndot_workzone_project/Toyota/campaign_0f13274e-1e23-415d-8a6c-56f06a60a20a-Toyota_Prius_-_Austin_-_1/campaign/processed_json/segments/e6b4bacb-a530-472c-8a4f-cfdd6d463762/part_2/005151.json,43.6806312,-92.985918,0.9968051145430329,83.18,62.17616580310881,64.76683937823834,56.28099173553719,53.939393939393945,63.56,0.8935158743205704,0.8944360633243601,2025-07-07 11:37:58.932
/media/vsi-dev/Lacie_2/mndot_workzone_project/Toyota/campaign_0f13274e-1e23-415d-8a6c-56f06a60a20a-Toyota_Prius_-_Austin_-_1/campaign/processed_json/segments/e6b4bacb-a530-472c-8a4f-cfdd6d463762/part_2/005152.json,43.6806312,-92.985918,0.9945026659478988,83.27,62.17616580310881,64.76683937823834,59.71074380165289,53.925619834710744,64.06,0.8928140280716881,0.8933833267709425,2025-07-07 11:37:58.967
/media/vsi-dev/Lacie_2/mndot_workzone_project/Toyota/campaign_0f13274e-1e23-415d-8a6c-56f06a60a20a-Toyota_Prius_-_Austin_-_1/campaign/processed_json/segments/e6b4bacb-a530-472c-8a4f-cfdd6d463762/part_2/005153.json,43.6806312,-92.985918,0.9902478635182347,82.73,58.549222797927456,65.80310880829016,59.10468319559229,53.66391184573003,63.15,0.8931087315467037,0.892782333810301,2025-07-07 11:37:58.999
/media/vsi-dev/Lacie_2/mndot_workzone_project/Toyota/campaign_0f13274e-1e23-415d-8a6c-56f06a60a20a-Toyota_Prius_-_Austin_-_1/campaign/processed_json/segments/e6b4bacb-a530-472c-8a4f-cfdd6d463762/part_2/005154.json,43.6806312,-92.985918,0.9968051145430329,83.61,60.62176165803109,65.80310880829016,61.98347107438017,55.23415977961432,64.48,0.8984820272441748,0.896147995923545,2025-07-07 11:37:59.031
/media/vsi-dev/Lacie_2/mndot_workzone_project/Toyota/campaign_0f13274e-1e23-415d-8a6c-56f06a60a20a-Toyota_Prius_-_Austin_-_1/campaign/processed_json/segments/e6b4bacb-a530-472c-8a4f-cfdd6d463762/part_2/005155.json,43.6806312,-92.985918,0.9928258579038134,83.85,62.17616580310881,65.80310880829016,64.77961432506886,55.0137741046832,65.36,0.90250448902498,0.8969835180943635,2025-07-07 11:37:59.067
/media/vsi-dev/Lacie_2/mndot_workzone_project/Toyota/campaign_0f13274e-1e23-415d-8a6c-56f06a60a20a-Toyota_Prius_-_Austin_-_1/campaign/processed_json/segments/e6b4bacb-a530-472c-8a4f-cfdd6d463762/part_2/005156.json,43.6806312,-92.985918,0.9963940172279344,84.16,63.212435233160626,65.80310880829016,66.59779614325069,53.69146005509642,65.75,0.9045368363787899,0.8962589681185208,2025-07-07 11:37:59.104
/media/vsi-dev/Lacie_2/mndot_workzone_project/Toyota/campaign_0f13274e-1e23-415d-8a6c-56f06a60a20a-Toyota_Prius_-_Austin_-_1/campaign/processed_json/segments/e6b4bacb-a530-472c-8a4f-cfdd6d463762/part_2/005157.json,43.6806312,-92.985918,0.9968051145430329,83.24,63.212435233160626,65.80310880829016,46.92837465564738,53.89807162534436,62.93,0.9255854435540549,0.8941538471558371,2025-07-07 11:37:59.135
/media/vsi-dev/Lacie_2/mndot_workzone_project/Toyota/campaign_0f13274e-1e23-415d-8a6c-56f06a60a20a-Toyota_Prius_-_Austin_-_1/campaign/processed_json/segments/e6b4bacb-a530-472c-8a4f-cfdd6d463762/part_2/005158.json,43.6806312,-92.985918,0.9963940172279344,83.53,62.17616580310881,65.80310880829016,57.34159779614325,54.73829201101928,64.2,0.9029475851871687,0.8966608913095546,2025-07-07 11:37:59.169
/media/vsi-dev/Lacie_2/mndot_workzone_project/Toyota/campaign_0f13274e-1e23-415d-8a6c-56f06a60a20a-Toyota_Prius_-_Austin_-_1/campaign/processed_json/segments/e6b4bacb-a530-472c-8a4f-cfdd6d463762/part_2/005159.json,43.6806312,-92.985918,0.998488643251663,83.55,62.17616580310881,65.80310880829016,57.85123966942148,53.85674931129476,64.13,0.9003170810186666,0.8954996830063318,2025-07-07 11:37:59.199
/media/vsi-dev/Lacie_2/mndot_workzone_project/Toyota/campaign_0f13274e-1e23-415d-8a6c-56f06a60a20a-Toyota_Prius_-_Austin_-_1/campaign/processed_json/segments/e6b4bacb-a530-472c-8a4f-cfdd6d463762/part_2/005160.json,43.6806312,-92.985918,0.9978897297577275,83.28,62.17616580310881,65.80310880829016,47.69972451790633,55.027548209366394,62.9,0.9235233670724038,0.8968845659177904,2025-07-07 11:37:59.236
/media/vsi-dev/Lacie_2/mndot_workzone_project/Toyota/campaign_0f13274e-1e23-415d-8a6c-56f06a60a20a-Toyota_Prius_-_Austin_-_1/campaign/processed_json/segments/e6b4bacb-a530-472c-8a4f-cfdd6d463762/part_2/005161.json,43.6806312,-92.985918,0.9989880124051737,83.37,63.212435233160626,65.80310880829016,48.30578512396694,52.64462809917355,62.96,0.9295427953075897,0.8930566945157202,2025-07-07 11:37:59.275
/media/vsi-dev/Lacie_2/mndot_workzone_project/Toyota/campaign_0f13274e-1e23-415d-8a6c-56f06a60a20a-Toyota_Prius_-_Austin_-_1/campaign/processed_json/segments/e6b4bacb-a530-472c-8a4f-cfdd6d463762/part_2/005162.json,43.6806312,-92.985918,0.9992003199146837,84.22,63.212435233160626,65.80310880829016,65.44077134986226,54.132231404958674,65.64,0.9037263404172076,0.895732841039433,2025-07-07 11:37:59.303
/media/vsi-dev/Lacie_2/mndot_workzone_project/Toyota/campaign_0f13274e-1e23-415d-8a6c-56f06a60a20a-Toyota_Prius_-_Austin_-_1/campaign/processed_json/segments/e6b4bacb-a530-472c-8a4f-cfdd6d463762/part_2/005163.json,43.6806312,-92.985918,0.9989880124051737,84.06,63.212435233160626,65.80310880829016,63.85674931129477,53.608815426997246,65.31,0.9028947625667422,0.8946061954065604,2025-07-07 11:37:59.335
/media/vsi-dev/Lacie_2/mndot_workzone_project/Toyota/campaign_0f13274e-1e23-415d-8a6c-56f06a60a20a-Toyota_Prius_-_Austin_-_1/campaign/processed_json/segments/e6b4bacb-a530-472c-8a4f-cfdd6d463762/part_2/005164.json,43.6806312,-92.985918,0.9995501012348142,82.76,61.13989637305699,65.80310880829016,39.98622589531681,54.917355371900825,61.42,0.9219046756667252,0.8994032615647682,2025-07-07 11:37:59.373
/media/vsi-dev/Lacie_2/mndot_workzone_project/Toyota/campaign_0f13274e-1e23-415d-8a6c-56f06a60a20a-Toyota_Prius_-_Austin_-_1/campaign/processed_json/segments/e6b4bacb-a530-472c-8a4f-cfdd6d463762/part_2/005165.json,43.6806312,-92.985918,0.006982094567643163,41.24,67.35751295336787,66.83937823834198,28.567493112947655,55.633608815426996,61.14,0.7527879168540528,0.8978848263312806,2025-07-07 11:37:59.397
/media/vsi-dev/Lacie_2/mndot_workzone_project/Toyota/campaign_0f13274e-1e23-415d-8a6c-56f06a60a20a-Toyota_Prius_-_Austin_-_1/campaign/processed_json/segments/e6b4bacb-a530-472c-8a4f-cfdd6d463762/part_2/005166.json,43.6806312,-92.985918,0.9996875488230391,82.66,60.62176165803109,66.32124352331607,40.344352617079885,53.388429752066116,61.23,0.9233288337494208,0.8946920251567573,2025-07-07 11:37:59.437
/media/vsi-dev/Lacie_2/mndot_workzone_project/Toyota/campaign_0f13274e-1e23-415d-8a6c-56f06a60a20a-Toyota_Prius_-_Austin_-_1/campaign/processed_json/segments/e6b4bacb-a530-472c-8a4f-cfdd6d463762/part_2/005167.json,43.6806312,-92.985918,0.9978897297577275,83.05,60.62176165803109,65.80310880829016,49.54545454545455,53.650137741046834,62.48,0.9208575903617533,0.8929984222288183,2025-07-07 11:37:59.468
/media/vsi-dev/Lacie_2/mndot_workzone_project/Toyota/campaign_0f13274e-1e23-415d-8a6c-56f06a60a20a-Toyota_Prius_-_Austin_-_1/campaign/processed_json/segments/e6b4bacb-a530-472c-8a4f-cfdd6d463762/part_2/005168.json,43.6806312,-92.985918,0.9872815715902905,73.97,60.62176165803109,0.0,40.09641873278237,54.24242424242425,41.31,0.9094979041448044,0.8858996726756344,2025-07-07 11:37:59.502
/media/vsi-dev/Lacie_2/mndot_workzone_project/Toyota/campaign_0f13274e-1e23-415d-8a6c-56f06a60a20a-Toyota_Prius_-_Austin_-_1/campaign/processed_json/segments/e6b4bacb-a530-472c-8a4f-cfdd6d463762/part_2/005169.json,43.6806312,-92.985918,0.9999500012499791,82.99,63.212435233160626,65.80310880829016,47.30027548209366,54.28374655647383,62.86,0.8898734061327002,0.8945597810074439,2025-07-07 11:37:59.535
/media/vsi-dev/Lacie_2/mndot_workzone_project/Toyota/campaign_0f13274e-1e23-415d-8a6c-56f06a60a20a-Toyota_Prius_-_Austin_-_1/campaign/processed_json/segments/e6b4bacb-a530-472c-8a4f-cfdd6d463762/part_2/005170.json,43.6806312,-92.985918,0.9996875488230391,83.6,60.62176165803109,65.80310880829016,60.592286501377416,54.39393939393939,64.15,0.8994774013999755,0.8953266260141767,2025-07-07 11:37:59.569
/media/vsi-dev/Lacie_2/mndot_workzone_project/Toyota/campaign_0f13274e-1e23-415d-8a6c-56f06a60a20a-Toyota_Prius_-_Austin_-_1/campaign/processed_json/segments/e6b4bacb-a530-472c-8a4f-cfdd6d463762/part_2/005171.json,43.6806312,-92.985918,0.9995501012348142,83.99,62.17616580310881,65.80310880829016,63.42975206611571,54.72451790633609,65.1,0.9016360495425237,0.895414106500075,2025-07-07 11:37:59.601
/media/vsi-dev/Lacie_2/mndot_workzone_project/Toyota/campaign_0f13274e-1e23-415d-8a6c-56f06a60a20a-Toyota_Prius_-_Austin_-_1/campaign/processed_json/segments/e6b4bacb-a530-472c-8a4f-cfdd6d463762/part_2/005172.json,43.6806312,-92.985918,0.9998875063278877,84.11,62.17616580310881,65.80310880829016,65.52341597796143,54.57300275482093,65.39,0.8999996749907196,0.8958067442527,2025-07-07 11:37:59.634
/media/vsi-dev/Lacie_2/mndot_workzone_project/Toyota/campaign_0f13274e-1e23-415d-8a6c-56f06a60a20a-Toyota_Prius_-_Austin_-_1/campaign/processed_json/segments/e6b4bacb-a530-472c-8a4f-cfdd6d463762/part_2/005173.json,43.6806334,-92.9857507,1.0,82.61,59.067357512953365,65.80310880829016,44.352617079889804,53.03030303030303,61.15,0.9226238694785535,0.8928519219932853,2025-07-07 11:37:59.671
/media/vsi-dev/Lacie_2/mndot_workzone_project/Toyota/campaign_0f13274e-1e23-415d-8a6c-56f06a60a20a-Toyota_Prius_-_Austin_-_1/campaign/processed_json/segments/e6b4bacb-a530-472c-8a4f-cfdd6d463762/part_2/005174.json,43.6806334,-92.9857507,0.9999500012499791,83.57,62.69430051813472,65.80310880829016,49.256198347107436,55.70247933884298,63.4,0.9251096180159761,0.8965365197919337,2025-07-07 11:37:59.707
/media/vsi-dev/Lacie_2/mndot_workzone_project/Toyota/campaign_0f13274e-1e23-415d-8a6c-56f06a60a20a-Toyota_Prius_-_Austin_-_1/campaign/processed_json/segments/e6b4bacb-a530-472c-8a4f-cfdd6d463762/part_2/005175.json,43.6806334,-92.9857507,1.0,83.9,60.62176165803109,65.80310880829016,63.62258953168044,55.82644628099174,64.83,0.9009748887974491,0.8958789976301649,2025-07-07 11:37:59.733
/media/vsi-dev/Lacie_2/mndot_workzone_project/Toyota/campaign_0f13274e-1e23-415d-8a6c-56f06a60a20a-Toyota_Prius_-_Austin_-_1/campaign/processed_json/segments/e6b4bacb-a530-472c-8a4f-cfdd6d463762/part_2/005176.json,43.6806334,-92.9857507,0.9998000199986667,82.77,59.58549222797927,65.80310880829016,45.909090909090914,53.319559228650135,61.57,0.9218213189542878,0.892953948668393,2025-07-07 11:37:59.769
/media/vsi-dev/Lacie_2/mndot_workzone_project/Toyota/campaign_0f13274e-1e23-415d-8a6c-56f06a60a20a-Toyota_Prius_-_Austin_-_1/campaign/processed_json/segments/e6b4bacb-a530-472c-8a4f-cfdd6d463762/part_2/005177.json,43.6806334,-92.9857507,0.9998875063278877,83.86,62.17616580310881,65.28497409326425,63.89807162534436,52.97520661157024,64.75,0.9032418738010481,0.8928411818431626,2025-07-07 11:37:59.801
/media/vsi-dev/Lacie_2/mndot_workzone_project/Toyota/campaign_0f13274e-1e23-415d-8a6c-56f06a60a20a-Toyota_Prius_-_Austin_-_1/campaign/processed_json/segments/e6b4bacb-a530-472c-8a4f-cfdd6d463762/part_2/005178.json,43.6806334,-92.9857507,0.9998000199986667,83.06,63.212435233160626,64.76683937823834,46.887052341597794,51.8732782369146,62.28,0.9240079011779283,0.8911227571958559,2025-07-07 11:37:59.835
/media/vsi-dev/Lacie_2/mndot_workzone_project/Toyota/campaign_0f13274e-1e23-415d-8a6c-56f06a60a20a-Toyota_Prius_-_Austin_-_1/campaign/processed_json/segments/e6b4bacb-a530-472c-8a4f-cfdd6d463762/part_2/005179.json,43.6806334,-92.9857507,0.9999500012499791,83.86,63.212435233160626,64.76683937823834,66.69421487603306,50.81267217630854,64.96,0.899660309874121,0.8882997070551057,2025-07-07 11:37:59.868
/media/vsi-dev/Lacie_2/mndot_workzone_project/Toyota/campaign_0f13274e-1e23-415d-8a6c-56f06a60a20a-Toyota_Prius_-_Austin_-_1/campaign/processed_json/segments/e6b4bacb-a530-472c-8a4f-cfdd6d463762/part_2/005180.json,43.6806334,-92.9857507,0.9978897297577276,83.78,62.17616580310881,64.24870466321244,65.9228650137741,53.62258953168044,64.83,0.9015771751051836,0.8917516850087757,2025-07-07 11:37:59.899
/media/vsi-dev/Lacie_2/mndot_workzone_project/Toyota/campaign_0f13274e-1e23-415d-8a6c-56f06a60a20a-Toyota_Prius_-_Austin_-_1/campaign/processed_json/segments/e6b4bacb-a530-472c-8a4f-cfdd6d463762/part_2/005181.json,43.6806334,-92.9857507,1.0,84.1,63.212435233160626,64.76683937823834,66.72176308539945,53.705234159779614,65.42,0.899511385088732,0.8933480447103349,2025-07-07 11:37:59.932
/media/vsi-dev/Lacie_2/mndot_workzone_project/Toyota/campaign_0f13274e-1e23-415d-8a6c-56f06a60a20a-Toyota_Prius_-_Austin_-_1/campaign/processed_json/segments/e6b4bacb-a530-472c-8a4f-cfdd6d463762/part_2/005182.json,43.6806334,-92.9857507,0.9989880124051737,83.78,61.13989637305699,64.76683937823834,65.37190082644628,54.32506887052342,64.7,0.9005832265869361,0.8936992118869825,2025-07-07 11:37:59.972
/media/vsi-dev/Lacie_2/mndot_workzone_project/Toyota/campaign_0f13274e-1e23-415d-8a6c-56f06a60a20a-Toyota_Prius_-_Austin_-_1/campaign/processed_json/segments/e6b4bacb-a530-472c-8a4f-cfdd6d463762/part_2/005183.json,43.6806334,-92.9857507,0.9996875488230391,83.63,60.62176165803109,64.76683937823834,64.6969696969697,53.62258953168044,64.32,0.8980274480842407,0.8929793008686204,2025-07-07 11:38:00.006
/media/vsi-dev/Lacie_2/mndot_workzone_project/Toyota/campaign_0f13274e-1e23-415d-8a6c-56f06a60a20a-Toyota_Prius_-_Austin_-_1/campaign/processed_json/segments/e6b4bacb-a530-472c-8a4f-cfdd6d463762/part_2/005184.json,43.6806334,-92.9857507,0.9996875488230391,83.46,62.17616580310881,64.76683937823834,58.30578512396695,54.187327823691454,63.91,0.8961737170154643,0.8948499588677907,2025-07-07 11:38:00.034
/media/vsi-dev/Lacie_2/mndot_workzone_project/Toyota/campaign_0f13274e-1e23-415d-8a6c-56f06a60a20a-Toyota_Prius_-_Austin_-_1/campaign/processed_json/segments/e6b4bacb-a530-472c-8a4f-cfdd6d463762/part_2/005185.json,43.6806334,-92.9857507,0.9971914513728449,83.28,60.62176165803109,65.80310880829016,58.112947658402206,55.137741046831955,63.84,0.890357238658509,0.8949323424688631,2025-07-07 11:38:00.065
/media/vsi-dev/Lacie_2/mndot_workzone_project/Toyota/campaign_0f13274e-1e23-415d-8a6c-56f06a60a20a-Toyota_Prius_-_Austin_-_1/campaign/processed_json/segments/e6b4bacb-a530-472c-8a4f-cfdd6d463762/part_2/005186.json,43.6806334,-92.9857507,0.9978897297577275,83.29,59.58549222797927,65.80310880829016,61.928374655647374,53.099173553719005,63.8,0.8945730964747197,0.8908104845780279,2025-07-07 11:38:00.098
/media/vsi-dev/Lacie_2/mndot_workzone_project/Toyota/campaign_0f13274e-1e23-415d-8a6c-56f06a60a20a-Toyota_Prius_-_Austin_-_1/campaign/processed_json/segments/e6b4bacb-a530-472c-8a4f-cfdd6d463762/part_2/005187.json,43.6806334,-92.9857507,0.9848041402180955,81.51,57.51295336787565,64.76683937823834,42.02479338842976,52.47933884297521,59.93,0.9236746443701298,0.8910165288746247,2025-07-07 11:38:00.128
/media/vsi-dev/Lacie_2/mndot_workzone_project/Toyota/campaign_0f13274e-1e23-415d-8a6c-56f06a60a20a-Toyota_Prius_-_Austin_-_1/campaign/processed_json/segments/e6b4bacb-a530-472c-8a4f-cfdd6d463762/part_2/005188.json,43.6806334,-92.9857507,0.9872815715902905,82.17,60.10362694300518,64.76683937823834,46.088154269972456,52.176308539944905,61.28,0.9227433235434774,0.8935957423009503,2025-07-07 11:38:00.167
/media/vsi-dev/Lacie_2/mndot_workzone_project/Toyota/campaign_0f13274e-1e23-415d-8a6c-56f06a60a20a-Toyota_Prius_-_Austin_-_1/campaign/processed_json/segments/e6b4bacb-a530-472c-8a4f-cfdd6d463762/part_2/005189.json,43.6806334,-92.9857507,0.9909288930014639,82.8,58.549222797927456,65.80310880829016,59.60055096418733,53.209366391184574,63.17,0.8962965677327077,0.8931879104189819,2025-07-07 11:38:00.202
/media/vsi-dev/Lacie_2/mndot_workzone_project/Toyota/campaign_0f13274e-1e23-415d-8a6c-56f06a60a20a-Toyota_Prius_-_Austin_-_1/campaign/processed_json/segments/e6b4bacb-a530-472c-8a4f-cfdd6d463762/part_2/005190.json,43.6806334,-92.9857507,0.9821119255343636,82.39,62.17616580310881,65.80310880829016,44.132231404958674,53.82920110192837,62.2,0.9269594492437436,0.8957698279752917,2025-07-07 11:38:00.256
/media/vsi-dev/Lacie_2/mndot_workzone_project/Toyota/campaign_0f13274e-1e23-415d-8a6c-56f06a60a20a-Toyota_Prius_-_Austin_-_1/campaign/processed_json/segments/e6b4bacb-a530-472c-8a4f-cfdd6d463762/part_2/005191.json,43.6806334,-92.9857507,0.9880593620427125,82.28,59.58549222797927,65.28497409326425,45.44077134986226,53.95316804407714,61.46,0.922990065143025,0.8947822908675949,2025-07-07 11:38:00.277
/media/vsi-dev/Lacie_2/mndot_workzone_project/Toyota/campaign_0f13274e-1e23-415d-8a6c-56f06a60a20a-Toyota_Prius_-_Austin_-_1/campaign/processed_json/segments/e6b4bacb-a530-472c-8a4f-cfdd6d463762/part_2/005192.json,43.6806334,-92.9857507,0.9872815715902905,81.96,60.62176165803109,64.76683937823834,37.42424242424243,53.760330578512395,60.44,0.9323936595837512,0.8970885765532525,2025-07-07 11:38:00.304
/media/vsi-dev/Lacie_2/mndot_workzone_project/Toyota/campaign_0f13274e-1e23-415d-8a6c-56f06a60a20a-Toyota_Prius_-_Austin_-_1/campaign/processed_json/segments/e6b4bacb-a530-472c-8a4f-cfdd6d463762/part_2/005193.json,43.6806334,-92.9857507,0.9872815715902905,82.69,62.69430051813472,65.80310880829016,46.92837465564738,52.4931129476584,62.55,0.9248693534433304,0.893116001656369,2025-07-07 11:38:00.340
/media/vsi-dev/Lacie_2/mndot_workzone_project/Toyota/campaign_0f13274e-1e23-415d-8a6c-56f06a60a20a-Toyota_Prius_-_Austin_-_1/campaign/processed_json/segments/e6b4bacb-a530-472c-8a4f-cfdd6d463762/part_2/005194.json,43.6806334,-92.9857507,0.9934093144689159,83.15,59.58549222797927,65.28497409326425,59.65564738292011,54.88980716253443,63.62,0.8991352224614084,0.8971466484044578,2025-07-07 11:38:00.364
/media/vsi-dev/Lacie_2/mndot_workzone_project/Toyota/campaign_0f13274e-1e23-415d-8a6c-56f06a60a20a-Toyota_Prius_-_Austin_-_1/campaign/processed_json/segments/e6b4bacb-a530-472c-8a4f-cfdd6d463762/part_2/005195.json,43.6806334,-92.9857507,0.9902478635182347,83.28,60.62176165803109,65.28497409326425,61.83195592286501,54.917355371900825,64.27,0.8989770077462398,0.8973630737776721,2025-07-07 11:38:00.398
/media/vsi-dev/Lacie_2/mndot_workzone_project/Toyota/campaign_0f13274e-1e23-415d-8a6c-56f06a60a20a-Toyota_Prius_-_Austin_-_1/campaign/processed_json/segments/e6b4bacb-a530-472c-8a4f-cfdd6d463762/part_2/005196.json,43.6806334,-92.9857507,0.9934093144689159,82.45,59.58549222797927,65.28497409326425,47.451790633608816,53.53994490358127,61.64,0.9125179762514352,0.8935442912608603,2025-07-07 11:38:00.436
/media/vsi-dev/Lacie_2/mndot_workzone_project/Toyota/campaign_0f13274e-1e23-415d-8a6c-56f06a60a20a-Toyota_Prius_-_Austin_-_1/campaign/processed_json/segments/e6b4bacb-a530-472c-8a4f-cfdd6d463762/part_2/005197.json,43.6806334,-92.9857507,0.9954976660309716,82.46,59.067357512953365,65.28497409326425,46.019283746556475,53.00275482093664,61.23,0.9220903762642915,0.8926590784564419,2025-07-07 11:38:00.468
/media/vsi-dev/Lacie_2/mndot_workzone_project/Toyota/campaign_0f13274e-1e23-415d-8a6c-56f06a60a20a-Toyota_Prius_-_Austin_-_1/campaign/processed_json/segments/e6b4bacb-a530-472c-8a4f-cfdd6d463762/part_2/005198.json,43.6806334,-92.9857507,0.9992003199146837,81.95,57.51295336787565,65.28497409326425,38.34710743801653,54.32506887052342,59.78,0.9131744190784298,0.8942440048525917,2025-07-07 11:38:00.496
/media/vsi-dev/Lacie_2/mndot_workzone_project/Toyota/campaign_0f13274e-1e23-415d-8a6c-56f06a60a20a-Toyota_Prius_-_Austin_-_1/campaign/processed_json/segments/e6b4bacb-a530-472c-8a4f-cfdd6d463762/part_2/005199.json,43.6806334,-92.9857507,0,42.52,63.730569948186535,65.80310880829016,33.650137741046834,53.870523415977964,61.04,0.916052464217423,0.8938738261784928,2025-07-07 11:38:00.527
/media/vsi-dev/Lacie_2/mndot_workzone_project/Toyota/campaign_0f13274e-1e23-415d-8a6c-56f06a60a20a-Toyota_Prius_-_Austin_-_1/campaign/processed_json/segments/e6b4bacb-a530-472c-8a4f-cfdd6d463762/part_2/005200.json,43.6806334,-92.9857507,0.9922179382602435,82.98,62.69430051813472,65.80310880829016,44.90358126721763,55.0137741046832,62.65,0.9285440753486718,0.8945353937238985,2025-07-07 11:38:00.560
/media/vsi-dev/Lacie_2/mndot_workzone_project/Toyota/campaign_0f13274e-1e23-415d-8a6c-56f06a60a20a-Toyota_Prius_-_Austin_-_1/campaign/processed_json/segments/e6b4bacb-a530-472c-8a4f-cfdd6d463762/part_2/005201.json,43.6806334,-92.9857507,0,40.25,64.24870466321244,65.80310880829016,11.487603305785123,54.31129476584022,57.51,0.8304826371830408,0.8941089762266435,2025-07-07 11:38:00.600
/media/vsi-dev/Lacie_2/mndot_workzone_project/Toyota/campaign_0f13274e-1e23-415d-8a6c-56f06a60a20a-Toyota_Prius_-_Austin_-_1/campaign/processed_json/segments/e6b4bacb-a530-472c-8a4f-cfdd6d463762/part_2/005202.json,43.6806334,-92.9857507,0.9922179382602435,82.16,59.58549222797927,65.80310880829016,46.50137741046832,54.51790633608815,61.67,0.8847076667479078,0.8956175760101024,2025-07-07 11:38:00.634
/media/vsi-dev/Lacie_2/mndot_workzone_project/Toyota/campaign_0f13274e-1e23-415d-8a6c-56f06a60a20a-Toyota_Prius_-_Austin_-_1/campaign/processed_json/segments/e6b4bacb-a530-472c-8a4f-cfdd6d463762/part_2/005203.json,43.6806338,-92.9855818,0.988813044611233,82.14,58.549222797927456,65.80310880829016,44.17355371900826,53.374655647382916,61.03,0.922804155135665,0.8947725466130929,2025-07-07 11:38:00.666
/media/vsi-dev/Lacie_2/mndot_workzone_project/Toyota/campaign_0f13274e-1e23-415d-8a6c-56f06a60a20a-Toyota_Prius_-_Austin_-_1/campaign/processed_json/segments/e6b4bacb-a530-472c-8a4f-cfdd6d463762/part_2/005204.json,43.6806338,-92.9855818,0.9995501012348142,82.56,58.03108808290155,65.80310880829016,48.1267217630854,54.93112947658402,61.58,0.898395451357438,0.8959883977465041,2025-07-07 11:38:00.706
/media/vsi-dev/Lacie_2/mndot_workzone_project/Toyota/campaign_0f13274e-1e23-415d-8a6c-56f06a60a20a-Toyota_Prius_-_Austin_-_1/campaign/processed_json/segments/e6b4bacb-a530-472c-8a4f-cfdd6d463762/part_2/005205.json,43.6806338,-92.9855818,0.988813044611233,82.75,59.58549222797927,65.80310880829016,54.77961432506887,55.633608815426996,63.15,0.8988283150535796,0.8952758496561505,2025-07-07 11:38:00.734
/media/vsi-dev/Lacie_2/mndot_workzone_project/Toyota/campaign_0f13274e-1e23-415d-8a6c-56f06a60a20a-Toyota_Prius_-_Austin_-_1/campaign/processed_json/segments/e6b4bacb-a530-472c-8a4f-cfdd6d463762/part_2/005206.json,43.6806338,-92.9855818,0.9971914513728449,83.92,62.17616580310881,65.80310880829016,65.26170798898072,53.45730027548209,65.18,0.9025759219073701,0.8930227533479271,2025-07-07 11:38:00.766
/media/vsi-dev/Lacie_2/mndot_workzone_project/Toyota/campaign_0f13274e-1e23-415d-8a6c-56f06a60a20a-Toyota_Prius_-_Austin_-_1/campaign/processed_json/segments/e6b4bacb-a530-472c-8a4f-cfdd6d463762/part_2/005207.json,43.6806338,-92.9855818,0.988813044611233,82.47,59.067357512953365,66.32124352331607,46.80440771349863,53.980716253443525,61.83,0.9255407420586488,0.8926680382834374,2025-07-07 11:38:00.808
/media/vsi-dev/Lacie_2/mndot_workzone_project/Toyota/campaign_0f13274e-1e23-415d-8a6c-56f06a60a20a-Toyota_Prius_-_Austin_-_1/campaign/processed_json/segments/e6b4bacb-a530-472c-8a4f-cfdd6d463762/part_2/005208.json,43.6806338,-92.9855818,0.998488643251663,83.98,62.17616580310881,65.80310880829016,66.5840220385675,53.03030303030303,65.3,0.9008199126621873,0.8916934135656942,2025-07-07 11:38:00.830
/media/vsi-dev/Lacie_2/mndot_workzone_project/Toyota/campaign_0f13274e-1e23-415d-8a6c-56f06a60a20a-Toyota_Prius_-_Austin_-_1/campaign/processed_json/segments/e6b4bacb-a530-472c-8a4f-cfdd6d463762/part_2/005209.json,43.6806338,-92.9855818,0.9934093144689159,82.91,62.17616580310881,64.76683937823834,49.22865013774105,52.61707988980716,62.45,0.9262388353067619,0.8927345294617078,2025-07-07 11:38:00.880
/media/vsi-dev/Lacie_2/mndot_workzone_project/Toyota/campaign_0f13274e-1e23-415d-8a6c-56f06a60a20a-Toyota_Prius_-_Austin_-_1/campaign/processed_json/segments/e6b4bacb-a530-472c-8a4f-cfdd6d463762/part_2/005210.json,43.6806338,-92.9855818,0.9954976660309716,84.25,63.730569948186535,65.80310880829016,67.69972451790633,53.95316804407714,66.1,0.9035915145393663,0.895275039156326,2025-07-07 11:38:00.900
/media/vsi-dev/Lacie_2/mndot_workzone_project/Toyota/campaign_0f13274e-1e23-415d-8a6c-56f06a60a20a-Toyota_Prius_-_Austin_-_1/campaign/processed_json/segments/e6b4bacb-a530-472c-8a4f-cfdd6d463762/part_2/005211.json,43.6806338,-92.9855818,0.9978897297577275,83.66,63.730569948186535,65.80310880829016,52.24517906336088,54.33884297520662,63.93,0.9235716575678984,0.8938035664751202,2025-07-07 11:38:00.928
/media/vsi-dev/Lacie_2/mndot_workzone_project/Toyota/campaign_0f13274e-1e23-415d-8a6c-56f06a60a20a-Toyota_Prius_-_Austin_-_1/campaign/processed_json/segments/e6b4bacb-a530-472c-8a4f-cfdd6d463762/part_2/005212.json,43.6806338,-92.9855818,0.9950124791926823,83.35,64.24870466321244,65.80310880829016,46.21212121212121,54.51790633608815,63.25,0.930214352369331,0.8948867473626841,2025-07-07 11:38:00.958
/media/vsi-dev/Lacie_2/mndot_workzone_project/Toyota/campaign_0f13274e-1e23-415d-8a6c-56f06a60a20a-Toyota_Prius_-_Austin_-_1/campaign/processed_json/segments/e6b4bacb-a530-472c-8a4f-cfdd6d463762/part_2/005213.json,43.6806338,-92.9855818,0.9954976660309716,83.34,63.212435233160626,65.80310880829016,47.41046831955923,54.97245179063361,63.18,0.9290013422186557,0.8953758332772422,2025-07-07 11:38:00.997
/media/vsi-dev/Lacie_2/mndot_workzone_project/Toyota/campaign_0f13274e-1e23-415d-8a6c-56f06a60a20a-Toyota_Prius_-_Austin_-_1/campaign/processed_json/segments/e6b4bacb-a530-472c-8a4f-cfdd6d463762/part_2/005214.json,43.6806338,-92.9855818,0.9934093144689159,84.23,64.24870466321244,66.83937823834198,65.11019283746556,55.0137741046832,66.33,0.9009316866082535,0.8955669713509496,2025-07-07 11:38:01.033
/media/vsi-dev/Lacie_2/mndot_workzone_project/Toyota/campaign_0f13274e-1e23-415d-8a6c-56f06a60a20a-Toyota_Prius_-_Austin_-_1/campaign/processed_json/segments/e6b4bacb-a530-472c-8a4f-cfdd6d463762/part_2/005215.json,43.6806338,-92.9855818,0.9982016190284373,84.65,64.76683937823834,66.83937823834198,67.45179063360881,55.16528925619835,66.86,0.9017262455079256,0.8957692362440244,2025-07-07 11:38:01.068
/media/vsi-dev/Lacie_2/mndot_workzone_project/Toyota/campaign_0f13274e-1e23-415d-8a6c-56f06a60a20a-Toyota_Prius_-_Austin_-_1/campaign/processed_json/segments/e6b4bacb-a530-472c-8a4f-cfdd6d463762/part_2/005216.json,43.6806338,-92.9855818,0.9928258579038134,83.7,65.80310880829016,66.83937823834198,49.132231404958674,53.63636363636364,64.33,0.9308332484288917,0.8942720781283698,2025-07-07 11:38:01.099
/media/vsi-dev/Lacie_2/mndot_workzone_project/Toyota/campaign_0f13274e-1e23-415d-8a6c-56f06a60a20a-Toyota_Prius_-_Austin_-_1/campaign/processed_json/segments/e6b4bacb-a530-472c-8a4f-cfdd6d463762/part_2/005217.json,43.6806338,-92.9855818,0.9928258579038134,83.66,64.76683937823834,66.83937823834198,51.652892561983464,53.34710743801653,64.34,0.9275611110175257,0.8934183374958777,2025-07-07 11:38:01.134
/media/vsi-dev/Lacie_2/mndot_workzone_project/Toyota/campaign_0f13274e-1e23-415d-8a6c-56f06a60a20a-Toyota_Prius_-_Austin_-_1/campaign/processed_json/segments/e6b4bacb-a530-472c-8a4f-cfdd6d463762/part_2/005218.json,43.6806338,-92.9855818,0.9982016190284373,84.43,64.76683937823834,66.32124352331607,65.86776859504133,53.66391184573003,66.25,0.9066153961072775,0.8931246748579528,2025-07-07 11:38:01.169
/media/vsi-dev/Lacie_2/mndot_workzone_project/Toyota/campaign_0f13274e-1e23-415d-8a6c-56f06a60a20a-Toyota_Prius_-_Austin_-_1/campaign/processed_json/segments/e6b4bacb-a530-472c-8a4f-cfdd6d463762/part_2/005219.json,43.6806338,-92.9855818,0.9982016190284373,84.03,64.24870466321244,65.80310880829016,63.112947658402206,52.96143250688705,65.4,0.9014397209973708,0.8923170721328421,2025-07-07 11:38:01.202
/media/vsi-dev/Lacie_2/mndot_workzone_project/Toyota/campaign_0f13274e-1e23-415d-8a6c-56f06a60a20a-Toyota_Prius_-_Austin_-_1/campaign/processed_json/segments/e6b4bacb-a530-472c-8a4f-cfdd6d463762/part_2/005220.json,43.6806338,-92.9855818,0.9954976660309716,83.68,64.76683937823834,64.76683937823834,60.44077134986225,53.168044077134994,64.86,0.8985541541816995,0.8930153369130678,2025-07-07 11:38:01.236
/media/vsi-dev/Lacie_2/mndot_workzone_project/Toyota/campaign_0f13274e-1e23-415d-8a6c-56f06a60a20a-Toyota_Prius_-_Austin_-_1/campaign/processed_json/segments/e6b4bacb-a530-472c-8a4f-cfdd6d463762/part_2/005221.json,43.6806338,-92.9855818,0.9963940172279344,84.17,65.28497409326425,64.76683937823834,66.44628099173553,52.94765840220386,65.9,0.903997067601738,0.8919149843349343,2025-07-07 11:38:01.269
/media/vsi-dev/Lacie_2/mndot_workzone_project/Toyota/campaign_0f13274e-1e23-415d-8a6c-56f06a60a20a-Toyota_Prius_-_Austin_-_1/campaign/processed_json/segments/e6b4bacb-a530-472c-8a4f-cfdd6d463762/part_2/005222.json,43.6806338,-92.9855818,0.9909288930014639,83.2,65.80310880829016,64.24870466321244,67.93388429752066,29.421487603305785,62.83,0.9053381885444326,0.9374227791743646,2025-07-07 11:38:01.302
/media/vsi-dev/Lacie_2/mndot_workzone_project/Toyota/campaign_0f13274e-1e23-415d-8a6c-56f06a60a20a-Toyota_Prius_-_Austin_-_1/campaign/processed_json/segments/e6b4bacb-a530-472c-8a4f-cfdd6d463762/part_2/005223.json,43.6806338,-92.9855818,0.9928258579038134,83.35,64.76683937823834,65.80310880829016,47.28650137741047,53.69146005509642,63.45,0.9311735809388995,0.8943180253312867,2025-07-07 11:38:01.332
/media/vsi-dev/Lacie_2/mndot_workzone_project/Toyota/campaign_0f13274e-1e23-415d-8a6c-56f06a60a20a-Toyota_Prius_-_Austin_-_1/campaign/processed_json/segments/e6b4bacb-a530-472c-8a4f-cfdd6d463762/part_2/005224.json,43.6806338,-92.9855818,0.988813044611233,84.1,65.80310880829016,65.80310880829016,66.00550964187329,53.23691460055097,66.37,0.9046379334443798,0.8949682415986591,2025-07-07 11:38:01.369
/media/vsi-dev/Lacie_2/mndot_workzone_project/Toyota/campaign_0f13274e-1e23-415d-8a6c-56f06a60a20a-Toyota_Prius_-_Austin_-_1/campaign/processed_json/segments/e6b4bacb-a530-472c-8a4f-cfdd6d463762/part_2/005225.json,43.6806338,-92.9855818,0.9922179382602435,84.59,65.80310880829016,66.83937823834198,68.4573002754821,54.64187327823692,67.26,0.9047539514811856,0.8949171425663687,2025-07-07 11:38:01.405
/media/vsi-dev/Lacie_2/mndot_workzone_project/Toyota/campaign_0f13274e-1e23-415d-8a6c-56f06a60a20a-Toyota_Prius_-_Austin_-_1/campaign/processed_json/segments/e6b4bacb-a530-472c-8a4f-cfdd6d463762/part_2/005226.json,43.6806338,-92.9855818,0.9934093144689159,83.8,66.32124352331607,66.32124352331607,50.60606060606061,53.80165289256198,64.57,0.9298077934276053,0.8936511866557905,2025-07-07 11:38:01.439
/media/vsi-dev/Lacie_2/mndot_workzone_project/Toyota/campaign_0f13274e-1e23-415d-8a6c-56f06a60a20a-Toyota_Prius_-_Austin_-_1/campaign/processed_json/segments/e6b4bacb-a530-472c-8a4f-cfdd6d463762/part_2/005227.json,43.6806338,-92.9855818,0.9880593620427125,83.36,66.83937823834198,66.32124352331607,46.03305785123967,52.837465564738295,63.91,0.9325477937017409,0.8944933153378023,2025-07-07 11:38:01.476
/media/vsi-dev/Lacie_2/mndot_workzone_project/Toyota/campaign_0f13274e-1e23-415d-8a6c-56f06a60a20a-Toyota_Prius_-_Austin_-_1/campaign/processed_json/segments/e6b4bacb-a530-472c-8a4f-cfdd6d463762/part_2/005228.json,43.6806338,-92.9855818,0.9928258579038134,83.83,66.83937823834198,66.83937823834198,50.82644628099173,52.34159779614325,64.7,0.9297924286503808,0.8937724488112218,2025-07-07 11:38:01.503
/media/vsi-dev/Lacie_2/mndot_workzone_project/Toyota/campaign_0f13274e-1e23-415d-8a6c-56f06a60a20a-Toyota_Prius_-_Austin_-_1/campaign/processed_json/segments/e6b4bacb-a530-472c-8a4f-cfdd6d463762/part_2/005229.json,43.6806338,-92.9855818,0.9909288930014639,84.64,66.83937823834198,66.83937823834198,69.366391184573,53.15426997245179,67.49,0.9061399764573808,0.894576209449422,2025-07-07 11:38:01.538
/media/vsi-dev/Lacie_2/mndot_workzone_project/Toyota/campaign_0f13274e-1e23-415d-8a6c-56f06a60a20a-Toyota_Prius_-_Austin_-_1/campaign/processed_json/segments/e6b4bacb-a530-472c-8a4f-cfdd6d463762/part_2/005230.json,43.6806338,-92.9855818,0.9934093144689159,84.36,66.32124352331607,65.28497409326425,69.76584022038568,51.25344352617079,66.62,0.9059679239906164,0.8915819242627113,2025-07-07 11:38:01.573
/media/vsi-dev/Lacie_2/mndot_workzone_project/Toyota/campaign_0f13274e-1e23-415d-8a6c-56f06a60a20a-Toyota_Prius_-_Austin_-_1/campaign/processed_json/segments/e6b4bacb-a530-472c-8a4f-cfdd6d463762/part_2/005231.json,43.6806338,-92.9855818,0.9934093144689159,84.37,65.80310880829016,65.80310880829016,68.26446280991736,52.79614325068871,66.63,0.9048024798233266,0.8937992597176966,2025-07-07 11:38:01.609
/media/vsi-dev/Lacie_2/mndot_workzone_project/Toyota/campaign_0f13274e-1e23-415d-8a6c-56f06a60a20a-Toyota_Prius_-_Austin_-_1/campaign/processed_json/segments/e6b4bacb-a530-472c-8a4f-cfdd6d463762/part_2/005232.json,43.6806338,-92.9855818,0.9998000199986667,84.75,65.80310880829016,66.83937823834198,66.5426997245179,54.43526170798898,66.93,0.9038717706496082,0.8946383529020244,2025-07-07 11:38:01.639
/media/vsi-dev/Lacie_2/mndot_workzone_project/Toyota/campaign_0f13274e-1e23-415d-8a6c-56f06a60a20a-Toyota_Prius_-_Austin_-_1/campaign/processed_json/segments/e6b4bacb-a530-472c-8a4f-cfdd6d463762/part_2/005233.json,43.6806338,-92.9855818,0.9642457136690264,73.19,64.76683937823834,0.0,40.77134986225895,50.730027548209364,42.06,0.9089810233816513,0.8710576517632098,2025-07-07 11:38:01.675
/media/vsi-dev/Lacie_2/mndot_workzone_project/Toyota/campaign_0f13274e-1e23-415d-8a6c-56f06a60a20a-Toyota_Prius_-_Austin_-_1/campaign/processed_json/segments/e6b4bacb-a530-472c-8a4f-cfdd6d463762/part_2/005234.json,43.6806358,-92.9854154,0.9909288930014639,83.64,65.80310880829016,66.83937823834198,49.531680440771346,54.035812672176306,64.44,0.9301117693401365,0.8928410457596944,2025-07-07 11:38:01.705
/media/vsi-dev/Lacie_2/mndot_workzone_project/Toyota/campaign_0f13274e-1e23-415d-8a6c-56f06a60a20a-Toyota_Prius_-_Austin_-_1/campaign/processed_json/segments/e6b4bacb-a530-472c-8a4f-cfdd6d463762/part_2/005235.json,43.6806358,-92.9854154,0.9978897297577275,84.08,66.32124352331607,66.83937823834198,55.674931129476576,54.848484848484844,65.51,0.9011675179019276,0.8948441256405187,2025-07-07 11:38:01.733
/media/vsi-dev/Lacie_2/mndot_workzone_project/Toyota/campaign_0f13274e-1e23-415d-8a6c-56f06a60a20a-Toyota_Prius_-_Austin_-_1/campaign/processed_json/segments/e6b4bacb-a530-472c-8a4f-cfdd6d463762/part_2/005236.json,43.6806358,-92.9854154,0.9928258579038134,84.36,65.80310880829016,66.83937823834198,66.03305785123968,53.4159779614325,66.7,0.9053248077460857,0.8917953744219744,2025-07-07 11:38:01.769
/media/vsi-dev/Lacie_2/mndot_workzone_project/Toyota/campaign_0f13274e-1e23-415d-8a6c-56f06a60a20a-Toyota_Prius_-_Austin_-_1/campaign/processed_json/segments/e6b4bacb-a530-472c-8a4f-cfdd6d463762/part_2/005237.json,43.6806358,-92.9854154,0.9902478635182347,83.3,66.32124352331607,66.83937823834198,45.22038567493113,53.00275482093664,63.77,0.9255598433504755,0.8927608336099799,2025-07-07 11:38:01.801
/media/vsi-dev/Lacie_2/mndot_workzone_project/Toyota/campaign_0f13274e-1e23-415d-8a6c-56f06a60a20a-Toyota_Prius_-_Austin_-_1/campaign/processed_json/segments/e6b4bacb-a530-472c-8a4f-cfdd6d463762/part_2/005238.json,43.6806358,-92.9854154,0.9922179382602435,83.45,66.32124352331607,65.80310880829016,48.49862258953168,52.396694214876035,63.88,0.9284111532917257,0.8928734590299598,2025-07-07 11:38:01.835
/media/vsi-dev/Lacie_2/mndot_workzone_project/Toyota/campaign_0f13274e-1e23-415d-8a6c-56f06a60a20a-Toyota_Prius_-_Austin_-_1/campaign/processed_json/segments/e6b4bacb-a530-472c-8a4f-cfdd6d463762/part_2/005239.json,43.6806358,-92.9854154,0.9909288930014639,82.89,65.28497409326425,65.80310880829016,50.02754820936639,51.997245179063356,63.55,0.8924252565553672,0.8906321468309866,2025-07-07 11:38:01.869
/media/vsi-dev/Lacie_2/mndot_workzone_project/Toyota/campaign_0f13274e-1e23-415d-8a6c-56f06a60a20a-Toyota_Prius_-_Austin_-_1/campaign/processed_json/segments/e6b4bacb-a530-472c-8a4f-cfdd6d463762/part_2/005240.json,43.6806358,-92.9854154,0.9928258579038134,84.27,65.80310880829016,65.80310880829016,67.5068870523416,52.46556473829202,66.46,0.9048371238158013,0.8923641625071869,2025-07-07 11:38:01.900
/media/vsi-dev/Lacie_2/mndot_workzone_project/Toyota/campaign_0f13274e-1e23-415d-8a6c-56f06a60a20a-Toyota_Prius_-_Austin_-_1/campaign/processed_json/segments/e6b4bacb-a530-472c-8a4f-cfdd6d463762/part_2/005241.json,43.6806358,-92.9854154,0.9848041402180955,83.02,65.80310880829016,65.28497409326425,45.3030303030303,53.67768595041322,63.32,0.934965629829066,0.8945318515737448,2025-07-07 11:38:01.932
/media/vsi-dev/Lacie_2/mndot_workzone_project/Toyota/campaign_0f13274e-1e23-415d-8a6c-56f06a60a20a-Toyota_Prius_-_Austin_-_1/campaign/processed_json/segments/e6b4bacb-a530-472c-8a4f-cfdd6d463762/part_2/005242.json,43.6806358,-92.9854154,0.9950124791926823,84.56,65.80310880829016,66.32124352331607,68.67768595041322,53.51239669421488,66.96,0.9051741555672508,0.8928502589733794,2025-07-07 11:38:01.964
/media/vsi-dev/Lacie_2/mndot_workzone_project/Toyota/campaign_0f13274e-1e23-415d-8a6c-56f06a60a20a-Toyota_Prius_-_Austin_-_1/campaign/processed_json/segments/e6b4bacb-a530-472c-8a4f-cfdd6d463762/part_2/005243.json,43.6806358,-92.9854154,0.988813044611233,84.07,64.76683937823834,66.32124352331607,66.10192837465564,53.51239669421488,66.27,0.9071368602041692,0.8935365035889737,2025-07-07 11:38:02.000
/media/vsi-dev/Lacie_2/mndot_workzone_project/Toyota/campaign_0f13274e-1e23-415d-8a6c-56f06a60a20a-Toyota_Prius_-_Austin_-_1/campaign/processed_json/segments/e6b4bacb-a530-472c-8a4f-cfdd6d463762/part_2/005244.json,43.6806358,-92.9854154,0.9909288930014639,83.43,65.80310880829016,65.80310880829016,49.3939393939394,52.75482093663911,63.92,0.9291802921935318,0.8929904940820155,2025-07-07 11:38:02.034
/media/vsi-dev/Lacie_2/mndot_workzone_project/Toyota/campaign_0f13274e-1e23-415d-8a6c-56f06a60a20a-Toyota_Prius_-_Austin_-_1/campaign/processed_json/segments/e6b4bacb-a530-472c-8a4f-cfdd6d463762/part_2/005245.json,43.6806358,-92.9854154,0.9928258579038134,83.66,65.80310880829016,65.80310880829016,50.27548209366392,54.57300275482093,64.32,0.9270795710559967,0.8951086242604624,2025-07-07 11:38:02.066
/media/vsi-dev/Lacie_2/mndot_workzone_project/Toyota/campaign_0f13274e-1e23-415d-8a6c-56f06a60a20a-Toyota_Prius_-_Austin_-_1/campaign/processed_json/segments/e6b4bacb-a530-472c-8a4f-cfdd6d463762/part_2/005246.json,43.6806358,-92.9854154,0.9902478635182347,83.5,65.80310880829016,65.80310880829016,48.278236914600555,54.64187327823692,64.05,0.9324498339141928,0.8942698757825431,2025-07-07 11:38:02.102
/media/vsi-dev/Lacie_2/mndot_workzone_project/Toyota/campaign_0f13274e-1e23-415d-8a6c-56f06a60a20a-Toyota_Prius_-_Austin_-_1/campaign/processed_json/segments/e6b4bacb-a530-472c-8a4f-cfdd6d463762/part_2/005247.json,43.6806358,-92.9854154,0.9978897297577275,84.65,65.80310880829016,65.80310880829016,69.57300275482093,53.085399449035805,66.87,0.9044853538008792,0.894225188009956,2025-07-07 11:38:02.133
/media/vsi-dev/Lacie_2/mndot_workzone_project/Toyota/campaign_0f13274e-1e23-415d-8a6c-56f06a60a20a-Toyota_Prius_-_Austin_-_1/campaign/processed_json/segments/e6b4bacb-a530-472c-8a4f-cfdd6d463762/part_2/005248.json,43.6806358,-92.9854154,0.9934093144689159,84.5,66.83937823834198,64.76683937823834,70.35812672176309,52.92011019283747,66.96,0.9043790763480887,0.8932022080545858,2025-07-07 11:38:02.165
/media/vsi-dev/Lacie_2/mndot_workzone_project/Toyota/campaign_0f13274e-1e23-415d-8a6c-56f06a60a20a-Toyota_Prius_-_Austin_-_1/campaign/processed_json/segments/e6b4bacb-a530-472c-8a4f-cfdd6d463762/part_2/005249.json,43.6806358,-92.9854154,0.9971914513728449,83.86,65.80310880829016,64.76683937823834,58.595041322314046,54.32506887052342,65.08,0.8990235396084966,0.8952504117198944,2025-07-07 11:38:02.200
/media/vsi-dev/Lacie_2/mndot_workzone_project/Toyota/campaign_0f13274e-1e23-415d-8a6c-56f06a60a20a-Toyota_Prius_-_Austin_-_1/campaign/processed_json/segments/e6b4bacb-a530-472c-8a4f-cfdd6d463762/part_2/005250.json,43.6806358,-92.9854154,0.9848041402180955,83.42,64.76683937823834,66.32124352331607,51.58402203856749,55.09641873278237,64.45,0.928748642811135,0.8960942620005565,2025-07-07 11:38:02.240
/media/vsi-dev/Lacie_2/mndot_workzone_project/Toyota/campaign_0f13274e-1e23-415d-8a6c-56f06a60a20a-Toyota_Prius_-_Austin_-_1/campaign/processed_json/segments/e6b4bacb-a530-472c-8a4f-cfdd6d463762/part_2/005251.json,43.6806358,-92.9854154,0.9934093144689159,83.41,65.80310880829016,65.80310880829016,65.27548209366391,31.5702479338843,63.2,0.9018595218374212,0.9370117125891969,2025-07-07 11:38:02.267
/media/vsi-dev/Lacie_2/mndot_workzone_project/Toyota/campaign_0f13274e-1e23-415d-8a6c-56f06a60a20a-Toyota_Prius_-_Austin_-_1/campaign/processed_json/segments/e6b4bacb-a530-472c-8a4f-cfdd6d463762/part_2/005252.json,43.6806358,-92.9854154,0.9945026659478988,83.78,65.80310880829016,65.80310880829016,58.37465564738292,54.0633608815427,65.29,0.8930292106573477,0.8949806334478162,2025-07-07 11:38:02.302
/media/vsi-dev/Lacie_2/mndot_workzone_project/Toyota/campaign_0f13274e-1e23-415d-8a6c-56f06a60a20a-Toyota_Prius_-_Austin_-_1/campaign/processed_json/segments/e6b4bacb-a530-472c-8a4f-cfdd6d463762/part_2/005253.json,43.6806358,-92.9854154,0.9934093144689159,83.45,65.80310880829016,66.83937823834198,43.15426997245179,55.743801652892564,63.74,0.9228764002912173,0.8987838448639844,2025-07-07 11:38:02.337
/media/vsi-dev/Lacie_2/mndot_workzone_project/Toyota/campaign_0f13274e-1e23-415d-8a6c-56f06a60a20a-Toyota_Prius_-_Austin_-_1/campaign/processed_json/segments/e6b4bacb-a530-472c-8a4f-cfdd6d463762/part_2/005254.json,43.6806358,-92.9854154,0.9922179382602435,83.66,65.28497409326425,65.80310880829016,48.40220385674931,56.22589531680441,64.17,0.929596431785993,0.9004627041925368,2025-07-07 11:38:02.365
/media/vsi-dev/Lacie_2/mndot_workzone_project/Toyota/campaign_0f13274e-1e23-415d-8a6c-56f06a60a20a-Toyota_Prius_-_Austin_-_1/campaign/processed_json/segments/e6b4bacb-a530-472c-8a4f-cfdd6d463762/part_2/005255.json,43.6806358,-92.9854154,0.9848041402180955,83.32,64.76683937823834,66.83937823834198,48.16804407713499,55.81267217630854,64.2,0.926858007170358,0.8980007720757358,2025-07-07 11:38:02.398
/media/vsi-dev/Lacie_2/mndot_workzone_project/Toyota/campaign_0f13274e-1e23-415d-8a6c-56f06a60a20a-Toyota_Prius_-_Austin_-_1/campaign/processed_json/segments/e6b4bacb-a530-472c-8a4f-cfdd6d463762/part_2/005256.json,43.6806358,-92.9854154,0.9902478635182347,84.61,65.80310880829016,66.83937823834198,67.82369146005509,56.40495867768595,67.44,0.9050665466799008,0.8975506624786028,2025-07-07 11:38:02.434
/media/vsi-dev/Lacie_2/mndot_workzone_project/Toyota/campaign_0f13274e-1e23-415d-8a6c-56f06a60a20a-Toyota_Prius_-_Austin_-_1/campaign/processed_json/segments/e6b4bacb-a530-472c-8a4f-cfdd6d463762/part_2/005257.json,43.6806358,-92.9854154,0.9811670975774323,82.99,64.76683937823834,66.32124352331607,48.1267217630854,54.035812672176306,63.77,0.9270837600640238,0.896048203934165,2025-07-07 11:38:02.464
/media/vsi-dev/Lacie_2/mndot_workzone_project/Toyota/campaign_0f13274e-1e23-415d-8a6c-56f06a60a20a-Toyota_Prius_-_Austin_-_1/campaign/processed_json/segments/e6b4bacb-a530-472c-8a4f-cfdd6d463762/part_2/005258.json,43.6806358,-92.9854154,0.9872815715902905,83.84,64.76683937823834,65.80310880829016,64.77961432506886,53.53994490358127,65.91,0.9037878674423131,0.894449572330031,2025-07-07 11:38:02.497
/media/vsi-dev/Lacie_2/mndot_workzone_project/Toyota/campaign_0f13274e-1e23-415d-8a6c-56f06a60a20a-Toyota_Prius_-_Austin_-_1/campaign/processed_json/segments/e6b4bacb-a530-472c-8a4f-cfdd6d463762/part_2/005259.json,43.6806358,-92.9854154,0.9945026659478988,84.26,64.76683937823834,65.80310880829016,66.99724517906336,53.760330578512395,66.27,0.9028013852410611,0.8942824701263082,2025-07-07 11:38:02.537
/media/vsi-dev/Lacie_2/mndot_workzone_project/Toyota/campaign_0f13274e-1e23-415d-8a6c-56f06a60a20a-Toyota_Prius_-_Austin_-_1/campaign/processed_json/segments/e6b4bacb-a530-472c-8a4f-cfdd6d463762/part_2/005260.json,43.6806358,-92.9854154,0.9934093144689159,80.09,63.730569948186535,65.80310880829016,0.4132231404958678,53.91184573002755,55.99,0.9013714187089669,0.8947991718563305,2025-07-07 11:38:02.569
/media/vsi-dev/Lacie_2/mndot_workzone_project/Toyota/campaign_0f13274e-1e23-415d-8a6c-56f06a60a20a-Toyota_Prius_-_Austin_-_1/campaign/processed_json/segments/e6b4bacb-a530-472c-8a4f-cfdd6d463762/part_2/005261.json,43.6806358,-92.9854154,0.9848041402180955,83.05,64.76683937823834,65.80310880829016,47.8099173553719,53.95316804407714,63.55,0.9287029536676591,0.8948985128090097,2025-07-07 11:38:02.602
/media/vsi-dev/Lacie_2/mndot_workzone_project/Toyota/campaign_0f13274e-1e23-415d-8a6c-56f06a60a20a-Toyota_Prius_-_Austin_-_1/campaign/processed_json/segments/e6b4bacb-a530-472c-8a4f-cfdd6d463762/part_2/005262.json,43.6806358,-92.9854154,0.9880593620427125,83.17,65.28497409326425,65.28497409326425,47.14876033057851,53.732782369146,63.44,0.9319171971129813,0.8947770860821358,2025-07-07 11:38:02.644
/media/vsi-dev/Lacie_2/mndot_workzone_project/Toyota/campaign_0f13274e-1e23-415d-8a6c-56f06a60a20a-Toyota_Prius_-_Austin_-_1/campaign/processed_json/segments/e6b4bacb-a530-472c-8a4f-cfdd6d463762/part_2/005263.json,43.6806358,-92.9854154,0.9909288930014639,83.79,64.76683937823834,64.76683937823834,65.02754820936639,52.892561983471076,65.52,0.9005599634369049,0.89383231594501,2025-07-07 11:38:02.675
/media/vsi-dev/Lacie_2/mndot_workzone_project/Toyota/campaign_0f13274e-1e23-415d-8a6c-56f06a60a20a-Toyota_Prius_-_Austin_-_1/campaign/processed_json/segments/e6b4bacb-a530-472c-8a4f-cfdd6d463762/part_2/005264.json,43.6806372,-92.985249,0.988813044611233,83.0,64.24870466321244,65.80310880829016,46.2534435261708,53.264462809917354,63.06,0.9293669037626628,0.8932326961728648,2025-07-07 11:38:02.703
/media/vsi-dev/Lacie_2/mndot_workzone_project/Toyota/campaign_0f13274e-1e23-415d-8a6c-56f06a60a20a-Toyota_Prius_-_Austin_-_1/campaign/processed_json/segments/e6b4bacb-a530-472c-8a4f-cfdd6d463762/part_2/005265.json,43.6806372,-92.985249,0.9880593620427125,83.97,64.76683937823834,65.80310880829016,66.12947658402204,54.476584022038566,66.24,0.9011907490940199,0.8942632985846397,2025-07-07 11:38:02.738
/media/vsi-dev/Lacie_2/mndot_workzone_project/Toyota/campaign_0f13274e-1e23-415d-8a6c-56f06a60a20a-Toyota_Prius_-_Austin_-_1/campaign/processed_json/segments/e6b4bacb-a530-472c-8a4f-cfdd6d463762/part_2/005266.json,43.6806372,-92.985249,0.9902478635182347,83.1,64.24870466321244,65.80310880829016,45.082644628099175,54.72451790633609,63.11,0.9301958243344222,0.8945825898914668,2025-07-07 11:38:02.766
/media/vsi-dev/Lacie_2/mndot_workzone_project/Toyota/campaign_0f13274e-1e23-415d-8a6c-56f06a60a20a-Toyota_Prius_-_Austin_-_1/campaign/processed_json/segments/e6b4bacb-a530-472c-8a4f-cfdd6d463762/part_2/005267.json,43.6806372,-92.985249,0.988813044611233,83.26,64.76683937823834,66.32124352331607,48.05785123966942,54.14600550964187,63.76,0.9273625511139337,0.8932323144010688,2025-07-07 11:38:02.804
/media/vsi-dev/Lacie_2/mndot_workzone_project/Toyota/campaign_0f13274e-1e23-415d-8a6c-56f06a60a20a-Toyota_Prius_-_Austin_-_1/campaign/processed_json/segments/e6b4bacb-a530-472c-8a4f-cfdd6d463762/part_2/005268.json,43.6806372,-92.985249,0.9922179382602435,84.3,65.80310880829016,66.32124352331607,65.633608815427,53.78787878787878,66.55,0.9043475561711712,0.8949407029608512,2025-07-07 11:38:02.834
/media/vsi-dev/Lacie_2/mndot_workzone_project/Toyota/campaign_0f13274e-1e23-415d-8a6c-56f06a60a20a-Toyota_Prius_-_Austin_-_1/campaign/processed_json/segments/e6b4bacb-a530-472c-8a4f-cfdd6d463762/part_2/005269.json,43.6806372,-92.985249,0.9968051145430329,84.75,66.83937823834198,66.32124352331607,67.67217630853995,54.15977961432507,67.22,0.9023516356235814,0.8961673331143893,2025-07-07 11:38:02.866
/media/vsi-dev/Lacie_2/mndot_workzone_project/Toyota/campaign_0f13274e-1e23-415d-8a6c-56f06a60a20a-Toyota_Prius_-_Austin_-_1/campaign/processed_json/segments/e6b4bacb-a530-472c-8a4f-cfdd6d463762/part_2/005270.json,43.6806372,-92.985249,0.988813044611233,82.94,63.730569948186535,65.80310880829016,47.4793388429752,52.21763085399449,62.92,0.9300186005885176,0.8919712247159863,2025-07-07 11:38:02.897
/media/vsi-dev/Lacie_2/mndot_workzone_project/Toyota/campaign_0f13274e-1e23-415d-8a6c-56f06a60a20a-Toyota_Prius_-_Austin_-_1/campaign/processed_json/segments/e6b4bacb-a530-472c-8a4f-cfdd6d463762/part_2/005271.json,43.6806372,-92.985249,0.9928258579038134,83.6,65.28497409326425,65.80310880829016,50.413223140495866,54.6831955922865,64.2,0.9251368018203664,0.8958562816099744,2025-07-07 11:38:02.935
/media/vsi-dev/Lacie_2/mndot_workzone_project/Toyota/campaign_0f13274e-1e23-415d-8a6c-56f06a60a20a-Toyota_Prius_-_Austin_-_1/campaign/processed_json/segments/e6b4bacb-a530-472c-8a4f-cfdd6d463762/part_2/005272.json,43.6806372,-92.985249,0.9954976660309716,84.43,65.28497409326425,65.80310880829016,66.14325068870524,55.12396694214876,66.52,0.9030777358605929,0.8968793113911874,2025-07-07 11:38:02.969
/media/vsi-dev/Lacie_2/mndot_workzone_project/Toyota/campaign_0f13274e-1e23-415d-8a6c-56f06a60a20a-Toyota_Prius_-_Austin_-_1/campaign/processed_json/segments/e6b4bacb-a530-472c-8a4f-cfdd6d463762/part_2/005273.json,43.6806372,-92.985249,0.9928258579038134,83.64,64.76683937823834,65.80310880829016,50.22038567493114,55.619834710743795,64.18,0.9280260889821152,0.8978423551352326,2025-07-07 11:38:03.009
/media/vsi-dev/Lacie_2/mndot_workzone_project/Toyota/campaign_0f13274e-1e23-415d-8a6c-56f06a60a20a-Toyota_Prius_-_Austin_-_1/campaign/processed_json/segments/e6b4bacb-a530-472c-8a4f-cfdd6d463762/part_2/005274.json,43.6806372,-92.985249,0.9963940172279344,84.33,63.730569948186535,65.80310880829016,65.96418732782368,55.578512396694215,66.11,0.9043670397896921,0.898866409345457,2025-07-07 11:38:03.033
/media/vsi-dev/Lacie_2/mndot_workzone_project/Toyota/campaign_0f13274e-1e23-415d-8a6c-56f06a60a20a-Toyota_Prius_-_Austin_-_1/campaign/processed_json/segments/e6b4bacb-a530-472c-8a4f-cfdd6d463762/part_2/005275.json,43.6806372,-92.985249,0.9928258579038134,84.51,65.80310880829016,65.80310880829016,68.92561983471074,54.55922865013774,67.0,0.9051009489315209,0.8944043736042792,2025-07-07 11:38:03.072
/media/vsi-dev/Lacie_2/mndot_workzone_project/Toyota/campaign_0f13274e-1e23-415d-8a6c-56f06a60a20a-Toyota_Prius_-_Austin_-_1/campaign/processed_json/segments/e6b4bacb-a530-472c-8a4f-cfdd6d463762/part_2/005276.json,43.6806372,-92.985249,0.9880593620427125,83.46,65.28497409326425,65.80310880829016,48.56749311294766,56.48760330578513,64.21,0.9289353958643587,0.8964421350663135,2025-07-07 11:38:03.101
/media/vsi-dev/Lacie_2/mndot_workzone_project/Toyota/campaign_0f13274e-1e23-415d-8a6c-56f06a60a20a-Toyota_Prius_-_Austin_-_1/campaign/processed_json/segments/e6b4bacb-a530-472c-8a4f-cfdd6d463762/part_2/005277.json,43.6806372,-92.985249,0.9880593620427125,83.37,65.80310880829016,65.80310880829016,49.696969696969695,53.278236914600555,64.04,0.9298779461973002,0.8931262735544921,2025-07-07 11:38:03.140
/media/vsi-dev/Lacie_2/mndot_workzone_project/Toyota/campaign_0f13274e-1e23-415d-8a6c-56f06a60a20a-Toyota_Prius_-_Austin_-_1/campaign/processed_json/segments/e6b4bacb-a530-472c-8a4f-cfdd6d463762/part_2/005278.json,43.6806372,-92.985249,0.9963940172279344,84.64,66.32124352331607,65.80310880829016,67.28650137741047,54.090909090909086,66.86,0.9072401575249375,0.8967342203576826,2025-07-07 11:38:03.188
/media/vsi-dev/Lacie_2/mndot_workzone_project/Toyota/campaign_0f13274e-1e23-415d-8a6c-56f06a60a20a-Toyota_Prius_-_Austin_-_1/campaign/processed_json/segments/e6b4bacb-a530-472c-8a4f-cfdd6d463762/part_2/005279.json,43.6806372,-92.985249,0.9945026659478988,84.22,64.76683937823834,66.32124352331607,65.86776859504133,52.97520661157024,66.15,0.9038838537126768,0.8945700609421084,2025-07-07 11:38:03.201
/media/vsi-dev/Lacie_2/mndot_workzone_project/Toyota/campaign_0f13274e-1e23-415d-8a6c-56f06a60a20a-Toyota_Prius_-_Austin_-_1/campaign/processed_json/segments/e6b4bacb-a530-472c-8a4f-cfdd6d463762/part_2/005280.json,43.6806372,-92.985249,0.9945026659478988,83.49,64.24870466321244,66.83937823834198,47.06611570247934,54.28374655647383,63.65,0.9295380498824004,0.8956594494248671,2025-07-07 11:38:03.236
/media/vsi-dev/Lacie_2/mndot_workzone_project/Toyota/campaign_0f13274e-1e23-415d-8a6c-56f06a60a20a-Toyota_Prius_-_Austin_-_1/campaign/processed_json/segments/e6b4bacb-a530-472c-8a4f-cfdd6d463762/part_2/005281.json,43.6806372,-92.985249,0.9922179382602435,84.14,64.76683937823834,65.80310880829016,66.37741046831957,53.815426997245176,66.19,0.9030150036688677,0.8946453749117756,2025-07-07 11:38:03.269
/media/vsi-dev/Lacie_2/mndot_workzone_project/Toyota/campaign_0f13274e-1e23-415d-8a6c-56f06a60a20a-Toyota_Prius_-_Austin_-_1/campaign/processed_json/segments/e6b4bacb-a530-472c-8a4f-cfdd6d463762/part_2/005282.json,43.6806372,-92.985249,0.9928258579038134,84.13,64.76683937823834,65.28497409326425,65.99173553719008,54.51790633608815,66.08,0.9028513550210877,0.8953265200978032,2025-07-07 11:38:03.305
/media/vsi-dev/Lacie_2/mndot_workzone_project/Toyota/campaign_0f13274e-1e23-415d-8a6c-56f06a60a20a-Toyota_Prius_-_Austin_-_1/campaign/processed_json/segments/e6b4bacb-a530-472c-8a4f-cfdd6d463762/part_2/005283.json,43.6806372,-92.985249,0.9880593620427125,84.17,65.80310880829016,65.80310880829016,67.2038567493113,53.608815426997246,66.61,0.9054163105531609,0.8949028141991713,2025-07-07 11:38:03.342
/media/vsi-dev/Lacie_2/mndot_workzone_project/Toyota/campaign_0f13274e-1e23-415d-8a6c-56f06a60a20a-Toyota_Prius_-_Austin_-_1/campaign/processed_json/segments/e6b4bacb-a530-472c-8a4f-cfdd6d463762/part_2/005284.json,43.6806372,-92.985249,0.9811670975774323,82.72,64.76683937823834,65.80310880829016,41.62534435261708,55.192837465564736,62.86,0.938004443260793,0.8952569803557482,2025-07-07 11:38:03.369
/media/vsi-dev/Lacie_2/mndot_workzone_project/Toyota/campaign_0f13274e-1e23-415d-8a6c-56f06a60a20a-Toyota_Prius_-_Austin_-_1/campaign/processed_json/segments/e6b4bacb-a530-472c-8a4f-cfdd6d463762/part_2/005285.json,43.6806372,-92.985249,0.9811670975774323,83.85,65.80310880829016,66.83937823834198,64.24242424242425,54.43526170798898,66.58,0.9033996327897318,0.8933980034847007,2025-07-07 11:38:03.408
/media/vsi-dev/Lacie_2/mndot_workzone_project/Toyota/campaign_0f13274e-1e23-415d-8a6c-56f06a60a20a-Toyota_Prius_-_Austin_-_1/campaign/processed_json/segments/e6b4bacb-a530-472c-8a4f-cfdd6d463762/part_2/005286.json,43.6806372,-92.985249,0.9821119255343636,82.98,65.28497409326425,65.80310880829016,46.666666666666664,54.3801652892562,63.61,0.9307576613830943,0.8947251347867083,2025-07-07 11:38:03.436
/media/vsi-dev/Lacie_2/mndot_workzone_project/Toyota/campaign_0f13274e-1e23-415d-8a6c-56f06a60a20a-Toyota_Prius_-_Austin_-_1/campaign/processed_json/segments/e6b4bacb-a530-472c-8a4f-cfdd6d463762/part_2/005287.json,43.6806372,-92.985249,0.9848041402180955,83.82,65.80310880829016,65.80310880829016,63.84297520661158,54.11845730027548,66.16,0.9022045074360825,0.8945502658994795,2025-07-07 11:38:03.469
/media/vsi-dev/Lacie_2/mndot_workzone_project/Toyota/campaign_0f13274e-1e23-415d-8a6c-56f06a60a20a-Toyota_Prius_-_Austin_-_1/campaign/processed_json/segments/e6b4bacb-a530-472c-8a4f-cfdd6d463762/part_2/005288.json,43.6806372,-92.985249,0.9811670975774323,82.84,65.28497409326425,64.76683937823834,48.15426997245179,53.67768595041322,63.41,0.9290667646793702,0.8938837847941374,2025-07-07 11:38:03.498
/media/vsi-dev/Lacie_2/mndot_workzone_project/Toyota/campaign_0f13274e-1e23-415d-8a6c-56f06a60a20a-Toyota_Prius_-_Austin_-_1/campaign/processed_json/segments/e6b4bacb-a530-472c-8a4f-cfdd6d463762/part_2/005289.json,43.6806372,-92.985249,0.9781913242622373,83.44,65.80310880829016,64.76683937823834,65.633608815427,52.74104683195592,65.9,0.9043403147989373,0.89080763524507,2025-07-07 11:38:03.532
/media/vsi-dev/Lacie_2/mndot_workzone_project/Toyota/campaign_0f13274e-1e23-415d-8a6c-56f06a60a20a-Toyota_Prius_-_Austin_-_1/campaign/processed_json/segments/e6b4bacb-a530-472c-8a4f-cfdd6d463762/part_2/005290.json,43.6806372,-92.985249,0.9821119255343636,82.87,65.80310880829016,63.730569948186535,50.9504132231405,52.43801652892562,63.47,0.9286076441295027,0.8915976551006597,2025-07-07 11:38:03.569
/media/vsi-dev/Lacie_2/mndot_workzone_project/Toyota/campaign_0f13274e-1e23-415d-8a6c-56f06a60a20a-Toyota_Prius_-_Austin_-_1/campaign/processed_json/segments/e6b4bacb-a530-472c-8a4f-cfdd6d463762/part_2/005291.json,43.6806372,-92.985249,0.9839305142725083,83.86,65.80310880829016,64.76683937823834,67.41046831955923,53.69146005509642,66.32,0.9045008660078784,0.8929218833552831,2025-07-07 11:38:03.599
/media/vsi-dev/Lacie_2/mndot_workzone_project/Toyota/campaign_0f13274e-1e23-415d-8a6c-56f06a60a20a-Toyota_Prius_-_Austin_-_1/campaign/processed_json/segments/e6b4bacb-a530-472c-8a4f-cfdd6d463762/part_2/005292.json,43.6806372,-92.985249,0.9848041402180955,84.26,66.83937823834198,65.80310880829016,67.69972451790633,54.83471074380165,67.17,0.9059957554693838,0.8944038999489667,2025-07-07 11:38:03.633
/media/vsi-dev/Lacie_2/mndot_workzone_project/Toyota/campaign_0f13274e-1e23-415d-8a6c-56f06a60a20a-Toyota_Prius_-_Austin_-_1/campaign/processed_json/segments/e6b4bacb-a530-472c-8a4f-cfdd6d463762/part_2/005293.json,43.6806372,-92.985249,0.9872815715902905,84.21,65.80310880829016,65.80310880829016,67.03856749311295,54.958677685950406,66.78,0.9049702160663491,0.8954052543583177,2025-07-07 11:38:03.676
/media/vsi-dev/Lacie_2/mndot_workzone_project/Toyota/campaign_0f13274e-1e23-415d-8a6c-56f06a60a20a-Toyota_Prius_-_Austin_-_1/campaign/processed_json/segments/e6b4bacb-a530-472c-8a4f-cfdd6d463762/part_2/005294.json,43.680638,-92.9850819,0.9880593620427125,84.3,65.80310880829016,66.32124352331607,67.17630853994491,54.917355371900825,66.95,0.9043972856944076,0.8955759383823995,2025-07-07 11:38:03.718
/media/vsi-dev/Lacie_2/mndot_workzone_project/Toyota/campaign_0f13274e-1e23-415d-8a6c-56f06a60a20a-Toyota_Prius_-_Austin_-_1/campaign/processed_json/segments/e6b4bacb-a530-472c-8a4f-cfdd6d463762/part_2/005295.json,43.680638,-92.9850819,0.9848041402180955,83.99,65.80310880829016,65.80310880829016,66.63911845730027,53.650137741046834,66.52,0.9055150095134299,0.8932291114853126,2025-07-07 11:38:03.741
/media/vsi-dev/Lacie_2/mndot_workzone_project/Toyota/campaign_0f13274e-1e23-415d-8a6c-56f06a60a20a-Toyota_Prius_-_Austin_-_1/campaign/processed_json/segments/e6b4bacb-a530-472c-8a4f-cfdd6d463762/part_2/005296.json,43.680638,-92.9850819,0.9848041402180955,83.14,65.80310880829016,64.76683937823834,48.78787878787879,54.228650137741056,63.75,0.9304701766188688,0.8944739701943625,2025-07-07 11:38:03.769
/media/vsi-dev/Lacie_2/mndot_workzone_project/Toyota/campaign_0f13274e-1e23-415d-8a6c-56f06a60a20a-Toyota_Prius_-_Austin_-_1/campaign/processed_json/segments/e6b4bacb-a530-472c-8a4f-cfdd6d463762/part_2/005297.json,43.680638,-92.9850819,0.9872815715902905,82.88,64.76683937823834,64.76683937823834,46.11570247933884,52.5068870523416,62.79,0.9349950355038261,0.8920556731005371,2025-07-07 11:38:03.797
/media/vsi-dev/Lacie_2/mndot_workzone_project/Toyota/campaign_0f13274e-1e23-415d-8a6c-56f06a60a20a-Toyota_Prius_-_Austin_-_1/campaign/processed_json/segments/e6b4bacb-a530-472c-8a4f-cfdd6d463762/part_2/005298.json,43.680638,-92.9850819,0.9848041402180955,83.09,66.32124352331607,65.28497409326425,49.22865013774105,51.32231404958678,63.68,0.9303714973049981,0.8924636191671753,2025-07-07 11:38:03.846
/media/vsi-dev/Lacie_2/mndot_workzone_project/Toyota/campaign_0f13274e-1e23-415d-8a6c-56f06a60a20a-Toyota_Prius_-_Austin_-_1/campaign/processed_json/segments/e6b4bacb-a530-472c-8a4f-cfdd6d463762/part_2/005299.json,43.680638,-92.9850819,0.9872815715902905,82.89,65.28497409326425,65.80310880829016,44.09090909090909,52.24517906336088,62.9,0.93450012226142,0.8893192455628337,2025-07-07 11:38:03.869
/media/vsi-dev/Lacie_2/mndot_workzone_project/Toyota/campaign_0f13274e-1e23-415d-8a6c-56f06a60a20a-Toyota_Prius_-_Austin_-_1/campaign/processed_json/segments/e6b4bacb-a530-472c-8a4f-cfdd6d463762/part_2/005300.json,43.680638,-92.9850819,0.988813044611233,82.99,65.80310880829016,63.730569948186535,47.69972451790633,52.28650137741047,62.98,0.9321885083865599,0.8925193323419476,2025-07-07 11:38:03.903
/media/vsi-dev/Lacie_2/mndot_workzone_project/Toyota/campaign_0f13274e-1e23-415d-8a6c-56f06a60a20a-Toyota_Prius_-_Austin_-_1/campaign/processed_json/segments/e6b4bacb-a530-472c-8a4f-cfdd6d463762/part_2/005301.json,43.680638,-92.9850819,0.9922179382602435,84.11,64.76683937823834,65.80310880829016,66.2396694214876,53.45730027548209,66.11,0.9045503273430302,0.8930628743520264,2025-07-07 11:38:03.935
/media/vsi-dev/Lacie_2/mndot_workzone_project/Toyota/campaign_0f13274e-1e23-415d-8a6c-56f06a60a20a-Toyota_Prius_-_Austin_-_1/campaign/processed_json/segments/e6b4bacb-a530-472c-8a4f-cfdd6d463762/part_2/005302.json,43.680638,-92.9850819,0.9848041402180955,83.02,65.28497409326425,65.80310880829016,45.77134986225895,53.85674931129476,63.4,0.9334918838538889,0.8928031770951483,2025-07-07 11:38:03.966
/media/vsi-dev/Lacie_2/mndot_workzone_project/Toyota/campaign_0f13274e-1e23-415d-8a6c-56f06a60a20a-Toyota_Prius_-_Austin_-_1/campaign/processed_json/segments/e6b4bacb-a530-472c-8a4f-cfdd6d463762/part_2/005303.json,43.680638,-92.9850819,0.9856539001953453,83.05,65.80310880829016,65.80310880829016,42.79614325068871,54.64187327823692,63.26,0.9378634290255823,0.8945538289878114,2025-07-07 11:38:04.008
/media/vsi-dev/Lacie_2/mndot_workzone_project/Toyota/campaign_0f13274e-1e23-415d-8a6c-56f06a60a20a-Toyota_Prius_-_Austin_-_1/campaign/processed_json/segments/e6b4bacb-a530-472c-8a4f-cfdd6d463762/part_2/005304.json,43.680638,-92.9850819,0.988813044611233,84.18,65.80310880829016,65.28497409326425,68.03030303030303,53.62258953168044,66.57,0.9057630722619143,0.8942895610158508,2025-07-07 11:38:04.035
/media/vsi-dev/Lacie_2/mndot_workzone_project/Toyota/campaign_0f13274e-1e23-415d-8a6c-56f06a60a20a-Toyota_Prius_-_Austin_-_1/campaign/processed_json/segments/e6b4bacb-a530-472c-8a4f-cfdd6d463762/part_2/005305.json,43.680638,-92.9850819,0.9909288930014639,83.38,64.76683937823834,65.80310880829016,50.44077134986226,54.132231404958674,63.94,0.9241091651946216,0.8930377341443035,2025-07-07 11:38:04.069
/media/vsi-dev/Lacie_2/mndot_workzone_project/Toyota/campaign_0f13274e-1e23-415d-8a6c-56f06a60a20a-Toyota_Prius_-_Austin_-_1/campaign/processed_json/segments/e6b4bacb-a530-472c-8a4f-cfdd6d463762/part_2/005306.json,43.680638,-92.9850819,0.9922179382602435,84.33,65.28497409326425,65.80310880829016,66.48760330578513,55.26170798898071,66.59,0.9043142737785254,0.8960979553277441,2025-07-07 11:38:04.102
/media/vsi-dev/Lacie_2/mndot_workzone_project/Toyota/campaign_0f13274e-1e23-415d-8a6c-56f06a60a20a-Toyota_Prius_-_Austin_-_1/campaign/processed_json/segments/e6b4bacb-a530-472c-8a4f-cfdd6d463762/part_2/005307.json,43.680638,-92.9850819,0.9928258579038134,84.33,65.80310880829016,65.80310880829016,67.61707988980716,53.388429752066116,66.62,0.904397141784835,0.892237545367328,2025-07-07 11:38:04.134
/media/vsi-dev/Lacie_2/mndot_workzone_project/Toyota/campaign_0f13274e-1e23-415d-8a6c-56f06a60a20a-Toyota_Prius_-_Austin_-_1/campaign/processed_json/segments/e6b4bacb-a530-472c-8a4f-cfdd6d463762/part_2/005308.json,43.680638,-92.9850819,0.9928258579038134,83.78,65.80310880829016,65.80310880829016,52.86501377410468,54.14600550964187,64.64,0.9261556556528419,0.895323448154654,2025-07-07 11:38:04.172
/media/vsi-dev/Lacie_2/mndot_workzone_project/Toyota/campaign_0f13274e-1e23-415d-8a6c-56f06a60a20a-Toyota_Prius_-_Austin_-_1/campaign/processed_json/segments/e6b4bacb-a530-472c-8a4f-cfdd6d463762/part_2/005309.json,43.680638,-92.9850819,0.9928258579038134,83.76,65.80310880829016,65.80310880829016,51.308539944903586,54.61432506887053,64.5,0.9302476412377323,0.8947444704307236,2025-07-07 11:38:04.201
/media/vsi-dev/Lacie_2/mndot_workzone_project/Toyota/campaign_0f13274e-1e23-415d-8a6c-56f06a60a20a-Toyota_Prius_-_Austin_-_1/campaign/processed_json/segments/e6b4bacb-a530-472c-8a4f-cfdd6d463762/part_2/005310.json,43.680638,-92.9850819,0.9872815715902905,83.42,65.80310880829016,65.80310880829016,47.68595041322314,55.17906336088154,64.06,0.9345456980643221,0.8956735635109057,2025-07-07 11:38:04.238
/media/vsi-dev/Lacie_2/mndot_workzone_project/Toyota/campaign_0f13274e-1e23-415d-8a6c-56f06a60a20a-Toyota_Prius_-_Austin_-_1/campaign/processed_json/segments/e6b4bacb-a530-472c-8a4f-cfdd6d463762/part_2/005311.json,43.680638,-92.9850819,0.9909288930014639,84.5,65.80310880829016,65.80310880829016,69.0909090909091,55.20661157024793,67.13,0.9056952030497022,0.8951378240698292,2025-07-07 11:38:04.271
/media/vsi-dev/Lacie_2/mndot_workzone_project/Toyota/campaign_0f13274e-1e23-415d-8a6c-56f06a60a20a-Toyota_Prius_-_Austin_-_1/campaign/processed_json/segments/e6b4bacb-a530-472c-8a4f-cfdd6d463762/part_2/005312.json,43.680638,-92.9850819,0.9950124791926823,84.72,66.32124352331607,65.80310880829016,69.00826446280992,55.16528925619835,67.27,0.9052502441906458,0.8959948765403505,2025-07-07 11:38:04.301
/media/vsi-dev/Lacie_2/mndot_workzone_project/Toyota/campaign_0f13274e-1e23-415d-8a6c-56f06a60a20a-Toyota_Prius_-_Austin_-_1/campaign/processed_json/segments/e6b4bacb-a530-472c-8a4f-cfdd6d463762/part_2/005313.json,43.680638,-92.9850819,0.9872815715902905,83.33,64.76683937823834,65.80310880829016,49.62809917355372,54.94490358126721,63.98,0.9299930483263852,0.8949850788536439,2025-07-07 11:38:04.340
/media/vsi-dev/Lacie_2/mndot_workzone_project/Toyota/campaign_0f13274e-1e23-415d-8a6c-56f06a60a20a-Toyota_Prius_-_Austin_-_1/campaign/processed_json/segments/e6b4bacb-a530-472c-8a4f-cfdd6d463762/part_2/005314.json,43.680638,-92.9850819,0.9934093144689159,84.46,64.76683937823834,65.80310880829016,68.59504132231406,55.743801652892564,66.82,0.9039917649754545,0.8955333700290551,2025-07-07 11:38:04.380
/media/vsi-dev/Lacie_2/mndot_workzone_project/Toyota/campaign_0f13274e-1e23-415d-8a6c-56f06a60a20a-Toyota_Prius_-_Austin_-_1/campaign/processed_json/segments/e6b4bacb-a530-472c-8a4f-cfdd6d463762/part_2/005315.json,43.680638,-92.9850819,0.9880593620427125,83.91,64.76683937823834,65.80310880829016,65.45454545454545,54.655647382920115,66.15,0.900128869548008,0.892607579374948,2025-07-07 11:38:04.403
/media/vsi-dev/Lacie_2/mndot_workzone_project/Toyota/campaign_0f13274e-1e23-415d-8a6c-56f06a60a20a-Toyota_Prius_-_Austin_-_1/campaign/processed_json/segments/e6b4bacb-a530-472c-8a4f-cfdd6d463762/part_2/005316.json,43.680638,-92.9850819,0.9968051145430329,84.74,65.80310880829016,65.80310880829016,69.10468319559229,55.49586776859504,67.17,0.9042460483029402,0.8952744762183803,2025-07-07 11:38:04.436
/media/vsi-dev/Lacie_2/mndot_workzone_project/Toyota/campaign_0f13274e-1e23-415d-8a6c-56f06a60a20a-Toyota_Prius_-_Austin_-_1/campaign/processed_json/segments/e6b4bacb-a530-472c-8a4f-cfdd6d463762/part_2/005317.json,43.680638,-92.9850819,0.9909288930014639,84.44,65.80310880829016,66.32124352331607,67.54820936639119,54.903581267217625,67.01,0.9059465477415921,0.8944371158260896,2025-07-07 11:38:04.465
/media/vsi-dev/Lacie_2/mndot_workzone_project/Toyota/campaign_0f13274e-1e23-415d-8a6c-56f06a60a20a-Toyota_Prius_-_Austin_-_1/campaign/processed_json/segments/e6b4bacb-a530-472c-8a4f-cfdd6d463762/part_2/005318.json,43.680638,-92.9850819,0.9902478635182347,84.17,65.28497409326425,65.80310880829016,67.03856749311295,53.62258953168044,66.42,0.9055472439419308,0.8939773848293787,2025-07-07 11:38:04.500
/media/vsi-dev/Lacie_2/mndot_workzone_project/Toyota/campaign_0f13274e-1e23-415d-8a6c-56f06a60a20a-Toyota_Prius_-_Austin_-_1/campaign/processed_json/segments/e6b4bacb-a530-472c-8a4f-cfdd6d463762/part_2/005319.json,43.680638,-92.9850819,0.9801986733067553,83.68,65.80310880829016,65.80310880829016,63.56749311294766,54.35261707988981,66.17,0.9038222683564193,0.8961825453946192,2025-07-07 11:38:04.535
/media/vsi-dev/Lacie_2/mndot_workzone_project/Toyota/campaign_0f13274e-1e23-415d-8a6c-56f06a60a20a-Toyota_Prius_-_Austin_-_1/campaign/processed_json/segments/e6b4bacb-a530-472c-8a4f-cfdd6d463762/part_2/005320.json,43.680638,-92.9850819,0.9811670975774323,83.81,65.80310880829016,66.32124352331607,64.14600550964187,54.31129476584022,66.41,0.9039597387066808,0.8961191500174547,2025-07-07 11:38:04.566
/media/vsi-dev/Lacie_2/mndot_workzone_project/Toyota/campaign_0f13274e-1e23-415d-8a6c-56f06a60a20a-Toyota_Prius_-_Austin_-_1/campaign/processed_json/segments/e6b4bacb-a530-472c-8a4f-cfdd6d463762/part_2/005321.json,43.680638,-92.9850819,0.9811670975774323,83.92,65.80310880829016,66.83937823834198,64.43526170798897,54.39393939393939,66.63,0.9046507917102102,0.8975015040768961,2025-07-07 11:38:04.600
/media/vsi-dev/Lacie_2/mndot_workzone_project/Toyota/campaign_0f13274e-1e23-415d-8a6c-56f06a60a20a-Toyota_Prius_-_Austin_-_1/campaign/processed_json/segments/e6b4bacb-a530-472c-8a4f-cfdd6d463762/part_2/005322.json,43.680638,-92.9850819,0.9738967374550571,82.8,65.28497409326425,66.32124352331607,49.03581267217631,53.980716253443525,64.05,0.9269101655348938,0.8956132013257544,2025-07-07 11:38:04.632
/media/vsi-dev/Lacie_2/mndot_workzone_project/Toyota/campaign_0f13274e-1e23-415d-8a6c-56f06a60a20a-Toyota_Prius_-_Austin_-_1/campaign/processed_json/segments/e6b4bacb-a530-472c-8a4f-cfdd6d463762/part_2/005323.json,43.680638,-92.9850819,0.9738967374550571,82.48,64.76683937823834,65.80310880829016,46.19834710743802,53.18181818181819,63.2,0.9296403641613499,0.8943853830389166,2025-07-07 11:38:04.666
/media/vsi-dev/Lacie_2/mndot_workzone_project/Toyota/campaign_0f13274e-1e23-415d-8a6c-56f06a60a20a-Toyota_Prius_-_Austin_-_1/campaign/processed_json/segments/e6b4bacb-a530-472c-8a4f-cfdd6d463762/part_2/005324.json,43.6806402,-92.9849147,0.9811670975774323,82.79,64.76683937823834,65.80310880829016,46.239669421487605,53.1129476584022,63.2,0.931007591533299,0.8950710689515472,2025-07-07 11:38:04.695
/media/vsi-dev/Lacie_2/mndot_workzone_project/Toyota/campaign_0f13274e-1e23-415d-8a6c-56f06a60a20a-Toyota_Prius_-_Austin_-_1/campaign/processed_json/segments/e6b4bacb-a530-472c-8a4f-cfdd6d463762/part_2/005325.json,43.6806402,-92.9849147,0.9690332544750109,81.46,65.28497409326425,65.28497409326425,49.132231404958674,27.16253443526171,59.97,0.927960865049753,0.9431858713432227,2025-07-07 11:38:04.732
/media/vsi-dev/Lacie_2/mndot_workzone_project/Toyota/campaign_0f13274e-1e23-415d-8a6c-56f06a60a20a-Toyota_Prius_-_Austin_-_1/campaign/processed_json/segments/e6b4bacb-a530-472c-8a4f-cfdd6d463762/part_2/005326.json,43.6806402,-92.9849147,0.9760904721403703,83.1,65.28497409326425,66.83937823834198,49.40771349862259,55.371900826446286,64.49,0.927628635172589,0.8987564751183055,2025-07-07 11:38:04.776
/media/vsi-dev/Lacie_2/mndot_workzone_project/Toyota/campaign_0f13274e-1e23-415d-8a6c-56f06a60a20a-Toyota_Prius_-_Austin_-_1/campaign/processed_json/segments/e6b4bacb-a530-472c-8a4f-cfdd6d463762/part_2/005327.json,43.6806402,-92.9849147,0.9727652403079083,82.61,64.76683937823834,66.83937823834198,47.231404958677686,52.69972451790633,63.6,0.9305842012283574,0.8949551468358014,2025-07-07 11:38:04.801
/media/vsi-dev/Lacie_2/mndot_workzone_project/Toyota/campaign_0f13274e-1e23-415d-8a6c-56f06a60a20a-Toyota_Prius_-_Austin_-_1/campaign/processed_json/segments/e6b4bacb-a530-472c-8a4f-cfdd6d463762/part_2/005328.json,43.6806402,-92.9849147,0.9839305142725083,83.76,64.76683937823834,66.32124352331607,66.26721763085399,52.24517906336088,66.09,0.903436360699755,0.8936452733316937,2025-07-07 11:38:04.833
/media/vsi-dev/Lacie_2/mndot_workzone_project/Toyota/campaign_0f13274e-1e23-415d-8a6c-56f06a60a20a-Toyota_Prius_-_Austin_-_1/campaign/processed_json/segments/e6b4bacb-a530-472c-8a4f-cfdd6d463762/part_2/005329.json,43.6806402,-92.9849147,0.9839305142725083,83.84,64.76683937823834,66.83937823834198,65.28925619834712,52.96143250688705,66.22,0.9038945218835435,0.895871567452128,2025-07-07 11:38:04.870
/media/vsi-dev/Lacie_2/mndot_workzone_project/Toyota/campaign_0f13274e-1e23-415d-8a6c-56f06a60a20a-Toyota_Prius_-_Austin_-_1/campaign/processed_json/segments/e6b4bacb-a530-472c-8a4f-cfdd6d463762/part_2/005330.json,43.6806402,-92.9849147,0.9821119255343636,83.0,64.24870466321244,66.83937823834198,46.611570247933884,53.939393939393945,63.56,0.9315862194531805,0.8980334357766605,2025-07-07 11:38:04.903
/media/vsi-dev/Lacie_2/mndot_workzone_project/Toyota/campaign_0f13274e-1e23-415d-8a6c-56f06a60a20a-Toyota_Prius_-_Austin_-_1/campaign/processed_json/segments/e6b4bacb-a530-472c-8a4f-cfdd6d463762/part_2/005331.json,43.6806402,-92.9849147,0.9839305142725083,83.15,64.76683937823834,66.83937823834198,47.58953168044077,54.11845730027548,63.86,0.9279054748356421,0.8974169095035167,2025-07-07 11:38:04.932
/media/vsi-dev/Lacie_2/mndot_workzone_project/Toyota/campaign_0f13274e-1e23-415d-8a6c-56f06a60a20a-Toyota_Prius_-_Austin_-_1/campaign/processed_json/segments/e6b4bacb-a530-472c-8a4f-cfdd6d463762/part_2/005332.json,43.6806402,-92.9849147,0.9856539001953453,83.28,64.76683937823834,66.83937823834198,47.53443526170799,54.44903581267218,63.92,0.9299781911451552,0.898361783496898,2025-07-07 11:38:04.967
/media/vsi-dev/Lacie_2/mndot_workzone_project/Toyota/campaign_0f13274e-1e23-415d-8a6c-56f06a60a20a-Toyota_Prius_-_Austin_-_1/campaign/processed_json/segments/e6b4bacb-a530-472c-8a4f-cfdd6d463762/part_2/005333.json,43.6806402,-92.9849147,0.9872815715902905,83.19,64.24870466321244,66.83937823834198,46.92837465564738,53.80165289256198,63.57,0.9301128593395105,0.8973129751385018,2025-07-07 11:38:05.004
/media/vsi-dev/Lacie_2/mndot_workzone_project/Toyota/campaign_0f13274e-1e23-415d-8a6c-56f06a60a20a-Toyota_Prius_-_Austin_-_1/campaign/processed_json/segments/e6b4bacb-a530-472c-8a4f-cfdd6d463762/part_2/005334.json,43.6806402,-92.9849147,0.9968051145430329,80.66,63.730569948186535,66.32124352331607,59.32506887052341,0.0,56.92,0.9078206865130367,0.8941666329322492,2025-07-07 11:38:05.042
/media/vsi-dev/Lacie_2/mndot_workzone_project/Toyota/campaign_0f13274e-1e23-415d-8a6c-56f06a60a20a-Toyota_Prius_-_Austin_-_1/campaign/processed_json/segments/e6b4bacb-a530-472c-8a4f-cfdd6d463762/part_2/005335.json,43.6806402,-92.9849147,0.9872815715902905,83.42,64.76683937823834,66.83937823834198,49.95867768595041,54.11845730027548,64.22,0.9259163692408585,0.8986086959402716,2025-07-07 11:38:05.067
/media/vsi-dev/Lacie_2/mndot_workzone_project/Toyota/campaign_0f13274e-1e23-415d-8a6c-56f06a60a20a-Toyota_Prius_-_Austin_-_1/campaign/processed_json/segments/e6b4bacb-a530-472c-8a4f-cfdd6d463762/part_2/005336.json,43.6806402,-92.9849147,0.9954976660309716,83.58,64.24870466321244,66.83937823834198,47.46556473829201,55.06887052341598,63.82,0.9241886597107385,0.8993435359052484,2025-07-07 11:38:05.098
/media/vsi-dev/Lacie_2/mndot_workzone_project/Toyota/campaign_0f13274e-1e23-415d-8a6c-56f06a60a20a-Toyota_Prius_-_Austin_-_1/campaign/processed_json/segments/e6b4bacb-a530-472c-8a4f-cfdd6d463762/part_2/005337.json,43.6806402,-92.9849147,0.9922179382602435,83.5,64.76683937823834,66.83937823834198,49.311294765840216,52.69972451790633,63.91,0.9280144242982046,0.8963978206155887,2025-07-07 11:38:05.129
/media/vsi-dev/Lacie_2/mndot_workzone_project/Toyota/campaign_0f13274e-1e23-415d-8a6c-56f06a60a20a-Toyota_Prius_-_Austin_-_1/campaign/processed_json/segments/e6b4bacb-a530-472c-8a4f-cfdd6d463762/part_2/005338.json,43.6806402,-92.9849147,0.9922179382602435,83.15,64.76683937823834,66.83937823834198,44.98622589531681,53.388429752066116,63.31,0.9176202933939809,0.8965380565413208,2025-07-07 11:38:05.167
/media/vsi-dev/Lacie_2/mndot_workzone_project/Toyota/campaign_0f13274e-1e23-415d-8a6c-56f06a60a20a-Toyota_Prius_-_Austin_-_1/campaign/processed_json/segments/e6b4bacb-a530-472c-8a4f-cfdd6d463762/part_2/005339.json,43.6806402,-92.9849147,0.9971914513728449,84.35,64.76683937823834,67.35751295336787,62.768595041322314,54.31129476584022,66.19,0.8999056526505329,0.8982661236563938,2025-07-07 11:38:05.203
/media/vsi-dev/Lacie_2/mndot_workzone_project/Toyota/campaign_0f13274e-1e23-415d-8a6c-56f06a60a20a-Toyota_Prius_-_Austin_-_1/campaign/processed_json/segments/e6b4bacb-a530-472c-8a4f-cfdd6d463762/part_2/005340.json,43.6806402,-92.9849147,0.988813044611233,83.38,64.76683937823834,66.83937823834198,47.12121212121212,54.14600550964187,63.82,0.9327425511770295,0.8973121179070431,2025-07-07 11:38:05.235
/media/vsi-dev/Lacie_2/mndot_workzone_project/Toyota/campaign_0f13274e-1e23-415d-8a6c-56f06a60a20a-Toyota_Prius_-_Austin_-_1/campaign/processed_json/segments/e6b4bacb-a530-472c-8a4f-cfdd6d463762/part_2/005341.json,43.6806402,-92.9849147,0.988813044611233,82.57,63.730569948186535,66.83937823834198,45.123966942148755,53.71900826446281,62.92,0.8881440116218126,0.8965193110852869,2025-07-07 11:38:05.270
/media/vsi-dev/Lacie_2/mndot_workzone_project/Toyota/campaign_0f13274e-1e23-415d-8a6c-56f06a60a20a-Toyota_Prius_-_Austin_-_1/campaign/processed_json/segments/e6b4bacb-a530-472c-8a4f-cfdd6d463762/part_2/005342.json,43.6806402,-92.9849147,0.9922179382602435,84.36,64.76683937823834,66.83937823834198,66.59779614325069,54.958677685950406,66.71,0.9027939810902817,0.8964334341355992,2025-07-07 11:38:05.308
/media/vsi-dev/Lacie_2/mndot_workzone_project/Toyota/campaign_0f13274e-1e23-415d-8a6c-56f06a60a20a-Toyota_Prius_-_Austin_-_1/campaign/processed_json/segments/e6b4bacb-a530-472c-8a4f-cfdd6d463762/part_2/005343.json,43.6806402,-92.9849147,0.9909288930014639,84.45,65.28497409326425,66.83937823834198,66.61157024793388,55.9228650137741,67.02,0.9039584497299302,0.896925832215841,2025-07-07 11:38:05.340
/media/vsi-dev/Lacie_2/mndot_workzone_project/Toyota/campaign_0f13274e-1e23-415d-8a6c-56f06a60a20a-Toyota_Prius_-_Austin_-_1/campaign/processed_json/segments/e6b4bacb-a530-472c-8a4f-cfdd6d463762/part_2/005344.json,43.6806402,-92.9849147,0.9872815715902905,83.45,65.80310880829016,66.83937823834198,49.57300275482094,53.388429752066116,64.35,0.9288139048309142,0.8929759645513627,2025-07-07 11:38:05.367
/media/vsi-dev/Lacie_2/mndot_workzone_project/Toyota/campaign_0f13274e-1e23-415d-8a6c-56f06a60a20a-Toyota_Prius_-_Austin_-_1/campaign/processed_json/segments/e6b4bacb-a530-472c-8a4f-cfdd6d463762/part_2/005345.json,43.6806402,-92.9849147,0.9954976660309716,84.03,64.76683937823834,66.83937823834198,56.528925619834716,55.59228650137741,65.34,0.9090795230839406,0.8983119193946478,2025-07-07 11:38:05.399
/media/vsi-dev/Lacie_2/mndot_workzone_project/Toyota/campaign_0f13274e-1e23-415d-8a6c-56f06a60a20a-Toyota_Prius_-_Austin_-_1/campaign/processed_json/segments/e6b4bacb-a530-472c-8a4f-cfdd6d463762/part_2/005346.json,43.6806402,-92.9849147,0.9954976660309716,84.56,64.76683937823834,66.83937823834198,66.36363636363637,55.59228650137741,66.79,0.9037570751365761,0.8987456619000698,2025-07-07 11:38:05.439
/media/vsi-dev/Lacie_2/mndot_workzone_project/Toyota/campaign_0f13274e-1e23-415d-8a6c-56f06a60a20a-Toyota_Prius_-_Austin_-_1/campaign/processed_json/segments/e6b4bacb-a530-472c-8a4f-cfdd6d463762/part_2/005347.json,43.6806402,-92.9849147,0.9922179382602435,83.93,64.24870466321244,66.83937823834198,62.176308539944905,53.044077134986225,65.61,0.9035752970657039,0.8962839940839225,2025-07-07 11:38:05.475
/media/vsi-dev/Lacie_2/mndot_workzone_project/Toyota/campaign_0f13274e-1e23-415d-8a6c-56f06a60a20a-Toyota_Prius_-_Austin_-_1/campaign/processed_json/segments/e6b4bacb-a530-472c-8a4f-cfdd6d463762/part_2/005348.json,43.6806402,-92.9849147,0.9856539001953453,83.94,65.28497409326425,66.83937823834198,65.09641873278237,53.05785123966942,66.35,0.9025445631269691,0.8952263465004905,2025-07-07 11:38:05.502
/media/vsi-dev/Lacie_2/mndot_workzone_project/Toyota/campaign_0f13274e-1e23-415d-8a6c-56f06a60a20a-Toyota_Prius_-_Austin_-_1/campaign/processed_json/segments/e6b4bacb-a530-472c-8a4f-cfdd6d463762/part_2/005349.json,43.6806402,-92.9849147,0.9909288930014639,84.11,64.76683937823834,66.83937823834198,63.96694214876033,53.91184573002755,66.17,0.9036954777162397,0.8966573058996806,2025-07-07 11:38:05.532
/media/vsi-dev/Lacie_2/mndot_workzone_project/Toyota/campaign_0f13274e-1e23-415d-8a6c-56f06a60a20a-Toyota_Prius_-_Austin_-_1/campaign/processed_json/segments/e6b4bacb-a530-472c-8a4f-cfdd6d463762/part_2/005350.json,43.6806402,-92.9849147,0.9909288930014639,84.14,65.28497409326425,65.80310880829016,65.35812672176309,54.02203856749311,66.24,0.9038660013394976,0.8965337428956565,2025-07-07 11:38:05.569
/media/vsi-dev/Lacie_2/mndot_workzone_project/Toyota/campaign_0f13274e-1e23-415d-8a6c-56f06a60a20a-Toyota_Prius_-_Austin_-_1/campaign/processed_json/segments/e6b4bacb-a530-472c-8a4f-cfdd6d463762/part_2/005351.json,43.6806402,-92.9849147,0.9848041402180955,83.32,65.80310880829016,65.80310880829016,50.647382920110196,53.815426997245176,64.26,0.9267358163101551,0.8959281715191653,2025-07-07 11:38:05.600
/media/vsi-dev/Lacie_2/mndot_workzone_project/Toyota/campaign_0f13274e-1e23-415d-8a6c-56f06a60a20a-Toyota_Prius_-_Austin_-_1/campaign/processed_json/segments/e6b4bacb-a530-472c-8a4f-cfdd6d463762/part_2/005352.json,43.6806402,-92.9849147,0.9760904721403703,82.6,64.76683937823834,65.80310880829016,44.44903581267218,54.75206611570248,63.19,0.9314008547588679,0.896449318856841,2025-07-07 11:38:05.636
/media/vsi-dev/Lacie_2/mndot_workzone_project/Toyota/campaign_0f13274e-1e23-415d-8a6c-56f06a60a20a-Toyota_Prius_-_Austin_-_1/campaign/processed_json/segments/e6b4bacb-a530-472c-8a4f-cfdd6d463762/part_2/005353.json,43.6806416,-92.9847426,0.9811670975774323,83.76,65.28497409326425,65.80310880829016,64.61432506887053,54.917355371900825,66.26,0.9027636962342235,0.8983966652399847,2025-07-07 11:38:05.674
/media/vsi-dev/Lacie_2/mndot_workzone_project/Toyota/campaign_0f13274e-1e23-415d-8a6c-56f06a60a20a-Toyota_Prius_-_Austin_-_1/campaign/processed_json/segments/e6b4bacb-a530-472c-8a4f-cfdd6d463762/part_2/005354.json,43.6806416,-92.9847426,0.9781913242622373,83.84,65.80310880829016,66.83937823834198,65.49586776859503,54.55922865013774,66.8,0.904162983797775,0.8947794490675036,2025-07-07 11:38:05.696
/media/vsi-dev/Lacie_2/mndot_workzone_project/Toyota/campaign_0f13274e-1e23-415d-8a6c-56f06a60a20a-Toyota_Prius_-_Austin_-_1/campaign/processed_json/segments/e6b4bacb-a530-472c-8a4f-cfdd6d463762/part_2/005355.json,43.6806416,-92.9847426,0.9760904721403703,83.16,65.80310880829016,66.83937823834198,47.451790633608816,56.432506887052334,64.53,0.9308293492505939,0.8994089628047659,2025-07-07 11:38:05.743
/media/vsi-dev/Lacie_2/mndot_workzone_project/Toyota/campaign_0f13274e-1e23-415d-8a6c-56f06a60a20a-Toyota_Prius_-_Austin_-_1/campaign/processed_json/segments/e6b4bacb-a530-472c-8a4f-cfdd6d463762/part_2/005356.json,43.6806416,-92.9847426,0.9801986733067553,84.09,65.80310880829016,66.83937823834198,65.0,56.99724517906336,67.11,0.9042448410985923,0.8994178066692899,2025-07-07 11:38:05.768
/media/vsi-dev/Lacie_2/mndot_workzone_project/Toyota/campaign_0f13274e-1e23-415d-8a6c-56f06a60a20a-Toyota_Prius_-_Austin_-_1/campaign/processed_json/segments/e6b4bacb-a530-472c-8a4f-cfdd6d463762/part_2/005357.json,43.6806416,-92.9847426,0.9691207408042318,82.66,66.32124352331607,66.32124352331607,47.90633608815427,53.34710743801653,64.11,0.9302752072246854,0.8951850494982385,2025-07-07 11:38:05.804
/media/vsi-dev/Lacie_2/mndot_workzone_project/Toyota/campaign_0f13274e-1e23-415d-8a6c-56f06a60a20a-Toyota_Prius_-_Austin_-_1/campaign/processed_json/segments/e6b4bacb-a530-472c-8a4f-cfdd6d463762/part_2/005358.json,43.6806416,-92.9847426,0.9760904721403703,83.68,65.80310880829016,66.83937823834198,64.82093663911846,53.7465564738292,66.58,0.9043664854669888,0.8958513798546609,2025-07-07 11:38:05.836
/media/vsi-dev/Lacie_2/mndot_workzone_project/Toyota/campaign_0f13274e-1e23-415d-8a6c-56f06a60a20a-Toyota_Prius_-_Austin_-_1/campaign/processed_json/segments/e6b4bacb-a530-472c-8a4f-cfdd6d463762/part_2/005359.json,43.6806416,-92.9847426,0.9801986733067553,83.77,65.80310880829016,65.80310880829016,65.5922865013774,53.553719008264466,66.36,0.9048610405215088,0.8966516682993086,2025-07-07 11:38:05.869
/media/vsi-dev/Lacie_2/mndot_workzone_project/Toyota/campaign_0f13274e-1e23-415d-8a6c-56f06a60a20a-Toyota_Prius_-_Austin_-_1/campaign/processed_json/segments/e6b4bacb-a530-472c-8a4f-cfdd6d463762/part_2/005360.json,43.6806416,-92.9847426,0.9760904721403703,83.58,65.80310880829016,66.32124352331607,64.10468319559229,54.17355371900826,66.37,0.9028038437151986,0.8960412870468971,2025-07-07 11:38:05.900
/media/vsi-dev/Lacie_2/mndot_workzone_project/Toyota/campaign_0f13274e-1e23-415d-8a6c-56f06a60a20a-Toyota_Prius_-_Austin_-_1/campaign/processed_json/segments/e6b4bacb-a530-472c-8a4f-cfdd6d463762/part_2/005361.json,43.6806416,-92.9847426,0.9781913242622373,83.68,65.80310880829016,65.80310880829016,65.06887052341598,54.090909090909086,66.36,0.9052029345578441,0.8955074357499991,2025-07-07 11:38:05.935
/media/vsi-dev/Lacie_2/mndot_workzone_project/Toyota/campaign_0f13274e-1e23-415d-8a6c-56f06a60a20a-Toyota_Prius_-_Austin_-_1/campaign/processed_json/segments/e6b4bacb-a530-472c-8a4f-cfdd6d463762/part_2/005362.json,43.6806416,-92.9847426,0.9848041402180955,83.31,65.80310880829016,65.80310880829016,48.4297520661157,54.6831955922865,64.09,0.9310061865245488,0.897383635921803,2025-07-07 11:38:05.977
/media/vsi-dev/Lacie_2/mndot_workzone_project/Toyota/campaign_0f13274e-1e23-415d-8a6c-56f06a60a20a-Toyota_Prius_-_Austin_-_1/campaign/processed_json/segments/e6b4bacb-a530-472c-8a4f-cfdd6d463762/part_2/005363.json,43.6806416,-92.9847426,0.9811670975774323,83.22,66.32124352331607,66.32124352331607,46.680440771349865,55.15151515151515,64.21,0.9314980262068769,0.8978174199666861,2025-07-07 11:38:06.001
/media/vsi-dev/Lacie_2/mndot_workzone_project/Toyota/campaign_0f13274e-1e23-415d-8a6c-56f06a60a20a-Toyota_Prius_-_Austin_-_1/campaign/processed_json/segments/e6b4bacb-a530-472c-8a4f-cfdd6d463762/part_2/005364.json,43.6806416,-92.9847426,0.9872815715902905,84.22,65.80310880829016,66.83937823834198,63.99449035812672,56.11570247933885,66.81,0.903423555515411,0.8973208800014079,2025-07-07 11:38:06.034
/media/vsi-dev/Lacie_2/mndot_workzone_project/Toyota/campaign_0f13274e-1e23-415d-8a6c-56f06a60a20a-Toyota_Prius_-_Austin_-_1/campaign/processed_json/segments/e6b4bacb-a530-472c-8a4f-cfdd6d463762/part_2/005365.json,43.6806416,-92.9847426,0.9848041402180955,84.01,65.80310880829016,65.80310880829016,64.07713498622589,55.82644628099174,66.48,0.9042957689365432,0.8981366843186989,2025-07-07 11:38:06.067
/media/vsi-dev/Lacie_2/mndot_workzone_project/Toyota/campaign_0f13274e-1e23-415d-8a6c-56f06a60a20a-Toyota_Prius_-_Austin_-_1/campaign/processed_json/segments/e6b4bacb-a530-472c-8a4f-cfdd6d463762/part_2/005366.json,43.6806416,-92.9847426,0.9801986733067553,83.71,65.80310880829016,66.32124352331607,64.82093663911846,52.87878787878788,66.28,0.9039244935180413,0.8946116943099627,2025-07-07 11:38:06.100
/media/vsi-dev/Lacie_2/mndot_workzone_project/Toyota/campaign_0f13274e-1e23-415d-8a6c-56f06a60a20a-Toyota_Prius_-_Austin_-_1/campaign/processed_json/segments/e6b4bacb-a530-472c-8a4f-cfdd6d463762/part_2/005367.json,43.6806416,-92.9847426,0.9738967374550571,82.63,65.28497409326425,65.80310880829016,48.15426997245179,52.988980716253444,63.61,0.928340381434897,0.8945462026128409,2025-07-07 11:38:06.131
/media/vsi-dev/Lacie_2/mndot_workzone_project/Toyota/campaign_0f13274e-1e23-415d-8a6c-56f06a60a20a-Toyota_Prius_-_Austin_-_1/campaign/processed_json/segments/e6b4bacb-a530-472c-8a4f-cfdd6d463762/part_2/005368.json,43.6806416,-92.9847426,0.9771525479278598,82.59,64.76683937823834,65.80310880829016,45.123966942148755,53.45730027548209,63.09,0.9316608507924613,0.8950602275081316,2025-07-07 11:38:06.171
/media/vsi-dev/Lacie_2/mndot_workzone_project/Toyota/campaign_0f13274e-1e23-415d-8a6c-56f06a60a20a-Toyota_Prius_-_Austin_-_1/campaign/processed_json/segments/e6b4bacb-a530-472c-8a4f-cfdd6d463762/part_2/005369.json,43.6806416,-92.9847426,0.9738967374550571,82.59,65.28497409326425,65.80310880829016,46.267217630854,53.69146005509642,63.45,0.9297738839552895,0.895402174315826,2025-07-07 11:38:06.206
/media/vsi-dev/Lacie_2/mndot_workzone_project/Toyota/campaign_0f13274e-1e23-415d-8a6c-56f06a60a20a-Toyota_Prius_-_Austin_-_1/campaign/processed_json/segments/e6b4bacb-a530-472c-8a4f-cfdd6d463762/part_2/005370.json,43.6806416,-92.9847426,0.9738967374550571,82.62,65.80310880829016,65.80310880829016,44.531680440771346,54.10468319559229,63.43,0.9341167304634668,0.8955291738464735,2025-07-07 11:38:06.242
/media/vsi-dev/Lacie_2/mndot_workzone_project/Toyota/campaign_0f13274e-1e23-415d-8a6c-56f06a60a20a-Toyota_Prius_-_Austin_-_1/campaign/processed_json/segments/e6b4bacb-a530-472c-8a4f-cfdd6d463762/part_2/005371.json,43.6806416,-92.9847426,0.9760904721403703,83.04,65.80310880829016,66.83937823834198,47.823691460055095,54.54545454545454,64.29,0.9292209489403863,0.8986340874983296,2025-07-07 11:38:06.268
/media/vsi-dev/Lacie_2/mndot_workzone_project/Toyota/campaign_0f13274e-1e23-415d-8a6c-56f06a60a20a-Toyota_Prius_-_Austin_-_1/campaign/processed_json/segments/e6b4bacb-a530-472c-8a4f-cfdd6d463762/part_2/005372.json,43.6806416,-92.9847426,0.9801986733067553,83.9,65.80310880829016,66.32124352331607,65.24793388429751,55.05509641873279,66.69,0.9038328982242888,0.8982436887490862,2025-07-07 11:38:06.302
/media/vsi-dev/Lacie_2/mndot_workzone_project/Toyota/campaign_0f13274e-1e23-415d-8a6c-56f06a60a20a-Toyota_Prius_-_Austin_-_1/campaign/processed_json/segments/e6b4bacb-a530-472c-8a4f-cfdd6d463762/part_2/005373.json,43.6806416,-92.9847426,0.9771525479278598,83.62,64.76683937823834,66.83937823834198,63.650137741046834,54.83471074380165,66.27,0.9033794971587473,0.8993086062003148,2025-07-07 11:38:06.335
/media/vsi-dev/Lacie_2/mndot_workzone_project/Toyota/campaign_0f13274e-1e23-415d-8a6c-56f06a60a20a-Toyota_Prius_-_Austin_-_1/campaign/processed_json/segments/e6b4bacb-a530-472c-8a4f-cfdd6d463762/part_2/005374.json,43.6806416,-92.9847426,0.9692332344763441,82.59,64.76683937823834,66.32124352331607,45.67493112947658,56.005509641873275,63.74,0.9317913511622662,0.9008736928661376,2025-07-07 11:38:06.365
/media/vsi-dev/Lacie_2/mndot_workzone_project/Toyota/campaign_0f13274e-1e23-415d-8a6c-56f06a60a20a-Toyota_Prius_-_Austin_-_1/campaign/processed_json/segments/e6b4bacb-a530-472c-8a4f-cfdd6d463762/part_2/005375.json,43.6806416,-92.9847426,0.9727652403079083,82.93,64.76683937823834,66.83937823834198,47.617079889807165,56.50137741046832,64.26,0.930470482203154,0.9012572109064436,2025-07-07 11:38:06.400
/media/vsi-dev/Lacie_2/mndot_workzone_project/Toyota/campaign_0f13274e-1e23-415d-8a6c-56f06a60a20a-Toyota_Prius_-_Austin_-_1/campaign/processed_json/segments/e6b4bacb-a530-472c-8a4f-cfdd6d463762/part_2/005376.json,43.6806416,-92.9847426,0.9704334030551546,82.59,64.76683937823834,66.83937823834198,45.068870523415974,55.15151515151515,63.67,0.9300176702816684,0.9001733248497328,2025-07-07 11:38:06.434
/media/vsi-dev/Lacie_2/mndot_workzone_project/Toyota/campaign_0f13274e-1e23-415d-8a6c-56f06a60a20a-Toyota_Prius_-_Austin_-_1/campaign/processed_json/segments/e6b4bacb-a530-472c-8a4f-cfdd6d463762/part_2/005377.json,43.6806416,-92.9847426,0.9781913242622373,83.5,64.76683937823834,66.83937823834198,63.88429752066116,53.07162534435261,66.01,0.9034396042804355,0.8938860075241472,2025-07-07 11:38:06.468
/media/vsi-dev/Lacie_2/mndot_workzone_project/Toyota/campaign_0f13274e-1e23-415d-8a6c-56f06a60a20a-Toyota_Prius_-_Austin_-_1/campaign/processed_json/segments/e6b4bacb-a530-472c-8a4f-cfdd6d463762/part_2/005378.json,43.6806416,-92.9847426,0.9821119255343636,83.71,64.76683937823834,65.80310880829016,64.39393939393939,54.54545454545454,66.02,0.9042430003833963,0.8974797071907048,2025-07-07 11:38:06.502
/media/vsi-dev/Lacie_2/mndot_workzone_project/Toyota/campaign_0f13274e-1e23-415d-8a6c-56f06a60a20a-Toyota_Prius_-_Austin_-_1/campaign/processed_json/segments/e6b4bacb-a530-472c-8a4f-cfdd6d463762/part_2/005379.json,43.6806416,-92.9847426,0.9801986733067553,83.7,64.76683937823834,65.80310880829016,64.64187327823691,55.578512396694215,66.21,0.903166742584514,0.8975214396737379,2025-07-07 11:38:06.534
/media/vsi-dev/Lacie_2/mndot_workzone_project/Toyota/campaign_0f13274e-1e23-415d-8a6c-56f06a60a20a-Toyota_Prius_-_Austin_-_1/campaign/processed_json/segments/e6b4bacb-a530-472c-8a4f-cfdd6d463762/part_2/005380.json,43.6806416,-92.9847426,0.9738967374550571,82.72,64.76683937823834,66.32124352331607,45.60606060606061,55.81267217630854,63.68,0.9309892421673879,0.8977848401214804,2025-07-07 11:38:06.573
/media/vsi-dev/Lacie_2/mndot_workzone_project/Toyota/campaign_0f13274e-1e23-415d-8a6c-56f06a60a20a-Toyota_Prius_-_Austin_-_1/campaign/processed_json/segments/e6b4bacb-a530-472c-8a4f-cfdd6d463762/part_2/005381.json,43.6806416,-92.9847426,0.9801986733067553,83.83,65.80310880829016,65.80310880829016,64.46280991735537,55.68870523415978,66.51,0.9036704817231233,0.8976731695198104,2025-07-07 11:38:06.608
/media/vsi-dev/Lacie_2/mndot_workzone_project/Toyota/campaign_0f13274e-1e23-415d-8a6c-56f06a60a20a-Toyota_Prius_-_Austin_-_1/campaign/processed_json/segments/e6b4bacb-a530-472c-8a4f-cfdd6d463762/part_2/005382.json,43.6806416,-92.9847426,0.9801986733067553,83.19,65.80310880829016,66.32124352331607,45.46831955922865,56.776859504132226,64.14,0.9331742905092305,0.8990579535792312,2025-07-07 11:38:06.639
/media/vsi-dev/Lacie_2/mndot_workzone_project/Toyota/campaign_0f13274e-1e23-415d-8a6c-56f06a60a20a-Toyota_Prius_-_Austin_-_1/campaign/processed_json/segments/e6b4bacb-a530-472c-8a4f-cfdd6d463762/part_2/005383.json,43.6806416,-92.9847426,0.9781913242622373,83.05,65.80310880829016,66.83937823834198,43.815426997245176,56.5840220385675,64.01,0.933764170896966,0.897642487914831,2025-07-07 11:38:06.668
/media/vsi-dev/Lacie_2/mndot_workzone_project/Toyota/campaign_0f13274e-1e23-415d-8a6c-56f06a60a20a-Toyota_Prius_-_Austin_-_1/campaign/processed_json/segments/e6b4bacb-a530-472c-8a4f-cfdd6d463762/part_2/005384.json,43.6806421,-92.984568,0.9771525479278598,83.02,64.76683937823834,66.83937823834198,46.92837465564738,57.07988980716253,64.21,0.9264076691676201,0.8989390530196192,2025-07-07 11:38:06.695
/media/vsi-dev/Lacie_2/mndot_workzone_project/Toyota/campaign_0f13274e-1e23-415d-8a6c-56f06a60a20a-Toyota_Prius_-_Austin_-_1/campaign/processed_json/segments/e6b4bacb-a530-472c-8a4f-cfdd6d463762/part_2/005385.json,43.6806421,-92.984568,0.9692332344763441,83.04,64.76683937823834,65.80310880829016,62.75482093663912,54.476584022038566,65.74,0.9016092728967123,0.8956793026440995,2025-07-07 11:38:06.731
/media/vsi-dev/Lacie_2/mndot_workzone_project/Toyota/campaign_0f13274e-1e23-415d-8a6c-56f06a60a20a-Toyota_Prius_-_Austin_-_1/campaign/processed_json/segments/e6b4bacb-a530-472c-8a4f-cfdd6d463762/part_2/005386.json,43.6806421,-92.984568,0.9684335543910279,82.41,64.76683937823834,66.83937823834198,45.42699724517906,54.43526170798898,63.58,0.9285191181298306,0.8952583155749185,2025-07-07 11:38:06.773
/media/vsi-dev/Lacie_2/mndot_workzone_project/Toyota/campaign_0f13274e-1e23-415d-8a6c-56f06a60a20a-Toyota_Prius_-_Austin_-_1/campaign/processed_json/segments/e6b4bacb-a530-472c-8a4f-cfdd6d463762/part_2/005387.json,43.6806421,-92.984568,0.9692207345544688,82.52,64.76683937823834,66.32124352331607,47.57575757575758,55.04132231404959,63.83,0.9255018774238049,0.8965728424155504,2025-07-07 11:38:06.805
/media/vsi-dev/Lacie_2/mndot_workzone_project/Toyota/campaign_0f13274e-1e23-415d-8a6c-56f06a60a20a-Toyota_Prius_-_Austin_-_1/campaign/processed_json/segments/e6b4bacb-a530-472c-8a4f-cfdd6d463762/part_2/005388.json,43.6806421,-92.984568,0.9692332344763441,82.44,64.76683937823834,66.32124352331607,44.98622589531681,55.192837465564736,63.49,0.9308271284279054,0.8970691890231302,2025-07-07 11:38:06.834
/media/vsi-dev/Lacie_2/mndot_workzone_project/Toyota/campaign_0f13274e-1e23-415d-8a6c-56f06a60a20a-Toyota_Prius_-_Austin_-_1/campaign/processed_json/segments/e6b4bacb-a530-472c-8a4f-cfdd6d463762/part_2/005389.json,43.6806421,-92.984568,0.9692332344763441,83.42,65.80310880829016,66.83937823834198,63.22314049586777,55.674931129476576,66.63,0.9027137035089534,0.8974501495350553,2025-07-07 11:38:06.869
/media/vsi-dev/Lacie_2/mndot_workzone_project/Toyota/campaign_0f13274e-1e23-415d-8a6c-56f06a60a20a-Toyota_Prius_-_Austin_-_1/campaign/processed_json/segments/e6b4bacb-a530-472c-8a4f-cfdd6d463762/part_2/005390.json,43.6806421,-92.984568,0.9691207408042318,83.27,64.76683937823834,66.83937823834198,62.658402203856745,55.68870523415978,66.24,0.9026522913693089,0.8978085637784338,2025-07-07 11:38:06.898
/media/vsi-dev/Lacie_2/mndot_workzone_project/Toyota/campaign_0f13274e-1e23-415d-8a6c-56f06a60a20a-Toyota_Prius_-_Austin_-_1/campaign/processed_json/segments/e6b4bacb-a530-472c-8a4f-cfdd6d463762/part_2/005391.json,43.6806421,-92.984568,0.9692207345544688,82.16,63.730569948186535,66.83937823834198,39.28374655647383,55.81267217630854,62.61,0.9365553947803245,0.897924837274304,2025-07-07 11:38:06.941
/media/vsi-dev/Lacie_2/mndot_workzone_project/Toyota/campaign_0f13274e-1e23-415d-8a6c-56f06a60a20a-Toyota_Prius_-_Austin_-_1/campaign/processed_json/segments/e6b4bacb-a530-472c-8a4f-cfdd6d463762/part_2/005392.json,43.6806421,-92.984568,0.9738967374550571,83.4,64.76683937823834,66.83937823834198,62.53443526170799,54.98622589531681,66.11,0.9033863526151098,0.8965933707320797,2025-07-07 11:38:06.973
/media/vsi-dev/Lacie_2/mndot_workzone_project/Toyota/campaign_0f13274e-1e23-415d-8a6c-56f06a60a20a-Toyota_Prius_-_Austin_-_1/campaign/processed_json/segments/e6b4bacb-a530-472c-8a4f-cfdd6d463762/part_2/005393.json,43.6806421,-92.984568,0.9727652403079083,82.55,63.730569948186535,66.83937823834198,43.71900826446281,56.79063360881542,63.39,0.9290551985561429,0.8989672718430446,2025-07-07 11:38:07.006
/media/vsi-dev/Lacie_2/mndot_workzone_project/Toyota/campaign_0f13274e-1e23-415d-8a6c-56f06a60a20a-Toyota_Prius_-_Austin_-_1/campaign/processed_json/segments/e6b4bacb-a530-472c-8a4f-cfdd6d463762/part_2/005394.json,43.6806421,-92.984568,0.9727652403079083,83.21,63.730569948186535,66.83937823834198,63.443526170798904,54.24242424242425,65.81,0.9024508018085075,0.8955478626095659,2025-07-07 11:38:07.034
/media/vsi-dev/Lacie_2/mndot_workzone_project/Toyota/campaign_0f13274e-1e23-415d-8a6c-56f06a60a20a-Toyota_Prius_-_Austin_-_1/campaign/processed_json/segments/e6b4bacb-a530-472c-8a4f-cfdd6d463762/part_2/005395.json,43.6806421,-92.984568,0.9727652403079083,82.57,63.730569948186535,66.83937823834198,46.005509641873275,55.674931129476576,63.54,0.9262385408113663,0.8978719713728904,2025-07-07 11:38:07.074
/media/vsi-dev/Lacie_2/mndot_workzone_project/Toyota/campaign_0f13274e-1e23-415d-8a6c-56f06a60a20a-Toyota_Prius_-_Austin_-_1/campaign/processed_json/segments/e6b4bacb-a530-472c-8a4f-cfdd6d463762/part_2/005396.json,43.6806421,-92.984568,0.9856539001953453,83.98,64.76683937823834,66.83937823834198,63.22314049586777,55.743801652892564,66.34,0.9037750994216239,0.8980265172614809,2025-07-07 11:38:07.101
/media/vsi-dev/Lacie_2/mndot_workzone_project/Toyota/campaign_0f13274e-1e23-415d-8a6c-56f06a60a20a-Toyota_Prius_-_Austin_-_1/campaign/processed_json/segments/e6b4bacb-a530-472c-8a4f-cfdd6d463762/part_2/005397.json,43.6806421,-92.984568,0.9689207832993832,81.31,64.24870466321244,65.80310880829016,45.37190082644628,29.94490358126722,59.66,0.9266884529295415,0.9425308114148384,2025-07-07 11:38:07.138
/media/vsi-dev/Lacie_2/mndot_workzone_project/Toyota/campaign_0f13274e-1e23-415d-8a6c-56f06a60a20a-Toyota_Prius_-_Austin_-_1/campaign/processed_json/segments/e6b4bacb-a530-472c-8a4f-cfdd6d463762/part_2/005398.json,43.6806421,-92.984568,0.9928258579038134,82.98,63.730569948186535,66.83937823834198,47.85123966942149,55.757575757575765,63.62,0.882969573698559,0.8993734022041634,2025-07-07 11:38:07.170
/media/vsi-dev/Lacie_2/mndot_workzone_project/Toyota/campaign_0f13274e-1e23-415d-8a6c-56f06a60a20a-Toyota_Prius_-_Austin_-_1/campaign/processed_json/segments/e6b4bacb-a530-472c-8a4f-cfdd6d463762/part_2/005399.json,43.6806421,-92.984568,0.9771525479278598,82.72,63.730569948186535,66.83937823834198,44.97245179063361,55.15151515151515,63.34,0.9293212771349312,0.9004521438258275,2025-07-07 11:38:07.213
/media/vsi-dev/Lacie_2/mndot_workzone_project/Toyota/campaign_0f13274e-1e23-415d-8a6c-56f06a60a20a-Toyota_Prius_-_Austin_-_1/campaign/processed_json/segments/e6b4bacb-a530-472c-8a4f-cfdd6d463762/part_2/005400.json,43.6806421,-92.984568,0.9692207345544688,82.45,64.24870466321244,66.83937823834198,46.50137741046832,54.79338842975206,63.63,0.9240627752866449,0.8984874938229978,2025-07-07 11:38:07.242
/media/vsi-dev/Lacie_2/mndot_workzone_project/Toyota/campaign_0f13274e-1e23-415d-8a6c-56f06a60a20a-Toyota_Prius_-_Austin_-_1/campaign/processed_json/segments/e6b4bacb-a530-472c-8a4f-cfdd6d463762/part_2/005401.json,43.6806421,-92.984568,0.9760904721403703,82.68,63.730569948186535,66.83937823834198,54.87603305785124,54.02203856749311,64.44,0.889940242810278,0.8962565092064603,2025-07-07 11:38:07.289
/media/vsi-dev/Lacie_2/mndot_workzone_project/Toyota/campaign_0f13274e-1e23-415d-8a6c-56f06a60a20a-Toyota_Prius_-_Austin_-_1/campaign/processed_json/segments/e6b4bacb-a530-472c-8a4f-cfdd6d463762/part_2/005402.json,43.6806421,-92.984568,0.9684335543910279,82.09,63.730569948186535,66.83937823834198,40.44077134986226,55.84022038567493,62.74,0.9255506374432804,0.9003596579944889,2025-07-07 11:38:07.331
/media/vsi-dev/Lacie_2/mndot_workzone_project/Toyota/campaign_0f13274e-1e23-415d-8a6c-56f06a60a20a-Toyota_Prius_-_Austin_-_1/campaign/processed_json/segments/e6b4bacb-a530-472c-8a4f-cfdd6d463762/part_2/005403.json,43.6806421,-92.984568,0.9664246858491891,81.97,63.212435233160626,66.83937823834198,41.2534435261708,55.22038567493113,62.62,0.9284678068054841,0.8982290751438331,2025-07-07 11:38:07.338
/media/vsi-dev/Lacie_2/mndot_workzone_project/Toyota/campaign_0f13274e-1e23-415d-8a6c-56f06a60a20a-Toyota_Prius_-_Austin_-_1/campaign/processed_json/segments/e6b4bacb-a530-472c-8a4f-cfdd6d463762/part_2/005404.json,43.6806421,-92.984568,0.9674348535047814,81.85,63.212435233160626,66.83937823834198,39.146005509641874,55.0137741046832,62.26,0.9265503463751954,0.897896334265566,2025-07-07 11:38:07.365
/media/vsi-dev/Lacie_2/mndot_workzone_project/Toyota/campaign_0f13274e-1e23-415d-8a6c-56f06a60a20a-Toyota_Prius_-_Austin_-_1/campaign/processed_json/segments/e6b4bacb-a530-472c-8a4f-cfdd6d463762/part_2/005405.json,43.6806421,-92.984568,0.9692332344763441,83.19,64.76683937823834,66.83937823834198,61.942148760330575,54.862258953168045,66.01,0.9026270736963294,0.8992065384985884,2025-07-07 11:38:07.392
/media/vsi-dev/Lacie_2/mndot_workzone_project/Toyota/campaign_0f13274e-1e23-415d-8a6c-56f06a60a20a-Toyota_Prius_-_Austin_-_1/campaign/processed_json/segments/e6b4bacb-a530-472c-8a4f-cfdd6d463762/part_2/005406.json,43.6806421,-92.984568,0.9704334030551546,83.35,64.76683937823834,66.83937823834198,62.892561983471076,55.59228650137741,66.27,0.9039291126500089,0.8986490789719742,2025-07-07 11:38:07.427
/media/vsi-dev/Lacie_2/mndot_workzone_project/Toyota/campaign_0f13274e-1e23-415d-8a6c-56f06a60a20a-Toyota_Prius_-_Austin_-_1/campaign/processed_json/segments/e6b4bacb-a530-472c-8a4f-cfdd6d463762/part_2/005407.json,43.6806421,-92.984568,0.9690332544750109,83.08,64.24870466321244,66.83937823834198,60.44077134986225,56.03305785123966,65.8,0.9007556470499016,0.898951792988554,2025-07-07 11:38:07.465
/media/vsi-dev/Lacie_2/mndot_workzone_project/Toyota/campaign_0f13274e-1e23-415d-8a6c-56f06a60a20a-Toyota_Prius_-_Austin_-_1/campaign/processed_json/segments/e6b4bacb-a530-472c-8a4f-cfdd6d463762/part_2/005408.json,43.6806421,-92.984568,0.9690332544750109,83.13,63.730569948186535,66.83937823834198,62.35537190082645,56.03305785123966,65.93,0.9011287498910634,0.8987814515984711,2025-07-07 11:38:07.494
/media/vsi-dev/Lacie_2/mndot_workzone_project/Toyota/campaign_0f13274e-1e23-415d-8a6c-56f06a60a20a-Toyota_Prius_-_Austin_-_1/campaign/processed_json/segments/e6b4bacb-a530-472c-8a4f-cfdd6d463762/part_2/005409.json,43.6806421,-92.984568,0.9671229642340716,82.46,64.76683937823834,66.83937823834198,43.65013774104683,56.955922865013775,63.72,0.9285919276420321,0.9002022609264997,2025-07-07 11:38:07.530
/media/vsi-dev/Lacie_2/mndot_workzone_project/Toyota/campaign_0f13274e-1e23-415d-8a6c-56f06a60a20a-Toyota_Prius_-_Austin_-_1/campaign/processed_json/segments/e6b4bacb-a530-472c-8a4f-cfdd6d463762/part_2/005410.json,43.6806421,-92.984568,0.9689207832993832,83.1,64.76683937823834,66.83937823834198,62.43801652892562,53.63636363636364,65.89,0.9033411966053279,0.8956194547014861,2025-07-07 11:38:07.563
/media/vsi-dev/Lacie_2/mndot_workzone_project/Toyota/campaign_0f13274e-1e23-415d-8a6c-56f06a60a20a-Toyota_Prius_-_Austin_-_1/campaign/processed_json/segments/e6b4bacb-a530-472c-8a4f-cfdd6d463762/part_2/005411.json,43.6806421,-92.984568,0.9686209220161778,82.6,64.24870466321244,66.83937823834198,45.39944903581267,57.24517906336089,63.88,0.9292191454332247,0.9012507089358457,2025-07-07 11:38:07.607
/media/vsi-dev/Lacie_2/mndot_workzone_project/Toyota/campaign_0f13274e-1e23-415d-8a6c-56f06a60a20a-Toyota_Prius_-_Austin_-_1/campaign/processed_json/segments/e6b4bacb-a530-472c-8a4f-cfdd6d463762/part_2/005412.json,43.6806421,-92.984568,0.9686209220161778,82.6,64.24870466321244,66.83937823834198,44.73829201101928,57.190082644628106,63.79,0.9327858454692635,0.9015783904033082,2025-07-07 11:38:07.635
/media/vsi-dev/Lacie_2/mndot_workzone_project/Toyota/campaign_0f13274e-1e23-415d-8a6c-56f06a60a20a-Toyota_Prius_-_Austin_-_1/campaign/processed_json/segments/e6b4bacb-a530-472c-8a4f-cfdd6d463762/part_2/005413.json,43.6806421,-92.984568,0.9684335543910279,82.69,64.76683937823834,67.87564766839378,44.132231404958674,56.528925619834716,64.06,0.9320031794141308,0.9010414032985331,2025-07-07 11:38:07.697
/media/vsi-dev/Lacie_2/mndot_workzone_project/Toyota/campaign_0f13274e-1e23-415d-8a6c-56f06a60a20a-Toyota_Prius_-_Austin_-_1/campaign/processed_json/segments/e6b4bacb-a530-472c-8a4f-cfdd6d463762/part_2/005414.json,43.6806455,-92.9843841,0.9691207408042318,83.52,65.80310880829016,66.83937823834198,62.685950413223146,56.94214876033058,66.76,0.9037461598539505,0.9011098238336723,2025-07-07 11:38:07.708
/media/vsi-dev/Lacie_2/mndot_workzone_project/Toyota/campaign_0f13274e-1e23-415d-8a6c-56f06a60a20a-Toyota_Prius_-_Austin_-_1/campaign/processed_json/segments/e6b4bacb-a530-472c-8a4f-cfdd6d463762/part_2/005415.json,43.6806455,-92.9843841,0.9704334030551546,83.7,65.28497409326425,67.35751295336787,64.72451790633609,57.148760330578504,67.1,0.903446596633877,0.9008723898477082,2025-07-07 11:38:07.739
/media/vsi-dev/Lacie_2/mndot_workzone_project/Toyota/campaign_0f13274e-1e23-415d-8a6c-56f06a60a20a-Toyota_Prius_-_Austin_-_1/campaign/processed_json/segments/e6b4bacb-a530-472c-8a4f-cfdd6d463762/part_2/005416.json,43.6806455,-92.9843841,0.9691207408042318,82.94,65.80310880829016,66.83937823834198,47.5068870523416,57.561983471074385,64.7,0.9273604754114402,0.9020315014832262,2025-07-07 11:38:07.763
/media/vsi-dev/Lacie_2/mndot_workzone_project/Toyota/campaign_0f13274e-1e23-415d-8a6c-56f06a60a20a-Toyota_Prius_-_Austin_-_1/campaign/processed_json/segments/e6b4bacb-a530-472c-8a4f-cfdd6d463762/part_2/005417.json,43.6806455,-92.9843841,0.9692332344763441,83.75,66.83937823834198,67.35751295336787,63.18181818181819,56.666666666666664,67.27,0.9051129114381066,0.9016590240432242,2025-07-07 11:38:07.804
/media/vsi-dev/Lacie_2/mndot_workzone_project/Toyota/campaign_0f13274e-1e23-415d-8a6c-56f06a60a20a-Toyota_Prius_-_Austin_-_1/campaign/processed_json/segments/e6b4bacb-a530-472c-8a4f-cfdd6d463762/part_2/005418.json,43.6806455,-92.9843841,0.9771525479278598,84.06,65.80310880829016,67.35751295336787,64.44903581267218,57.68595041322314,67.3,0.9038760664395556,0.9014467791916617,2025-07-07 11:38:07.842
/media/vsi-dev/Lacie_2/mndot_workzone_project/Toyota/campaign_0f13274e-1e23-415d-8a6c-56f06a60a20a-Toyota_Prius_-_Austin_-_1/campaign/processed_json/segments/e6b4bacb-a530-472c-8a4f-cfdd6d463762/part_2/005419.json,43.6806455,-92.9843841,0.9801986733067553,83.84,64.76683937823834,67.35751295336787,61.63911845730028,57.74104683195592,66.55,0.9003332049935254,0.900966753788933,2025-07-07 11:38:07.871
/media/vsi-dev/Lacie_2/mndot_workzone_project/Toyota/campaign_0f13274e-1e23-415d-8a6c-56f06a60a20a-Toyota_Prius_-_Austin_-_1/campaign/processed_json/segments/e6b4bacb-a530-472c-8a4f-cfdd6d463762/part_2/005420.json,43.6806455,-92.9843841,0.9727652403079083,82.71,64.76683937823834,67.35751295336787,41.2534435261708,57.493112947658396,63.63,0.935121749701793,0.9000695241347337,2025-07-07 11:38:07.904
/media/vsi-dev/Lacie_2/mndot_workzone_project/Toyota/campaign_0f13274e-1e23-415d-8a6c-56f06a60a20a-Toyota_Prius_-_Austin_-_1/campaign/processed_json/segments/e6b4bacb-a530-472c-8a4f-cfdd6d463762/part_2/005421.json,43.6806455,-92.9843841,0.9738967374550571,82.86,64.76683937823834,67.87564766839378,41.28099173553719,57.64462809917356,63.82,0.9366112653655458,0.9005080191720235,2025-07-07 11:38:07.933
/media/vsi-dev/Lacie_2/mndot_workzone_project/Toyota/campaign_0f13274e-1e23-415d-8a6c-56f06a60a20a-Toyota_Prius_-_Austin_-_1/campaign/processed_json/segments/e6b4bacb-a530-472c-8a4f-cfdd6d463762/part_2/005422.json,43.6806455,-92.9843841,0.9811670975774323,84.38,66.83937823834198,67.87564766839378,64.91735537190083,57.03856749311294,67.73,0.9039620493370568,0.8998662772561732,2025-07-07 11:38:07.968
/media/vsi-dev/Lacie_2/mndot_workzone_project/Toyota/campaign_0f13274e-1e23-415d-8a6c-56f06a60a20a-Toyota_Prius_-_Austin_-_1/campaign/processed_json/segments/e6b4bacb-a530-472c-8a4f-cfdd6d463762/part_2/005423.json,43.6806455,-92.9843841,0.9848041402180955,84.65,66.83937823834198,67.87564766839378,66.26721763085399,57.74104683195592,68.04,0.9033750198721513,0.9008216293915298,2025-07-07 11:38:08.003
/media/vsi-dev/Lacie_2/mndot_workzone_project/Toyota/campaign_0f13274e-1e23-415d-8a6c-56f06a60a20a-Toyota_Prius_-_Austin_-_1/campaign/processed_json/segments/e6b4bacb-a530-472c-8a4f-cfdd6d463762/part_2/005424.json,43.6806455,-92.9843841,0.9856539001953453,84.43,65.80310880829016,67.87564766839378,65.19283746556474,57.53443526170798,67.51,0.8990795691844532,0.9010378217102888,2025-07-07 11:38:08.035
/media/vsi-dev/Lacie_2/mndot_workzone_project/Toyota/campaign_0f13274e-1e23-415d-8a6c-56f06a60a20a-Toyota_Prius_-_Austin_-_1/campaign/processed_json/segments/e6b4bacb-a530-472c-8a4f-cfdd6d463762/part_2/005425.json,43.6806455,-92.9843841,0.9839305142725083,83.77,65.80310880829016,67.87564766839378,48.112947658402206,58.388429752066116,65.24,0.9292262853241177,0.9027478916038074,2025-07-07 11:38:08.070
/media/vsi-dev/Lacie_2/mndot_workzone_project/Toyota/campaign_0f13274e-1e23-415d-8a6c-56f06a60a20a-Toyota_Prius_-_Austin_-_1/campaign/processed_json/segments/e6b4bacb-a530-472c-8a4f-cfdd6d463762/part_2/005426.json,43.6806455,-92.9843841,0.9848041402180955,83.45,64.24870466321244,67.87564766839378,45.45454545454545,58.51239669421487,64.38,0.927474531105189,0.9029094248734799,2025-07-07 11:38:08.100
/media/vsi-dev/Lacie_2/mndot_workzone_project/Toyota/campaign_0f13274e-1e23-415d-8a6c-56f06a60a20a-Toyota_Prius_-_Austin_-_1/campaign/processed_json/segments/e6b4bacb-a530-472c-8a4f-cfdd6d463762/part_2/005427.json,43.6806455,-92.9843841,0.9839305142725083,83.38,65.80310880829016,67.87564766839378,46.088154269972456,54.32506887052342,64.32,0.9314970983102148,0.8984757469688396,2025-07-07 11:38:08.143
/media/vsi-dev/Lacie_2/mndot_workzone_project/Toyota/campaign_0f13274e-1e23-415d-8a6c-56f06a60a20a-Toyota_Prius_-_Austin_-_1/campaign/processed_json/segments/e6b4bacb-a530-472c-8a4f-cfdd6d463762/part_2/005428.json,43.6806455,-92.9843841,0.9928258579038134,83.94,65.80310880829016,67.87564766839378,43.84297520661157,58.484848484848484,64.64,0.934296263269354,0.9028864824491918,2025-07-07 11:38:08.176
/media/vsi-dev/Lacie_2/mndot_workzone_project/Toyota/campaign_0f13274e-1e23-415d-8a6c-56f06a60a20a-Toyota_Prius_-_Austin_-_1/campaign/processed_json/segments/e6b4bacb-a530-472c-8a4f-cfdd6d463762/part_2/005429.json,43.6806455,-92.9843841,0.9909288930014639,84.49,64.76683937823834,67.87564766839378,64.42148760330578,57.93388429752066,67.14,0.8991549745869982,0.9003303865357821,2025-07-07 11:38:08.201
/media/vsi-dev/Lacie_2/mndot_workzone_project/Toyota/campaign_0f13274e-1e23-415d-8a6c-56f06a60a20a-Toyota_Prius_-_Austin_-_1/campaign/processed_json/segments/e6b4bacb-a530-472c-8a4f-cfdd6d463762/part_2/005430.json,43.6806455,-92.9843841,0.9922179382602435,84.74,65.80310880829016,67.87564766839378,64.82093663911846,58.044077134986225,67.55,0.9028676132659146,0.9006787780741735,2025-07-07 11:38:08.242
/media/vsi-dev/Lacie_2/mndot_workzone_project/Toyota/campaign_0f13274e-1e23-415d-8a6c-56f06a60a20a-Toyota_Prius_-_Austin_-_1/campaign/processed_json/segments/e6b4bacb-a530-472c-8a4f-cfdd6d463762/part_2/005431.json,43.6806455,-92.9843841,0.9945026659478988,84.63,64.76683937823834,67.87564766839378,65.02754820936639,57.07988980716253,67.11,0.9015879860034358,0.8986858931740116,2025-07-07 11:38:08.269
/media/vsi-dev/Lacie_2/mndot_workzone_project/Toyota/campaign_0f13274e-1e23-415d-8a6c-56f06a60a20a-Toyota_Prius_-_Austin_-_1/campaign/processed_json/segments/e6b4bacb-a530-472c-8a4f-cfdd6d463762/part_2/005432.json,43.6806455,-92.9843841,0.9945026659478988,84.2,66.83937823834198,67.87564766839378,47.603305785123965,57.162534435261705,65.28,0.9315378410339697,0.8992514542317404,2025-07-07 11:38:08.305
/media/vsi-dev/Lacie_2/mndot_workzone_project/Toyota/campaign_0f13274e-1e23-415d-8a6c-56f06a60a20a-Toyota_Prius_-_Austin_-_1/campaign/processed_json/segments/e6b4bacb-a530-472c-8a4f-cfdd6d463762/part_2/005433.json,43.6806455,-92.9843841,0.9945026659478988,84.84,66.32124352331607,67.87564766839378,65.09641873278237,57.011019283746556,67.59,0.903624522442153,0.898380999805018,2025-07-07 11:38:08.333
/media/vsi-dev/Lacie_2/mndot_workzone_project/Toyota/campaign_0f13274e-1e23-415d-8a6c-56f06a60a20a-Toyota_Prius_-_Austin_-_1/campaign/processed_json/segments/e6b4bacb-a530-472c-8a4f-cfdd6d463762/part_2/005434.json,43.6806455,-92.9843841,0.9902478635182347,83.9,65.80310880829016,67.87564766839378,46.84573002754821,58.01652892561984,64.98,0.9307066006842505,0.8989073370050333,2025-07-07 11:38:08.364
/media/vsi-dev/Lacie_2/mndot_workzone_project/Toyota/campaign_0f13274e-1e23-415d-8a6c-56f06a60a20a-Toyota_Prius_-_Austin_-_1/campaign/processed_json/segments/e6b4bacb-a530-472c-8a4f-cfdd6d463762/part_2/005435.json,43.6806455,-92.9843841,0.9880593620427125,83.63,65.80310880829016,67.87564766839378,44.214876033057855,56.8732782369146,64.43,0.9338515884214879,0.8996410431304499,2025-07-07 11:38:08.402
/media/vsi-dev/Lacie_2/mndot_workzone_project/Toyota/campaign_0f13274e-1e23-415d-8a6c-56f06a60a20a-Toyota_Prius_-_Austin_-_1/campaign/processed_json/segments/e6b4bacb-a530-472c-8a4f-cfdd6d463762/part_2/005436.json,43.6806455,-92.9843841,0.9811670975774323,83.36,65.80310880829016,67.87564766839378,45.50964187327824,57.093663911845724,64.63,0.9307720449663485,0.8957845447707142,2025-07-07 11:38:08.435
/media/vsi-dev/Lacie_2/mndot_workzone_project/Toyota/campaign_0f13274e-1e23-415d-8a6c-56f06a60a20a-Toyota_Prius_-_Austin_-_1/campaign/processed_json/segments/e6b4bacb-a530-472c-8a4f-cfdd6d463762/part_2/005437.json,43.6806455,-92.9843841,0.9738967374550571,82.99,65.80310880829016,67.87564766839378,44.73829201101928,56.349862258953166,64.4,0.9301488744578457,0.8970322213778541,2025-07-07 11:38:08.466
/media/vsi-dev/Lacie_2/mndot_workzone_project/Toyota/campaign_0f13274e-1e23-415d-8a6c-56f06a60a20a-Toyota_Prius_-_Austin_-_1/campaign/processed_json/segments/e6b4bacb-a530-472c-8a4f-cfdd6d463762/part_2/005438.json,43.6806455,-92.9843841,0.9848041402180955,84.1,65.80310880829016,67.87564766839378,60.9366391184573,57.17630853994491,66.81,0.9003982294249995,0.8974895989035105,2025-07-07 11:38:08.501
/media/vsi-dev/Lacie_2/mndot_workzone_project/Toyota/campaign_0f13274e-1e23-415d-8a6c-56f06a60a20a-Toyota_Prius_-_Austin_-_1/campaign/processed_json/segments/e6b4bacb-a530-472c-8a4f-cfdd6d463762/part_2/005439.json,43.6806455,-92.9843841,0.9781913242622373,83.11,64.76683937823834,67.35751295336787,46.48760330578512,57.52066115702479,64.36,0.9277128050011296,0.8960331128597728,2025-07-07 11:38:08.538
/media/vsi-dev/Lacie_2/mndot_workzone_project/Toyota/campaign_0f13274e-1e23-415d-8a6c-56f06a60a20a-Toyota_Prius_-_Austin_-_1/campaign/processed_json/segments/e6b4bacb-a530-472c-8a4f-cfdd6d463762/part_2/005440.json,43.6806455,-92.9843841,0.9839305142725083,83.66,63.730569948186535,66.83937823834198,62.658402203856745,55.34435261707989,65.85,0.901345241600436,0.8950073783392916,2025-07-07 11:38:08.571
/media/vsi-dev/Lacie_2/mndot_workzone_project/Toyota/campaign_0f13274e-1e23-415d-8a6c-56f06a60a20a-Toyota_Prius_-_Austin_-_1/campaign/processed_json/segments/e6b4bacb-a530-472c-8a4f-cfdd6d463762/part_2/005441.json,43.6806455,-92.9843841,0.9801986733067553,83.51,63.730569948186535,66.83937823834198,62.685950413223146,55.22038567493113,65.84,0.9012277539999586,0.8951207687472477,2025-07-07 11:38:08.606
/media/vsi-dev/Lacie_2/mndot_workzone_project/Toyota/campaign_0f13274e-1e23-415d-8a6c-56f06a60a20a-Toyota_Prius_-_Austin_-_1/campaign/processed_json/segments/e6b4bacb-a530-472c-8a4f-cfdd6d463762/part_2/005442.json,43.6806455,-92.9843841,0.9738967374550571,83.4,64.76683937823834,66.83937823834198,62.96143250688705,54.11845730027548,66.05,0.9035952670946217,0.8984491148598502,2025-07-07 11:38:08.637
/media/vsi-dev/Lacie_2/mndot_workzone_project/Toyota/campaign_0f13274e-1e23-415d-8a6c-56f06a60a20a-Toyota_Prius_-_Austin_-_1/campaign/processed_json/segments/e6b4bacb-a530-472c-8a4f-cfdd6d463762/part_2/005443.json,43.6806455,-92.9843841,0.9727652403079083,82.21,63.212435233160626,66.83937823834198,43.1404958677686,53.51239669421488,62.64,0.9302118028322223,0.8946101400757503,2025-07-07 11:38:08.679
/media/vsi-dev/Lacie_2/mndot_workzone_project/Toyota/campaign_0f13274e-1e23-415d-8a6c-56f06a60a20a-Toyota_Prius_-_Austin_-_1/campaign/processed_json/segments/e6b4bacb-a530-472c-8a4f-cfdd6d463762/part_2/005444.json,43.6806486,-92.9841884,0.966038349019377,81.93,63.730569948186535,66.83937823834198,40.38567493112948,54.24242424242425,62.51,0.9295715734475573,0.8990209127996626,2025-07-07 11:38:08.714
/media/vsi-dev/Lacie_2/mndot_workzone_project/Toyota/campaign_0f13274e-1e23-415d-8a6c-56f06a60a20a-Toyota_Prius_-_Austin_-_1/campaign/processed_json/segments/e6b4bacb-a530-472c-8a4f-cfdd6d463762/part_2/005445.json,43.6806486,-92.9841884,0.9677218777280071,82.28,63.212435233160626,66.83937823834198,47.06611570247934,55.23415977961432,63.45,0.9207286291861708,0.8979538723626235,2025-07-07 11:38:08.741
/media/vsi-dev/Lacie_2/mndot_workzone_project/Toyota/campaign_0f13274e-1e23-415d-8a6c-56f06a60a20a-Toyota_Prius_-_Austin_-_1/campaign/processed_json/segments/e6b4bacb-a530-472c-8a4f-cfdd6d463762/part_2/005446.json,43.6806486,-92.9841884,0.9690332544750109,82.93,63.730569948186535,66.83937823834198,60.45454545454545,54.710743801652896,65.44,0.9013900882758334,0.8978494161882751,2025-07-07 11:38:08.768
/media/vsi-dev/Lacie_2/mndot_workzone_project/Toyota/campaign_0f13274e-1e23-415d-8a6c-56f06a60a20a-Toyota_Prius_-_Austin_-_1/campaign/processed_json/segments/e6b4bacb-a530-472c-8a4f-cfdd6d463762/part_2/005447.json,43.6806486,-92.9841884,0.9677218777280071,82.13,63.730569948186535,66.83937823834198,41.2534435261708,54.46280991735537,62.7,0.9328918598245285,0.9008505543748458,2025-07-07 11:38:08.801
/media/vsi-dev/Lacie_2/mndot_workzone_project/Toyota/campaign_0f13274e-1e23-415d-8a6c-56f06a60a20a-Toyota_Prius_-_Austin_-_1/campaign/processed_json/segments/e6b4bacb-a530-472c-8a4f-cfdd6d463762/part_2/005448.json,43.6806486,-92.9841884,0.9664246858491891,82.18,63.730569948186535,66.83937823834198,45.48209366391184,53.84297520661156,63.19,0.9273478639252298,0.8975362595051514,2025-07-07 11:38:08.839
/media/vsi-dev/Lacie_2/mndot_workzone_project/Toyota/campaign_0f13274e-1e23-415d-8a6c-56f06a60a20a-Toyota_Prius_-_Austin_-_1/campaign/processed_json/segments/e6b4bacb-a530-472c-8a4f-cfdd6d463762/part_2/005449.json,43.6806486,-92.9841884,0.9664246858491891,82.42,64.76683937823834,66.83937823834198,46.887052341597794,54.28374655647383,63.78,0.9282098554957304,0.8968473258120421,2025-07-07 11:38:08.864
/media/vsi-dev/Lacie_2/mndot_workzone_project/Toyota/campaign_0f13274e-1e23-415d-8a6c-56f06a60a20a-Toyota_Prius_-_Austin_-_1/campaign/processed_json/segments/e6b4bacb-a530-472c-8a4f-cfdd6d463762/part_2/005450.json,43.6806486,-92.9841884,0.9674348535047814,82.41,64.24870466321244,66.83937823834198,45.64738292011019,54.94490358126721,63.56,0.9300656725966601,0.8985802355726152,2025-07-07 11:38:08.900
/media/vsi-dev/Lacie_2/mndot_workzone_project/Toyota/campaign_0f13274e-1e23-415d-8a6c-56f06a60a20a-Toyota_Prius_-_Austin_-_1/campaign/processed_json/segments/e6b4bacb-a530-472c-8a4f-cfdd6d463762/part_2/005451.json,43.6806486,-92.9841884,0.9686209220161778,79.74,63.730569948186535,66.83937823834198,60.99173553719008,0.0,57.35,0.9044602761748611,0.9013994676962164,2025-07-07 11:38:08.939
/media/vsi-dev/Lacie_2/mndot_workzone_project/Toyota/campaign_0f13274e-1e23-415d-8a6c-56f06a60a20a-Toyota_Prius_-_Austin_-_1/campaign/processed_json/segments/e6b4bacb-a530-472c-8a4f-cfdd6d463762/part_2/005452.json,43.6806486,-92.9841884,0.9671229642340716,82.44,63.730569948186535,66.83937823834198,47.42424242424242,54.93112947658402,63.67,0.9262457590029246,0.902127451786818,2025-07-07 11:38:08.973
/media/vsi-dev/Lacie_2/mndot_workzone_project/Toyota/campaign_0f13274e-1e23-415d-8a6c-56f06a60a20a-Toyota_Prius_-_Austin_-_1/campaign/processed_json/segments/e6b4bacb-a530-472c-8a4f-cfdd6d463762/part_2/005453.json,43.6806486,-92.9841884,0.9689207832993832,79.71,63.730569948186535,65.80310880829016,62.768595041322314,0.013774104683195591,57.3,0.9034937516851441,0.9001713383440697,2025-07-07 11:38:08.996
/media/vsi-dev/Lacie_2/mndot_workzone_project/Toyota/campaign_0f13274e-1e23-415d-8a6c-56f06a60a20a-Toyota_Prius_-_Austin_-_1/campaign/processed_json/segments/e6b4bacb-a530-472c-8a4f-cfdd6d463762/part_2/005454.json,43.6806486,-92.9841884,0.9691207408042318,79.67,63.730569948186535,65.80310880829016,60.82644628099173,0.0,57.03,0.9057944028843384,0.9032651820048949,2025-07-07 11:38:09.028
/media/vsi-dev/Lacie_2/mndot_workzone_project/Toyota/campaign_0f13274e-1e23-415d-8a6c-56f06a60a20a-Toyota_Prius_-_Austin_-_1/campaign/processed_json/segments/e6b4bacb-a530-472c-8a4f-cfdd6d463762/part_2/005455.json,43.6806486,-92.9841884,0.9691207408042318,82.7,63.212435233160626,65.80310880829016,59.628099173553714,53.471074380165284,64.7,0.9034045163293313,0.9025550683293629,2025-07-07 11:38:09.059
/media/vsi-dev/Lacie_2/mndot_workzone_project/Toyota/campaign_0f13274e-1e23-415d-8a6c-56f06a60a20a-Toyota_Prius_-_Austin_-_1/campaign/processed_json/segments/e6b4bacb-a530-472c-8a4f-cfdd6d463762/part_2/005456.json,43.6806486,-92.9841884,0.9760904721403703,83.21,63.212435233160626,65.80310880829016,61.28099173553719,54.49035812672176,65.13,0.9076643236504475,0.9041177841575204,2025-07-07 11:38:09.097
/media/vsi-dev/Lacie_2/mndot_workzone_project/Toyota/campaign_0f13274e-1e23-415d-8a6c-56f06a60a20a-Toyota_Prius_-_Austin_-_1/campaign/processed_json/segments/e6b4bacb-a530-472c-8a4f-cfdd6d463762/part_2/005457.json,43.6806486,-92.9841884,0.9690332544750109,82.29,63.730569948186535,65.80310880829016,45.99173553719008,53.705234159779614,62.98,0.9307141862336821,0.9026704732636219,2025-07-07 11:38:09.128
/media/vsi-dev/Lacie_2/mndot_workzone_project/Toyota/campaign_0f13274e-1e23-415d-8a6c-56f06a60a20a-Toyota_Prius_-_Austin_-_1/campaign/processed_json/segments/e6b4bacb-a530-472c-8a4f-cfdd6d463762/part_2/005458.json,43.6806486,-92.9841884,0.9686209220161778,82.07,63.212435233160626,65.80310880829016,47.5068870523416,50.49586776859504,62.56,0.9316286679741158,0.8986331734112858,2025-07-07 11:38:09.159
/media/vsi-dev/Lacie_2/mndot_workzone_project/Toyota/campaign_0f13274e-1e23-415d-8a6c-56f06a60a20a-Toyota_Prius_-_Austin_-_1/campaign/processed_json/segments/e6b4bacb-a530-472c-8a4f-cfdd6d463762/part_2/005459.json,43.6806486,-92.9841884,0.9692332344763441,79.95,63.212435233160626,66.83937823834198,64.0495867768595,0.0,57.68,0.9082728894191361,0.9030906547152753,2025-07-07 11:38:09.196
/media/vsi-dev/Lacie_2/mndot_workzone_project/Toyota/campaign_0f13274e-1e23-415d-8a6c-56f06a60a20a-Toyota_Prius_-_Austin_-_1/campaign/processed_json/segments/e6b4bacb-a530-472c-8a4f-cfdd6d463762/part_2/005460.json,43.6806486,-92.9841884,0.9738967374550571,83.17,63.730569948186535,65.80310880829016,62.1900826446281,53.84297520661156,65.31,0.9069807523978902,0.9020740342389706,2025-07-07 11:38:09.232
/media/vsi-dev/Lacie_2/mndot_workzone_project/Toyota/campaign_0f13274e-1e23-415d-8a6c-56f06a60a20a-Toyota_Prius_-_Austin_-_1/campaign/processed_json/segments/e6b4bacb-a530-472c-8a4f-cfdd6d463762/part_2/005461.json,43.6806486,-92.9841884,0.9692207345544688,82.01,63.730569948186535,64.24870466321244,64.21487603305785,30.220385674931126,61.82,0.9087419540031729,0.9427095716957022,2025-07-07 11:38:09.255
/media/vsi-dev/Lacie_2/mndot_workzone_project/Toyota/campaign_0f13274e-1e23-415d-8a6c-56f06a60a20a-Toyota_Prius_-_Austin_-_1/campaign/processed_json/segments/e6b4bacb-a530-472c-8a4f-cfdd6d463762/part_2/005462.json,43.6806486,-92.9841884,0.9922179382602435,82.44,63.212435233160626,66.32124352331607,38.7465564738292,54.903581267217625,61.9,0.8984373356281957,0.9010138066124059,2025-07-07 11:38:09.298
/media/vsi-dev/Lacie_2/mndot_workzone_project/Toyota/campaign_0f13274e-1e23-415d-8a6c-56f06a60a20a-Toyota_Prius_-_Austin_-_1/campaign/processed_json/segments/e6b4bacb-a530-472c-8a4f-cfdd6d463762/part_2/005463.json,43.6806486,-92.9841884,0.9684335543910279,83.22,63.730569948186535,66.83937823834198,63.40220385674931,55.38567493112948,66.03,0.9063909543854577,0.9008880199796188,2025-07-07 11:38:09.343
/media/vsi-dev/Lacie_2/mndot_workzone_project/Toyota/campaign_0f13274e-1e23-415d-8a6c-56f06a60a20a-Toyota_Prius_-_Austin_-_1/campaign/processed_json/segments/e6b4bacb-a530-472c-8a4f-cfdd6d463762/part_2/005464.json,43.6806486,-92.9841884,0.9692207345544688,82.57,63.730569948186535,66.83937823834198,45.71625344352617,56.22589531680441,63.64,0.9339102191625235,0.900798923549396,2025-07-07 11:38:09.368
/media/vsi-dev/Lacie_2/mndot_workzone_project/Toyota/campaign_0f13274e-1e23-415d-8a6c-56f06a60a20a-Toyota_Prius_-_Austin_-_1/campaign/processed_json/segments/e6b4bacb-a530-472c-8a4f-cfdd6d463762/part_2/005465.json,43.6806486,-92.9841884,0.9692207345544688,82.81,64.24870466321244,66.83937823834198,48.760330578512395,57.17630853994491,64.36,0.9314805316164028,0.8979978519082195,2025-07-07 11:38:09.399
/media/vsi-dev/Lacie_2/mndot_workzone_project/Toyota/campaign_0f13274e-1e23-415d-8a6c-56f06a60a20a-Toyota_Prius_-_Austin_-_1/campaign/processed_json/segments/e6b4bacb-a530-472c-8a4f-cfdd6d463762/part_2/005466.json,43.6806486,-92.9841884,0.9738967374550571,82.6,63.730569948186535,66.32124352331607,47.83746556473829,53.085399449035805,63.31,0.930089975905002,0.9014344921313997,2025-07-07 11:38:09.426
/media/vsi-dev/Lacie_2/mndot_workzone_project/Toyota/campaign_0f13274e-1e23-415d-8a6c-56f06a60a20a-Toyota_Prius_-_Austin_-_1/campaign/processed_json/segments/e6b4bacb-a530-472c-8a4f-cfdd6d463762/part_2/005467.json,43.6806486,-92.9841884,0.9692207345544688,81.93,64.24870466321244,66.32124352331607,62.314049586776854,36.349862258953166,62.96,0.9029879621303665,0.8942430835631721,2025-07-07 11:38:09.463
/media/vsi-dev/Lacie_2/mndot_workzone_project/Toyota/campaign_0f13274e-1e23-415d-8a6c-56f06a60a20a-Toyota_Prius_-_Austin_-_1/campaign/processed_json/segments/e6b4bacb-a530-472c-8a4f-cfdd6d463762/part_2/005468.json,43.6806486,-92.9841884,0.9738967374550571,82.88,63.730569948186535,65.80310880829016,58.154269972451786,54.54545454545454,64.77,0.9045685444870755,0.8971146988009526,2025-07-07 11:38:09.500
/media/vsi-dev/Lacie_2/mndot_workzone_project/Toyota/campaign_0f13274e-1e23-415d-8a6c-56f06a60a20a-Toyota_Prius_-_Austin_-_1/campaign/processed_json/segments/e6b4bacb-a530-472c-8a4f-cfdd6d463762/part_2/005469.json,43.6806486,-92.9841884,0.9909288930014639,80.96,64.24870466321244,65.80310880829016,67.05234159779614,25.509641873278238,61.3,0.9021173299733461,0.7783553418119744,2025-07-07 11:38:09.535
/media/vsi-dev/Lacie_2/mndot_workzone_project/Toyota/campaign_0f13274e-1e23-415d-8a6c-56f06a60a20a-Toyota_Prius_-_Austin_-_1/campaign/processed_json/segments/e6b4bacb-a530-472c-8a4f-cfdd6d463762/part_2/005470.json,43.6806486,-92.9841884,0.9692207345544688,82.45,63.730569948186535,66.32124352331607,45.26170798898072,56.65289256198347,63.45,0.9331704933849349,0.8969916436765217,2025-07-07 11:38:09.566
/media/vsi-dev/Lacie_2/mndot_workzone_project/Toyota/campaign_0f13274e-1e23-415d-8a6c-56f06a60a20a-Toyota_Prius_-_Austin_-_1/campaign/processed_json/segments/e6b4bacb-a530-472c-8a4f-cfdd6d463762/part_2/005471.json,43.6806486,-92.9841884,0.9674348535047814,82.49,64.76683937823834,66.83937823834198,46.65289256198347,54.710743801652896,63.82,0.930963056735146,0.8957239945101568,2025-07-07 11:38:09.595
/media/vsi-dev/Lacie_2/mndot_workzone_project/Toyota/campaign_0f13274e-1e23-415d-8a6c-56f06a60a20a-Toyota_Prius_-_Austin_-_1/campaign/processed_json/segments/e6b4bacb-a530-472c-8a4f-cfdd6d463762/part_2/005472.json,43.6806486,-92.9841884,0.9872815715902905,80.74,64.76683937823834,65.80310880829016,44.94490358126722,28.719008264462808,59.04,0.9270013391813863,0.836585236412028,2025-07-07 11:38:09.628
/media/vsi-dev/Lacie_2/mndot_workzone_project/Toyota/campaign_0f13274e-1e23-415d-8a6c-56f06a60a20a-Toyota_Prius_-_Austin_-_1/campaign/processed_json/segments/e6b4bacb-a530-472c-8a4f-cfdd6d463762/part_2/005473.json,43.6806519,-92.9839902,0,38.61,63.730569948186535,51.29533678756477,47.548209366391184,17.052341597796143,52.92,0.9304908036098477,0.813328257826573,2025-07-07 11:38:09.673
/media/vsi-dev/Lacie_2/mndot_workzone_project/Toyota/campaign_0f13274e-1e23-415d-8a6c-56f06a60a20a-Toyota_Prius_-_Austin_-_1/campaign/processed_json/segments/e6b4bacb-a530-472c-8a4f-cfdd6d463762/part_2/005474.json,43.6806519,-92.9839902,0.966038349019377,79.97,64.76683937823834,66.83937823834198,65.42699724517907,0.0,58.3,0.9028056601019046,0.8977257651041405,2025-07-07 11:38:09.697
/media/vsi-dev/Lacie_2/mndot_workzone_project/Toyota/campaign_0f13274e-1e23-415d-8a6c-56f06a60a20a-Toyota_Prius_-_Austin_-_1/campaign/processed_json/segments/e6b4bacb-a530-472c-8a4f-cfdd6d463762/part_2/005475.json,43.6806519,-92.9839902,0,38.48,64.76683937823834,49.22279792746114,46.680440771349865,18.732782369146005,52.71,0.9344803534444578,0.8049362160492879,2025-07-07 11:38:09.735
/media/vsi-dev/Lacie_2/mndot_workzone_project/Toyota/campaign_0f13274e-1e23-415d-8a6c-56f06a60a20a-Toyota_Prius_-_Austin_-_1/campaign/processed_json/segments/e6b4bacb-a530-472c-8a4f-cfdd6d463762/part_2/005476.json,43.6806519,-92.9839902,0,38.24,63.730569948186535,48.18652849740933,49.0633608815427,18.966942148760328,52.42,0.9316658593162049,0.7955763521985634,2025-07-07 11:38:09.771
/media/vsi-dev/Lacie_2/mndot_workzone_project/Toyota/campaign_0f13274e-1e23-415d-8a6c-56f06a60a20a-Toyota_Prius_-_Austin_-_1/campaign/processed_json/segments/e6b4bacb-a530-472c-8a4f-cfdd6d463762/part_2/005477.json,43.6806519,-92.9839902,0,38.75,63.730569948186535,47.15025906735752,67.05234159779614,21.019283746556475,54.87,0.9018043081278937,0.7779832110865895,2025-07-07 11:38:09.799
/media/vsi-dev/Lacie_2/mndot_workzone_project/Toyota/campaign_0f13274e-1e23-415d-8a6c-56f06a60a20a-Toyota_Prius_-_Austin_-_1/campaign/processed_json/segments/e6b4bacb-a530-472c-8a4f-cfdd6d463762/part_2/005478.json,43.6806519,-92.9839902,0,37.81,64.76683937823834,46.1139896373057,50.01377410468319,22.31404958677686,52.52,0.9262518263068077,0.7544146962554625,2025-07-07 11:38:09.831
/media/vsi-dev/Lacie_2/mndot_workzone_project/Toyota/campaign_0f13274e-1e23-415d-8a6c-56f06a60a20a-Toyota_Prius_-_Austin_-_1/campaign/processed_json/segments/e6b4bacb-a530-472c-8a4f-cfdd6d463762/part_2/005479.json,43.6806519,-92.9839902,0,38.4,64.76683937823834,44.04145077720207,68.22314049586777,23.195592286501377,54.63,0.9023300028966026,0.7523761741549876,2025-07-07 11:38:09.867
/media/vsi-dev/Lacie_2/mndot_workzone_project/Toyota/campaign_0f13274e-1e23-415d-8a6c-56f06a60a20a-Toyota_Prius_-_Austin_-_1/campaign/processed_json/segments/e6b4bacb-a530-472c-8a4f-cfdd6d463762/part_2/005480.json,43.6806519,-92.9839902,0,37.63,63.730569948186535,41.968911917098445,63.52617079889807,24.53168044077135,53.11,0.7345859270900956,0.9035215317275869,2025-07-07 11:38:09.902
/media/vsi-dev/Lacie_2/mndot_workzone_project/Toyota/campaign_0f13274e-1e23-415d-8a6c-56f06a60a20a-Toyota_Prius_-_Austin_-_1/campaign/processed_json/segments/e6b4bacb-a530-472c-8a4f-cfdd6d463762/part_2/005481.json,43.6806519,-92.9839902,0,36.69,64.76683937823834,39.89637305699482,47.36914600550964,27.093663911845727,50.76,0.705582214758433,0.9326952354764682,2025-07-07 11:38:09.934
/media/vsi-dev/Lacie_2/mndot_workzone_project/Toyota/campaign_0f13274e-1e23-415d-8a6c-56f06a60a20a-Toyota_Prius_-_Austin_-_1/campaign/processed_json/segments/e6b4bacb-a530-472c-8a4f-cfdd6d463762/part_2/005482.json,43.6806519,-92.9839902,0,35.72,63.730569948186535,36.787564766839374,46.99724517906336,27.878787878787882,49.37,0.663050345847279,0.9342682684546284,2025-07-07 11:38:09.968
/media/vsi-dev/Lacie_2/mndot_workzone_project/Toyota/campaign_0f13274e-1e23-415d-8a6c-56f06a60a20a-Toyota_Prius_-_Austin_-_1/campaign/processed_json/segments/e6b4bacb-a530-472c-8a4f-cfdd6d463762/part_2/005483.json,43.6806519,-92.9839902,0.016570852145880985,40.78,63.730569948186535,64.76683937823834,65.70247933884298,29.738292011019286,60.77,0.90229484984887,0.6782453659490182,2025-07-07 11:38:10.005
/media/vsi-dev/Lacie_2/mndot_workzone_project/Toyota/campaign_0f13274e-1e23-415d-8a6c-56f06a60a20a-Toyota_Prius_-_Austin_-_1/campaign/processed_json/segments/e6b4bacb-a530-472c-8a4f-cfdd6d463762/part_2/005484.json,43.6806519,-92.9839902,0,39.92,63.212435233160626,65.80310880829016,46.294765840220386,32.69972451790634,58.76,0.9295868528501141,0.7120168780561926,2025-07-07 11:38:10.051
/media/vsi-dev/Lacie_2/mndot_workzone_project/Toyota/campaign_0f13274e-1e23-415d-8a6c-56f06a60a20a-Toyota_Prius_-_Austin_-_1/campaign/processed_json/segments/e6b4bacb-a530-472c-8a4f-cfdd6d463762/part_2/005485.json,43.6806519,-92.9839902,0.9872815715902905,81.55,63.212435233160626,66.83937823834198,59.47658402203857,34.43526170798898,61.78,0.90720509868459,0.8279465776581991,2025-07-07 11:38:10.070
/media/vsi-dev/Lacie_2/mndot_workzone_project/Toyota/campaign_0f13274e-1e23-415d-8a6c-56f06a60a20a-Toyota_Prius_-_Austin_-_1/campaign/processed_json/segments/e6b4bacb-a530-472c-8a4f-cfdd6d463762/part_2/005486.json,43.6806519,-92.9839902,0.9692332344763441,81.01,63.730569948186535,66.83937823834198,49.60055096418733,38.84297520661157,61.3,0.9273730793807742,0.8445218287308517,2025-07-07 11:38:10.102
/media/vsi-dev/Lacie_2/mndot_workzone_project/Toyota/campaign_0f13274e-1e23-415d-8a6c-56f06a60a20a-Toyota_Prius_-_Austin_-_1/campaign/processed_json/segments/e6b4bacb-a530-472c-8a4f-cfdd6d463762/part_2/005487.json,43.6806519,-92.9839902,0.9686209220161778,81.81,63.730569948186535,66.83937823834198,65.633608815427,40.33057851239669,63.83,0.9032768203735024,0.8503527981501926,2025-07-07 11:38:10.138
/media/vsi-dev/Lacie_2/mndot_workzone_project/Toyota/campaign_0f13274e-1e23-415d-8a6c-56f06a60a20a-Toyota_Prius_-_Austin_-_1/campaign/processed_json/segments/e6b4bacb-a530-472c-8a4f-cfdd6d463762/part_2/005488.json,43.6806519,-92.9839902,0.9686209220161778,82.25,64.24870466321244,66.83937823834198,66.18457300275482,43.27823691460055,64.58,0.9038307885332514,0.8637800202548009,2025-07-07 11:38:10.167
/media/vsi-dev/Lacie_2/mndot_workzone_project/Toyota/campaign_0f13274e-1e23-415d-8a6c-56f06a60a20a-Toyota_Prius_-_Austin_-_1/campaign/processed_json/segments/e6b4bacb-a530-472c-8a4f-cfdd6d463762/part_2/005489.json,43.6806519,-92.9839902,0.9689207832993832,80.05,63.730569948186535,66.83937823834198,26.47382920110193,48.1267217630854,59.17,0.8871730915306519,0.8752770444385785,2025-07-07 11:38:10.203
/media/vsi-dev/Lacie_2/mndot_workzone_project/Toyota/campaign_0f13274e-1e23-415d-8a6c-56f06a60a20a-Toyota_Prius_-_Austin_-_1/campaign/processed_json/segments/e6b4bacb-a530-472c-8a4f-cfdd6d463762/part_2/005490.json,43.6806519,-92.9839902,0,41.7,65.80310880829016,66.83937823834198,18.81542699724518,53.45730027548209,59.57,0.899405304115995,0.887730289267864,2025-07-07 11:38:10.242
/media/vsi-dev/Lacie_2/mndot_workzone_project/Toyota/campaign_0f13274e-1e23-415d-8a6c-56f06a60a20a-Toyota_Prius_-_Austin_-_1/campaign/processed_json/segments/e6b4bacb-a530-472c-8a4f-cfdd6d463762/part_2/005491.json,43.6806519,-92.9839902,0.9684335543910279,82.42,64.76683937823834,66.83937823834198,44.641873278236915,56.21212121212121,63.71,0.9277028747114887,0.8923704555736441,2025-07-07 11:38:10.268
/media/vsi-dev/Lacie_2/mndot_workzone_project/Toyota/campaign_0f13274e-1e23-415d-8a6c-56f06a60a20a-Toyota_Prius_-_Austin_-_1/campaign/processed_json/segments/e6b4bacb-a530-472c-8a4f-cfdd6d463762/part_2/005492.json,43.6806519,-92.9839902,0.9704334030551546,81.41,63.730569948186535,66.83937823834198,31.96969696969697,55.3030303030303,61.3,0.9152165189185183,0.892231838579832,2025-07-07 11:38:10.302
/media/vsi-dev/Lacie_2/mndot_workzone_project/Toyota/campaign_0f13274e-1e23-415d-8a6c-56f06a60a20a-Toyota_Prius_-_Austin_-_1/campaign/processed_json/segments/e6b4bacb-a530-472c-8a4f-cfdd6d463762/part_2/005493.json,43.6806519,-92.9839902,0.9671229642340716,83.31,64.24870466321244,66.83937823834198,67.32782369146005,56.21212121212121,66.81,0.900070135543288,0.8898544259157237,2025-07-07 11:38:10.334
/media/vsi-dev/Lacie_2/mndot_workzone_project/Toyota/campaign_0f13274e-1e23-415d-8a6c-56f06a60a20a-Toyota_Prius_-_Austin_-_1/campaign/processed_json/segments/e6b4bacb-a530-472c-8a4f-cfdd6d463762/part_2/005494.json,43.6806519,-92.9839902,0.9684335543910279,83.2,64.24870466321244,66.83937823834198,65.15151515151516,55.89531680440771,66.43,0.8994096655781743,0.8894962444104964,2025-07-07 11:38:10.371
/media/vsi-dev/Lacie_2/mndot_workzone_project/Toyota/campaign_0f13274e-1e23-415d-8a6c-56f06a60a20a-Toyota_Prius_-_Austin_-_1/campaign/processed_json/segments/e6b4bacb-a530-472c-8a4f-cfdd6d463762/part_2/005495.json,43.6806519,-92.9839902,0.9674348535047814,82.93,63.730569948186535,66.83937823834198,63.1404958677686,55.05509641873279,65.85,0.8999398206025067,0.8896969520470119,2025-07-07 11:38:10.402
/media/vsi-dev/Lacie_2/mndot_workzone_project/Toyota/campaign_0f13274e-1e23-415d-8a6c-56f06a60a20a-Toyota_Prius_-_Austin_-_1/campaign/processed_json/segments/e6b4bacb-a530-472c-8a4f-cfdd6d463762/part_2/005496.json,43.6806519,-92.9839902,0.9686209220161778,82.41,64.24870466321244,66.83937823834198,46.5564738292011,55.082644628099175,63.67,0.9299554534099042,0.8899690286746309,2025-07-07 11:38:10.437
/media/vsi-dev/Lacie_2/mndot_workzone_project/Toyota/campaign_0f13274e-1e23-415d-8a6c-56f06a60a20a-Toyota_Prius_-_Austin_-_1/campaign/processed_json/segments/e6b4bacb-a530-472c-8a4f-cfdd6d463762/part_2/005497.json,43.6806519,-92.9839902,0.9677218777280071,83.06,64.76683937823834,65.80310880829016,64.83471074380165,54.79338842975206,66.07,0.9021491247566533,0.8896782969265473,2025-07-07 11:38:10.473
/media/vsi-dev/Lacie_2/mndot_workzone_project/Toyota/campaign_0f13274e-1e23-415d-8a6c-56f06a60a20a-Toyota_Prius_-_Austin_-_1/campaign/processed_json/segments/e6b4bacb-a530-472c-8a4f-cfdd6d463762/part_2/005498.json,43.6806519,-92.9839902,0.9677218777280071,83.17,63.730569948186535,66.83937823834198,66.68044077134986,55.00000000000001,66.38,0.902300396469402,0.8888264095809492,2025-07-07 11:38:10.501
/media/vsi-dev/Lacie_2/mndot_workzone_project/Toyota/campaign_0f13274e-1e23-415d-8a6c-56f06a60a20a-Toyota_Prius_-_Austin_-_1/campaign/processed_json/segments/e6b4bacb-a530-472c-8a4f-cfdd6d463762/part_2/005499.json,43.6806519,-92.9839902,0.9664246858491891,82.28,63.730569948186535,66.32124352331607,48.829201101928376,54.77961432506887,63.64,0.9274855235857848,0.8894262641855871,2025-07-07 11:38:10.540
/media/vsi-dev/Lacie_2/mndot_workzone_project/Toyota/campaign_0f13274e-1e23-415d-8a6c-56f06a60a20a-Toyota_Prius_-_Austin_-_1/campaign/processed_json/segments/e6b4bacb-a530-472c-8a4f-cfdd6d463762/part_2/005500.json,43.6806519,-92.9839902,0.9682212468815178,83.31,64.76683937823834,66.83937823834198,65.52341597796143,55.468319559228654,66.6,0.9037250835339978,0.8902711352380239,2025-07-07 11:38:10.582
/media/vsi-dev/Lacie_2/mndot_workzone_project/Toyota/campaign_0f13274e-1e23-415d-8a6c-56f06a60a20a-Toyota_Prius_-_Austin_-_1/campaign/processed_json/segments/e6b4bacb-a530-472c-8a4f-cfdd6d463762/part_2/005501.json,43.6806519,-92.9839902,0.9664246858491891,82.04,64.24870466321244,66.83937823834198,46.460055096418735,49.862258953168045,62.89,0.9339095852964677,0.8886296956977222,2025-07-07 11:38:10.603
/media/vsi-dev/Lacie_2/mndot_workzone_project/Toyota/campaign_0f13274e-1e23-415d-8a6c-56f06a60a20a-Toyota_Prius_-_Austin_-_1/campaign/processed_json/segments/e6b4bacb-a530-472c-8a4f-cfdd6d463762/part_2/005502.json,43.6806519,-92.9839902,0.9674348535047814,82.45,64.76683937823834,66.83937823834198,45.73002754820937,55.27548209366391,63.76,0.9339410174691255,0.8910049453640742,2025-07-07 11:38:10.633
/media/vsi-dev/Lacie_2/mndot_workzone_project/Toyota/campaign_0f13274e-1e23-415d-8a6c-56f06a60a20a-Toyota_Prius_-_Austin_-_1/campaign/processed_json/segments/e6b4bacb-a530-472c-8a4f-cfdd6d463762/part_2/005503.json,43.6806519,-92.9839902,0.9686209220161778,83.56,64.76683937823834,66.83937823834198,69.91735537190083,55.289256198347104,67.22,0.9038531940307877,0.8883739031245385,2025-07-07 11:38:10.676
/media/vsi-dev/Lacie_2/mndot_workzone_project/Toyota/campaign_0f13274e-1e23-415d-8a6c-56f06a60a20a-Toyota_Prius_-_Austin_-_1/campaign/processed_json/segments/e6b4bacb-a530-472c-8a4f-cfdd6d463762/part_2/005504.json,43.6806534,-92.9837843,0.9647309005073157,82.37,63.730569948186535,66.32124352331607,51.34986225895317,55.04132231404959,64.05,0.9263912561258194,0.8892505178528429,2025-07-07 11:38:10.705
/media/vsi-dev/Lacie_2/mndot_workzone_project/Toyota/campaign_0f13274e-1e23-415d-8a6c-56f06a60a20a-Toyota_Prius_-_Austin_-_1/campaign/processed_json/segments/e6b4bacb-a530-472c-8a4f-cfdd6d463762/part_2/005505.json,43.6806534,-92.9837843,0.9671229642340716,82.36,64.76683937823834,65.80310880829016,48.18181818181818,54.02203856749311,63.62,0.9331482918318023,0.889656985204909,2025-07-07 11:38:10.735
/media/vsi-dev/Lacie_2/mndot_workzone_project/Toyota/campaign_0f13274e-1e23-415d-8a6c-56f06a60a20a-Toyota_Prius_-_Austin_-_1/campaign/processed_json/segments/e6b4bacb-a530-472c-8a4f-cfdd6d463762/part_2/005506.json,43.6806534,-92.9837843,0.9704334030551546,80.21,63.730569948186535,66.83937823834198,69.82093663911846,0.0,58.62,0.9044330433137027,0.8902351806257521,2025-07-07 11:38:10.766
/media/vsi-dev/Lacie_2/mndot_workzone_project/Toyota/campaign_0f13274e-1e23-415d-8a6c-56f06a60a20a-Toyota_Prius_-_Austin_-_1/campaign/processed_json/segments/e6b4bacb-a530-472c-8a4f-cfdd6d463762/part_2/005507.json,43.6806534,-92.9837843,0.9664246858491891,80.23,64.24870466321244,64.24870466321244,52.07988980716254,14.55922865013774,57.78,0.927352915512948,0.9189652473171535,2025-07-07 11:38:10.804
/media/vsi-dev/Lacie_2/mndot_workzone_project/Toyota/campaign_0f13274e-1e23-415d-8a6c-56f06a60a20a-Toyota_Prius_-_Austin_-_1/campaign/processed_json/segments/e6b4bacb-a530-472c-8a4f-cfdd6d463762/part_2/005508.json,43.6806534,-92.9837843,0.9704334030551546,80.49,65.28497409326425,67.87564766839378,69.46280991735537,0.0,59.34,0.9047149570911325,0.8893765650259098,2025-07-07 11:38:10.840
/media/vsi-dev/Lacie_2/mndot_workzone_project/Toyota/campaign_0f13274e-1e23-415d-8a6c-56f06a60a20a-Toyota_Prius_-_Austin_-_1/campaign/processed_json/segments/e6b4bacb-a530-472c-8a4f-cfdd6d463762/part_2/005509.json,43.6806534,-92.9837843,0.966038349019377,80.24,65.28497409326425,64.76683937823834,48.84297520661157,14.889807162534435,57.81,0.9338954377513045,0.9133898633262155,2025-07-07 11:38:10.868
/media/vsi-dev/Lacie_2/mndot_workzone_project/Toyota/campaign_0f13274e-1e23-415d-8a6c-56f06a60a20a-Toyota_Prius_-_Austin_-_1/campaign/processed_json/segments/e6b4bacb-a530-472c-8a4f-cfdd6d463762/part_2/005510.json,43.6806534,-92.9837843,0.9760904721403703,84.2,65.28497409326425,68.9119170984456,69.76584022038568,55.633608815426996,68.04,0.9045082770679934,0.8890907608198154,2025-07-07 11:38:10.902
/media/vsi-dev/Lacie_2/mndot_workzone_project/Toyota/campaign_0f13274e-1e23-415d-8a6c-56f06a60a20a-Toyota_Prius_-_Austin_-_1/campaign/processed_json/segments/e6b4bacb-a530-472c-8a4f-cfdd6d463762/part_2/005511.json,43.6806534,-92.9837843,0.9821119255343636,80.94,64.76683937823834,68.9119170984456,68.60881542699725,0.0,59.35,0.9015346881602667,0.8897416128634089,2025-07-07 11:38:10.934
/media/vsi-dev/Lacie_2/mndot_workzone_project/Toyota/campaign_0f13274e-1e23-415d-8a6c-56f06a60a20a-Toyota_Prius_-_Austin_-_1/campaign/processed_json/segments/e6b4bacb-a530-472c-8a4f-cfdd6d463762/part_2/005512.json,43.6806534,-92.9837843,0.9839305142725083,81.02,64.76683937823834,67.87564766839378,70.24793388429752,0.0,59.3,0.9042709845968631,0.8900940858241814,2025-07-07 11:38:10.968
/media/vsi-dev/Lacie_2/mndot_workzone_project/Toyota/campaign_0f13274e-1e23-415d-8a6c-56f06a60a20a-Toyota_Prius_-_Austin_-_1/campaign/processed_json/segments/e6b4bacb-a530-472c-8a4f-cfdd6d463762/part_2/005513.json,43.6806534,-92.9837843,0.9801986733067553,80.88,64.76683937823834,67.87564766839378,70.22038567493112,0.06887052341597796,59.31,0.9048567561935178,0.8896715418773198,2025-07-07 11:38:11.001
/media/vsi-dev/Lacie_2/mndot_workzone_project/Toyota/campaign_0f13274e-1e23-415d-8a6c-56f06a60a20a-Toyota_Prius_-_Austin_-_1/campaign/processed_json/segments/e6b4bacb-a530-472c-8a4f-cfdd6d463762/part_2/005514.json,43.6806534,-92.9837843,0.9689207832993832,80.86,65.80310880829016,63.730569948186535,49.696969696969695,19.11845730027548,58.53,0.9334691194532505,0.9358766454974267,2025-07-07 11:38:11.035
/media/vsi-dev/Lacie_2/mndot_workzone_project/Toyota/campaign_0f13274e-1e23-415d-8a6c-56f06a60a20a-Toyota_Prius_-_Austin_-_1/campaign/processed_json/segments/e6b4bacb-a530-472c-8a4f-cfdd6d463762/part_2/005515.json,43.6806534,-92.9837843,0.9738967374550571,81.09,63.730569948186535,64.24870466321244,47.58953168044077,24.793388429752067,58.6,0.9312756843836172,0.9384296650005667,2025-07-07 11:38:11.068
/media/vsi-dev/Lacie_2/mndot_workzone_project/Toyota/campaign_0f13274e-1e23-415d-8a6c-56f06a60a20a-Toyota_Prius_-_Austin_-_1/campaign/processed_json/segments/e6b4bacb-a530-472c-8a4f-cfdd6d463762/part_2/005516.json,43.6806534,-92.9837843,0.9872815715902905,83.3,65.28497409326425,68.9119170984456,45.289256198347104,55.34435261707989,64.38,0.9158750116754442,0.8896165639223789,2025-07-07 11:38:11.102
/media/vsi-dev/Lacie_2/mndot_workzone_project/Toyota/campaign_0f13274e-1e23-415d-8a6c-56f06a60a20a-Toyota_Prius_-_Austin_-_1/campaign/processed_json/segments/e6b4bacb-a530-472c-8a4f-cfdd6d463762/part_2/005517.json,43.6806534,-92.9837843,0.9760904721403703,82.83,65.80310880829016,68.39378238341969,45.950413223140494,53.15426997245179,64.18,0.9266993454941945,0.8846812150471541,2025-07-07 11:38:11.136
/media/vsi-dev/Lacie_2/mndot_workzone_project/Toyota/campaign_0f13274e-1e23-415d-8a6c-56f06a60a20a-Toyota_Prius_-_Austin_-_1/campaign/processed_json/segments/e6b4bacb-a530-472c-8a4f-cfdd6d463762/part_2/005518.json,43.6806534,-92.9837843,0.9690332544750109,83.63,65.80310880829016,67.87564766839378,67.43801652892562,54.79338842975206,67.39,0.9027721264965274,0.8881156591465892,2025-07-07 11:38:11.170
/media/vsi-dev/Lacie_2/mndot_workzone_project/Toyota/campaign_0f13274e-1e23-415d-8a6c-56f06a60a20a-Toyota_Prius_-_Austin_-_1/campaign/processed_json/segments/e6b4bacb-a530-472c-8a4f-cfdd6d463762/part_2/005519.json,43.6806534,-92.9837843,0.9821119255343636,84.11,65.80310880829016,68.9119170984456,64.82093663911846,54.57300275482093,67.28,0.9027298500071211,0.8884097915378291,2025-07-07 11:38:11.201
/media/vsi-dev/Lacie_2/mndot_workzone_project/Toyota/campaign_0f13274e-1e23-415d-8a6c-56f06a60a20a-Toyota_Prius_-_Austin_-_1/campaign/processed_json/segments/e6b4bacb-a530-472c-8a4f-cfdd6d463762/part_2/005520.json,43.6806534,-92.9837843,0.9686209220161778,80.21,64.76683937823834,68.39378238341969,66.59779614325069,0.0,58.89,0.901698919392109,0.8891054411090422,2025-07-07 11:38:11.239
/media/vsi-dev/Lacie_2/mndot_workzone_project/Toyota/campaign_0f13274e-1e23-415d-8a6c-56f06a60a20a-Toyota_Prius_-_Austin_-_1/campaign/processed_json/segments/e6b4bacb-a530-472c-8a4f-cfdd6d463762/part_2/005521.json,43.6806534,-92.9837843,0.9674348535047814,82.62,64.76683937823834,67.87564766839378,48.14049586776859,54.77961432506887,64.33,0.9298958498880172,0.8894305690995189,2025-07-07 11:38:11.270
/media/vsi-dev/Lacie_2/mndot_workzone_project/Toyota/campaign_0f13274e-1e23-415d-8a6c-56f06a60a20a-Toyota_Prius_-_Austin_-_1/campaign/processed_json/segments/e6b4bacb-a530-472c-8a4f-cfdd6d463762/part_2/005522.json,43.6806534,-92.9837843,0.9727652403079083,83.75,64.76683937823834,68.9119170984456,66.72176308539945,54.903581267217625,67.31,0.9021139200512962,0.8897616702985515,2025-07-07 11:38:11.299
/media/vsi-dev/Lacie_2/mndot_workzone_project/Toyota/campaign_0f13274e-1e23-415d-8a6c-56f06a60a20a-Toyota_Prius_-_Austin_-_1/campaign/processed_json/segments/e6b4bacb-a530-472c-8a4f-cfdd6d463762/part_2/005523.json,43.6806534,-92.9837843,0.9690332544750109,82.7,64.76683937823834,68.39378238341969,46.92837465564738,54.862258953168045,64.32,0.9313797238442327,0.8899751367139994,2025-07-07 11:38:11.334
/media/vsi-dev/Lacie_2/mndot_workzone_project/Toyota/campaign_0f13274e-1e23-415d-8a6c-56f06a60a20a-Toyota_Prius_-_Austin_-_1/campaign/processed_json/segments/e6b4bacb-a530-472c-8a4f-cfdd6d463762/part_2/005524.json,43.6806534,-92.9837843,0.9692207345544688,83.61,64.76683937823834,68.9119170984456,66.59779614325069,55.027548209366394,67.31,0.9016877249669584,0.8899510691717443,2025-07-07 11:38:11.371
/media/vsi-dev/Lacie_2/mndot_workzone_project/Toyota/campaign_0f13274e-1e23-415d-8a6c-56f06a60a20a-Toyota_Prius_-_Austin_-_1/campaign/processed_json/segments/e6b4bacb-a530-472c-8a4f-cfdd6d463762/part_2/005525.json,43.6806534,-92.9837843,0.9691207408042318,83.26,65.80310880829016,68.9119170984456,53.07162534435261,54.82093663911846,65.71,0.9307356131830007,0.8906657321470194,2025-07-07 11:38:11.403
/media/vsi-dev/Lacie_2/mndot_workzone_project/Toyota/campaign_0f13274e-1e23-415d-8a6c-56f06a60a20a-Toyota_Prius_-_Austin_-_1/campaign/processed_json/segments/e6b4bacb-a530-472c-8a4f-cfdd6d463762/part_2/005526.json,43.6806534,-92.9837843,0.9771525479278598,81.8,65.80310880829016,64.24870466321244,50.895316804407706,27.699724517906336,60.13,0.9303375758810423,0.9355880335472458,2025-07-07 11:38:11.434
/media/vsi-dev/Lacie_2/mndot_workzone_project/Toyota/campaign_0f13274e-1e23-415d-8a6c-56f06a60a20a-Toyota_Prius_-_Austin_-_1/campaign/processed_json/segments/e6b4bacb-a530-472c-8a4f-cfdd6d463762/part_2/005527.json,43.6806534,-92.9837843,0.9781913242622373,84.23,65.80310880829016,68.9119170984456,68.65013774104683,54.710743801652896,67.89,0.9039079539886421,0.8907552534579868,2025-07-07 11:38:11.469
/media/vsi-dev/Lacie_2/mndot_workzone_project/Toyota/campaign_0f13274e-1e23-415d-8a6c-56f06a60a20a-Toyota_Prius_-_Austin_-_1/campaign/processed_json/segments/e6b4bacb-a530-472c-8a4f-cfdd6d463762/part_2/005528.json,43.6806534,-92.9837843,0.9781913242622373,83.9,65.80310880829016,67.87564766839378,65.86776859504133,54.35261707988981,67.1,0.9031427366752015,0.8900912894048041,2025-07-07 11:38:11.506
/media/vsi-dev/Lacie_2/mndot_workzone_project/Toyota/campaign_0f13274e-1e23-415d-8a6c-56f06a60a20a-Toyota_Prius_-_Austin_-_1/campaign/processed_json/segments/e6b4bacb-a530-472c-8a4f-cfdd6d463762/part_2/005529.json,43.6806534,-92.9837843,0.9738967374550571,83.19,65.28497409326425,67.87564766839378,53.471074380165284,54.421487603305785,65.21,0.9250051208162642,0.8902419656095386,2025-07-07 11:38:11.537
/media/vsi-dev/Lacie_2/mndot_workzone_project/Toyota/campaign_0f13274e-1e23-415d-8a6c-56f06a60a20a-Toyota_Prius_-_Austin_-_1/campaign/processed_json/segments/e6b4bacb-a530-472c-8a4f-cfdd6d463762/part_2/005530.json,43.6806534,-92.9837843,0.9692332344763441,83.13,66.83937823834198,67.87564766839378,50.90909090909091,54.07713498622589,65.29,0.9327104273169347,0.8920706179451193,2025-07-07 11:38:11.575
/media/vsi-dev/Lacie_2/mndot_workzone_project/Toyota/campaign_0f13274e-1e23-415d-8a6c-56f06a60a20a-Toyota_Prius_-_Austin_-_1/campaign/processed_json/segments/e6b4bacb-a530-472c-8a4f-cfdd6d463762/part_2/005531.json,43.6806534,-92.9837843,0.9781913242622373,83.71,66.83937823834198,68.9119170984456,53.278236914600555,54.61432506887053,66.0,0.928195019422887,0.8900431892274747,2025-07-07 11:38:11.602
/media/vsi-dev/Lacie_2/mndot_workzone_project/Toyota/campaign_0f13274e-1e23-415d-8a6c-56f06a60a20a-Toyota_Prius_-_Austin_-_1/campaign/processed_json/segments/e6b4bacb-a530-472c-8a4f-cfdd6d463762/part_2/005532.json,43.6806534,-92.9837843,0.9801986733067553,83.3,66.83937823834198,68.9119170984456,45.964187327823694,51.790633608815426,64.53,0.9385899803984787,0.8898588581335107,2025-07-07 11:38:11.640
/media/vsi-dev/Lacie_2/mndot_workzone_project/Toyota/campaign_0f13274e-1e23-415d-8a6c-56f06a60a20a-Toyota_Prius_-_Austin_-_1/campaign/processed_json/segments/e6b4bacb-a530-472c-8a4f-cfdd6d463762/part_2/005533.json,43.6806538,-92.9835711,0.9902478635182347,81.61,66.32124352331607,68.9119170984456,69.64187327823691,0.0,60.01,0.9078435421932494,0.8918910913370364,2025-07-07 11:38:11.669
/media/vsi-dev/Lacie_2/mndot_workzone_project/Toyota/campaign_0f13274e-1e23-415d-8a6c-56f06a60a20a-Toyota_Prius_-_Austin_-_1/campaign/processed_json/segments/e6b4bacb-a530-472c-8a4f-cfdd6d463762/part_2/005534.json,43.6806538,-92.9835711,0.9872815715902905,84.75,66.83937823834198,68.39378238341969,69.0771349862259,54.848484848484844,68.16,0.9077592502984679,0.8915108186223936,2025-07-07 11:38:11.699
/media/vsi-dev/Lacie_2/mndot_workzone_project/Toyota/campaign_0f13274e-1e23-415d-8a6c-56f06a60a20a-Toyota_Prius_-_Austin_-_1/campaign/processed_json/segments/e6b4bacb-a530-472c-8a4f-cfdd6d463762/part_2/005535.json,43.6806538,-92.9835711,0.9801986733067553,82.98,67.87564766839378,63.730569948186535,70.39944903581267,26.5702479338843,63.26,0.909497730676455,0.9376900898650711,2025-07-07 11:38:11.741
/media/vsi-dev/Lacie_2/mndot_workzone_project/Toyota/campaign_0f13274e-1e23-415d-8a6c-56f06a60a20a-Toyota_Prius_-_Austin_-_1/campaign/processed_json/segments/e6b4bacb-a530-472c-8a4f-cfdd6d463762/part_2/005536.json,43.6806538,-92.9835711,0.9848041402180955,84.01,67.35751295336787,68.39378238341969,52.396694214876035,54.62809917355372,65.91,0.933931462123747,0.8913527724003166,2025-07-07 11:38:11.773
/media/vsi-dev/Lacie_2/mndot_workzone_project/Toyota/campaign_0f13274e-1e23-415d-8a6c-56f06a60a20a-Toyota_Prius_-_Austin_-_1/campaign/processed_json/segments/e6b4bacb-a530-472c-8a4f-cfdd6d463762/part_2/005537.json,43.6806538,-92.9835711,0.9856539001953453,84.65,66.83937823834198,68.39378238341969,68.69146005509641,54.807162534435264,68.09,0.9074039327923998,0.8910943508097847,2025-07-07 11:38:11.809
/media/vsi-dev/Lacie_2/mndot_workzone_project/Toyota/campaign_0f13274e-1e23-415d-8a6c-56f06a60a20a-Toyota_Prius_-_Austin_-_1/campaign/processed_json/segments/e6b4bacb-a530-472c-8a4f-cfdd6d463762/part_2/005538.json,43.6806538,-92.9835711,0.9839305142725083,84.02,66.83937823834198,68.39378238341969,56.060606060606055,54.28374655647383,66.21,0.9257472303985697,0.891888029281209,2025-07-07 11:38:11.834
/media/vsi-dev/Lacie_2/mndot_workzone_project/Toyota/campaign_0f13274e-1e23-415d-8a6c-56f06a60a20a-Toyota_Prius_-_Austin_-_1/campaign/processed_json/segments/e6b4bacb-a530-472c-8a4f-cfdd6d463762/part_2/005539.json,43.6806538,-92.9835711,0.9880593620427125,84.78,66.83937823834198,68.39378238341969,69.9586776859504,54.35261707988981,68.2,0.9063474880048965,0.8912817507716567,2025-07-07 11:38:11.871
/media/vsi-dev/Lacie_2/mndot_workzone_project/Toyota/campaign_0f13274e-1e23-415d-8a6c-56f06a60a20a-Toyota_Prius_-_Austin_-_1/campaign/processed_json/segments/e6b4bacb-a530-472c-8a4f-cfdd6d463762/part_2/005540.json,43.6806538,-92.9835711,0.9811670975774323,83.61,66.83937823834198,68.9119170984456,47.988980716253444,54.93112947658402,65.29,0.9358890914267386,0.8887514623295939,2025-07-07 11:38:11.907
/media/vsi-dev/Lacie_2/mndot_workzone_project/Toyota/campaign_0f13274e-1e23-415d-8a6c-56f06a60a20a-Toyota_Prius_-_Austin_-_1/campaign/processed_json/segments/e6b4bacb-a530-472c-8a4f-cfdd6d463762/part_2/005541.json,43.6806538,-92.9835711,0.9771525479278598,83.48,66.32124352331607,68.9119170984456,50.27548209366392,54.903581267217625,65.45,0.9311510968751856,0.8900120565604002,2025-07-07 11:38:11.933
/media/vsi-dev/Lacie_2/mndot_workzone_project/Toyota/campaign_0f13274e-1e23-415d-8a6c-56f06a60a20a-Toyota_Prius_-_Austin_-_1/campaign/processed_json/segments/e6b4bacb-a530-472c-8a4f-cfdd6d463762/part_2/005542.json,43.6806538,-92.9835711,0.9934093144689159,84.85,65.80310880829016,68.39378238341969,69.11845730027548,54.66942148760331,67.82,0.9073603736886175,0.8907689225287125,2025-07-07 11:38:11.972
/media/vsi-dev/Lacie_2/mndot_workzone_project/Toyota/campaign_0f13274e-1e23-415d-8a6c-56f06a60a20a-Toyota_Prius_-_Austin_-_1/campaign/processed_json/segments/e6b4bacb-a530-472c-8a4f-cfdd6d463762/part_2/005543.json,43.6806538,-92.9835711,0.988813044611233,84.0,65.80310880829016,68.9119170984456,52.28650137741047,54.807162534435264,65.59,0.9311101247335488,0.8903362330774852,2025-07-07 11:38:12.003
/media/vsi-dev/Lacie_2/mndot_workzone_project/Toyota/campaign_0f13274e-1e23-415d-8a6c-56f06a60a20a-Toyota_Prius_-_Austin_-_1/campaign/processed_json/segments/e6b4bacb-a530-472c-8a4f-cfdd6d463762/part_2/005544.json,43.6806538,-92.9835711,0.9945026659478988,84.88,66.32124352331607,67.87564766839378,69.0909090909091,54.98622589531681,67.85,0.9048550204327341,0.8906589580019579,2025-07-07 11:38:12.033
/media/vsi-dev/Lacie_2/mndot_workzone_project/Toyota/campaign_0f13274e-1e23-415d-8a6c-56f06a60a20a-Toyota_Prius_-_Austin_-_1/campaign/processed_json/segments/e6b4bacb-a530-472c-8a4f-cfdd6d463762/part_2/005545.json,43.6806538,-92.9835711,0.9801986733067553,83.33,64.76683937823834,67.87564766839378,51.62534435261708,54.98622589531681,64.87,0.9281297555937554,0.8893721852877016,2025-07-07 11:38:12.069
/media/vsi-dev/Lacie_2/mndot_workzone_project/Toyota/campaign_0f13274e-1e23-415d-8a6c-56f06a60a20a-Toyota_Prius_-_Austin_-_1/campaign/processed_json/segments/e6b4bacb-a530-472c-8a4f-cfdd6d463762/part_2/005546.json,43.6806538,-92.9835711,0.9760904721403703,83.2,64.24870466321244,68.39378238341969,51.37741046831956,55.44077134986226,64.91,0.9292043175733092,0.8902218182567624,2025-07-07 11:38:12.100
/media/vsi-dev/Lacie_2/mndot_workzone_project/Toyota/campaign_0f13274e-1e23-415d-8a6c-56f06a60a20a-Toyota_Prius_-_Austin_-_1/campaign/processed_json/segments/e6b4bacb-a530-472c-8a4f-cfdd6d463762/part_2/005547.json,43.6806538,-92.9835711,0.9872815715902905,84.0,65.80310880829016,68.39378238341969,55.45454545454545,54.807162534435264,65.88,0.9253986964537164,0.8904314545541242,2025-07-07 11:38:12.132
/media/vsi-dev/Lacie_2/mndot_workzone_project/Toyota/campaign_0f13274e-1e23-415d-8a6c-56f06a60a20a-Toyota_Prius_-_Austin_-_1/campaign/processed_json/segments/e6b4bacb-a530-472c-8a4f-cfdd6d463762/part_2/005548.json,43.6806538,-92.9835711,0.9760904721403703,83.24,65.28497409326425,67.87564766839378,51.06060606060606,55.39944903581267,65.01,0.9286703606972745,0.8906294837730474,2025-07-07 11:38:12.178
/media/vsi-dev/Lacie_2/mndot_workzone_project/Toyota/campaign_0f13274e-1e23-415d-8a6c-56f06a60a20a-Toyota_Prius_-_Austin_-_1/campaign/processed_json/segments/e6b4bacb-a530-472c-8a4f-cfdd6d463762/part_2/005549.json,43.6806538,-92.9835711,0.9684335543910279,81.25,64.76683937823834,64.24870466321244,51.019283746556475,26.033057851239672,59.6,0.9270052402699077,0.9399065136726562,2025-07-07 11:38:12.203
/media/vsi-dev/Lacie_2/mndot_workzone_project/Toyota/campaign_0f13274e-1e23-415d-8a6c-56f06a60a20a-Toyota_Prius_-_Austin_-_1/campaign/processed_json/segments/e6b4bacb-a530-472c-8a4f-cfdd6d463762/part_2/005550.json,43.6806538,-92.9835711,0.9760904721403703,83.98,64.76683937823834,68.9119170984456,67.98898071625345,54.366391184573004,67.44,0.9046155480026107,0.8912399854937166,2025-07-07 11:38:12.237
/media/vsi-dev/Lacie_2/mndot_workzone_project/Toyota/campaign_0f13274e-1e23-415d-8a6c-56f06a60a20a-Toyota_Prius_-_Austin_-_1/campaign/processed_json/segments/e6b4bacb-a530-472c-8a4f-cfdd6d463762/part_2/005551.json,43.6806538,-92.9835711,0.9692332344763441,83.75,65.80310880829016,68.39378238341969,67.60330578512396,54.83471074380165,67.6,0.9043984001760865,0.8900595781598148,2025-07-07 11:38:12.268
/media/vsi-dev/Lacie_2/mndot_workzone_project/Toyota/campaign_0f13274e-1e23-415d-8a6c-56f06a60a20a-Toyota_Prius_-_Austin_-_1/campaign/processed_json/segments/e6b4bacb-a530-472c-8a4f-cfdd6d463762/part_2/005552.json,43.6806538,-92.9835711,0.9771525479278598,83.79,64.76683937823834,68.39378238341969,65.74380165289256,54.50413223140495,66.95,0.9036248341530531,0.8889589908751298,2025-07-07 11:38:12.301
/media/vsi-dev/Lacie_2/mndot_workzone_project/Toyota/campaign_0f13274e-1e23-415d-8a6c-56f06a60a20a-Toyota_Prius_-_Austin_-_1/campaign/processed_json/segments/e6b4bacb-a530-472c-8a4f-cfdd6d463762/part_2/005553.json,43.6806538,-92.9835711,0.9690332544750109,82.86,64.76683937823834,68.9119170984456,48.89807162534435,55.16528925619835,64.8,0.9306176876895582,0.8870706416237988,2025-07-07 11:38:12.334
/media/vsi-dev/Lacie_2/mndot_workzone_project/Toyota/campaign_0f13274e-1e23-415d-8a6c-56f06a60a20a-Toyota_Prius_-_Austin_-_1/campaign/processed_json/segments/e6b4bacb-a530-472c-8a4f-cfdd6d463762/part_2/005554.json,43.6806538,-92.9835711,0.9738967374550571,83.82,64.76683937823834,68.9119170984456,67.57575757575758,54.58677685950413,67.38,0.9043188600867145,0.8866711632091,2025-07-07 11:38:12.368
/media/vsi-dev/Lacie_2/mndot_workzone_project/Toyota/campaign_0f13274e-1e23-415d-8a6c-56f06a60a20a-Toyota_Prius_-_Austin_-_1/campaign/processed_json/segments/e6b4bacb-a530-472c-8a4f-cfdd6d463762/part_2/005555.json,43.6806538,-92.9835711,0.9771525479278598,83.76,63.730569948186535,67.87564766839378,68.18181818181817,55.31680440771349,66.95,0.902374092898148,0.8872681476665124,2025-07-07 11:38:12.401
/media/vsi-dev/Lacie_2/mndot_workzone_project/Toyota/campaign_0f13274e-1e23-415d-8a6c-56f06a60a20a-Toyota_Prius_-_Austin_-_1/campaign/processed_json/segments/e6b4bacb-a530-472c-8a4f-cfdd6d463762/part_2/005556.json,43.6806538,-92.9835711,0.9692332344763441,83.46,64.24870466321244,67.87564766839378,67.68595041322314,54.94490358126721,66.98,0.9024007357051517,0.887680457558631,2025-07-07 11:38:12.435
/media/vsi-dev/Lacie_2/mndot_workzone_project/Toyota/campaign_0f13274e-1e23-415d-8a6c-56f06a60a20a-Toyota_Prius_-_Austin_-_1/campaign/processed_json/segments/e6b4bacb-a530-472c-8a4f-cfdd6d463762/part_2/005557.json,43.6806538,-92.9835711,0.9781913242622373,80.45,63.730569948186535,67.87564766839378,66.84573002754821,0.0,58.47,0.9039666081798144,0.8891543836438757,2025-07-07 11:38:12.467
/media/vsi-dev/Lacie_2/mndot_workzone_project/Toyota/campaign_0f13274e-1e23-415d-8a6c-56f06a60a20a-Toyota_Prius_-_Austin_-_1/campaign/processed_json/segments/e6b4bacb-a530-472c-8a4f-cfdd6d463762/part_2/005558.json,43.6806538,-92.9835711,0.9771525479278598,83.62,63.730569948186535,67.87564766839378,65.97796143250689,54.862258953168045,66.56,0.9009045859909939,0.8897798588773976,2025-07-07 11:38:12.499
/media/vsi-dev/Lacie_2/mndot_workzone_project/Toyota/campaign_0f13274e-1e23-415d-8a6c-56f06a60a20a-Toyota_Prius_-_Austin_-_1/campaign/processed_json/segments/e6b4bacb-a530-472c-8a4f-cfdd6d463762/part_2/005559.json,43.6806538,-92.9835711,0.9781913242622373,83.86,63.730569948186535,67.87564766839378,68.95316804407715,55.3030303030303,67.07,0.9031164096402541,0.887755069925056,2025-07-07 11:38:12.534
/media/vsi-dev/Lacie_2/mndot_workzone_project/Toyota/campaign_0f13274e-1e23-415d-8a6c-56f06a60a20a-Toyota_Prius_-_Austin_-_1/campaign/processed_json/segments/e6b4bacb-a530-472c-8a4f-cfdd6d463762/part_2/005560.json,43.6806538,-92.9835711,0.9692207345544688,82.81,63.730569948186535,67.87564766839378,51.90082644628099,55.371900826446286,64.66,0.927275388315945,0.8900370500903403,2025-07-07 11:38:12.569
/media/vsi-dev/Lacie_2/mndot_workzone_project/Toyota/campaign_0f13274e-1e23-415d-8a6c-56f06a60a20a-Toyota_Prius_-_Austin_-_1/campaign/processed_json/segments/e6b4bacb-a530-472c-8a4f-cfdd6d463762/part_2/005561.json,43.6806538,-92.9835711,0.9704334030551546,82.75,63.730569948186535,67.35751295336787,50.413223140495866,55.22038567493113,64.28,0.9311035309046046,0.8912163203484543,2025-07-07 11:38:12.598
/media/vsi-dev/Lacie_2/mndot_workzone_project/Toyota/campaign_0f13274e-1e23-415d-8a6c-56f06a60a20a-Toyota_Prius_-_Austin_-_1/campaign/processed_json/segments/e6b4bacb-a530-472c-8a4f-cfdd6d463762/part_2/005562.json,43.6806538,-92.9835711,0.9781913242622373,84.01,63.730569948186535,67.87564766839378,70.06887052341598,55.950413223140494,67.36,0.9037190426824836,0.8905502346407921,2025-07-07 11:38:12.645
/media/vsi-dev/Lacie_2/mndot_workzone_project/Toyota/campaign_0f13274e-1e23-415d-8a6c-56f06a60a20a-Toyota_Prius_-_Austin_-_1/campaign/processed_json/segments/e6b4bacb-a530-472c-8a4f-cfdd6d463762/part_2/005563.json,43.6806538,-92.9835711,0.9821119255343636,80.61,63.730569948186535,67.35751295336787,68.14049586776859,0.0,58.51,0.9011551513110637,0.8906360535022658,2025-07-07 11:38:12.669
/media/vsi-dev/Lacie_2/mndot_workzone_project/Toyota/campaign_0f13274e-1e23-415d-8a6c-56f06a60a20a-Toyota_Prius_-_Austin_-_1/campaign/processed_json/segments/e6b4bacb-a530-472c-8a4f-cfdd6d463762/part_2/005564.json,43.6806536,-92.9833483,0.9848041402180955,80.8,63.730569948186535,66.83937823834198,70.42699724517907,0.0,58.7,0.9022411036457235,0.8905916264136136,2025-07-07 11:38:12.705
/media/vsi-dev/Lacie_2/mndot_workzone_project/Toyota/campaign_0f13274e-1e23-415d-8a6c-56f06a60a20a-Toyota_Prius_-_Austin_-_1/campaign/processed_json/segments/e6b4bacb-a530-472c-8a4f-cfdd6d463762/part_2/005565.json,43.6806536,-92.9833483,0.9848041402180955,81.04,64.76683937823834,66.83937823834198,71.33608815426997,0.8126721763085398,59.27,0.9029026669775186,0.8912261606487586,2025-07-07 11:38:12.739
/media/vsi-dev/Lacie_2/mndot_workzone_project/Toyota/campaign_0f13274e-1e23-415d-8a6c-56f06a60a20a-Toyota_Prius_-_Austin_-_1/campaign/processed_json/segments/e6b4bacb-a530-472c-8a4f-cfdd6d463762/part_2/005566.json,43.6806536,-92.9833483,0.9727652403079083,82.77,64.76683937823834,67.35751295336787,44.79338842975207,55.99173553719008,63.9,0.9388991701448506,0.8908316772919521,2025-07-07 11:38:12.772
/media/vsi-dev/Lacie_2/mndot_workzone_project/Toyota/campaign_0f13274e-1e23-415d-8a6c-56f06a60a20a-Toyota_Prius_-_Austin_-_1/campaign/processed_json/segments/e6b4bacb-a530-472c-8a4f-cfdd6d463762/part_2/005567.json,43.6806536,-92.9833483,0.9771525479278598,83.25,64.76683937823834,67.35751295336787,51.652892561983464,56.07438016528926,64.9,0.9298429519364291,0.8904874282931309,2025-07-07 11:38:12.801
/media/vsi-dev/Lacie_2/mndot_workzone_project/Toyota/campaign_0f13274e-1e23-415d-8a6c-56f06a60a20a-Toyota_Prius_-_Austin_-_1/campaign/processed_json/segments/e6b4bacb-a530-472c-8a4f-cfdd6d463762/part_2/005568.json,43.6806536,-92.9833483,0.9781913242622373,80.23,63.730569948186535,66.83937823834198,65.86776859504133,0.0,58.0,0.9006858325412189,0.8898856945085275,2025-07-07 11:38:12.837
/media/vsi-dev/Lacie_2/mndot_workzone_project/Toyota/campaign_0f13274e-1e23-415d-8a6c-56f06a60a20a-Toyota_Prius_-_Austin_-_1/campaign/processed_json/segments/e6b4bacb-a530-472c-8a4f-cfdd6d463762/part_2/005569.json,43.6806536,-92.9833483,0.9856539001953453,84.16,64.24870466321244,67.35751295336787,68.14049586776859,56.48760330578513,67.12,0.8983885062561674,0.8902256725623853,2025-07-07 11:38:12.868
/media/vsi-dev/Lacie_2/mndot_workzone_project/Toyota/campaign_0f13274e-1e23-415d-8a6c-56f06a60a20a-Toyota_Prius_-_Austin_-_1/campaign/processed_json/segments/e6b4bacb-a530-472c-8a4f-cfdd6d463762/part_2/005570.json,43.6806536,-92.9833483,0.9738967374550571,80.42,64.76683937823834,67.87564766839378,67.39669421487604,0.0,58.86,0.9012983641381158,0.8910983666718767,2025-07-07 11:38:12.899
/media/vsi-dev/Lacie_2/mndot_workzone_project/Toyota/campaign_0f13274e-1e23-415d-8a6c-56f06a60a20a-Toyota_Prius_-_Austin_-_1/campaign/processed_json/segments/e6b4bacb-a530-472c-8a4f-cfdd6d463762/part_2/005571.json,43.6806536,-92.9833483,0.9848041402180955,83.22,63.730569948186535,67.87564766839378,47.05234159779614,56.37741046831955,64.09,0.9263509624689554,0.8928814613236407,2025-07-07 11:38:12.930
/media/vsi-dev/Lacie_2/mndot_workzone_project/Toyota/campaign_0f13274e-1e23-415d-8a6c-56f06a60a20a-Toyota_Prius_-_Austin_-_1/campaign/processed_json/segments/e6b4bacb-a530-472c-8a4f-cfdd6d463762/part_2/005572.json,43.6806536,-92.9833483,0.9692207345544688,82.87,64.76683937823834,67.87564766839378,47.5206611570248,57.396694214876035,64.65,0.9317691177404426,0.892277010350362,2025-07-07 11:38:12.965
/media/vsi-dev/Lacie_2/mndot_workzone_project/Toyota/campaign_0f13274e-1e23-415d-8a6c-56f06a60a20a-Toyota_Prius_-_Austin_-_1/campaign/processed_json/segments/e6b4bacb-a530-472c-8a4f-cfdd6d463762/part_2/005573.json,43.6806536,-92.9833483,0.9872815715902905,84.23,63.730569948186535,68.39378238341969,65.55096418732782,56.845730027548214,66.97,0.9034659260913903,0.8920607358531963,2025-07-07 11:38:13.001
/media/vsi-dev/Lacie_2/mndot_workzone_project/Toyota/campaign_0f13274e-1e23-415d-8a6c-56f06a60a20a-Toyota_Prius_-_Austin_-_1/campaign/processed_json/segments/e6b4bacb-a530-472c-8a4f-cfdd6d463762/part_2/005574.json,43.6806536,-92.9833483,0.9738967374550571,83.15,64.76683937823834,68.39378238341969,48.66391184573003,56.44628099173554,64.84,0.9329354483946858,0.8925804286386618,2025-07-07 11:38:13.036
/media/vsi-dev/Lacie_2/mndot_workzone_project/Toyota/campaign_0f13274e-1e23-415d-8a6c-56f06a60a20a-Toyota_Prius_-_Austin_-_1/campaign/processed_json/segments/e6b4bacb-a530-472c-8a4f-cfdd6d463762/part_2/005575.json,43.6806536,-92.9833483,0.9760904721403703,83.53,65.80310880829016,68.9119170984456,50.97796143250689,56.473829201101935,65.65,0.9304940694871197,0.8923384829008896,2025-07-07 11:38:13.065
/media/vsi-dev/Lacie_2/mndot_workzone_project/Toyota/campaign_0f13274e-1e23-415d-8a6c-56f06a60a20a-Toyota_Prius_-_Austin_-_1/campaign/processed_json/segments/e6b4bacb-a530-472c-8a4f-cfdd6d463762/part_2/005576.json,43.6806536,-92.9833483,0.9738967374550571,83.24,65.28497409326425,68.39378238341969,49.32506887052342,56.349862258953166,65.08,0.9319850458761553,0.8931601453845596,2025-07-07 11:38:13.101
/media/vsi-dev/Lacie_2/mndot_workzone_project/Toyota/campaign_0f13274e-1e23-415d-8a6c-56f06a60a20a-Toyota_Prius_-_Austin_-_1/campaign/processed_json/segments/e6b4bacb-a530-472c-8a4f-cfdd6d463762/part_2/005577.json,43.6806536,-92.9833483,0.9781913242622373,84.23,65.80310880829016,68.39378238341969,67.35537190082644,56.32231404958677,67.8,0.905425966652064,0.892406955369305,2025-07-07 11:38:13.133
/media/vsi-dev/Lacie_2/mndot_workzone_project/Toyota/campaign_0f13274e-1e23-415d-8a6c-56f06a60a20a-Toyota_Prius_-_Austin_-_1/campaign/processed_json/segments/e6b4bacb-a530-472c-8a4f-cfdd6d463762/part_2/005578.json,43.6806536,-92.9833483,0.9909288930014639,81.49,66.32124352331607,67.87564766839378,68.77410468319559,0.0,59.58,0.9085453617496146,0.893259632550435,2025-07-07 11:38:13.169
/media/vsi-dev/Lacie_2/mndot_workzone_project/Toyota/campaign_0f13274e-1e23-415d-8a6c-56f06a60a20a-Toyota_Prius_-_Austin_-_1/campaign/processed_json/segments/e6b4bacb-a530-472c-8a4f-cfdd6d463762/part_2/005579.json,43.6806536,-92.9833483,0.9902478635182347,84.51,64.76683937823834,67.87564766839378,67.1900826446281,55.9228650137741,67.26,0.907053717657955,0.8921945149460158,2025-07-07 11:38:13.203
/media/vsi-dev/Lacie_2/mndot_workzone_project/Toyota/campaign_0f13274e-1e23-415d-8a6c-56f06a60a20a-Toyota_Prius_-_Austin_-_1/campaign/processed_json/segments/e6b4bacb-a530-472c-8a4f-cfdd6d463762/part_2/005580.json,43.6806536,-92.9833483,0.9821119255343636,80.97,65.80310880829016,67.87564766839378,67.98898071625345,0.0,59.29,0.9053004699686179,0.8918440242516388,2025-07-07 11:38:13.248
/media/vsi-dev/Lacie_2/mndot_workzone_project/Toyota/campaign_0f13274e-1e23-415d-8a6c-56f06a60a20a-Toyota_Prius_-_Austin_-_1/campaign/processed_json/segments/e6b4bacb-a530-472c-8a4f-cfdd6d463762/part_2/005581.json,43.6806536,-92.9833483,0.9821119255343636,80.99,65.28497409326425,68.39378238341969,68.67768595041322,0.0,59.38,0.9047683928650064,0.8905386101530564,2025-07-07 11:38:13.265
/media/vsi-dev/Lacie_2/mndot_workzone_project/Toyota/campaign_0f13274e-1e23-415d-8a6c-56f06a60a20a-Toyota_Prius_-_Austin_-_1/campaign/processed_json/segments/e6b4bacb-a530-472c-8a4f-cfdd6d463762/part_2/005582.json,43.6806536,-92.9833483,0.9760904721403703,83.11,65.28497409326425,67.87564766839378,46.43250688705234,56.01928374655647,64.46,0.9357951397654173,0.8921195499800949,2025-07-07 11:38:13.302
/media/vsi-dev/Lacie_2/mndot_workzone_project/Toyota/campaign_0f13274e-1e23-415d-8a6c-56f06a60a20a-Toyota_Prius_-_Austin_-_1/campaign/processed_json/segments/e6b4bacb-a530-472c-8a4f-cfdd6d463762/part_2/005583.json,43.6806536,-92.9833483,0.9839305142725083,84.37,65.28497409326425,67.87564766839378,67.78236914600551,56.81818181818182,67.62,0.9051763119324558,0.8909978810904797,2025-07-07 11:38:13.337
/media/vsi-dev/Lacie_2/mndot_workzone_project/Toyota/campaign_0f13274e-1e23-415d-8a6c-56f06a60a20a-Toyota_Prius_-_Austin_-_1/campaign/processed_json/segments/e6b4bacb-a530-472c-8a4f-cfdd6d463762/part_2/005584.json,43.6806536,-92.9833483,0.9872815715902905,84.67,65.80310880829016,67.87564766839378,68.65013774104683,57.36914600550964,68.0,0.9059667593400718,0.8921638524677382,2025-07-07 11:38:13.370
/media/vsi-dev/Lacie_2/mndot_workzone_project/Toyota/campaign_0f13274e-1e23-415d-8a6c-56f06a60a20a-Toyota_Prius_-_Austin_-_1/campaign/processed_json/segments/e6b4bacb-a530-472c-8a4f-cfdd6d463762/part_2/005585.json,43.6806536,-92.9833483,0.9848041402180955,84.45,65.28497409326425,67.87564766839378,67.76859504132231,57.617079889807165,67.74,0.9040472176209401,0.8922963937302515,2025-07-07 11:38:13.400
/media/vsi-dev/Lacie_2/mndot_workzone_project/Toyota/campaign_0f13274e-1e23-415d-8a6c-56f06a60a20a-Toyota_Prius_-_Austin_-_1/campaign/processed_json/segments/e6b4bacb-a530-472c-8a4f-cfdd6d463762/part_2/005586.json,43.6806536,-92.9833483,0.9781913242622373,83.44,64.76683937823834,67.87564766839378,51.735537190082646,57.24517906336089,65.25,0.9296758901196289,0.8919946379403174,2025-07-07 11:38:13.434
/media/vsi-dev/Lacie_2/mndot_workzone_project/Toyota/campaign_0f13274e-1e23-415d-8a6c-56f06a60a20a-Toyota_Prius_-_Austin_-_1/campaign/processed_json/segments/e6b4bacb-a530-472c-8a4f-cfdd6d463762/part_2/005587.json,43.6806536,-92.9833483,0.9856539001953453,84.44,64.76683937823834,67.87564766839378,67.94765840220386,57.35537190082645,67.58,0.9050619510467455,0.8934024522137187,2025-07-07 11:38:13.472
/media/vsi-dev/Lacie_2/mndot_workzone_project/Toyota/campaign_0f13274e-1e23-415d-8a6c-56f06a60a20a-Toyota_Prius_-_Austin_-_1/campaign/processed_json/segments/e6b4bacb-a530-472c-8a4f-cfdd6d463762/part_2/005588.json,43.6806536,-92.9833483,0.9839305142725083,83.39,64.76683937823834,67.35751295336787,48.01652892561983,56.48760330578513,64.44,0.9319657995092234,0.8932624785324199,2025-07-07 11:38:13.505
/media/vsi-dev/Lacie_2/mndot_workzone_project/Toyota/campaign_0f13274e-1e23-415d-8a6c-56f06a60a20a-Toyota_Prius_-_Austin_-_1/campaign/processed_json/segments/e6b4bacb-a530-472c-8a4f-cfdd6d463762/part_2/005589.json,43.6806536,-92.9833483,0.9821119255343636,83.64,65.80310880829016,67.87564766839378,51.21212121212121,56.22589531680441,65.33,0.9293889267783833,0.8928636651466995,2025-07-07 11:38:13.534
/media/vsi-dev/Lacie_2/mndot_workzone_project/Toyota/campaign_0f13274e-1e23-415d-8a6c-56f06a60a20a-Toyota_Prius_-_Austin_-_1/campaign/processed_json/segments/e6b4bacb-a530-472c-8a4f-cfdd6d463762/part_2/005590.json,43.6806536,-92.9833483,0.9821119255343636,84.28,65.80310880829016,66.83937823834198,68.82920110192838,56.460055096418735,67.57,0.9046779276604857,0.8916988884631436,2025-07-07 11:38:13.577
/media/vsi-dev/Lacie_2/mndot_workzone_project/Toyota/campaign_0f13274e-1e23-415d-8a6c-56f06a60a20a-Toyota_Prius_-_Austin_-_1/campaign/processed_json/segments/e6b4bacb-a530-472c-8a4f-cfdd6d463762/part_2/005591.json,43.6806536,-92.9833483,0.9839305142725083,84.25,65.28497409326425,66.83937823834198,68.34710743801654,56.30853994490358,67.32,0.9040618026391412,0.8920485344809106,2025-07-07 11:38:13.600
/media/vsi-dev/Lacie_2/mndot_workzone_project/Toyota/campaign_0f13274e-1e23-415d-8a6c-56f06a60a20a-Toyota_Prius_-_Austin_-_1/campaign/processed_json/segments/e6b4bacb-a530-472c-8a4f-cfdd6d463762/part_2/005592.json,43.6806536,-92.9833483,0.9821119255343636,84.3,65.80310880829016,66.83937823834198,69.3801652892562,56.060606060606055,67.6,0.9047579076598935,0.8925217318552504,2025-07-07 11:38:13.644
/media/vsi-dev/Lacie_2/mndot_workzone_project/Toyota/campaign_0f13274e-1e23-415d-8a6c-56f06a60a20a-Toyota_Prius_-_Austin_-_1/campaign/processed_json/segments/e6b4bacb-a530-472c-8a4f-cfdd6d463762/part_2/005593.json,43.6806536,-92.9833483,0.9801986733067553,84.33,65.80310880829016,67.35751295336787,69.57300275482093,56.85950413223141,67.89,0.9041842765832916,0.8920548849124447,2025-07-07 11:38:13.680
/media/vsi-dev/Lacie_2/mndot_workzone_project/Toyota/campaign_0f13274e-1e23-415d-8a6c-56f06a60a20a-Toyota_Prius_-_Austin_-_1/campaign/processed_json/segments/e6b4bacb-a530-472c-8a4f-cfdd6d463762/part_2/005594.json,43.6806518,-92.9831176,0.9690332544750109,83.0,65.80310880829016,67.35751295336787,50.647382920110196,56.32231404958677,65.09,0.9278821431883829,0.8920563609837089,2025-07-07 11:38:13.699
/media/vsi-dev/Lacie_2/mndot_workzone_project/Toyota/campaign_0f13274e-1e23-415d-8a6c-56f06a60a20a-Toyota_Prius_-_Austin_-_1/campaign/processed_json/segments/e6b4bacb-a530-472c-8a4f-cfdd6d463762/part_2/005595.json,43.6806518,-92.9831176,0.9691207408042318,83.28,65.80310880829016,68.9119170984456,51.14325068870523,57.327823691460054,65.79,0.9282393990614535,0.8920663595014043,2025-07-07 11:38:13.730
/media/vsi-dev/Lacie_2/mndot_workzone_project/Toyota/campaign_0f13274e-1e23-415d-8a6c-56f06a60a20a-Toyota_Prius_-_Austin_-_1/campaign/processed_json/segments/e6b4bacb-a530-472c-8a4f-cfdd6d463762/part_2/005596.json,43.6806518,-92.9831176,0.9738967374550571,84.17,65.80310880829016,68.39378238341969,68.80165289256198,57.35537190082645,68.16,0.9044837340849943,0.8908908218789836,2025-07-07 11:38:13.763
/media/vsi-dev/Lacie_2/mndot_workzone_project/Toyota/campaign_0f13274e-1e23-415d-8a6c-56f06a60a20a-Toyota_Prius_-_Austin_-_1/campaign/processed_json/segments/e6b4bacb-a530-472c-8a4f-cfdd6d463762/part_2/005597.json,43.6806518,-92.9831176,0.9704334030551546,82.9,65.28497409326425,66.83937823834198,49.269972451790636,56.96969696969697,64.68,0.9293172572408921,0.8920637794916018,2025-07-07 11:38:13.801
/media/vsi-dev/Lacie_2/mndot_workzone_project/Toyota/campaign_0f13274e-1e23-415d-8a6c-56f06a60a20a-Toyota_Prius_-_Austin_-_1/campaign/processed_json/segments/e6b4bacb-a530-472c-8a4f-cfdd6d463762/part_2/005598.json,43.6806518,-92.9831176,0.9771525479278598,84.05,65.80310880829016,67.87564766839378,66.47382920110194,56.845730027548214,67.57,0.900523648438108,0.8932314493309329,2025-07-07 11:38:13.832
/media/vsi-dev/Lacie_2/mndot_workzone_project/Toyota/campaign_0f13274e-1e23-415d-8a6c-56f06a60a20a-Toyota_Prius_-_Austin_-_1/campaign/processed_json/segments/e6b4bacb-a530-472c-8a4f-cfdd6d463762/part_2/005599.json,43.6806518,-92.9831176,0.9704334030551546,83.09,66.83937823834198,67.87564766839378,47.74104683195593,55.757575757575765,65.06,0.9323902641379317,0.8921709652003683,2025-07-07 11:38:13.877
/media/vsi-dev/Lacie_2/mndot_workzone_project/Toyota/campaign_0f13274e-1e23-415d-8a6c-56f06a60a20a-Toyota_Prius_-_Austin_-_1/campaign/processed_json/segments/e6b4bacb-a530-472c-8a4f-cfdd6d463762/part_2/005600.json,43.6806518,-92.9831176,0.9686209220161778,82.97,65.80310880829016,67.87564766839378,47.561983471074385,56.8732782369146,64.9,0.9322974975364492,0.8940141102208881,2025-07-07 11:38:13.901
/media/vsi-dev/Lacie_2/mndot_workzone_project/Toyota/campaign_0f13274e-1e23-415d-8a6c-56f06a60a20a-Toyota_Prius_-_Austin_-_1/campaign/processed_json/segments/e6b4bacb-a530-472c-8a4f-cfdd6d463762/part_2/005601.json,43.6806518,-92.9831176,0.9692332344763441,83.28,65.80310880829016,68.9119170984456,49.6831955922865,57.41046831955923,65.61,0.9336330693282195,0.8934113288725741,2025-07-07 11:38:13.935
/media/vsi-dev/Lacie_2/mndot_workzone_project/Toyota/campaign_0f13274e-1e23-415d-8a6c-56f06a60a20a-Toyota_Prius_-_Austin_-_1/campaign/processed_json/segments/e6b4bacb-a530-472c-8a4f-cfdd6d463762/part_2/005602.json,43.6806518,-92.9831176,0.9738967374550571,83.28,66.83937823834198,67.87564766839378,46.721763085399445,56.65289256198347,65.07,0.9367974888661141,0.8927365455936213,2025-07-07 11:38:13.969
/media/vsi-dev/Lacie_2/mndot_workzone_project/Toyota/campaign_0f13274e-1e23-415d-8a6c-56f06a60a20a-Toyota_Prius_-_Austin_-_1/campaign/processed_json/segments/e6b4bacb-a530-472c-8a4f-cfdd6d463762/part_2/005603.json,43.6806518,-92.9831176,0.9692332344763441,83.14,65.80310880829016,68.39378238341969,49.07713498622589,57.45179063360881,65.35,0.930071196600635,0.8928579910620794,2025-07-07 11:38:14.003
/media/vsi-dev/Lacie_2/mndot_workzone_project/Toyota/campaign_0f13274e-1e23-415d-8a6c-56f06a60a20a-Toyota_Prius_-_Austin_-_1/campaign/processed_json/segments/e6b4bacb-a530-472c-8a4f-cfdd6d463762/part_2/005604.json,43.6806518,-92.9831176,0.9738967374550571,83.9,65.80310880829016,67.87564766839378,65.74380165289256,56.63911845730028,67.44,0.9029648830769745,0.893678157689817,2025-07-07 11:38:14.033
/media/vsi-dev/Lacie_2/mndot_workzone_project/Toyota/campaign_0f13274e-1e23-415d-8a6c-56f06a60a20a-Toyota_Prius_-_Austin_-_1/campaign/processed_json/segments/e6b4bacb-a530-472c-8a4f-cfdd6d463762/part_2/005605.json,43.6806518,-92.9831176,0.9738967374550571,84.12,65.80310880829016,68.9119170984456,66.72176308539945,57.24517906336089,67.99,0.9040157655414222,0.8929039492123362,2025-07-07 11:38:14.066
/media/vsi-dev/Lacie_2/mndot_workzone_project/Toyota/campaign_0f13274e-1e23-415d-8a6c-56f06a60a20a-Toyota_Prius_-_Austin_-_1/campaign/processed_json/segments/e6b4bacb-a530-472c-8a4f-cfdd6d463762/part_2/005606.json,43.6806518,-92.9831176,0.9821119255343636,84.29,65.28497409326425,68.9119170984456,65.34435261707989,56.900826446280995,67.58,0.9036909427411209,0.8932463816751374,2025-07-07 11:38:14.097
/media/vsi-dev/Lacie_2/mndot_workzone_project/Toyota/campaign_0f13274e-1e23-415d-8a6c-56f06a60a20a-Toyota_Prius_-_Austin_-_1/campaign/processed_json/segments/e6b4bacb-a530-472c-8a4f-cfdd6d463762/part_2/005607.json,43.6806518,-92.9831176,0.9856539001953453,84.55,66.32124352331607,68.39378238341969,66.43250688705234,56.26721763085399,67.82,0.9057987272308434,0.8937303386776566,2025-07-07 11:38:14.130
/media/vsi-dev/Lacie_2/mndot_workzone_project/Toyota/campaign_0f13274e-1e23-415d-8a6c-56f06a60a20a-Toyota_Prius_-_Austin_-_1/campaign/processed_json/segments/e6b4bacb-a530-472c-8a4f-cfdd6d463762/part_2/005608.json,43.6806518,-92.9831176,0.9902478635182347,84.72,65.80310880829016,68.39378238341969,67.42424242424242,56.50137741046832,67.84,0.9047559233849987,0.8929059523311712,2025-07-07 11:38:14.168
/media/vsi-dev/Lacie_2/mndot_workzone_project/Toyota/campaign_0f13274e-1e23-415d-8a6c-56f06a60a20a-Toyota_Prius_-_Austin_-_1/campaign/processed_json/segments/e6b4bacb-a530-472c-8a4f-cfdd6d463762/part_2/005609.json,43.6806518,-92.9831176,0.9902478635182347,84.82,65.80310880829016,68.9119170984456,67.78236914600551,56.473829201101935,68.05,0.905752805406099,0.8932453954936991,2025-07-07 11:38:14.196
/media/vsi-dev/Lacie_2/mndot_workzone_project/Toyota/campaign_0f13274e-1e23-415d-8a6c-56f06a60a20a-Toyota_Prius_-_Austin_-_1/campaign/processed_json/segments/e6b4bacb-a530-472c-8a4f-cfdd6d463762/part_2/005610.json,43.6806518,-92.9831176,0.9872815715902905,84.04,66.32124352331607,68.9119170984456,50.97796143250689,56.76308539944903,65.84,0.928667483374796,0.8927901905441562,2025-07-07 11:38:14.235
/media/vsi-dev/Lacie_2/mndot_workzone_project/Toyota/campaign_0f13274e-1e23-415d-8a6c-56f06a60a20a-Toyota_Prius_-_Austin_-_1/campaign/processed_json/segments/e6b4bacb-a530-472c-8a4f-cfdd6d463762/part_2/005611.json,43.6806518,-92.9831176,0.9848041402180955,83.55,65.80310880829016,68.39378238341969,46.96969696969697,56.184573002754824,64.84,0.9289154789407807,0.8933925082296571,2025-07-07 11:38:14.265
/media/vsi-dev/Lacie_2/mndot_workzone_project/Toyota/campaign_0f13274e-1e23-415d-8a6c-56f06a60a20a-Toyota_Prius_-_Austin_-_1/campaign/processed_json/segments/e6b4bacb-a530-472c-8a4f-cfdd6d463762/part_2/005612.json,43.6806518,-92.9831176,0.9821119255343636,83.61,67.87564766839378,68.39378238341969,44.73829201101928,55.44077134986226,65.06,0.9389974821339894,0.8912201968295765,2025-07-07 11:38:14.297
/media/vsi-dev/Lacie_2/mndot_workzone_project/Toyota/campaign_0f13274e-1e23-415d-8a6c-56f06a60a20a-Toyota_Prius_-_Austin_-_1/campaign/processed_json/segments/e6b4bacb-a530-472c-8a4f-cfdd6d463762/part_2/005613.json,43.6806518,-92.9831176,0.9801986733067553,84.0,67.87564766839378,68.9119170984456,50.853994490358126,57.21763085399449,66.37,0.9325871757863681,0.8920843102253154,2025-07-07 11:38:14.334
/media/vsi-dev/Lacie_2/mndot_workzone_project/Toyota/campaign_0f13274e-1e23-415d-8a6c-56f06a60a20a-Toyota_Prius_-_Austin_-_1/campaign/processed_json/segments/e6b4bacb-a530-472c-8a4f-cfdd6d463762/part_2/005614.json,43.6806518,-92.9831176,0.9902478635182347,81.94,68.9119170984456,68.39378238341969,70.37190082644628,0.0,60.76,0.9088416057488413,0.8942486498621204,2025-07-07 11:38:14.367
/media/vsi-dev/Lacie_2/mndot_workzone_project/Toyota/campaign_0f13274e-1e23-415d-8a6c-56f06a60a20a-Toyota_Prius_-_Austin_-_1/campaign/processed_json/segments/e6b4bacb-a530-472c-8a4f-cfdd6d463762/part_2/005615.json,43.6806518,-92.9831176,0.9811670975774323,84.22,65.28497409326425,68.9119170984456,65.12396694214875,56.28099173553719,67.46,0.9047631978200763,0.894049991091841,2025-07-07 11:38:14.408
/media/vsi-dev/Lacie_2/mndot_workzone_project/Toyota/campaign_0f13274e-1e23-415d-8a6c-56f06a60a20a-Toyota_Prius_-_Austin_-_1/campaign/processed_json/segments/e6b4bacb-a530-472c-8a4f-cfdd6d463762/part_2/005616.json,43.6806518,-92.9831176,0.9872815715902905,81.76,67.87564766839378,69.94818652849742,69.0358126721763,0.0,60.7,0.9056220095730365,0.8932284891682085,2025-07-07 11:38:14.440
/media/vsi-dev/Lacie_2/mndot_workzone_project/Toyota/campaign_0f13274e-1e23-415d-8a6c-56f06a60a20a-Toyota_Prius_-_Austin_-_1/campaign/processed_json/segments/e6b4bacb-a530-472c-8a4f-cfdd6d463762/part_2/005617.json,43.6806518,-92.9831176,0.988813044611233,84.37,67.87564766839378,69.43005181347151,50.38567493112948,57.75482093663912,66.52,0.9290320104581145,0.8920735453773612,2025-07-07 11:38:14.470
/media/vsi-dev/Lacie_2/mndot_workzone_project/Toyota/campaign_0f13274e-1e23-415d-8a6c-56f06a60a20a-Toyota_Prius_-_Austin_-_1/campaign/processed_json/segments/e6b4bacb-a530-472c-8a4f-cfdd6d463762/part_2/005618.json,43.6806518,-92.9831176,0.9692207345544688,83.32,68.39378238341969,68.9119170984456,45.48209366391184,57.89256198347107,65.81,0.9309916953875367,0.8921017362070707,2025-07-07 11:38:14.503
/media/vsi-dev/Lacie_2/mndot_workzone_project/Toyota/campaign_0f13274e-1e23-415d-8a6c-56f06a60a20a-Toyota_Prius_-_Austin_-_1/campaign/processed_json/segments/e6b4bacb-a530-472c-8a4f-cfdd6d463762/part_2/005619.json,43.6806518,-92.9831176,0.9771525479278598,84.24,67.35751295336787,68.9119170984456,63.760330578512395,57.52066115702479,68.04,0.9024412015835374,0.8912587854546444,2025-07-07 11:38:14.535
/media/vsi-dev/Lacie_2/mndot_workzone_project/Toyota/campaign_0f13274e-1e23-415d-8a6c-56f06a60a20a-Toyota_Prius_-_Austin_-_1/campaign/processed_json/segments/e6b4bacb-a530-472c-8a4f-cfdd6d463762/part_2/005620.json,43.6806518,-92.9831176,0.9689207832993832,84.22,67.87564766839378,68.9119170984456,67.1900826446281,58.044077134986225,68.8,0.9035895289216391,0.8912259344161786,2025-07-07 11:38:14.567
/media/vsi-dev/Lacie_2/mndot_workzone_project/Toyota/campaign_0f13274e-1e23-415d-8a6c-56f06a60a20a-Toyota_Prius_-_Austin_-_1/campaign/processed_json/segments/e6b4bacb-a530-472c-8a4f-cfdd6d463762/part_2/005621.json,43.6806518,-92.9831176,0.9771525479278598,84.68,67.87564766839378,69.94818652849742,67.02479338842974,57.74104683195592,69.05,0.9059687994729525,0.8914951784219873,2025-07-07 11:38:14.601
/media/vsi-dev/Lacie_2/mndot_workzone_project/Toyota/campaign_0f13274e-1e23-415d-8a6c-56f06a60a20a-Toyota_Prius_-_Austin_-_1/campaign/processed_json/segments/e6b4bacb-a530-472c-8a4f-cfdd6d463762/part_2/005622.json,43.6806518,-92.9831176,0.9674348535047814,83.7,68.9119170984456,69.94818652849742,50.413223140495866,58.18181818181818,67.04,0.9272989075875426,0.8915036012389053,2025-07-07 11:38:14.636
/media/vsi-dev/Lacie_2/mndot_workzone_project/Toyota/campaign_0f13274e-1e23-415d-8a6c-56f06a60a20a-Toyota_Prius_-_Austin_-_1/campaign/processed_json/segments/e6b4bacb-a530-472c-8a4f-cfdd6d463762/part_2/005623.json,43.6806482,-92.9828771,0.9689207832993832,83.67,68.9119170984456,69.94818652849742,48.60881542699724,57.561983471074385,66.7,0.932080828117712,0.8912802360848349,2025-07-07 11:38:14.676
/media/vsi-dev/Lacie_2/mndot_workzone_project/Toyota/campaign_0f13274e-1e23-415d-8a6c-56f06a60a20a-Toyota_Prius_-_Austin_-_1/campaign/processed_json/segments/e6b4bacb-a530-472c-8a4f-cfdd6d463762/part_2/005624.json,43.6806482,-92.9828771,0.9677218777280071,83.25,68.9119170984456,68.9119170984456,44.29752066115702,57.34159779614325,65.72,0.9335336653137162,0.8916812017535803,2025-07-07 11:38:14.699
/media/vsi-dev/Lacie_2/mndot_workzone_project/Toyota/campaign_0f13274e-1e23-415d-8a6c-56f06a60a20a-Toyota_Prius_-_Austin_-_1/campaign/processed_json/segments/e6b4bacb-a530-472c-8a4f-cfdd6d463762/part_2/005625.json,43.6806482,-92.9828771,0.9690332544750109,83.26,67.87564766839378,68.39378238341969,47.31404958677686,56.73553719008264,65.61,0.93417902033555,0.8910372744836059,2025-07-07 11:38:14.733
/media/vsi-dev/Lacie_2/mndot_workzone_project/Toyota/campaign_0f13274e-1e23-415d-8a6c-56f06a60a20a-Toyota_Prius_-_Austin_-_1/campaign/processed_json/segments/e6b4bacb-a530-472c-8a4f-cfdd6d463762/part_2/005626.json,43.6806482,-92.9828771,0.9692207345544688,83.37,66.83937823834198,68.9119170984456,49.60055096418733,58.002754820936644,65.97,0.9297653454442696,0.8911622132116188,2025-07-07 11:38:14.766
/media/vsi-dev/Lacie_2/mndot_workzone_project/Toyota/campaign_0f13274e-1e23-415d-8a6c-56f06a60a20a-Toyota_Prius_-_Austin_-_1/campaign/processed_json/segments/e6b4bacb-a530-472c-8a4f-cfdd6d463762/part_2/005627.json,43.6806482,-92.9828771,0.9690332544750109,83.24,66.83937823834198,68.9119170984456,46.5426997245179,58.29201101928375,65.57,0.9332448337612335,0.89157532780486,2025-07-07 11:38:14.805
/media/vsi-dev/Lacie_2/mndot_workzone_project/Toyota/campaign_0f13274e-1e23-415d-8a6c-56f06a60a20a-Toyota_Prius_-_Austin_-_1/campaign/processed_json/segments/e6b4bacb-a530-472c-8a4f-cfdd6d463762/part_2/005628.json,43.6806482,-92.9828771,0.9692207345544688,84.11,67.87564766839378,68.39378238341969,66.59779614325069,56.81818181818182,68.39,0.9049026014233713,0.8936814233135776,2025-07-07 11:38:14.833
/media/vsi-dev/Lacie_2/mndot_workzone_project/Toyota/campaign_0f13274e-1e23-415d-8a6c-56f06a60a20a-Toyota_Prius_-_Austin_-_1/campaign/processed_json/segments/e6b4bacb-a530-472c-8a4f-cfdd6d463762/part_2/005629.json,43.6806482,-92.9828771,0.9690332544750109,83.59,68.39378238341969,68.9119170984456,50.247933884297524,56.8732782369146,66.4,0.9338851858948845,0.8933291353294095,2025-07-07 11:38:14.869
/media/vsi-dev/Lacie_2/mndot_workzone_project/Toyota/campaign_0f13274e-1e23-415d-8a6c-56f06a60a20a-Toyota_Prius_-_Austin_-_1/campaign/processed_json/segments/e6b4bacb-a530-472c-8a4f-cfdd6d463762/part_2/005630.json,43.6806482,-92.9828771,0.9692207345544688,84.34,68.39378238341969,70.46632124352331,64.7107438016529,57.148760330578504,68.94,0.9066631285798494,0.8930173681628586,2025-07-07 11:38:14.906
/media/vsi-dev/Lacie_2/mndot_workzone_project/Toyota/campaign_0f13274e-1e23-415d-8a6c-56f06a60a20a-Toyota_Prius_-_Austin_-_1/campaign/processed_json/segments/e6b4bacb-a530-472c-8a4f-cfdd6d463762/part_2/005631.json,43.6806482,-92.9828771,0.9692332344763441,83.93,65.80310880829016,69.94818652849742,64.53168044077135,57.493112947658396,68.01,0.9027354824945693,0.893218868144634,2025-07-07 11:38:14.933
/media/vsi-dev/Lacie_2/mndot_workzone_project/Toyota/campaign_0f13274e-1e23-415d-8a6c-56f06a60a20a-Toyota_Prius_-_Austin_-_1/campaign/processed_json/segments/e6b4bacb-a530-472c-8a4f-cfdd6d463762/part_2/005632.json,43.6806482,-92.9828771,0.9690332544750109,83.31,66.32124352331607,68.9119170984456,50.52341597796143,57.34159779614325,65.85,0.9267786444612509,0.8936593285578873,2025-07-07 11:38:14.966
/media/vsi-dev/Lacie_2/mndot_workzone_project/Toyota/campaign_0f13274e-1e23-415d-8a6c-56f06a60a20a-Toyota_Prius_-_Austin_-_1/campaign/processed_json/segments/e6b4bacb-a530-472c-8a4f-cfdd6d463762/part_2/005633.json,43.6806482,-92.9828771,0.9738967374550571,84.31,66.83937823834198,69.43005181347151,66.79063360881543,57.17630853994491,68.46,0.9033656361779927,0.8932099749337551,2025-07-07 11:38:15.023
/media/vsi-dev/Lacie_2/mndot_workzone_project/Toyota/campaign_0f13274e-1e23-415d-8a6c-56f06a60a20a-Toyota_Prius_-_Austin_-_1/campaign/processed_json/segments/e6b4bacb-a530-472c-8a4f-cfdd6d463762/part_2/005634.json,43.6806482,-92.9828771,0.9686209220161778,84.44,68.9119170984456,69.94818652849742,66.41873278236915,57.75482093663912,69.28,0.9054880186372448,0.8929167574953552,2025-07-07 11:38:15.043
/media/vsi-dev/Lacie_2/mndot_workzone_project/Toyota/campaign_0f13274e-1e23-415d-8a6c-56f06a60a20a-Toyota_Prius_-_Austin_-_1/campaign/processed_json/segments/e6b4bacb-a530-472c-8a4f-cfdd6d463762/part_2/005635.json,43.6806482,-92.9828771,0.9727652403079083,84.32,67.87564766839378,68.9119170984456,66.40495867768595,56.79063360881542,68.52,0.9055204394570429,0.8945411398510533,2025-07-07 11:38:15.072
/media/vsi-dev/Lacie_2/mndot_workzone_project/Toyota/campaign_0f13274e-1e23-415d-8a6c-56f06a60a20a-Toyota_Prius_-_Austin_-_1/campaign/processed_json/segments/e6b4bacb-a530-472c-8a4f-cfdd6d463762/part_2/005636.json,43.6806482,-92.9828771,0.9691207408042318,83.18,67.35751295336787,68.9119170984456,46.611570247933884,56.59779614325069,65.48,0.9276960365251945,0.8950669906467132,2025-07-07 11:38:15.102
/media/vsi-dev/Lacie_2/mndot_workzone_project/Toyota/campaign_0f13274e-1e23-415d-8a6c-56f06a60a20a-Toyota_Prius_-_Austin_-_1/campaign/processed_json/segments/e6b4bacb-a530-472c-8a4f-cfdd6d463762/part_2/005637.json,43.6806482,-92.9828771,0.9682212468815178,81.08,64.24870466321244,63.212435233160626,47.97520661157025,30.509641873278238,59.32,0.9282567860982677,0.9340761699177024,2025-07-07 11:38:15.135
/media/vsi-dev/Lacie_2/mndot_workzone_project/Toyota/campaign_0f13274e-1e23-415d-8a6c-56f06a60a20a-Toyota_Prius_-_Austin_-_1/campaign/processed_json/segments/e6b4bacb-a530-472c-8a4f-cfdd6d463762/part_2/005638.json,43.6806482,-92.9828771,0.9677218777280071,83.02,66.32124352331607,67.87564766839378,49.00826446280992,56.30853994490358,65.18,0.9288160848566803,0.895326020514288,2025-07-07 11:38:15.169
/media/vsi-dev/Lacie_2/mndot_workzone_project/Toyota/campaign_0f13274e-1e23-415d-8a6c-56f06a60a20a-Toyota_Prius_-_Austin_-_1/campaign/processed_json/segments/e6b4bacb-a530-472c-8a4f-cfdd6d463762/part_2/005639.json,43.6806482,-92.9828771,0.9674348535047814,81.69,67.87564766839378,63.730569948186535,51.18457300275482,29.03581267217631,60.84,0.9288868916321957,0.9364697840852383,2025-07-07 11:38:15.201
/media/vsi-dev/Lacie_2/mndot_workzone_project/Toyota/campaign_0f13274e-1e23-415d-8a6c-56f06a60a20a-Toyota_Prius_-_Austin_-_1/campaign/processed_json/segments/e6b4bacb-a530-472c-8a4f-cfdd6d463762/part_2/005640.json,43.6806482,-92.9828771,0.9684335543910279,81.94,65.80310880829016,63.212435233160626,66.69421487603306,26.81818181818182,61.94,0.9024460537931109,0.9400385809281631,2025-07-07 11:38:15.248
/media/vsi-dev/Lacie_2/mndot_workzone_project/Toyota/campaign_0f13274e-1e23-415d-8a6c-56f06a60a20a-Toyota_Prius_-_Austin_-_1/campaign/processed_json/segments/e6b4bacb-a530-472c-8a4f-cfdd6d463762/part_2/005641.json,43.6806482,-92.9828771,0.9686209220161778,83.16,65.80310880829016,69.43005181347151,47.05234159779614,57.27272727272727,65.36,0.9314761663754272,0.8959414993841992,2025-07-07 11:38:15.273
/media/vsi-dev/Lacie_2/mndot_workzone_project/Toyota/campaign_0f13274e-1e23-415d-8a6c-56f06a60a20a-Toyota_Prius_-_Austin_-_1/campaign/processed_json/segments/e6b4bacb-a530-472c-8a4f-cfdd6d463762/part_2/005642.json,43.6806482,-92.9828771,0.9689207832993832,84.02,67.35751295336787,68.9119170984456,65.24793388429751,56.50137741046832,68.15,0.9037456936938992,0.8968314533413527,2025-07-07 11:38:15.310
/media/vsi-dev/Lacie_2/mndot_workzone_project/Toyota/campaign_0f13274e-1e23-415d-8a6c-56f06a60a20a-Toyota_Prius_-_Austin_-_1/campaign/processed_json/segments/e6b4bacb-a530-472c-8a4f-cfdd6d463762/part_2/005643.json,43.6806482,-92.9828771,0.9671229642340716,83.34,67.87564766839378,69.94818652849742,43.925619834710744,57.8099173553719,65.78,0.9378231866008643,0.8966190431214492,2025-07-07 11:38:15.338
/media/vsi-dev/Lacie_2/mndot_workzone_project/Toyota/campaign_0f13274e-1e23-415d-8a6c-56f06a60a20a-Toyota_Prius_-_Austin_-_1/campaign/processed_json/segments/e6b4bacb-a530-472c-8a4f-cfdd6d463762/part_2/005644.json,43.6806482,-92.9828771,0.9848041402180955,82.87,63.730569948186535,68.9119170984456,43.65013774104683,57.46556473829201,63.92,0.8931530393233017,0.8978747391012298,2025-07-07 11:38:15.360
/media/vsi-dev/Lacie_2/mndot_workzone_project/Toyota/campaign_0f13274e-1e23-415d-8a6c-56f06a60a20a-Toyota_Prius_-_Austin_-_1/campaign/processed_json/segments/e6b4bacb-a530-472c-8a4f-cfdd6d463762/part_2/005645.json,43.6806482,-92.9828771,0.9692332344763441,84.38,66.83937823834198,69.94818652849742,67.4931129476584,59.22865013774105,69.04,0.9025876244590021,0.8968509269742058,2025-07-07 11:38:15.395
/media/vsi-dev/Lacie_2/mndot_workzone_project/Toyota/campaign_0f13274e-1e23-415d-8a6c-56f06a60a20a-Toyota_Prius_-_Austin_-_1/campaign/processed_json/segments/e6b4bacb-a530-472c-8a4f-cfdd6d463762/part_2/005646.json,43.6806482,-92.9828771,0.9682212468815178,83.31,66.83937823834198,69.43005181347151,46.005509641873275,58.56749311294765,65.72,0.9323568447187568,0.8974438933408923,2025-07-07 11:38:15.429
/media/vsi-dev/Lacie_2/mndot_workzone_project/Toyota/campaign_0f13274e-1e23-415d-8a6c-56f06a60a20a-Toyota_Prius_-_Austin_-_1/campaign/processed_json/segments/e6b4bacb-a530-472c-8a4f-cfdd6d463762/part_2/005647.json,43.6806482,-92.9828771,0.9692332344763441,84.1,65.80310880829016,69.94818652849742,64.84848484848484,58.95316804407713,68.3,0.90259217627042,0.8985100091423392,2025-07-07 11:38:15.466
/media/vsi-dev/Lacie_2/mndot_workzone_project/Toyota/campaign_0f13274e-1e23-415d-8a6c-56f06a60a20a-Toyota_Prius_-_Austin_-_1/campaign/processed_json/segments/e6b4bacb-a530-472c-8a4f-cfdd6d463762/part_2/005648.json,43.6806482,-92.9828771,0.9682212468815178,83.36,66.83937823834198,68.9119170984456,47.07988980716253,58.23691460055096,65.7,0.9353557642379018,0.8995514364355441,2025-07-07 11:38:15.495
/media/vsi-dev/Lacie_2/mndot_workzone_project/Toyota/campaign_0f13274e-1e23-415d-8a6c-56f06a60a20a-Toyota_Prius_-_Austin_-_1/campaign/processed_json/segments/e6b4bacb-a530-472c-8a4f-cfdd6d463762/part_2/005649.json,43.6806482,-92.9828771,0.9738967374550571,83.62,66.32124352331607,69.43005181347151,46.088154269972456,60.26170798898072,65.84,0.9333581113150315,0.8989846051772425,2025-07-07 11:38:15.527
/media/vsi-dev/Lacie_2/mndot_workzone_project/Toyota/campaign_0f13274e-1e23-415d-8a6c-56f06a60a20a-Toyota_Prius_-_Austin_-_1/campaign/processed_json/segments/e6b4bacb-a530-472c-8a4f-cfdd6d463762/part_2/005650.json,43.6806482,-92.9828771,0.9690332544750109,83.51,66.83937823834198,69.43005181347151,48.36088154269972,59.02203856749312,66.13,0.9306276215494816,0.8986030500781653,2025-07-07 11:38:15.563
/media/vsi-dev/Lacie_2/mndot_workzone_project/Toyota/campaign_0f13274e-1e23-415d-8a6c-56f06a60a20a-Toyota_Prius_-_Austin_-_1/campaign/processed_json/segments/e6b4bacb-a530-472c-8a4f-cfdd6d463762/part_2/005651.json,43.6806482,-92.9828771,0.9781913242622373,85.08,68.39378238341969,69.43005181347151,68.47107438016529,60.247933884297524,69.69,0.9074570957785948,0.9002765497149753,2025-07-07 11:38:15.596
/media/vsi-dev/Lacie_2/mndot_workzone_project/Toyota/campaign_0f13274e-1e23-415d-8a6c-56f06a60a20a-Toyota_Prius_-_Austin_-_1/campaign/processed_json/segments/e6b4bacb-a530-472c-8a4f-cfdd6d463762/part_2/005652.json,43.6806482,-92.9828771,0.9738967374550571,84.1,67.87564766839378,69.43005181347151,49.931129476584026,61.349862258953166,67.05,0.9339868104766896,0.8988535399419808,2025-07-07 11:38:15.627
/media/vsi-dev/Lacie_2/mndot_workzone_project/Toyota/campaign_0f13274e-1e23-415d-8a6c-56f06a60a20a-Toyota_Prius_-_Austin_-_1/campaign/processed_json/segments/e6b4bacb-a530-472c-8a4f-cfdd6d463762/part_2/005653.json,43.680641,-92.982632,0.9839305142725083,85.3,67.87564766839378,69.94818652849742,66.8870523415978,62.603305785123965,69.79,0.9062754298871454,0.8965866194188035,2025-07-07 11:38:15.662
/media/vsi-dev/Lacie_2/mndot_workzone_project/Toyota/campaign_0f13274e-1e23-415d-8a6c-56f06a60a20a-Toyota_Prius_-_Austin_-_1/campaign/processed_json/segments/e6b4bacb-a530-472c-8a4f-cfdd6d463762/part_2/005654.json,43.680641,-92.982632,0.9781913242622373,84.49,67.87564766839378,69.94818652849742,53.23691460055097,62.727272727272734,67.85,0.9262795591983808,0.8959602640880887,2025-07-07 11:38:15.692
/media/vsi-dev/Lacie_2/mndot_workzone_project/Toyota/campaign_0f13274e-1e23-415d-8a6c-56f06a60a20a-Toyota_Prius_-_Austin_-_1/campaign/processed_json/segments/e6b4bacb-a530-472c-8a4f-cfdd6d463762/part_2/005655.json,43.680641,-92.982632,0.9821119255343636,83.93,68.9119170984456,66.83937823834198,68.1129476584022,35.49586776859504,65.49,0.9081254873718961,0.9364265587320877,2025-07-07 11:38:15.728
/media/vsi-dev/Lacie_2/mndot_workzone_project/Toyota/campaign_0f13274e-1e23-415d-8a6c-56f06a60a20a-Toyota_Prius_-_Austin_-_1/campaign/processed_json/segments/e6b4bacb-a530-472c-8a4f-cfdd6d463762/part_2/005656.json,43.680641,-92.982632,0.9839305142725083,85.36,67.87564766839378,69.94818652849742,66.30853994490357,66.66666666666666,70.25,0.9057771724631696,0.8849700197634095,2025-07-07 11:38:15.765
/media/vsi-dev/Lacie_2/mndot_workzone_project/Toyota/campaign_0f13274e-1e23-415d-8a6c-56f06a60a20a-Toyota_Prius_-_Austin_-_1/campaign/processed_json/segments/e6b4bacb-a530-472c-8a4f-cfdd6d463762/part_2/005657.json,43.680641,-92.982632,0.9839305142725083,85.52,68.9119170984456,69.94818652849742,66.84573002754821,66.94214876033058,70.67,0.9060183217570212,0.883081582557116,2025-07-07 11:38:15.794
/media/vsi-dev/Lacie_2/mndot_workzone_project/Toyota/campaign_0f13274e-1e23-415d-8a6c-56f06a60a20a-Toyota_Prius_-_Austin_-_1/campaign/processed_json/segments/e6b4bacb-a530-472c-8a4f-cfdd6d463762/part_2/005658.json,43.680641,-92.982632,0.9811670975774323,84.25,67.87564766839378,68.9119170984456,46.98347107438017,67.25895316804407,67.23,0.9333054211774405,0.8781273952981411,2025-07-07 11:38:15.827
/media/vsi-dev/Lacie_2/mndot_workzone_project/Toyota/campaign_0f13274e-1e23-415d-8a6c-56f06a60a20a-Toyota_Prius_-_Austin_-_1/campaign/processed_json/segments/e6b4bacb-a530-472c-8a4f-cfdd6d463762/part_2/005659.json,43.680641,-92.982632,0.9902478635182347,85.27,67.87564766839378,68.9119170984456,65.15151515151516,62.4931129476584,69.18,0.9054267148783236,0.8931756728334276,2025-07-07 11:38:15.867
/media/vsi-dev/Lacie_2/mndot_workzone_project/Toyota/campaign_0f13274e-1e23-415d-8a6c-56f06a60a20a-Toyota_Prius_-_Austin_-_1/campaign/processed_json/segments/e6b4bacb-a530-472c-8a4f-cfdd6d463762/part_2/005660.json,43.680641,-92.982632,0.9771525479278598,82.2,67.87564766839378,65.28497409326425,46.8732782369146,29.600550964187327,60.81,0.93297147700269,0.9457109279375127,2025-07-07 11:38:15.898
/media/vsi-dev/Lacie_2/mndot_workzone_project/Toyota/campaign_0f13274e-1e23-415d-8a6c-56f06a60a20a-Toyota_Prius_-_Austin_-_1/campaign/processed_json/segments/e6b4bacb-a530-472c-8a4f-cfdd6d463762/part_2/005661.json,43.680641,-92.982632,0.9811670975774323,82.44,67.87564766839378,64.76683937823834,47.878787878787875,32.86501377410468,61.25,0.9299665792394165,0.9393287403758572,2025-07-07 11:38:15.935
/media/vsi-dev/Lacie_2/mndot_workzone_project/Toyota/campaign_0f13274e-1e23-415d-8a6c-56f06a60a20a-Toyota_Prius_-_Austin_-_1/campaign/processed_json/segments/e6b4bacb-a530-472c-8a4f-cfdd6d463762/part_2/005662.json,43.680641,-92.982632,0.9950124791926823,82.02,68.9119170984456,68.9119170984456,67.43801652892562,0.09641873278236915,60.49,0.9065831726019715,0.8960827833040379,2025-07-07 11:38:15.965
/media/vsi-dev/Lacie_2/mndot_workzone_project/Toyota/campaign_0f13274e-1e23-415d-8a6c-56f06a60a20a-Toyota_Prius_-_Austin_-_1/campaign/processed_json/segments/e6b4bacb-a530-472c-8a4f-cfdd6d463762/part_2/005663.json,43.680641,-92.982632,0.9954976660309716,81.77,68.39378238341969,68.9119170984456,65.86776859504133,0.06887052341597796,60.05,0.903905883423138,0.8888342727844859,2025-07-07 11:38:15.996
/media/vsi-dev/Lacie_2/mndot_workzone_project/Toyota/campaign_0f13274e-1e23-415d-8a6c-56f06a60a20a-Toyota_Prius_-_Austin_-_1/campaign/processed_json/segments/e6b4bacb-a530-472c-8a4f-cfdd6d463762/part_2/005664.json,43.680641,-92.982632,0.9950124791926823,84.88,66.83937823834198,68.9119170984456,47.561983471074385,67.96143250688705,67.16,0.9287402657267365,0.8924189890033356,2025-07-07 11:38:16.031
/media/vsi-dev/Lacie_2/mndot_workzone_project/Toyota/campaign_0f13274e-1e23-415d-8a6c-56f06a60a20a-Toyota_Prius_-_Austin_-_1/campaign/processed_json/segments/e6b4bacb-a530-472c-8a4f-cfdd6d463762/part_2/005665.json,43.680641,-92.982632,0.9971914513728449,81.63,67.35751295336787,68.9119170984456,62.79614325068871,0.0,59.31,0.9024486823950271,0.8993105246654485,2025-07-07 11:38:16.072
/media/vsi-dev/Lacie_2/mndot_workzone_project/Toyota/campaign_0f13274e-1e23-415d-8a6c-56f06a60a20a-Toyota_Prius_-_Austin_-_1/campaign/processed_json/segments/e6b4bacb-a530-472c-8a4f-cfdd6d463762/part_2/005666.json,43.680641,-92.982632,0.9971914513728449,85.63,67.35751295336787,68.9119170984456,65.30303030303031,63.760330578512395,69.26,0.9033550339383682,0.900765519658649,2025-07-07 11:38:16.102
/media/vsi-dev/Lacie_2/mndot_workzone_project/Toyota/campaign_0f13274e-1e23-415d-8a6c-56f06a60a20a-Toyota_Prius_-_Austin_-_1/campaign/processed_json/segments/e6b4bacb-a530-472c-8a4f-cfdd6d463762/part_2/005667.json,43.680641,-92.982632,0.9968051145430329,85.58,68.9119170984456,69.94818652849742,52.5068870523416,67.2038567493113,68.72,0.9289912380521188,0.8928275896955724,2025-07-07 11:38:16.137
/media/vsi-dev/Lacie_2/mndot_workzone_project/Toyota/campaign_0f13274e-1e23-415d-8a6c-56f06a60a20a-Toyota_Prius_-_Austin_-_1/campaign/processed_json/segments/e6b4bacb-a530-472c-8a4f-cfdd6d463762/part_2/005668.json,43.680641,-92.982632,0.9963940172279344,85.85,67.87564766839378,69.94818652849742,65.6611570247934,63.88429752066116,69.81,0.9050494082685081,0.9015803099399722,2025-07-07 11:38:16.165
/media/vsi-dev/Lacie_2/mndot_workzone_project/Toyota/campaign_0f13274e-1e23-415d-8a6c-56f06a60a20a-Toyota_Prius_-_Austin_-_1/campaign/processed_json/segments/e6b4bacb-a530-472c-8a4f-cfdd6d463762/part_2/005669.json,43.680641,-92.982632,0.9954976660309716,85.91,67.35751295336787,69.94818652849742,65.34435261707989,69.25619834710743,70.35,0.9042262817000566,0.8903901138169613,2025-07-07 11:38:16.198
/media/vsi-dev/Lacie_2/mndot_workzone_project/Toyota/campaign_0f13274e-1e23-415d-8a6c-56f06a60a20a-Toyota_Prius_-_Austin_-_1/campaign/processed_json/segments/e6b4bacb-a530-472c-8a4f-cfdd6d463762/part_2/005670.json,43.680641,-92.982632,0.9968051145430329,85.96,67.87564766839378,69.94818652849742,66.15702479338843,64.42148760330578,69.98,0.9063859989472044,0.9030522738003062,2025-07-07 11:38:16.236
/media/vsi-dev/Lacie_2/mndot_workzone_project/Toyota/campaign_0f13274e-1e23-415d-8a6c-56f06a60a20a-Toyota_Prius_-_Austin_-_1/campaign/processed_json/segments/e6b4bacb-a530-472c-8a4f-cfdd6d463762/part_2/005671.json,43.680641,-92.982632,0.9978897297577275,86.22,68.39378238341969,69.94818652849742,66.68044077134986,68.4159779614325,70.77,0.9065408778527362,0.8934415426919825,2025-07-07 11:38:16.260
/media/vsi-dev/Lacie_2/mndot_workzone_project/Toyota/campaign_0f13274e-1e23-415d-8a6c-56f06a60a20a-Toyota_Prius_-_Austin_-_1/campaign/processed_json/segments/e6b4bacb-a530-472c-8a4f-cfdd6d463762/part_2/005672.json,43.680641,-92.982632,0.9995501012348142,85.99,66.83937823834198,69.94818652849742,65.84022038567493,67.1900826446281,70.0,0.904633259318559,0.8962074337004078,2025-07-07 11:38:16.297
/media/vsi-dev/Lacie_2/mndot_workzone_project/Toyota/campaign_0f13274e-1e23-415d-8a6c-56f06a60a20a-Toyota_Prius_-_Austin_-_1/campaign/processed_json/segments/e6b4bacb-a530-472c-8a4f-cfdd6d463762/part_2/005673.json,43.680641,-92.982632,0.9992003199146837,85.86,66.83937823834198,69.94818652849742,63.829201101928376,68.25068870523417,69.83,0.9008941773423206,0.8951147058462465,2025-07-07 11:38:16.327
/media/vsi-dev/Lacie_2/mndot_workzone_project/Toyota/campaign_0f13274e-1e23-415d-8a6c-56f06a60a20a-Toyota_Prius_-_Austin_-_1/campaign/processed_json/segments/e6b4bacb-a530-472c-8a4f-cfdd6d463762/part_2/005674.json,43.680641,-92.982632,0.9982016190284373,86.13,67.87564766839378,69.94818652849742,65.99173553719008,68.40220385674931,70.51,0.9062593929317306,0.8936201221519207,2025-07-07 11:38:16.366
/media/vsi-dev/Lacie_2/mndot_workzone_project/Toyota/campaign_0f13274e-1e23-415d-8a6c-56f06a60a20a-Toyota_Prius_-_Austin_-_1/campaign/processed_json/segments/e6b4bacb-a530-472c-8a4f-cfdd6d463762/part_2/005675.json,43.680641,-92.982632,0.9978897297577275,81.83,66.83937823834198,69.94818652849742,64.43526170798897,0.0,59.71,0.9035740826191239,0.8989874884629862,2025-07-07 11:38:16.401
/media/vsi-dev/Lacie_2/mndot_workzone_project/Toyota/campaign_0f13274e-1e23-415d-8a6c-56f06a60a20a-Toyota_Prius_-_Austin_-_1/campaign/processed_json/segments/e6b4bacb-a530-472c-8a4f-cfdd6d463762/part_2/005676.json,43.680641,-92.982632,0.9995501012348142,85.49,68.39378238341969,69.94818652849742,47.58953168044077,69.51790633608816,68.19,0.9315060103047489,0.8921405964699929,2025-07-07 11:38:16.430
/media/vsi-dev/Lacie_2/mndot_workzone_project/Toyota/campaign_0f13274e-1e23-415d-8a6c-56f06a60a20a-Toyota_Prius_-_Austin_-_1/campaign/processed_json/segments/e6b4bacb-a530-472c-8a4f-cfdd6d463762/part_2/005677.json,43.680641,-92.982632,0.9954976660309716,85.36,69.43005181347151,70.46632124352331,44.03581267217631,68.52617079889806,68.02,0.9385844781793924,0.8945452537512041,2025-07-07 11:38:16.464
/media/vsi-dev/Lacie_2/mndot_workzone_project/Toyota/campaign_0f13274e-1e23-415d-8a6c-56f06a60a20a-Toyota_Prius_-_Austin_-_1/campaign/processed_json/segments/e6b4bacb-a530-472c-8a4f-cfdd6d463762/part_2/005678.json,43.680641,-92.982632,0.9968051145430329,85.34,68.9119170984456,69.94818652849742,47.603305785123965,65.08264462809917,67.74,0.9337308113316228,0.9030409031021509,2025-07-07 11:38:16.493
/media/vsi-dev/Lacie_2/mndot_workzone_project/Toyota/campaign_0f13274e-1e23-415d-8a6c-56f06a60a20a-Toyota_Prius_-_Austin_-_1/campaign/processed_json/segments/e6b4bacb-a530-472c-8a4f-cfdd6d463762/part_2/005679.json,43.680641,-92.982632,0.9982016190284373,85.47,67.87564766839378,70.98445595854922,45.89531680440771,71.08815426997245,68.31,0.932665068228927,0.8888919986216992,2025-07-07 11:38:16.525
/media/vsi-dev/Lacie_2/mndot_workzone_project/Toyota/campaign_0f13274e-1e23-415d-8a6c-56f06a60a20a-Toyota_Prius_-_Austin_-_1/campaign/processed_json/segments/e6b4bacb-a530-472c-8a4f-cfdd6d463762/part_2/005680.json,43.680641,-92.982632,0.9982016190284373,85.62,68.9119170984456,70.98445595854922,47.72727272727273,68.25068870523417,68.51,0.9329650678593442,0.8962603523764101,2025-07-07 11:38:16.561
/media/vsi-dev/Lacie_2/mndot_workzone_project/Toyota/campaign_0f13274e-1e23-415d-8a6c-56f06a60a20a-Toyota_Prius_-_Austin_-_1/campaign/processed_json/segments/e6b4bacb-a530-472c-8a4f-cfdd6d463762/part_2/005681.json,43.680641,-92.982632,0.9992003199146837,86.08,67.87564766839378,70.98445595854922,63.38842975206611,67.12121212121212,70.24,0.9038581844474582,0.8980594399147,2025-07-07 11:38:16.595
/media/vsi-dev/Lacie_2/mndot_workzone_project/Toyota/campaign_0f13274e-1e23-415d-8a6c-56f06a60a20a-Toyota_Prius_-_Austin_-_1/campaign/processed_json/segments/e6b4bacb-a530-472c-8a4f-cfdd6d463762/part_2/005682.json,43.680641,-92.982632,0.9992003199146837,85.46,66.83937823834198,72.02072538860104,52.69972451790633,67.82369146005509,68.74,0.9021185927016302,0.8979185209427194,2025-07-07 11:38:16.631
/media/vsi-dev/Lacie_2/mndot_workzone_project/Toyota/campaign_0f13274e-1e23-415d-8a6c-56f06a60a20a-Toyota_Prius_-_Austin_-_1/campaign/processed_json/segments/e6b4bacb-a530-472c-8a4f-cfdd6d463762/part_2/005683.json,43.680634,-92.9823824,0.9992003199146837,86.57,68.9119170984456,71.50259067357513,67.28650137741047,69.11845730027548,71.57,0.9053280182280061,0.8924659541491994,2025-07-07 11:38:16.660
/media/vsi-dev/Lacie_2/mndot_workzone_project/Toyota/campaign_0f13274e-1e23-415d-8a6c-56f06a60a20a-Toyota_Prius_-_Austin_-_1/campaign/processed_json/segments/e6b4bacb-a530-472c-8a4f-cfdd6d463762/part_2/005684.json,43.680634,-92.9823824,0.9968051145430329,85.49,67.87564766839378,71.50259067357513,47.02479338842976,70.48209366391185,68.54,0.931557367422869,0.8888222397054188,2025-07-07 11:38:16.701
/media/vsi-dev/Lacie_2/mndot_workzone_project/Toyota/campaign_0f13274e-1e23-415d-8a6c-56f06a60a20a-Toyota_Prius_-_Austin_-_1/campaign/processed_json/segments/e6b4bacb-a530-472c-8a4f-cfdd6d463762/part_2/005685.json,43.680634,-92.9823824,0.9971914513728449,86.35,68.39378238341969,72.02072538860104,65.12396694214875,69.49035812672176,71.29,0.9031321806612717,0.8916740413575116,2025-07-07 11:38:16.729
/media/vsi-dev/Lacie_2/mndot_workzone_project/Toyota/campaign_0f13274e-1e23-415d-8a6c-56f06a60a20a-Toyota_Prius_-_Austin_-_1/campaign/processed_json/segments/e6b4bacb-a530-472c-8a4f-cfdd6d463762/part_2/005686.json,43.680634,-92.9823824,0.9968051145430329,85.38,69.43005181347151,70.98445595854922,45.151515151515156,67.7961432506887,68.18,0.9343834505541402,0.8892488969121808,2025-07-07 11:38:16.768
/media/vsi-dev/Lacie_2/mndot_workzone_project/Toyota/campaign_0f13274e-1e23-415d-8a6c-56f06a60a20a-Toyota_Prius_-_Austin_-_1/campaign/processed_json/segments/e6b4bacb-a530-472c-8a4f-cfdd6d463762/part_2/005687.json,43.680634,-92.9823824,0.9971914513728449,86.4,68.9119170984456,70.98445595854922,66.61157024793388,70.49586776859505,71.49,0.9035987533131856,0.8881819679778857,2025-07-07 11:38:16.794
/media/vsi-dev/Lacie_2/mndot_workzone_project/Toyota/campaign_0f13274e-1e23-415d-8a6c-56f06a60a20a-Toyota_Prius_-_Austin_-_1/campaign/processed_json/segments/e6b4bacb-a530-472c-8a4f-cfdd6d463762/part_2/005688.json,43.680634,-92.9823824,0.9945026659478988,85.29,67.87564766839378,70.98445595854922,46.58402203856749,69.17355371900827,68.15,0.934139906714499,0.8906585221921152,2025-07-07 11:38:16.824
/media/vsi-dev/Lacie_2/mndot_workzone_project/Toyota/campaign_0f13274e-1e23-415d-8a6c-56f06a60a20a-Toyota_Prius_-_Austin_-_1/campaign/processed_json/segments/e6b4bacb-a530-472c-8a4f-cfdd6d463762/part_2/005689.json,43.680634,-92.9823824,0.9968051145430329,85.56,67.35751295336787,71.50259067357513,50.15151515151515,71.47382920110192,68.96,0.9257395437080869,0.8851174179440943,2025-07-07 11:38:16.858
/media/vsi-dev/Lacie_2/mndot_workzone_project/Toyota/campaign_0f13274e-1e23-415d-8a6c-56f06a60a20a-Toyota_Prius_-_Austin_-_1/campaign/processed_json/segments/e6b4bacb-a530-472c-8a4f-cfdd6d463762/part_2/005690.json,43.680634,-92.9823824,0.9934093144689159,84.85,64.76683937823834,70.98445595854922,46.06060606060606,71.80440771349862,67.47,0.9275964051990709,0.8853733938451982,2025-07-07 11:38:16.896
/media/vsi-dev/Lacie_2/mndot_workzone_project/Toyota/campaign_0f13274e-1e23-415d-8a6c-56f06a60a20a-Toyota_Prius_-_Austin_-_1/campaign/processed_json/segments/e6b4bacb-a530-472c-8a4f-cfdd6d463762/part_2/005691.json,43.680634,-92.9823824,0.9968051145430329,85.3,66.83937823834198,71.50259067357513,45.39944903581267,69.77961432506888,67.91,0.9333811373118415,0.8929495533148013,2025-07-07 11:38:16.928
/media/vsi-dev/Lacie_2/mndot_workzone_project/Toyota/campaign_0f13274e-1e23-415d-8a6c-56f06a60a20a-Toyota_Prius_-_Austin_-_1/campaign/processed_json/segments/e6b4bacb-a530-472c-8a4f-cfdd6d463762/part_2/005692.json,43.680634,-92.9823824,0.9945026659478988,85.28,66.32124352331607,72.02072538860104,46.625344352617084,71.03305785123966,68.25,0.9299834979720873,0.8896235242495852,2025-07-07 11:38:16.964
/media/vsi-dev/Lacie_2/mndot_workzone_project/Toyota/campaign_0f13274e-1e23-415d-8a6c-56f06a60a20a-Toyota_Prius_-_Austin_-_1/campaign/processed_json/segments/e6b4bacb-a530-472c-8a4f-cfdd6d463762/part_2/005693.json,43.680634,-92.9823824,0.9928258579038134,84.98,66.32124352331607,71.50259067357513,44.44903581267218,68.78787878787878,67.47,0.9339505156735568,0.8943623019326472,2025-07-07 11:38:16.996
/media/vsi-dev/Lacie_2/mndot_workzone_project/Toyota/campaign_0f13274e-1e23-415d-8a6c-56f06a60a20a-Toyota_Prius_-_Austin_-_1/campaign/processed_json/segments/e6b4bacb-a530-472c-8a4f-cfdd6d463762/part_2/005694.json,43.680634,-92.9823824,0.9978897297577275,86.17,67.87564766839378,70.98445595854922,64.11845730027548,69.44903581267218,70.68,0.9047489972086502,0.8934736139702963,2025-07-07 11:38:17.029
/media/vsi-dev/Lacie_2/mndot_workzone_project/Toyota/campaign_0f13274e-1e23-415d-8a6c-56f06a60a20a-Toyota_Prius_-_Austin_-_1/campaign/processed_json/segments/e6b4bacb-a530-472c-8a4f-cfdd6d463762/part_2/005695.json,43.680634,-92.9823824,0.9950124791926823,85.1,66.32124352331607,71.50259067357513,44.132231404958674,71.03305785123966,67.73,0.9319495298898742,0.8890280562265204,2025-07-07 11:38:17.062
/media/vsi-dev/Lacie_2/mndot_workzone_project/Toyota/campaign_0f13274e-1e23-415d-8a6c-56f06a60a20a-Toyota_Prius_-_Austin_-_1/campaign/processed_json/segments/e6b4bacb-a530-472c-8a4f-cfdd6d463762/part_2/005696.json,43.680634,-92.9823824,0.9989880124051737,86.37,67.87564766839378,71.50259067357513,64.77961432506886,70.85399449035813,71.14,0.905286898868274,0.8906161128873378,2025-07-07 11:38:17.092
/media/vsi-dev/Lacie_2/mndot_workzone_project/Toyota/campaign_0f13274e-1e23-415d-8a6c-56f06a60a20a-Toyota_Prius_-_Austin_-_1/campaign/processed_json/segments/e6b4bacb-a530-472c-8a4f-cfdd6d463762/part_2/005697.json,43.680634,-92.9823824,0.9982016190284373,86.33,66.83937823834198,72.02072538860104,65.35812672176309,71.94214876033058,71.21,0.9037833337628075,0.8882413283689636,2025-07-07 11:38:17.134
/media/vsi-dev/Lacie_2/mndot_workzone_project/Toyota/campaign_0f13274e-1e23-415d-8a6c-56f06a60a20a-Toyota_Prius_-_Austin_-_1/campaign/processed_json/segments/e6b4bacb-a530-472c-8a4f-cfdd6d463762/part_2/005698.json,43.680634,-92.9823824,0.998488643251663,85.34,66.83937823834198,70.98445595854922,45.75757575757576,68.7603305785124,67.69,0.9338258880795527,0.8983422523995203,2025-07-07 11:38:17.175
/media/vsi-dev/Lacie_2/mndot_workzone_project/Toyota/campaign_0f13274e-1e23-415d-8a6c-56f06a60a20a-Toyota_Prius_-_Austin_-_1/campaign/processed_json/segments/e6b4bacb-a530-472c-8a4f-cfdd6d463762/part_2/005699.json,43.680634,-92.9823824,0.9954976660309716,85.19,65.80310880829016,72.02072538860104,44.28374655647383,71.22589531680441,67.8,0.9322404137021757,0.8928131356290934,2025-07-07 11:38:17.236
/media/vsi-dev/Lacie_2/mndot_workzone_project/Toyota/campaign_0f13274e-1e23-415d-8a6c-56f06a60a20a-Toyota_Prius_-_Austin_-_1/campaign/processed_json/segments/e6b4bacb-a530-472c-8a4f-cfdd6d463762/part_2/005700.json,43.680634,-92.9823824,0.9982016190284373,86.16,66.83937823834198,72.02072538860104,64.32506887052341,67.7961432506887,70.49,0.9042358412221875,0.89894285837356,2025-07-07 11:38:17.262
/media/vsi-dev/Lacie_2/mndot_workzone_project/Toyota/campaign_0f13274e-1e23-415d-8a6c-56f06a60a20a-Toyota_Prius_-_Austin_-_1/campaign/processed_json/segments/e6b4bacb-a530-472c-8a4f-cfdd6d463762/part_2/005701.json,43.680634,-92.9823824,0.9992003199146837,86.14,67.35751295336787,71.50259067357513,64.17355371900827,66.63911845730027,70.31,0.9052632823642514,0.8999564399587998,2025-07-07 11:38:17.292
/media/vsi-dev/Lacie_2/mndot_workzone_project/Toyota/campaign_0f13274e-1e23-415d-8a6c-56f06a60a20a-Toyota_Prius_-_Austin_-_1/campaign/processed_json/segments/e6b4bacb-a530-472c-8a4f-cfdd6d463762/part_2/005702.json,43.680634,-92.9823824,0.9989880124051737,86.39,67.87564766839378,72.02072538860104,65.71625344352617,66.98347107438016,70.91,0.9070100738670342,0.899912344340918,2025-07-07 11:38:17.303
/media/vsi-dev/Lacie_2/mndot_workzone_project/Toyota/campaign_0f13274e-1e23-415d-8a6c-56f06a60a20a-Toyota_Prius_-_Austin_-_1/campaign/processed_json/segments/e6b4bacb-a530-472c-8a4f-cfdd6d463762/part_2/005703.json,43.680634,-92.9823824,0.998488643251663,86.44,68.39378238341969,72.02072538860104,65.37190082644628,67.17630853994491,71.05,0.9077402060380346,0.9000584140080102,2025-07-07 11:38:17.334
/media/vsi-dev/Lacie_2/mndot_workzone_project/Toyota/campaign_0f13274e-1e23-415d-8a6c-56f06a60a20a-Toyota_Prius_-_Austin_-_1/campaign/processed_json/segments/e6b4bacb-a530-472c-8a4f-cfdd6d463762/part_2/005704.json,43.680634,-92.9823824,0.9989880124051737,81.67,66.32124352331607,71.50259067357513,53.62258953168044,3.9669421487603307,59.03,0.9099159338867883,0.8995073589923593,2025-07-07 11:38:17.361
/media/vsi-dev/Lacie_2/mndot_workzone_project/Toyota/campaign_0f13274e-1e23-415d-8a6c-56f06a60a20a-Toyota_Prius_-_Austin_-_1/campaign/processed_json/segments/e6b4bacb-a530-472c-8a4f-cfdd6d463762/part_2/005705.json,43.680634,-92.9823824,0.9950124791926823,86.37,75.12953367875647,72.02072538860104,49.641873278236915,67.02479338842974,70.78,0.927480739195009,0.8987535945987892,2025-07-07 11:38:17.395
/media/vsi-dev/Lacie_2/mndot_workzone_project/Toyota/campaign_0f13274e-1e23-415d-8a6c-56f06a60a20a-Toyota_Prius_-_Austin_-_1/campaign/processed_json/segments/e6b4bacb-a530-472c-8a4f-cfdd6d463762/part_2/005706.json,43.680634,-92.9823824,0.998488643251663,86.58,67.87564766839378,72.02072538860104,70.56473829201101,65.0413223140496,71.36,0.9072138817034922,0.9023029957866672,2025-07-07 11:38:17.429
/media/vsi-dev/Lacie_2/mndot_workzone_project/Toyota/campaign_0f13274e-1e23-415d-8a6c-56f06a60a20a-Toyota_Prius_-_Austin_-_1/campaign/processed_json/segments/e6b4bacb-a530-472c-8a4f-cfdd6d463762/part_2/005707.json,43.680634,-92.9823824,0.9989880124051737,86.18,72.02072538860104,72.02072538860104,48.705234159779614,67.58953168044077,69.81,0.9342877175756569,0.8955700746900886,2025-07-07 11:38:17.463
/media/vsi-dev/Lacie_2/mndot_workzone_project/Toyota/campaign_0f13274e-1e23-415d-8a6c-56f06a60a20a-Toyota_Prius_-_Austin_-_1/campaign/processed_json/segments/e6b4bacb-a530-472c-8a4f-cfdd6d463762/part_2/005708.json,43.680634,-92.9823824,1.0,85.1,68.9119170984456,70.98445595854922,41.14325068870524,67.89256198347108,67.4,0.9182410477957853,0.8959652642195424,2025-07-07 11:38:17.496
/media/vsi-dev/Lacie_2/mndot_workzone_project/Toyota/campaign_0f13274e-1e23-415d-8a6c-56f06a60a20a-Toyota_Prius_-_Austin_-_1/campaign/processed_json/segments/e6b4bacb-a530-472c-8a4f-cfdd6d463762/part_2/005709.json,43.680634,-92.9823824,0.9999500012499791,85.59,68.39378238341969,70.98445595854922,54.848484848484844,70.44077134986226,69.5,0.886966944615783,0.8926296248519592,2025-07-07 11:38:17.556
/media/vsi-dev/Lacie_2/mndot_workzone_project/Toyota/campaign_0f13274e-1e23-415d-8a6c-56f06a60a20a-Toyota_Prius_-_Austin_-_1/campaign/processed_json/segments/e6b4bacb-a530-472c-8a4f-cfdd6d463762/part_2/005710.json,43.680634,-92.9823824,0.9989880124051737,84.8,68.9119170984456,70.46632124352331,35.22038567493113,70.2892561983471,66.72,0.9250301026815229,0.8904139625333412,2025-07-07 11:38:17.576
/media/vsi-dev/Lacie_2/mndot_workzone_project/Toyota/campaign_0f13274e-1e23-415d-8a6c-56f06a60a20a-Toyota_Prius_-_Austin_-_1/campaign/processed_json/segments/e6b4bacb-a530-472c-8a4f-cfdd6d463762/part_2/005711.json,43.680634,-92.9823824,0.9992003199146837,85.81,67.87564766839378,72.02072538860104,49.22865013774105,70.56473829201101,69.05,0.9305402455536488,0.8919919935843916,2025-07-07 11:38:17.604
/media/vsi-dev/Lacie_2/mndot_workzone_project/Toyota/campaign_0f13274e-1e23-415d-8a6c-56f06a60a20a-Toyota_Prius_-_Austin_-_1/campaign/processed_json/segments/e6b4bacb-a530-472c-8a4f-cfdd6d463762/part_2/005712.json,43.680634,-92.9823824,0.9999875000781246,82.07,66.83937823834198,72.02072538860104,62.61707988980716,2.286501377410468,60.36,0.9023595920665471,0.8902984988734983,2025-07-07 11:38:17.631
/media/vsi-dev/Lacie_2/mndot_workzone_project/Toyota/campaign_0f13274e-1e23-415d-8a6c-56f06a60a20a-Toyota_Prius_-_Austin_-_1/campaign/processed_json/segments/e6b4bacb-a530-472c-8a4f-cfdd6d463762/part_2/005713.json,43.680626,-92.9821258,0.9999500012499791,82.76,69.94818652849742,72.02072538860104,68.22314049586777,1.143250688705234,61.98,0.9077038417045594,0.8895018332451321,2025-07-07 11:38:17.660
/media/vsi-dev/Lacie_2/mndot_workzone_project/Toyota/campaign_0f13274e-1e23-415d-8a6c-56f06a60a20a-Toyota_Prius_-_Austin_-_1/campaign/processed_json/segments/e6b4bacb-a530-472c-8a4f-cfdd6d463762/part_2/005714.json,43.680626,-92.9821258,0.9998000199986667,86.4,73.05699481865285,72.02072538860104,47.93388429752066,70.11019283746556,70.36,0.9357917014223788,0.8907814037827334,2025-07-07 11:38:17.703
/media/vsi-dev/Lacie_2/mndot_workzone_project/Toyota/campaign_0f13274e-1e23-415d-8a6c-56f06a60a20a-Toyota_Prius_-_Austin_-_1/campaign/processed_json/segments/e6b4bacb-a530-472c-8a4f-cfdd6d463762/part_2/005715.json,43.680626,-92.9821258,0.9989880124051737,85.38,65.80310880829016,72.02072538860104,47.63085399449036,68.82920110192838,67.94,0.9308128367045454,0.8941046845656428,2025-07-07 11:38:17.729
/media/vsi-dev/Lacie_2/mndot_workzone_project/Toyota/campaign_0f13274e-1e23-415d-8a6c-56f06a60a20a-Toyota_Prius_-_Austin_-_1/campaign/processed_json/segments/e6b4bacb-a530-472c-8a4f-cfdd6d463762/part_2/005716.json,43.680626,-92.9821258,0.9987507809245809,81.51,66.32124352331607,72.02072538860104,57.672176308539946,0.5234159779614325,59.18,0.9033178871625552,0.885783294029395,2025-07-07 11:38:17.761
/media/vsi-dev/Lacie_2/mndot_workzone_project/Toyota/campaign_0f13274e-1e23-415d-8a6c-56f06a60a20a-Toyota_Prius_-_Austin_-_1/campaign/processed_json/segments/e6b4bacb-a530-472c-8a4f-cfdd6d463762/part_2/005717.json,43.680626,-92.9821258,0.9999500012499791,86.12,65.80310880829016,70.98445595854922,63.62258953168044,75.64738292011019,70.82,0.9027115051169495,0.8765310379929724,2025-07-07 11:38:17.795
/media/vsi-dev/Lacie_2/mndot_workzone_project/Toyota/campaign_0f13274e-1e23-415d-8a6c-56f06a60a20a-Toyota_Prius_-_Austin_-_1/campaign/processed_json/segments/e6b4bacb-a530-472c-8a4f-cfdd6d463762/part_2/005718.json,43.680626,-92.9821258,0.9995501012348142,84.89,64.76683937823834,69.94818652849742,44.696969696969695,70.44077134986226,66.78,0.9300449772228356,0.889560739130724,2025-07-07 11:38:17.830
/media/vsi-dev/Lacie_2/mndot_workzone_project/Toyota/campaign_0f13274e-1e23-415d-8a6c-56f06a60a20a-Toyota_Prius_-_Austin_-_1/campaign/processed_json/segments/e6b4bacb-a530-472c-8a4f-cfdd6d463762/part_2/005719.json,43.680626,-92.9821258,0.9968051145430329,80.96,65.80310880829016,70.98445595854922,45.48209366391184,0.7575757575757576,57.1,0.9315713255579736,0.8935238230146043,2025-07-07 11:38:17.868
/media/vsi-dev/Lacie_2/mndot_workzone_project/Toyota/campaign_0f13274e-1e23-415d-8a6c-56f06a60a20a-Toyota_Prius_-_Austin_-_1/campaign/processed_json/segments/e6b4bacb-a530-472c-8a4f-cfdd6d463762/part_2/005720.json,43.680626,-92.9821258,0.9963940172279344,86.03,67.35751295336787,72.02072538860104,62.272727272727266,67.63085399449037,70.32,0.9083901741694306,0.8961024630045964,2025-07-07 11:38:17.898
/media/vsi-dev/Lacie_2/mndot_workzone_project/Toyota/campaign_0f13274e-1e23-415d-8a6c-56f06a60a20a-Toyota_Prius_-_Austin_-_1/campaign/processed_json/segments/e6b4bacb-a530-472c-8a4f-cfdd6d463762/part_2/005721.json,43.680626,-92.9821258,0.9945026659478988,86.37,68.39378238341969,71.50259067357513,67.28650137741047,71.06060606060606,71.68,0.9036966298291738,0.8882016994834414,2025-07-07 11:38:17.932
/media/vsi-dev/Lacie_2/mndot_workzone_project/Toyota/campaign_0f13274e-1e23-415d-8a6c-56f06a60a20a-Toyota_Prius_-_Austin_-_1/campaign/processed_json/segments/e6b4bacb-a530-472c-8a4f-cfdd6d463762/part_2/005722.json,43.680626,-92.9821258,0.9971914513728449,81.41,64.76683937823834,70.98445595854922,60.12396694214877,3.0991735537190084,59.14,0.9037688627548975,0.8833374753516507,2025-07-07 11:38:17.966
/media/vsi-dev/Lacie_2/mndot_workzone_project/Toyota/campaign_0f13274e-1e23-415d-8a6c-56f06a60a20a-Toyota_Prius_-_Austin_-_1/campaign/processed_json/segments/e6b4bacb-a530-472c-8a4f-cfdd6d463762/part_2/005723.json,43.680626,-92.9821258,0.9978897297577275,81.45,63.730569948186535,72.02072538860104,59.628099173553714,4.104683195592287,59.21,0.8983216635534741,0.8870952011169053,2025-07-07 11:38:17.996
/media/vsi-dev/Lacie_2/mndot_workzone_project/Toyota/campaign_0f13274e-1e23-415d-8a6c-56f06a60a20a-Toyota_Prius_-_Austin_-_1/campaign/processed_json/segments/e6b4bacb-a530-472c-8a4f-cfdd6d463762/part_2/005724.json,43.680626,-92.9821258,0.9992003199146837,77.14,40.932642487046635,71.50259067357513,39.73829201101928,2.644628099173554,48.9,0.8767504712397147,0.8848773291089822,2025-07-07 11:38:18.031
/media/vsi-dev/Lacie_2/mndot_workzone_project/Toyota/campaign_0f13274e-1e23-415d-8a6c-56f06a60a20a-Toyota_Prius_-_Austin_-_1/campaign/processed_json/segments/e6b4bacb-a530-472c-8a4f-cfdd6d463762/part_2/005725.json,43.680626,-92.9821258,0,43.78,75.12953367875647,72.02072538860104,0.9366391184573003,73.85674931129476,64.38,0.9179784130141377,0.8850139324201538,2025-07-07 11:38:18.064
/media/vsi-dev/Lacie_2/mndot_workzone_project/Toyota/campaign_0f13274e-1e23-415d-8a6c-56f06a60a20a-Toyota_Prius_-_Austin_-_1/campaign/processed_json/segments/e6b4bacb-a530-472c-8a4f-cfdd6d463762/part_2/005726.json,43.680626,-92.9821258,0,39.42,75.64766839378238,72.02072538860104,0.0,0.0,53.34,0.9219707562541428,0.8868567637780613,2025-07-07 11:38:18.102
/media/vsi-dev/Lacie_2/mndot_workzone_project/Toyota/campaign_0f13274e-1e23-415d-8a6c-56f06a60a20a-Toyota_Prius_-_Austin_-_1/campaign/processed_json/segments/e6b4bacb-a530-472c-8a4f-cfdd6d463762/part_2/005727.json,43.680626,-92.9821258,0,43.87,76.16580310880829,72.02072538860104,0.8953168044077136,73.52617079889808,64.63,0.9173386772255403,0.884632750444465,2025-07-07 11:38:18.130
/media/vsi-dev/Lacie_2/mndot_workzone_project/Toyota/campaign_0f13274e-1e23-415d-8a6c-56f06a60a20a-Toyota_Prius_-_Austin_-_1/campaign/processed_json/segments/e6b4bacb-a530-472c-8a4f-cfdd6d463762/part_2/005728.json,43.680626,-92.9821258,1.0,86.3,73.05699481865285,70.98445595854922,48.14049586776859,69.32506887052342,69.98,0.9354475381904191,0.8950912961050046,2025-07-07 11:38:18.164
/media/vsi-dev/Lacie_2/mndot_workzone_project/Toyota/campaign_0f13274e-1e23-415d-8a6c-56f06a60a20a-Toyota_Prius_-_Austin_-_1/campaign/processed_json/segments/e6b4bacb-a530-472c-8a4f-cfdd6d463762/part_2/005729.json,43.680626,-92.9821258,0.9993876875398336,83.61,59.067357512953365,72.02072538860104,33.63636363636363,70.57851239669421,63.98,0.9118724973420438,0.8921410170917607,2025-07-07 11:38:18.196
/media/vsi-dev/Lacie_2/mndot_workzone_project/Toyota/campaign_0f13274e-1e23-415d-8a6c-56f06a60a20a-Toyota_Prius_-_Austin_-_1/campaign/processed_json/segments/e6b4bacb-a530-472c-8a4f-cfdd6d463762/part_2/005730.json,43.680626,-92.9821258,0.9993876875398336,84.08,63.212435233160626,70.98445595854922,35.45454545454545,70.59228650137742,65.18,0.9122999128464642,0.8908726528042673,2025-07-07 11:38:18.238
/media/vsi-dev/Lacie_2/mndot_workzone_project/Toyota/campaign_0f13274e-1e23-415d-8a6c-56f06a60a20a-Toyota_Prius_-_Austin_-_1/campaign/processed_json/segments/e6b4bacb-a530-472c-8a4f-cfdd6d463762/part_2/005731.json,43.680626,-92.9821258,0.9993876875398336,80.76,65.80310880829016,71.50259067357513,46.349862258953166,1.5426997245179064,57.31,0.8951898998788497,0.8909289476901469,2025-07-07 11:38:18.261
/media/vsi-dev/Lacie_2/mndot_workzone_project/Toyota/campaign_0f13274e-1e23-415d-8a6c-56f06a60a20a-Toyota_Prius_-_Austin_-_1/campaign/processed_json/segments/e6b4bacb-a530-472c-8a4f-cfdd6d463762/part_2/005732.json,43.680626,-92.9821258,0.9975529988004797,81.85,67.87564766839378,72.02072538860104,58.30578512396695,1.3498622589531681,59.91,0.9091048952247731,0.8890015949960113,2025-07-07 11:38:18.293
/media/vsi-dev/Lacie_2/mndot_workzone_project/Toyota/campaign_0f13274e-1e23-415d-8a6c-56f06a60a20a-Toyota_Prius_-_Austin_-_1/campaign/processed_json/segments/e6b4bacb-a530-472c-8a4f-cfdd6d463762/part_2/005733.json,43.680626,-92.9821258,0.9954976660309717,81.08,63.212435233160626,72.02072538860104,58.56749311294765,0.15151515151515152,58.34,0.903694298902795,0.8889968907650412,2025-07-07 11:38:18.326
/media/vsi-dev/Lacie_2/mndot_workzone_project/Toyota/campaign_0f13274e-1e23-415d-8a6c-56f06a60a20a-Toyota_Prius_-_Austin_-_1/campaign/processed_json/segments/e6b4bacb-a530-472c-8a4f-cfdd6d463762/part_2/005734.json,43.680626,-92.9821258,0,49.61,75.12953367875647,71.50259067357513,100.0,73.85674931129476,79.06,0.9142413405143616,0.8842561434027016,2025-07-07 11:38:18.362
/media/vsi-dev/Lacie_2/mndot_workzone_project/Toyota/campaign_0f13274e-1e23-415d-8a6c-56f06a60a20a-Toyota_Prius_-_Austin_-_1/campaign/processed_json/segments/e6b4bacb-a530-472c-8a4f-cfdd6d463762/part_2/005735.json,43.680626,-92.9821258,0.9945026659478988,84.33,58.549222797927456,72.53886010362694,44.83471074380165,74.51790633608816,66.25,0.9209023848123209,0.8841479687532013,2025-07-07 11:38:18.400
/media/vsi-dev/Lacie_2/mndot_workzone_project/Toyota/campaign_0f13274e-1e23-415d-8a6c-56f06a60a20a-Toyota_Prius_-_Austin_-_1/campaign/processed_json/segments/e6b4bacb-a530-472c-8a4f-cfdd6d463762/part_2/005736.json,43.680626,-92.9821258,0.9978897297577276,86.25,68.9119170984456,73.05699481865285,51.15702479338843,73.16804407713498,70.34,0.9324541842880232,0.8877321115400532,2025-07-07 11:38:18.435
/media/vsi-dev/Lacie_2/mndot_workzone_project/Toyota/campaign_0f13274e-1e23-415d-8a6c-56f06a60a20a-Toyota_Prius_-_Austin_-_1/campaign/processed_json/segments/e6b4bacb-a530-472c-8a4f-cfdd6d463762/part_2/005737.json,43.680626,-92.9821258,0.9998000199986667,79.89,56.476683937823836,72.02072538860104,45.027548209366394,2.8925619834710745,54.74,0.9074556449918393,0.8930745338885234,2025-07-07 11:38:18.470
/media/vsi-dev/Lacie_2/mndot_workzone_project/Toyota/campaign_0f13274e-1e23-415d-8a6c-56f06a60a20a-Toyota_Prius_-_Austin_-_1/campaign/processed_json/segments/e6b4bacb-a530-472c-8a4f-cfdd6d463762/part_2/005738.json,43.680626,-92.9821258,0.998488643251663,85.93,66.83937823834198,72.02072538860104,56.73553719008264,70.9641873278237,69.84,0.9152251117978927,0.8898061559114551,2025-07-07 11:38:18.500
/media/vsi-dev/Lacie_2/mndot_workzone_project/Toyota/campaign_0f13274e-1e23-415d-8a6c-56f06a60a20a-Toyota_Prius_-_Austin_-_1/campaign/processed_json/segments/e6b4bacb-a530-472c-8a4f-cfdd6d463762/part_2/005739.json,43.680626,-92.9821258,0.9993876875398336,85.18,68.9119170984456,72.02072538860104,36.65289256198347,70.11019283746556,67.41,0.9326118996434815,0.8910503259560818,2025-07-07 11:38:18.535
/media/vsi-dev/Lacie_2/mndot_workzone_project/Toyota/campaign_0f13274e-1e23-415d-8a6c-56f06a60a20a-Toyota_Prius_-_Austin_-_1/campaign/processed_json/segments/e6b4bacb-a530-472c-8a4f-cfdd6d463762/part_2/005740.json,43.680626,-92.9821258,0.9995501012348142,86.07,68.9119170984456,72.02072538860104,51.446280991735534,71.39118457300275,69.79,0.9300540199019148,0.8876442490823664,2025-07-07 11:38:18.571
/media/vsi-dev/Lacie_2/mndot_workzone_project/Toyota/campaign_0f13274e-1e23-415d-8a6c-56f06a60a20a-Toyota_Prius_-_Austin_-_1/campaign/processed_json/segments/e6b4bacb-a530-472c-8a4f-cfdd6d463762/part_2/005741.json,43.680626,-92.9821258,0.9971914513728449,86.68,68.9119170984456,72.02072538860104,68.69146005509641,69.54545454545455,72.01,0.9073596047498941,0.8909767494717156,2025-07-07 11:38:18.599
/media/vsi-dev/Lacie_2/mndot_workzone_project/Toyota/campaign_0f13274e-1e23-415d-8a6c-56f06a60a20a-Toyota_Prius_-_Austin_-_1/campaign/processed_json/segments/e6b4bacb-a530-472c-8a4f-cfdd6d463762/part_2/005742.json,43.680626,-92.9821258,0.9992003199146837,86.67,68.9119170984456,72.02072538860104,66.84573002754821,70.19283746556474,71.82,0.9062843188225443,0.8914868097946506,2025-07-07 11:38:18.631
/media/vsi-dev/Lacie_2/mndot_workzone_project/Toyota/campaign_0f13274e-1e23-415d-8a6c-56f06a60a20a-Toyota_Prius_-_Austin_-_1/campaign/processed_json/segments/e6b4bacb-a530-472c-8a4f-cfdd6d463762/part_2/005743.json,43.680626,-92.9821258,0.9982016190284373,87.07,69.94818652849742,72.53886010362694,70.0413223140496,71.68044077134986,72.98,0.906927916120292,0.8878317415580775,2025-07-07 11:38:18.671
/media/vsi-dev/Lacie_2/mndot_workzone_project/Toyota/campaign_0f13274e-1e23-415d-8a6c-56f06a60a20a-Toyota_Prius_-_Austin_-_1/campaign/processed_json/segments/e6b4bacb-a530-472c-8a4f-cfdd6d463762/part_2/005744.json,43.6806141,-92.9818652,0.9928258579038134,86.76,76.16580310880829,70.98445595854922,64.29752066115702,67.92011019283747,72.92,0.8923849396072462,0.89561811310332,2025-07-07 11:38:18.695
/media/vsi-dev/Lacie_2/mndot_workzone_project/Toyota/campaign_0f13274e-1e23-415d-8a6c-56f06a60a20a-Toyota_Prius_-_Austin_-_1/campaign/processed_json/segments/e6b4bacb-a530-472c-8a4f-cfdd6d463762/part_2/005745.json,43.6806141,-92.9818652,0.9963940172279344,85.86,69.94818652849742,71.50259067357513,47.83746556473829,70.45454545454545,69.32,0.9347940177791961,0.89268715005947,2025-07-07 11:38:18.733
/media/vsi-dev/Lacie_2/mndot_workzone_project/Toyota/campaign_0f13274e-1e23-415d-8a6c-56f06a60a20a-Toyota_Prius_-_Austin_-_1/campaign/processed_json/segments/e6b4bacb-a530-472c-8a4f-cfdd6d463762/part_2/005746.json,43.6806141,-92.9818652,0.9922179382602435,85.56,69.94818652849742,71.50259067357513,46.36363636363636,69.10468319559229,68.91,0.9366402465273942,0.8944230689768272,2025-07-07 11:38:18.762
/media/vsi-dev/Lacie_2/mndot_workzone_project/Toyota/campaign_0f13274e-1e23-415d-8a6c-56f06a60a20a-Toyota_Prius_-_Austin_-_1/campaign/processed_json/segments/e6b4bacb-a530-472c-8a4f-cfdd6d463762/part_2/005747.json,43.6806141,-92.9818652,0.9963940172279344,87.36,76.16580310880829,70.98445595854922,69.57300275482093,68.58126721763085,73.85,0.8999166735686057,0.8965332027693937,2025-07-07 11:38:18.803
/media/vsi-dev/Lacie_2/mndot_workzone_project/Toyota/campaign_0f13274e-1e23-415d-8a6c-56f06a60a20a-Toyota_Prius_-_Austin_-_1/campaign/processed_json/segments/e6b4bacb-a530-472c-8a4f-cfdd6d463762/part_2/005748.json,43.6806141,-92.9818652,0.9982016190284373,86.63,68.9119170984456,72.02072538860104,66.2534435261708,70.23415977961433,71.75,0.9072534125111312,0.8931325242744046,2025-07-07 11:38:18.834
/media/vsi-dev/Lacie_2/mndot_workzone_project/Toyota/campaign_0f13274e-1e23-415d-8a6c-56f06a60a20a-Toyota_Prius_-_Austin_-_1/campaign/processed_json/segments/e6b4bacb-a530-472c-8a4f-cfdd6d463762/part_2/005749.json,43.6806141,-92.9818652,0.998488643251663,86.53,68.39378238341969,70.98445595854922,68.7465564738292,67.96143250688705,71.34,0.9057903714250577,0.8991804254674027,2025-07-07 11:38:18.862
/media/vsi-dev/Lacie_2/mndot_workzone_project/Toyota/campaign_0f13274e-1e23-415d-8a6c-56f06a60a20a-Toyota_Prius_-_Austin_-_1/campaign/processed_json/segments/e6b4bacb-a530-472c-8a4f-cfdd6d463762/part_2/005750.json,43.6806141,-92.9818652,0.9999875000781246,87.12,68.9119170984456,72.02072538860104,72.46556473829202,70.86776859504133,72.78,0.9077356888256816,0.8931528972647129,2025-07-07 11:38:18.900
/media/vsi-dev/Lacie_2/mndot_workzone_project/Toyota/campaign_0f13274e-1e23-415d-8a6c-56f06a60a20a-Toyota_Prius_-_Austin_-_1/campaign/processed_json/segments/e6b4bacb-a530-472c-8a4f-cfdd6d463762/part_2/005751.json,43.6806141,-92.9818652,0.9999500012499791,86.48,71.50259067357513,72.02072538860104,53.01652892561983,69.50413223140495,70.56,0.9304854775226795,0.8951080964453054,2025-07-07 11:38:18.932
/media/vsi-dev/Lacie_2/mndot_workzone_project/Toyota/campaign_0f13274e-1e23-415d-8a6c-56f06a60a20a-Toyota_Prius_-_Austin_-_1/campaign/processed_json/segments/e6b4bacb-a530-472c-8a4f-cfdd6d463762/part_2/005752.json,43.6806141,-92.9818652,0.9998000199986667,86.69,71.50259067357513,73.05699481865285,52.5206611570248,73.51239669421487,71.35,0.9308043597625875,0.8852480811206433,2025-07-07 11:38:18.972
/media/vsi-dev/Lacie_2/mndot_workzone_project/Toyota/campaign_0f13274e-1e23-415d-8a6c-56f06a60a20a-Toyota_Prius_-_Austin_-_1/campaign/processed_json/segments/e6b4bacb-a530-472c-8a4f-cfdd6d463762/part_2/005753.json,43.6806141,-92.9818652,0.9993876875398336,86.35,69.43005181347151,73.05699481865285,51.2396694214876,73.96694214876032,70.6,0.929941187995188,0.8839178270653405,2025-07-07 11:38:19.007
/media/vsi-dev/Lacie_2/mndot_workzone_project/Toyota/campaign_0f13274e-1e23-415d-8a6c-56f06a60a20a-Toyota_Prius_-_Austin_-_1/campaign/processed_json/segments/e6b4bacb-a530-472c-8a4f-cfdd6d463762/part_2/005754.json,43.6806141,-92.9818652,0.9975529988004797,86.0,70.46632124352331,72.02072538860104,49.049586776859506,69.82093663911846,69.69,0.9290965682848086,0.8934150526447372,2025-07-07 11:38:19.031
/media/vsi-dev/Lacie_2/mndot_workzone_project/Toyota/campaign_0f13274e-1e23-415d-8a6c-56f06a60a20a-Toyota_Prius_-_Austin_-_1/campaign/processed_json/segments/e6b4bacb-a530-472c-8a4f-cfdd6d463762/part_2/005755.json,43.6806141,-92.9818652,0.9998875063278877,86.32,70.46632124352331,73.05699481865285,46.625344352617084,72.94765840220386,70.13,0.9406730843267533,0.8864467306045534,2025-07-07 11:38:19.063
/media/vsi-dev/Lacie_2/mndot_workzone_project/Toyota/campaign_0f13274e-1e23-415d-8a6c-56f06a60a20a-Toyota_Prius_-_Austin_-_1/campaign/processed_json/segments/e6b4bacb-a530-472c-8a4f-cfdd6d463762/part_2/005756.json,43.6806141,-92.9818652,0.998488643251663,86.04,70.46632124352331,72.02072538860104,49.352617079889804,69.75206611570248,69.72,0.9304773114874805,0.890343473040723,2025-07-07 11:38:19.095
/media/vsi-dev/Lacie_2/mndot_workzone_project/Toyota/campaign_0f13274e-1e23-415d-8a6c-56f06a60a20a-Toyota_Prius_-_Austin_-_1/campaign/processed_json/segments/e6b4bacb-a530-472c-8a4f-cfdd6d463762/part_2/005757.json,43.6806141,-92.9818652,0.9998000199986667,85.49,68.9119170984456,71.50259067357513,44.25619834710744,67.10743801652893,67.98,0.9367950106524847,0.8936547051798842,2025-07-07 11:38:19.130
/media/vsi-dev/Lacie_2/mndot_workzone_project/Toyota/campaign_0f13274e-1e23-415d-8a6c-56f06a60a20a-Toyota_Prius_-_Austin_-_1/campaign/processed_json/segments/e6b4bacb-a530-472c-8a4f-cfdd6d463762/part_2/005758.json,43.6806141,-92.9818652,0.9999875000781246,86.23,70.46632124352331,73.05699481865285,48.760330578512395,70.52341597796143,70.05,0.9332553073760608,0.8874588177657009,2025-07-07 11:38:19.165
/media/vsi-dev/Lacie_2/mndot_workzone_project/Toyota/campaign_0f13274e-1e23-415d-8a6c-56f06a60a20a-Toyota_Prius_-_Austin_-_1/campaign/processed_json/segments/e6b4bacb-a530-472c-8a4f-cfdd6d463762/part_2/005759.json,43.6806141,-92.9818652,0.9982016190284373,86.21,70.98445595854922,73.05699481865285,47.86501377410468,71.80440771349862,70.25,0.9351813811631223,0.883058650874369,2025-07-07 11:38:19.195
/media/vsi-dev/Lacie_2/mndot_workzone_project/Toyota/campaign_0f13274e-1e23-415d-8a6c-56f06a60a20a-Toyota_Prius_-_Austin_-_1/campaign/processed_json/segments/e6b4bacb-a530-472c-8a4f-cfdd6d463762/part_2/005760.json,43.6806141,-92.9818652,0.9998000199986667,86.38,70.98445595854922,73.05699481865285,50.509641873278234,70.05509641873279,70.41,0.9330419173246576,0.8893010272934128,2025-07-07 11:38:19.238
/media/vsi-dev/Lacie_2/mndot_workzone_project/Toyota/campaign_0f13274e-1e23-415d-8a6c-56f06a60a20a-Toyota_Prius_-_Austin_-_1/campaign/processed_json/segments/e6b4bacb-a530-472c-8a4f-cfdd6d463762/part_2/005761.json,43.6806141,-92.9818652,0.9963940172279344,86.19,70.98445595854922,72.53886010362694,51.15702479338843,70.20661157024793,70.36,0.9304935286392121,0.8885457891169775,2025-07-07 11:38:19.264
/media/vsi-dev/Lacie_2/mndot_workzone_project/Toyota/campaign_0f13274e-1e23-415d-8a6c-56f06a60a20a-Toyota_Prius_-_Austin_-_1/campaign/processed_json/segments/e6b4bacb-a530-472c-8a4f-cfdd6d463762/part_2/005762.json,43.6806141,-92.9818652,0.9971914513728449,85.95,70.98445595854922,72.02072538860104,46.088154269972456,70.17906336088154,69.48,0.9383888183656348,0.8891017996992318,2025-07-07 11:38:19.299
/media/vsi-dev/Lacie_2/mndot_workzone_project/Toyota/campaign_0f13274e-1e23-415d-8a6c-56f06a60a20a-Toyota_Prius_-_Austin_-_1/campaign/processed_json/segments/e6b4bacb-a530-472c-8a4f-cfdd6d463762/part_2/005763.json,43.6806141,-92.9818652,0.9992003199146837,87.47,72.02072538860104,72.53886010362694,71.51515151515152,70.9228650137741,73.74,0.911017195025242,0.8900111394770281,2025-07-07 11:38:19.336
/media/vsi-dev/Lacie_2/mndot_workzone_project/Toyota/campaign_0f13274e-1e23-415d-8a6c-56f06a60a20a-Toyota_Prius_-_Austin_-_1/campaign/processed_json/segments/e6b4bacb-a530-472c-8a4f-cfdd6d463762/part_2/005764.json,43.6806141,-92.9818652,0.9928258579038134,86.12,72.02072538860104,72.53886010362694,48.80165289256198,70.89531680440771,70.44,0.9349558223099732,0.888601732418152,2025-07-07 11:38:19.375
/media/vsi-dev/Lacie_2/mndot_workzone_project/Toyota/campaign_0f13274e-1e23-415d-8a6c-56f06a60a20a-Toyota_Prius_-_Austin_-_1/campaign/processed_json/segments/e6b4bacb-a530-472c-8a4f-cfdd6d463762/part_2/005765.json,43.6806141,-92.9818652,0.9928258579038134,85.94,70.98445595854922,72.53886010362694,46.5426997245179,71.44628099173553,69.89,0.9393918619417148,0.8874969573085901,2025-07-07 11:38:19.413
/media/vsi-dev/Lacie_2/mndot_workzone_project/Toyota/campaign_0f13274e-1e23-415d-8a6c-56f06a60a20a-Toyota_Prius_-_Austin_-_1/campaign/processed_json/segments/e6b4bacb-a530-472c-8a4f-cfdd6d463762/part_2/005766.json,43.6806141,-92.9818652,0.9928258579038134,86.21,72.53886010362694,72.53886010362694,50.27548209366392,69.10468319559229,70.57,0.9342007913007987,0.8930680560111146,2025-07-07 11:38:19.433
/media/vsi-dev/Lacie_2/mndot_workzone_project/Toyota/campaign_0f13274e-1e23-415d-8a6c-56f06a60a20a-Toyota_Prius_-_Austin_-_1/campaign/processed_json/segments/e6b4bacb-a530-472c-8a4f-cfdd6d463762/part_2/005767.json,43.6806141,-92.9818652,0.9950124791926823,85.73,72.02072538860104,72.02072538860104,41.14325068870524,69.9862258953168,69.04,0.9422034372119672,0.8888078853206786,2025-07-07 11:38:19.471
/media/vsi-dev/Lacie_2/mndot_workzone_project/Toyota/campaign_0f13274e-1e23-415d-8a6c-56f06a60a20a-Toyota_Prius_-_Austin_-_1/campaign/processed_json/segments/e6b4bacb-a530-472c-8a4f-cfdd6d463762/part_2/005768.json,43.6806141,-92.9818652,0.9945026659478988,85.65,70.98445595854922,70.98445595854922,47.4793388429752,66.73553719008265,68.88,0.9353228835053714,0.8963482955226364,2025-07-07 11:38:19.506
/media/vsi-dev/Lacie_2/mndot_workzone_project/Toyota/campaign_0f13274e-1e23-415d-8a6c-56f06a60a20a-Toyota_Prius_-_Austin_-_1/campaign/processed_json/segments/e6b4bacb-a530-472c-8a4f-cfdd6d463762/part_2/005769.json,43.6806141,-92.9818652,0.9950124791926823,86.04,70.46632124352331,73.05699481865285,48.044077134986225,71.15702479338843,70.05,0.9347066119785269,0.887327443588475,2025-07-07 11:38:19.533
/media/vsi-dev/Lacie_2/mndot_workzone_project/Toyota/campaign_0f13274e-1e23-415d-8a6c-56f06a60a20a-Toyota_Prius_-_Austin_-_1/campaign/processed_json/segments/e6b4bacb-a530-472c-8a4f-cfdd6d463762/part_2/005770.json,43.6806141,-92.9818652,0.9992003199146837,82.89,70.46632124352331,74.09326424870466,67.05234159779614,0.8953168044077136,62.52,0.9071537887536487,0.8845328961257267,2025-07-07 11:38:19.563
/media/vsi-dev/Lacie_2/mndot_workzone_project/Toyota/campaign_0f13274e-1e23-415d-8a6c-56f06a60a20a-Toyota_Prius_-_Austin_-_1/campaign/processed_json/segments/e6b4bacb-a530-472c-8a4f-cfdd6d463762/part_2/005771.json,43.6806141,-92.9818652,0.9996875488230391,83.08,72.02072538860104,73.05699481865285,69.33884297520662,0.04132231404958678,62.9,0.9095677816462531,0.8840103900751815,2025-07-07 11:38:19.603
/media/vsi-dev/Lacie_2/mndot_workzone_project/Toyota/campaign_0f13274e-1e23-415d-8a6c-56f06a60a20a-Toyota_Prius_-_Austin_-_1/campaign/processed_json/segments/e6b4bacb-a530-472c-8a4f-cfdd6d463762/part_2/005772.json,43.6806141,-92.9818652,0.9999500012499791,83.04,70.98445595854922,74.09326424870466,67.8099173553719,0.4820936639118457,62.74,0.9087477081037346,0.8854469166553633,2025-07-07 11:38:19.647
/media/vsi-dev/Lacie_2/mndot_workzone_project/Toyota/campaign_0f13274e-1e23-415d-8a6c-56f06a60a20a-Toyota_Prius_-_Austin_-_1/campaign/processed_json/segments/e6b4bacb-a530-472c-8a4f-cfdd6d463762/part_2/005773.json,43.6806141,-92.9818652,0.998488643251663,86.83,72.02072538860104,74.61139896373057,54.269972451790636,70.88154269972452,71.84,0.9282694999173978,0.88722128490341,2025-07-07 11:38:19.669
/media/vsi-dev/Lacie_2/mndot_workzone_project/Toyota/campaign_0f13274e-1e23-415d-8a6c-56f06a60a20a-Toyota_Prius_-_Austin_-_1/campaign/processed_json/segments/e6b4bacb-a530-472c-8a4f-cfdd6d463762/part_2/005774.json,43.6806004,-92.9816004,0.9992003199146837,86.11,72.02072538860104,72.02072538860104,47.74104683195593,66.37741046831957,69.5,0.9361985549159627,0.8975188861421763,2025-07-07 11:38:19.707
/media/vsi-dev/Lacie_2/mndot_workzone_project/Toyota/campaign_0f13274e-1e23-415d-8a6c-56f06a60a20a-Toyota_Prius_-_Austin_-_1/campaign/processed_json/segments/e6b4bacb-a530-472c-8a4f-cfdd6d463762/part_2/005775.json,43.6806004,-92.9816004,0.9998000199986667,83.45,73.05699481865285,74.09326424870466,69.80716253443526,0.24793388429752067,63.65,0.9098337327418584,0.8895674297848198,2025-07-07 11:38:19.740
/media/vsi-dev/Lacie_2/mndot_workzone_project/Toyota/campaign_0f13274e-1e23-415d-8a6c-56f06a60a20a-Toyota_Prius_-_Austin_-_1/campaign/processed_json/segments/e6b4bacb-a530-472c-8a4f-cfdd6d463762/part_2/005776.json,43.6806004,-92.9816004,0.9999500012499791,83.3,72.53886010362694,74.61139896373057,68.40220385674931,0.0,63.38,0.9098279865050448,0.8854894542529363,2025-07-07 11:38:19.773
/media/vsi-dev/Lacie_2/mndot_workzone_project/Toyota/campaign_0f13274e-1e23-415d-8a6c-56f06a60a20a-Toyota_Prius_-_Austin_-_1/campaign/processed_json/segments/e6b4bacb-a530-472c-8a4f-cfdd6d463762/part_2/005777.json,43.6806004,-92.9816004,0.9999500012499791,83.45,73.05699481865285,74.09326424870466,70.17906336088154,0.0,63.66,0.9106871973956834,0.887765614708449,2025-07-07 11:38:19.802
/media/vsi-dev/Lacie_2/mndot_workzone_project/Toyota/campaign_0f13274e-1e23-415d-8a6c-56f06a60a20a-Toyota_Prius_-_Austin_-_1/campaign/processed_json/segments/e6b4bacb-a530-472c-8a4f-cfdd6d463762/part_2/005778.json,43.6806004,-92.9816004,0.9998000199986667,83.3,73.05699481865285,73.05699481865285,68.14049586776859,0.0,63.09,0.9126946222489389,0.8942019854438185,2025-07-07 11:38:19.833
/media/vsi-dev/Lacie_2/mndot_workzone_project/Toyota/campaign_0f13274e-1e23-415d-8a6c-56f06a60a20a-Toyota_Prius_-_Austin_-_1/campaign/processed_json/segments/e6b4bacb-a530-472c-8a4f-cfdd6d463762/part_2/005779.json,43.6806004,-92.9816004,0.9982016190284373,86.5,73.05699481865285,73.05699481865285,51.19834710743801,67.39669421487604,70.76,0.9331861523289429,0.894045853362102,2025-07-07 11:38:19.870
/media/vsi-dev/Lacie_2/mndot_workzone_project/Toyota/campaign_0f13274e-1e23-415d-8a6c-56f06a60a20a-Toyota_Prius_-_Austin_-_1/campaign/processed_json/segments/e6b4bacb-a530-472c-8a4f-cfdd6d463762/part_2/005780.json,43.6806004,-92.9816004,0.9971914513728449,86.22,72.53886010362694,73.05699481865285,47.878787878787875,67.09366391184572,70.07,0.9373081988785636,0.8926421336453634,2025-07-07 11:38:19.898
/media/vsi-dev/Lacie_2/mndot_workzone_project/Toyota/campaign_0f13274e-1e23-415d-8a6c-56f06a60a20a-Toyota_Prius_-_Austin_-_1/campaign/processed_json/segments/e6b4bacb-a530-472c-8a4f-cfdd6d463762/part_2/005781.json,43.6806004,-92.9816004,0.9963940172279344,86.23,72.02072538860104,73.05699481865285,49.32506887052342,67.78236914600551,70.23,0.9355880776954917,0.8922971425759287,2025-07-07 11:38:19.934
/media/vsi-dev/Lacie_2/mndot_workzone_project/Toyota/campaign_0f13274e-1e23-415d-8a6c-56f06a60a20a-Toyota_Prius_-_Austin_-_1/campaign/processed_json/segments/e6b4bacb-a530-472c-8a4f-cfdd6d463762/part_2/005782.json,43.6806004,-92.9816004,0.9968051145430329,86.24,72.53886010362694,73.05699481865285,48.77410468319559,66.76308539944904,70.16,0.9356886637935858,0.8944318145845471,2025-07-07 11:38:19.967
/media/vsi-dev/Lacie_2/mndot_workzone_project/Toyota/campaign_0f13274e-1e23-415d-8a6c-56f06a60a20a-Toyota_Prius_-_Austin_-_1/campaign/processed_json/segments/e6b4bacb-a530-472c-8a4f-cfdd6d463762/part_2/005783.json,43.6806004,-92.9816004,0.9963940172279344,86.26,73.05699481865285,72.53886010362694,49.82093663911846,66.62534435261708,70.29,0.9355513190612011,0.8930414663644828,2025-07-07 11:38:20.000
/media/vsi-dev/Lacie_2/mndot_workzone_project/Toyota/campaign_0f13274e-1e23-415d-8a6c-56f06a60a20a-Toyota_Prius_-_Austin_-_1/campaign/processed_json/segments/e6b4bacb-a530-472c-8a4f-cfdd6d463762/part_2/005784.json,43.6806004,-92.9816004,0.9968051145430329,83.17,73.05699481865285,72.02072538860104,69.58677685950413,0.0,63.01,0.9122097056825739,0.8968393168826456,2025-07-07 11:38:20.034
/media/vsi-dev/Lacie_2/mndot_workzone_project/Toyota/campaign_0f13274e-1e23-415d-8a6c-56f06a60a20a-Toyota_Prius_-_Austin_-_1/campaign/processed_json/segments/e6b4bacb-a530-472c-8a4f-cfdd6d463762/part_2/005785.json,43.6806004,-92.9816004,0.9934093144689159,86.6,73.05699481865285,74.61139896373057,50.56473829201102,71.8732782369146,71.75,0.9344175159139422,0.881619809297125,2025-07-07 11:38:20.070
/media/vsi-dev/Lacie_2/mndot_workzone_project/Toyota/campaign_0f13274e-1e23-415d-8a6c-56f06a60a20a-Toyota_Prius_-_Austin_-_1/campaign/processed_json/segments/e6b4bacb-a530-472c-8a4f-cfdd6d463762/part_2/005786.json,43.6806004,-92.9816004,0.9880593620427125,86.33,73.05699481865285,74.61139896373057,51.019283746556475,70.82644628099175,71.65,0.9322364188476535,0.8826983622857166,2025-07-07 11:38:20.103
/media/vsi-dev/Lacie_2/mndot_workzone_project/Toyota/campaign_0f13274e-1e23-415d-8a6c-56f06a60a20a-Toyota_Prius_-_Austin_-_1/campaign/processed_json/segments/e6b4bacb-a530-472c-8a4f-cfdd6d463762/part_2/005787.json,43.6806004,-92.9816004,0.9872815715902905,86.14,73.05699481865285,74.61139896373057,46.76308539944903,71.22589531680441,71.1,0.937620398911935,0.8829543150248655,2025-07-07 11:38:20.144
/media/vsi-dev/Lacie_2/mndot_workzone_project/Toyota/campaign_0f13274e-1e23-415d-8a6c-56f06a60a20a-Toyota_Prius_-_Austin_-_1/campaign/processed_json/segments/e6b4bacb-a530-472c-8a4f-cfdd6d463762/part_2/005788.json,43.6806004,-92.9816004,0.9880593620427125,85.78,73.05699481865285,72.53886010362694,47.658402203856745,65.46831955922865,69.81,0.937436506024732,0.8955549455600929,2025-07-07 11:38:20.172
/media/vsi-dev/Lacie_2/mndot_workzone_project/Toyota/campaign_0f13274e-1e23-415d-8a6c-56f06a60a20a-Toyota_Prius_-_Austin_-_1/campaign/processed_json/segments/e6b4bacb-a530-472c-8a4f-cfdd6d463762/part_2/005789.json,43.6806004,-92.9816004,0.9909288930014639,82.86,73.05699481865285,74.61139896373057,66.00550964187329,0.31680440771349866,63.22,0.9111429583243149,0.8827670185094505,2025-07-07 11:38:20.204
/media/vsi-dev/Lacie_2/mndot_workzone_project/Toyota/campaign_0f13274e-1e23-415d-8a6c-56f06a60a20a-Toyota_Prius_-_Austin_-_1/campaign/processed_json/segments/e6b4bacb-a530-472c-8a4f-cfdd6d463762/part_2/005790.json,43.6806004,-92.9816004,0.9872815715902905,85.95,72.02072538860104,74.61139896373057,45.46831955922865,72.92011019283746,70.81,0.9324243309926389,0.8809473005501355,2025-07-07 11:38:20.243
/media/vsi-dev/Lacie_2/mndot_workzone_project/Toyota/campaign_0f13274e-1e23-415d-8a6c-56f06a60a20a-Toyota_Prius_-_Austin_-_1/campaign/processed_json/segments/e6b4bacb-a530-472c-8a4f-cfdd6d463762/part_2/005791.json,43.6806004,-92.9816004,0.988813044611233,85.68,72.02072538860104,72.53886010362694,46.36363636363636,66.99724517906336,69.53,0.9369075002411482,0.8944778368099254,2025-07-07 11:38:20.269
/media/vsi-dev/Lacie_2/mndot_workzone_project/Toyota/campaign_0f13274e-1e23-415d-8a6c-56f06a60a20a-Toyota_Prius_-_Austin_-_1/campaign/processed_json/segments/e6b4bacb-a530-472c-8a4f-cfdd6d463762/part_2/005792.json,43.6806004,-92.9816004,0.9954976660309716,87.03,72.53886010362694,73.05699481865285,66.77685950413223,68.0853994490358,72.93,0.9103666052040503,0.89319994211268,2025-07-07 11:38:20.298
/media/vsi-dev/Lacie_2/mndot_workzone_project/Toyota/campaign_0f13274e-1e23-415d-8a6c-56f06a60a20a-Toyota_Prius_-_Austin_-_1/campaign/processed_json/segments/e6b4bacb-a530-472c-8a4f-cfdd6d463762/part_2/005793.json,43.6806004,-92.9816004,0.9978897297577275,83.15,73.05699481865285,72.53886010362694,67.96143250688705,0.0,62.91,0.9104654754052551,0.8961069564822048,2025-07-07 11:38:20.334
/media/vsi-dev/Lacie_2/mndot_workzone_project/Toyota/campaign_0f13274e-1e23-415d-8a6c-56f06a60a20a-Toyota_Prius_-_Austin_-_1/campaign/processed_json/segments/e6b4bacb-a530-472c-8a4f-cfdd6d463762/part_2/005794.json,43.6806004,-92.9816004,0.9954976660309716,86.23,72.02072538860104,72.53886010362694,51.680440771349865,67.85123966942149,70.42,0.9300431288230562,0.8940599812887958,2025-07-07 11:38:20.383
/media/vsi-dev/Lacie_2/mndot_workzone_project/Toyota/campaign_0f13274e-1e23-415d-8a6c-56f06a60a20a-Toyota_Prius_-_Austin_-_1/campaign/processed_json/segments/e6b4bacb-a530-472c-8a4f-cfdd6d463762/part_2/005795.json,43.6806004,-92.9816004,0.9963940172279344,86.36,71.50259067357513,74.61139896373057,45.75757575757576,74.0495867768595,70.88,0.9356612808074346,0.8800214546112798,2025-07-07 11:38:20.404
/media/vsi-dev/Lacie_2/mndot_workzone_project/Toyota/campaign_0f13274e-1e23-415d-8a6c-56f06a60a20a-Toyota_Prius_-_Austin_-_1/campaign/processed_json/segments/e6b4bacb-a530-472c-8a4f-cfdd6d463762/part_2/005796.json,43.6806004,-92.9816004,0.9982016190284373,85.99,73.05699481865285,73.05699481865285,49.49035812672176,68.05785123966942,70.41,0.8964438564867486,0.8930679859601763,2025-07-07 11:38:20.440
/media/vsi-dev/Lacie_2/mndot_workzone_project/Toyota/campaign_0f13274e-1e23-415d-8a6c-56f06a60a20a-Toyota_Prius_-_Austin_-_1/campaign/processed_json/segments/e6b4bacb-a530-472c-8a4f-cfdd6d463762/part_2/005797.json,43.6806004,-92.9816004,0.9963940172279344,86.16,73.05699481865285,73.05699481865285,46.47382920110193,68.37465564738292,70.18,0.9301672349500547,0.8933088726915344,2025-07-07 11:38:20.467
/media/vsi-dev/Lacie_2/mndot_workzone_project/Toyota/campaign_0f13274e-1e23-415d-8a6c-56f06a60a20a-Toyota_Prius_-_Austin_-_1/campaign/processed_json/segments/e6b4bacb-a530-472c-8a4f-cfdd6d463762/part_2/005798.json,43.6806004,-92.9816004,0.9978897297577275,86.09,71.50259067357513,73.05699481865285,45.082644628099175,69.73829201101928,69.73,0.937919048171659,0.8905224352201149,2025-07-07 11:38:20.516
/media/vsi-dev/Lacie_2/mndot_workzone_project/Toyota/campaign_0f13274e-1e23-415d-8a6c-56f06a60a20a-Toyota_Prius_-_Austin_-_1/campaign/processed_json/segments/e6b4bacb-a530-472c-8a4f-cfdd6d463762/part_2/005799.json,43.6806004,-92.9816004,0.998488643251663,87.32,72.02072538860104,74.09326424870466,67.1900826446281,71.41873278236915,73.6,0.9078932870957934,0.886428913235881,2025-07-07 11:38:20.543
/media/vsi-dev/Lacie_2/mndot_workzone_project/Toyota/campaign_0f13274e-1e23-415d-8a6c-56f06a60a20a-Toyota_Prius_-_Austin_-_1/campaign/processed_json/segments/e6b4bacb-a530-472c-8a4f-cfdd6d463762/part_2/005800.json,43.6806004,-92.9816004,0.9954976660309716,86.08,72.53886010362694,73.05699481865285,45.413223140495866,68.65013774104683,69.93,0.9377498100563075,0.8910861728848897,2025-07-07 11:38:20.569
/media/vsi-dev/Lacie_2/mndot_workzone_project/Toyota/campaign_0f13274e-1e23-415d-8a6c-56f06a60a20a-Toyota_Prius_-_Austin_-_1/campaign/processed_json/segments/e6b4bacb-a530-472c-8a4f-cfdd6d463762/part_2/005801.json,43.6806004,-92.9816004,0.9968051145430329,87.47,73.05699481865285,74.09326424870466,69.0358126721763,69.6969696969697,73.96,0.9119152870449596,0.8895627156341659,2025-07-07 11:38:20.602
/media/vsi-dev/Lacie_2/mndot_workzone_project/Toyota/campaign_0f13274e-1e23-415d-8a6c-56f06a60a20a-Toyota_Prius_-_Austin_-_1/campaign/processed_json/segments/e6b4bacb-a530-472c-8a4f-cfdd6d463762/part_2/005802.json,43.6806004,-92.9816004,0.9968051145430329,86.0,72.02072538860104,73.05699481865285,46.2534435261708,66.68044077134986,69.61,0.9327239868261035,0.8961463781770556,2025-07-07 11:38:20.644
/media/vsi-dev/Lacie_2/mndot_workzone_project/Toyota/campaign_0f13274e-1e23-415d-8a6c-56f06a60a20a-Toyota_Prius_-_Austin_-_1/campaign/processed_json/segments/e6b4bacb-a530-472c-8a4f-cfdd6d463762/part_2/005803.json,43.6806004,-92.9816004,0.9989880124051737,87.1,72.02072538860104,73.05699481865285,67.01101928374655,67.28650137741047,72.7,0.9094178324178211,0.8961437297538251,2025-07-07 11:38:20.674
/media/vsi-dev/Lacie_2/mndot_workzone_project/Toyota/campaign_0f13274e-1e23-415d-8a6c-56f06a60a20a-Toyota_Prius_-_Austin_-_1/campaign/processed_json/segments/e6b4bacb-a530-472c-8a4f-cfdd6d463762/part_2/005804.json,43.6805811,-92.9813337,0.9978897297577275,87.56,74.61139896373057,74.09326424870466,68.95316804407715,65.6198347107438,73.85,0.9113907720295101,0.8992702560290384,2025-07-07 11:38:20.702
/media/vsi-dev/Lacie_2/mndot_workzone_project/Toyota/campaign_0f13274e-1e23-415d-8a6c-56f06a60a20a-Toyota_Prius_-_Austin_-_1/campaign/processed_json/segments/e6b4bacb-a530-472c-8a4f-cfdd6d463762/part_2/005805.json,43.6805811,-92.9813337,0.9954976660309716,87.26,74.61139896373057,73.05699481865285,67.65840220385675,65.35812672176309,73.31,0.9108124547705961,0.9003131274133868,2025-07-07 11:38:20.740
/media/vsi-dev/Lacie_2/mndot_workzone_project/Toyota/campaign_0f13274e-1e23-415d-8a6c-56f06a60a20a-Toyota_Prius_-_Austin_-_1/campaign/processed_json/segments/e6b4bacb-a530-472c-8a4f-cfdd6d463762/part_2/005806.json,43.6805811,-92.9813337,0.9971914513728449,87.28,73.05699481865285,74.09326424870466,67.39669421487604,67.09366391184572,73.35,0.9098804006377037,0.8956057526111736,2025-07-07 11:38:20.767
/media/vsi-dev/Lacie_2/mndot_workzone_project/Toyota/campaign_0f13274e-1e23-415d-8a6c-56f06a60a20a-Toyota_Prius_-_Austin_-_1/campaign/processed_json/segments/e6b4bacb-a530-472c-8a4f-cfdd6d463762/part_2/005807.json,43.6805811,-92.9813337,0.9954976660309716,86.32,72.02072538860104,74.61139896373057,48.36088154269972,67.23140495867769,70.48,0.9341372389832603,0.8968776775905373,2025-07-07 11:38:20.798
/media/vsi-dev/Lacie_2/mndot_workzone_project/Toyota/campaign_0f13274e-1e23-415d-8a6c-56f06a60a20a-Toyota_Prius_-_Austin_-_1/campaign/processed_json/segments/e6b4bacb-a530-472c-8a4f-cfdd6d463762/part_2/005808.json,43.6805811,-92.9813337,0.9880593620427125,86.46,74.09326424870466,75.12953367875647,47.892561983471076,71.76308539944904,71.82,0.9350111025815447,0.8860110468233767,2025-07-07 11:38:20.834
/media/vsi-dev/Lacie_2/mndot_workzone_project/Toyota/campaign_0f13274e-1e23-415d-8a6c-56f06a60a20a-Toyota_Prius_-_Austin_-_1/campaign/processed_json/segments/e6b4bacb-a530-472c-8a4f-cfdd6d463762/part_2/005809.json,43.6805811,-92.9813337,0.9872815715902905,86.05,73.05699481865285,74.61139896373057,45.45454545454545,69.57300275482093,70.7,0.9372428494765244,0.8910761821174128,2025-07-07 11:38:20.869
/media/vsi-dev/Lacie_2/mndot_workzone_project/Toyota/campaign_0f13274e-1e23-415d-8a6c-56f06a60a20a-Toyota_Prius_-_Austin_-_1/campaign/processed_json/segments/e6b4bacb-a530-472c-8a4f-cfdd6d463762/part_2/005810.json,43.6805811,-92.9813337,0.9928258579038134,86.82,72.02072538860104,74.09326424870466,65.53719008264463,66.65289256198346,72.68,0.9081697212940735,0.895567589440363,2025-07-07 11:38:20.898
/media/vsi-dev/Lacie_2/mndot_workzone_project/Toyota/campaign_0f13274e-1e23-415d-8a6c-56f06a60a20a-Toyota_Prius_-_Austin_-_1/campaign/processed_json/segments/e6b4bacb-a530-472c-8a4f-cfdd6d463762/part_2/005811.json,43.6805811,-92.9813337,0.9872815715902905,85.77,72.53886010362694,73.05699481865285,47.16253443526171,67.14876033057851,69.97,0.9337849486859164,0.8954262092368623,2025-07-07 11:38:20.934
/media/vsi-dev/Lacie_2/mndot_workzone_project/Toyota/campaign_0f13274e-1e23-415d-8a6c-56f06a60a20a-Toyota_Prius_-_Austin_-_1/campaign/processed_json/segments/e6b4bacb-a530-472c-8a4f-cfdd6d463762/part_2/005812.json,43.6805811,-92.9813337,0.9922179382602435,87.16,73.05699481865285,74.61139896373057,66.77685950413223,68.05785123966942,73.55,0.9095521773633933,0.8952017616410977,2025-07-07 11:38:20.966
/media/vsi-dev/Lacie_2/mndot_workzone_project/Toyota/campaign_0f13274e-1e23-415d-8a6c-56f06a60a20a-Toyota_Prius_-_Austin_-_1/campaign/processed_json/segments/e6b4bacb-a530-472c-8a4f-cfdd6d463762/part_2/005813.json,43.6805811,-92.9813337,0.988813044611233,86.77,72.02072538860104,74.61139896373057,63.553719008264466,70.74380165289256,73.12,0.9085074461865542,0.8883910502697856,2025-07-07 11:38:21.024
/media/vsi-dev/Lacie_2/mndot_workzone_project/Toyota/campaign_0f13274e-1e23-415d-8a6c-56f06a60a20a-Toyota_Prius_-_Austin_-_1/campaign/processed_json/segments/e6b4bacb-a530-472c-8a4f-cfdd6d463762/part_2/005814.json,43.6805811,-92.9813337,0.988813044611233,86.16,72.02072538860104,75.12953367875647,47.75482093663912,69.7107438016529,70.89,0.9351987592988349,0.8896679765954607,2025-07-07 11:38:21.036
/media/vsi-dev/Lacie_2/mndot_workzone_project/Toyota/campaign_0f13274e-1e23-415d-8a6c-56f06a60a20a-Toyota_Prius_-_Austin_-_1/campaign/processed_json/segments/e6b4bacb-a530-472c-8a4f-cfdd6d463762/part_2/005815.json,43.6805811,-92.9813337,0.9848041402180955,86.09,72.02072538860104,74.61139896373057,50.16528925619834,69.61432506887051,71.09,0.9323836870290574,0.8942753418278516,2025-07-07 11:38:21.067
/media/vsi-dev/Lacie_2/mndot_workzone_project/Toyota/campaign_0f13274e-1e23-415d-8a6c-56f06a60a20a-Toyota_Prius_-_Austin_-_1/campaign/processed_json/segments/e6b4bacb-a530-472c-8a4f-cfdd6d463762/part_2/005816.json,43.6805811,-92.9813337,0.988813044611233,86.38,72.02072538860104,75.12953367875647,50.90909090909091,69.82093663911846,71.39,0.9320946141395373,0.8947031416916932,2025-07-07 11:38:21.106
/media/vsi-dev/Lacie_2/mndot_workzone_project/Toyota/campaign_0f13274e-1e23-415d-8a6c-56f06a60a20a-Toyota_Prius_-_Austin_-_1/campaign/processed_json/segments/e6b4bacb-a530-472c-8a4f-cfdd6d463762/part_2/005817.json,43.6805811,-92.9813337,0.9971914513728449,87.42,72.53886010362694,74.61139896373057,68.23691460055097,67.39669421487604,73.55,0.9104041110632065,0.9011972543142195,2025-07-07 11:38:21.140
/media/vsi-dev/Lacie_2/mndot_workzone_project/Toyota/campaign_0f13274e-1e23-415d-8a6c-56f06a60a20a-Toyota_Prius_-_Austin_-_1/campaign/processed_json/segments/e6b4bacb-a530-472c-8a4f-cfdd6d463762/part_2/005818.json,43.6805811,-92.9813337,0.9982016190284373,86.93,73.05699481865285,75.12953367875647,50.04132231404959,72.20385674931129,71.91,0.9334357570242131,0.890430964162892,2025-07-07 11:38:21.172
/media/vsi-dev/Lacie_2/mndot_workzone_project/Toyota/campaign_0f13274e-1e23-415d-8a6c-56f06a60a20a-Toyota_Prius_-_Austin_-_1/campaign/processed_json/segments/e6b4bacb-a530-472c-8a4f-cfdd6d463762/part_2/005819.json,43.6805811,-92.9813337,0.9971914513728449,86.72,72.53886010362694,75.12953367875647,47.548209366391184,73.27823691460054,71.53,0.9334181302152527,0.8881162678648139,2025-07-07 11:38:21.208
/media/vsi-dev/Lacie_2/mndot_workzone_project/Toyota/campaign_0f13274e-1e23-415d-8a6c-56f06a60a20a-Toyota_Prius_-_Austin_-_1/campaign/processed_json/segments/e6b4bacb-a530-472c-8a4f-cfdd6d463762/part_2/005820.json,43.6805811,-92.9813337,0.9982016190284373,86.85,73.05699481865285,75.12953367875647,48.650137741046834,71.06060606060606,71.56,0.9358198019218049,0.8937928621868901,2025-07-07 11:38:21.243
/media/vsi-dev/Lacie_2/mndot_workzone_project/Toyota/campaign_0f13274e-1e23-415d-8a6c-56f06a60a20a-Toyota_Prius_-_Austin_-_1/campaign/processed_json/segments/e6b4bacb-a530-472c-8a4f-cfdd6d463762/part_2/005821.json,43.6805811,-92.9813337,0.9978897297577275,87.01,73.05699481865285,75.12953367875647,53.59504132231405,69.44903581267218,72.05,0.9298286551281814,0.8977274286724951,2025-07-07 11:38:21.268
/media/vsi-dev/Lacie_2/mndot_workzone_project/Toyota/campaign_0f13274e-1e23-415d-8a6c-56f06a60a20a-Toyota_Prius_-_Austin_-_1/campaign/processed_json/segments/e6b4bacb-a530-472c-8a4f-cfdd6d463762/part_2/005822.json,43.6805811,-92.9813337,0.9995501012348142,87.72,73.05699481865285,75.12953367875647,67.47933884297521,71.30853994490359,74.29,0.9094650228540982,0.8930539220916625,2025-07-07 11:38:21.305
/media/vsi-dev/Lacie_2/mndot_workzone_project/Toyota/campaign_0f13274e-1e23-415d-8a6c-56f06a60a20a-Toyota_Prius_-_Austin_-_1/campaign/processed_json/segments/e6b4bacb-a530-472c-8a4f-cfdd6d463762/part_2/005823.json,43.6805811,-92.9813337,0.9989880124051737,86.58,73.05699481865285,75.12953367875647,44.97245179063361,68.47107438016529,70.65,0.937823765395104,0.8982584432580898,2025-07-07 11:38:21.338
/media/vsi-dev/Lacie_2/mndot_workzone_project/Toyota/campaign_0f13274e-1e23-415d-8a6c-56f06a60a20a-Toyota_Prius_-_Austin_-_1/campaign/processed_json/segments/e6b4bacb-a530-472c-8a4f-cfdd6d463762/part_2/005824.json,43.6805811,-92.9813337,0.9998000199986667,87.5,73.05699481865285,76.16580310880829,62.53443526170799,71.44628099173553,73.85,0.9058374744555382,0.8912255502695832,2025-07-07 11:38:21.369
/media/vsi-dev/Lacie_2/mndot_workzone_project/Toyota/campaign_0f13274e-1e23-415d-8a6c-56f06a60a20a-Toyota_Prius_-_Austin_-_1/campaign/processed_json/segments/e6b4bacb-a530-472c-8a4f-cfdd6d463762/part_2/005825.json,43.6805811,-92.9813337,0.9982016190284373,86.62,72.02072538860104,76.16580310880829,43.63636363636363,74.0495867768595,71.21,0.9339355474079823,0.8872519239129855,2025-07-07 11:38:21.402
/media/vsi-dev/Lacie_2/mndot_workzone_project/Toyota/campaign_0f13274e-1e23-415d-8a6c-56f06a60a20a-Toyota_Prius_-_Austin_-_1/campaign/processed_json/segments/e6b4bacb-a530-472c-8a4f-cfdd6d463762/part_2/005826.json,43.6805811,-92.9813337,0.9995501012348142,86.86,72.53886010362694,76.16580310880829,48.89807162534435,68.60881542699725,71.4,0.9328602359513374,0.8988294946378045,2025-07-07 11:38:21.440
/media/vsi-dev/Lacie_2/mndot_workzone_project/Toyota/campaign_0f13274e-1e23-415d-8a6c-56f06a60a20a-Toyota_Prius_-_Austin_-_1/campaign/processed_json/segments/e6b4bacb-a530-472c-8a4f-cfdd6d463762/part_2/005827.json,43.6805811,-92.9813337,0.9982016190284373,87.62,73.05699481865285,76.16580310880829,65.42699724517907,69.64187327823691,74.06,0.9096712830162075,0.8968952182998967,2025-07-07 11:38:21.474
/media/vsi-dev/Lacie_2/mndot_workzone_project/Toyota/campaign_0f13274e-1e23-415d-8a6c-56f06a60a20a-Toyota_Prius_-_Austin_-_1/campaign/processed_json/segments/e6b4bacb-a530-472c-8a4f-cfdd6d463762/part_2/005828.json,43.6805811,-92.9813337,0.9995501012348142,87.95,74.09326424870466,76.16580310880829,67.67217630853995,70.2892561983471,74.8,0.9091222667186808,0.895951999780559,2025-07-07 11:38:21.544
/media/vsi-dev/Lacie_2/mndot_workzone_project/Toyota/campaign_0f13274e-1e23-415d-8a6c-56f06a60a20a-Toyota_Prius_-_Austin_-_1/campaign/processed_json/segments/e6b4bacb-a530-472c-8a4f-cfdd6d463762/part_2/005829.json,43.6805811,-92.9813337,0.9989880124051737,88.01,74.61139896373057,76.16580310880829,67.534435261708,70.41322314049587,74.96,0.9104827075380181,0.8965193647572589,2025-07-07 11:38:21.563
/media/vsi-dev/Lacie_2/mndot_workzone_project/Toyota/campaign_0f13274e-1e23-415d-8a6c-56f06a60a20a-Toyota_Prius_-_Austin_-_1/campaign/processed_json/segments/e6b4bacb-a530-472c-8a4f-cfdd6d463762/part_2/005830.json,43.6805811,-92.9813337,0.9971914513728449,87.07,74.61139896373057,76.16580310880829,47.25895316804408,71.10192837465564,72.15,0.9366559146021933,0.8953108987092324,2025-07-07 11:38:21.569
/media/vsi-dev/Lacie_2/mndot_workzone_project/Toyota/campaign_0f13274e-1e23-415d-8a6c-56f06a60a20a-Toyota_Prius_-_Austin_-_1/campaign/processed_json/segments/e6b4bacb-a530-472c-8a4f-cfdd6d463762/part_2/005831.json,43.6805811,-92.9813337,0.9996875488230391,87.47,72.02072538860104,75.64766839378238,64.42148760330578,72.89256198347107,73.86,0.905521242795335,0.8878511647411137,2025-07-07 11:38:21.614
/media/vsi-dev/Lacie_2/mndot_workzone_project/Toyota/campaign_0f13274e-1e23-415d-8a6c-56f06a60a20a-Toyota_Prius_-_Austin_-_1/campaign/processed_json/segments/e6b4bacb-a530-472c-8a4f-cfdd6d463762/part_2/005832.json,43.6805811,-92.9813337,0.9992003199146837,87.57,72.53886010362694,75.12953367875647,65.79889807162535,72.98898071625345,74.1,0.9077676641543511,0.8886171642893544,2025-07-07 11:38:21.641
/media/vsi-dev/Lacie_2/mndot_workzone_project/Toyota/campaign_0f13274e-1e23-415d-8a6c-56f06a60a20a-Toyota_Prius_-_Austin_-_1/campaign/processed_json/segments/e6b4bacb-a530-472c-8a4f-cfdd6d463762/part_2/005833.json,43.6805811,-92.9813337,0.9998000199986667,88.05,74.09326424870466,75.64766839378238,67.89256198347108,73.91184573002755,75.19,0.9085616523938148,0.8898507088229762,2025-07-07 11:38:21.675
/media/vsi-dev/Lacie_2/mndot_workzone_project/Toyota/campaign_0f13274e-1e23-415d-8a6c-56f06a60a20a-Toyota_Prius_-_Austin_-_1/campaign/processed_json/segments/e6b4bacb-a530-472c-8a4f-cfdd6d463762/part_2/005834.json,43.6805599,-92.9810627,0.9978897297577275,86.53,72.02072538860104,75.12953367875647,46.129476584022036,70.20661157024793,70.75,0.9343978572940356,0.8972588217961536,2025-07-07 11:38:21.704
/media/vsi-dev/Lacie_2/mndot_workzone_project/Toyota/campaign_0f13274e-1e23-415d-8a6c-56f06a60a20a-Toyota_Prius_-_Austin_-_1/campaign/processed_json/segments/e6b4bacb-a530-472c-8a4f-cfdd6d463762/part_2/005835.json,43.6805599,-92.9810627,0.9999500012499791,87.65,72.02072538860104,75.12953367875647,67.64462809917356,71.04683195592287,73.98,0.9069844008608106,0.8986305717299483,2025-07-07 11:38:21.736
/media/vsi-dev/Lacie_2/mndot_workzone_project/Toyota/campaign_0f13274e-1e23-415d-8a6c-56f06a60a20a-Toyota_Prius_-_Austin_-_1/campaign/processed_json/segments/e6b4bacb-a530-472c-8a4f-cfdd6d463762/part_2/005836.json,43.6805599,-92.9810627,0.9998875063278877,86.8,71.50259067357513,75.12953367875647,49.476584022038566,71.08815426997245,71.23,0.9339630681932318,0.8969749822373974,2025-07-07 11:38:21.761
/media/vsi-dev/Lacie_2/mndot_workzone_project/Toyota/campaign_0f13274e-1e23-415d-8a6c-56f06a60a20a-Toyota_Prius_-_Austin_-_1/campaign/processed_json/segments/e6b4bacb-a530-472c-8a4f-cfdd6d463762/part_2/005837.json,43.6805599,-92.9810627,1.0,86.95,72.53886010362694,75.64766839378238,47.658402203856745,72.67217630853995,71.65,0.9357419275289361,0.8933950623196303,2025-07-07 11:38:21.799
/media/vsi-dev/Lacie_2/mndot_workzone_project/Toyota/campaign_0f13274e-1e23-415d-8a6c-56f06a60a20a-Toyota_Prius_-_Austin_-_1/campaign/processed_json/segments/e6b4bacb-a530-472c-8a4f-cfdd6d463762/part_2/005838.json,43.6805599,-92.9810627,0.9993876875398336,87.46,71.50259067357513,75.12953367875647,67.10743801652893,70.52341597796143,73.65,0.9077094303899509,0.8946440200504608,2025-07-07 11:38:21.833
/media/vsi-dev/Lacie_2/mndot_workzone_project/Toyota/campaign_0f13274e-1e23-415d-8a6c-56f06a60a20a-Toyota_Prius_-_Austin_-_1/campaign/processed_json/segments/e6b4bacb-a530-472c-8a4f-cfdd6d463762/part_2/005839.json,43.6805599,-92.9810627,0.9998000199986667,86.74,72.02072538860104,75.12953367875647,49.97245179063361,69.76584022038568,71.23,0.9307385523466759,0.8947213807502395,2025-07-07 11:38:21.877
/media/vsi-dev/Lacie_2/mndot_workzone_project/Toyota/campaign_0f13274e-1e23-415d-8a6c-56f06a60a20a-Toyota_Prius_-_Austin_-_1/campaign/processed_json/segments/e6b4bacb-a530-472c-8a4f-cfdd6d463762/part_2/005840.json,43.6805599,-92.9810627,0.9996875488230391,84.74,72.02072538860104,69.94818652849742,50.71625344352617,37.107438016528924,65.12,0.9318876316419109,0.9389171895265872,2025-07-07 11:38:21.913
/media/vsi-dev/Lacie_2/mndot_workzone_project/Toyota/campaign_0f13274e-1e23-415d-8a6c-56f06a60a20a-Toyota_Prius_-_Austin_-_1/campaign/processed_json/segments/e6b4bacb-a530-472c-8a4f-cfdd6d463762/part_2/005841.json,43.6805599,-92.9810627,0.9998875063278877,86.45,69.94818652849742,75.12953367875647,50.3168044077135,70.9228650137741,70.78,0.9260942726547898,0.8881548612093292,2025-07-07 11:38:21.935
/media/vsi-dev/Lacie_2/mndot_workzone_project/Toyota/campaign_0f13274e-1e23-415d-8a6c-56f06a60a20a-Toyota_Prius_-_Austin_-_1/campaign/processed_json/segments/e6b4bacb-a530-472c-8a4f-cfdd6d463762/part_2/005842.json,43.6805599,-92.9810627,0.9999500012499791,85.39,63.212435233160626,75.12953367875647,45.09641873278237,72.20385674931129,68.16,0.9262404008475159,0.886573737474474,2025-07-07 11:38:21.966
/media/vsi-dev/Lacie_2/mndot_workzone_project/Toyota/campaign_0f13274e-1e23-415d-8a6c-56f06a60a20a-Toyota_Prius_-_Austin_-_1/campaign/processed_json/segments/e6b4bacb-a530-472c-8a4f-cfdd6d463762/part_2/005843.json,43.6805599,-92.9810627,0.9996875488230391,85.0,63.212435233160626,74.61139896373057,41.239669421487605,69.28374655647383,67.03,0.9271141352905241,0.893303614321457,2025-07-07 11:38:22.003
/media/vsi-dev/Lacie_2/mndot_workzone_project/Toyota/campaign_0f13274e-1e23-415d-8a6c-56f06a60a20a-Toyota_Prius_-_Austin_-_1/campaign/processed_json/segments/e6b4bacb-a530-472c-8a4f-cfdd6d463762/part_2/005844.json,43.6805599,-92.9810627,0.9996875488230391,86.43,67.35751295336787,74.61139896373057,61.40495867768595,69.53168044077135,71.21,0.9032225387871536,0.892580719212215,2025-07-07 11:38:22.033
/media/vsi-dev/Lacie_2/mndot_workzone_project/Toyota/campaign_0f13274e-1e23-415d-8a6c-56f06a60a20a-Toyota_Prius_-_Austin_-_1/campaign/processed_json/segments/e6b4bacb-a530-472c-8a4f-cfdd6d463762/part_2/005845.json,43.6805599,-92.9810627,0.9968051145430329,86.56,68.9119170984456,74.61139896373057,60.9366391184573,72.8099173553719,72.05,0.9028096227417857,0.8841940636919887,2025-07-07 11:38:22.074
/media/vsi-dev/Lacie_2/mndot_workzone_project/Toyota/campaign_0f13274e-1e23-415d-8a6c-56f06a60a20a-Toyota_Prius_-_Austin_-_1/campaign/processed_json/segments/e6b4bacb-a530-472c-8a4f-cfdd6d463762/part_2/005846.json,43.6805599,-92.9810627,0.9971914513728449,86.23,70.98445595854922,74.61139896373057,46.074380165289256,70.16528925619835,70.24,0.9348296999594634,0.8898259862355999,2025-07-07 11:38:22.099
/media/vsi-dev/Lacie_2/mndot_workzone_project/Toyota/campaign_0f13274e-1e23-415d-8a6c-56f06a60a20a-Toyota_Prius_-_Austin_-_1/campaign/processed_json/segments/e6b4bacb-a530-472c-8a4f-cfdd6d463762/part_2/005847.json,43.6805599,-92.9810627,0.9934093144689159,86.24,69.43005181347151,73.05699481865285,60.909090909090914,70.49586776859505,71.42,0.9044743166170415,0.8889243899881863,2025-07-07 11:38:22.135
/media/vsi-dev/Lacie_2/mndot_workzone_project/Toyota/campaign_0f13274e-1e23-415d-8a6c-56f06a60a20a-Toyota_Prius_-_Austin_-_1/campaign/processed_json/segments/e6b4bacb-a530-472c-8a4f-cfdd6d463762/part_2/005848.json,43.6805599,-92.9810627,0.9954976660309716,86.32,68.9119170984456,73.05699481865285,61.03305785123967,70.85399449035813,71.35,0.9066257690832269,0.8893381890867531,2025-07-07 11:38:22.169
/media/vsi-dev/Lacie_2/mndot_workzone_project/Toyota/campaign_0f13274e-1e23-415d-8a6c-56f06a60a20a-Toyota_Prius_-_Austin_-_1/campaign/processed_json/segments/e6b4bacb-a530-472c-8a4f-cfdd6d463762/part_2/005849.json,43.6805599,-92.9810627,0.9902478635182347,85.41,68.39378238341969,73.05699481865285,45.6198347107438,70.99173553719008,69.02,0.9289312072389241,0.8899893337686571,2025-07-07 11:38:22.203
/media/vsi-dev/Lacie_2/mndot_workzone_project/Toyota/campaign_0f13274e-1e23-415d-8a6c-56f06a60a20a-Toyota_Prius_-_Austin_-_1/campaign/processed_json/segments/e6b4bacb-a530-472c-8a4f-cfdd6d463762/part_2/005850.json,43.6805599,-92.9810627,0.9848041402180955,85.4,69.94818652849742,73.05699481865285,46.04683195592286,69.77961432506888,69.4,0.9328540223748356,0.8922469780253862,2025-07-07 11:38:22.245
/media/vsi-dev/Lacie_2/mndot_workzone_project/Toyota/campaign_0f13274e-1e23-415d-8a6c-56f06a60a20a-Toyota_Prius_-_Austin_-_1/campaign/processed_json/segments/e6b4bacb-a530-472c-8a4f-cfdd6d463762/part_2/005851.json,43.6805599,-92.9810627,0.9922179382602435,86.54,69.94818652849742,73.05699481865285,63.63636363636363,71.46005509641873,72.16,0.9085248406272689,0.8898789804459541,2025-07-07 11:38:22.286
/media/vsi-dev/Lacie_2/mndot_workzone_project/Toyota/campaign_0f13274e-1e23-415d-8a6c-56f06a60a20a-Toyota_Prius_-_Austin_-_1/campaign/processed_json/segments/e6b4bacb-a530-472c-8a4f-cfdd6d463762/part_2/005852.json,43.6805599,-92.9810627,0.9872815715902905,85.69,69.94818652849742,73.05699481865285,47.36914600550964,72.54820936639118,69.99,0.931270769220404,0.8885338528418258,2025-07-07 11:38:22.313
/media/vsi-dev/Lacie_2/mndot_workzone_project/Toyota/campaign_0f13274e-1e23-415d-8a6c-56f06a60a20a-Toyota_Prius_-_Austin_-_1/campaign/processed_json/segments/e6b4bacb-a530-472c-8a4f-cfdd6d463762/part_2/005853.json,43.6805599,-92.9810627,0.988813044611233,86.37,69.94818652849742,73.05699481865285,64.0909090909091,70.73002754820936,72.11,0.9049455496836983,0.8919316222100773,2025-07-07 11:38:22.336
/media/vsi-dev/Lacie_2/mndot_workzone_project/Toyota/campaign_0f13274e-1e23-415d-8a6c-56f06a60a20a-Toyota_Prius_-_Austin_-_1/campaign/processed_json/segments/e6b4bacb-a530-472c-8a4f-cfdd6d463762/part_2/005854.json,43.6805599,-92.9810627,0.9848041402180955,85.52,69.94818652849742,73.05699481865285,47.176308539944905,70.45454545454545,69.68,0.9333433592624484,0.8926560569195149,2025-07-07 11:38:22.371
/media/vsi-dev/Lacie_2/mndot_workzone_project/Toyota/campaign_0f13274e-1e23-415d-8a6c-56f06a60a20a-Toyota_Prius_-_Austin_-_1/campaign/processed_json/segments/e6b4bacb-a530-472c-8a4f-cfdd6d463762/part_2/005855.json,43.6805599,-92.9810627,0.9945026659478988,85.75,68.9119170984456,73.05699481865285,46.90082644628099,70.38567493112947,69.31,0.932570824562613,0.8924501235577113,2025-07-07 11:38:22.404
/media/vsi-dev/Lacie_2/mndot_workzone_project/Toyota/campaign_0f13274e-1e23-415d-8a6c-56f06a60a20a-Toyota_Prius_-_Austin_-_1/campaign/processed_json/segments/e6b4bacb-a530-472c-8a4f-cfdd6d463762/part_2/005856.json,43.6805599,-92.9810627,0.9872815715902905,85.33,69.94818652849742,72.02072538860104,46.28099173553719,69.0358126721763,69.01,0.9330609696776411,0.8903676160093994,2025-07-07 11:38:22.432
/media/vsi-dev/Lacie_2/mndot_workzone_project/Toyota/campaign_0f13274e-1e23-415d-8a6c-56f06a60a20a-Toyota_Prius_-_Austin_-_1/campaign/processed_json/segments/e6b4bacb-a530-472c-8a4f-cfdd6d463762/part_2/005857.json,43.6805599,-92.9810627,0.9909288930014639,86.27,68.9119170984456,73.05699481865285,64.87603305785123,68.99449035812673,71.66,0.9043276623101931,0.8924594463487754,2025-07-07 11:38:22.467
/media/vsi-dev/Lacie_2/mndot_workzone_project/Toyota/campaign_0f13274e-1e23-415d-8a6c-56f06a60a20a-Toyota_Prius_-_Austin_-_1/campaign/processed_json/segments/e6b4bacb-a530-472c-8a4f-cfdd6d463762/part_2/005858.json,43.6805599,-92.9810627,0.9880593620427125,86.01,69.94818652849742,72.02072538860104,64.57300275482095,66.43250688705234,71.24,0.9045510249764035,0.894873484015893,2025-07-07 11:38:22.502
/media/vsi-dev/Lacie_2/mndot_workzone_project/Toyota/campaign_0f13274e-1e23-415d-8a6c-56f06a60a20a-Toyota_Prius_-_Austin_-_1/campaign/processed_json/segments/e6b4bacb-a530-472c-8a4f-cfdd6d463762/part_2/005859.json,43.6805599,-92.9810627,0.9922179382602435,86.06,68.9119170984456,72.02072538860104,64.25619834710744,68.51239669421487,71.15,0.9048478130655523,0.8863642471661551,2025-07-07 11:38:22.539
/media/vsi-dev/Lacie_2/mndot_workzone_project/Toyota/campaign_0f13274e-1e23-415d-8a6c-56f06a60a20a-Toyota_Prius_-_Austin_-_1/campaign/processed_json/segments/e6b4bacb-a530-472c-8a4f-cfdd6d463762/part_2/005860.json,43.6805599,-92.9810627,0,41.46,41.968911917098445,72.53886010362694,41.80440771349862,69.49035812672176,59.81,0.8646199893915707,0.8886824613525944,2025-07-07 11:38:22.576
/media/vsi-dev/Lacie_2/mndot_workzone_project/Toyota/campaign_0f13274e-1e23-415d-8a6c-56f06a60a20a-Toyota_Prius_-_Austin_-_1/campaign/processed_json/segments/e6b4bacb-a530-472c-8a4f-cfdd6d463762/part_2/005861.json,43.6805599,-92.9810627,0.9811670975774323,85.47,68.9119170984456,72.53886010362694,59.586776859504134,69.26997245179064,70.73,0.9056990383898469,0.8877038126413974,2025-07-07 11:38:22.601
/media/vsi-dev/Lacie_2/mndot_workzone_project/Toyota/campaign_0f13274e-1e23-415d-8a6c-56f06a60a20a-Toyota_Prius_-_Austin_-_1/campaign/processed_json/segments/e6b4bacb-a530-472c-8a4f-cfdd6d463762/part_2/005862.json,43.6805599,-92.9810627,0.9811670975774323,82.89,67.87564766839378,72.02072538860104,28.52617079889807,69.65564738292011,65.43,0.8598422339895166,0.8872605646160201,2025-07-07 11:38:22.633
/media/vsi-dev/Lacie_2/mndot_workzone_project/Toyota/campaign_0f13274e-1e23-415d-8a6c-56f06a60a20a-Toyota_Prius_-_Austin_-_1/campaign/processed_json/segments/e6b4bacb-a530-472c-8a4f-cfdd6d463762/part_2/005863.json,43.6805599,-92.9810627,0.9821119255343636,85.61,68.9119170984456,70.98445595854922,62.8099173553719,70.84022038567494,70.98,0.9068002674077223,0.8865839941445255,2025-07-07 11:38:22.674
/media/vsi-dev/Lacie_2/mndot_workzone_project/Toyota/campaign_0f13274e-1e23-415d-8a6c-56f06a60a20a-Toyota_Prius_-_Austin_-_1/campaign/processed_json/segments/e6b4bacb-a530-472c-8a4f-cfdd6d463762/part_2/005864.json,43.6805371,-92.9807916,0.9691207408042318,83.61,67.35751295336787,70.98445595854922,35.3168044077135,70.08264462809917,66.45,0.9390115448505545,0.8876730361875504,2025-07-07 11:38:22.705
/media/vsi-dev/Lacie_2/mndot_workzone_project/Toyota/campaign_0f13274e-1e23-415d-8a6c-56f06a60a20a-Toyota_Prius_-_Austin_-_1/campaign/processed_json/segments/e6b4bacb-a530-472c-8a4f-cfdd6d463762/part_2/005865.json,43.6805371,-92.9807916,0.9781913242622373,85.25,67.87564766839378,70.98445595854922,61.77685950413223,70.22038567493112,70.43,0.9051303992670902,0.890291462781448,2025-07-07 11:38:22.733
/media/vsi-dev/Lacie_2/mndot_workzone_project/Toyota/campaign_0f13274e-1e23-415d-8a6c-56f06a60a20a-Toyota_Prius_-_Austin_-_1/campaign/processed_json/segments/e6b4bacb-a530-472c-8a4f-cfdd6d463762/part_2/005866.json,43.6805371,-92.9807916,0.9692207345544688,84.3,68.39378238341969,72.02072538860104,41.942148760330575,70.75757575757575,68.16,0.9382024170645572,0.8884038556865306,2025-07-07 11:38:22.773
/media/vsi-dev/Lacie_2/mndot_workzone_project/Toyota/campaign_0f13274e-1e23-415d-8a6c-56f06a60a20a-Toyota_Prius_-_Austin_-_1/campaign/processed_json/segments/e6b4bacb-a530-472c-8a4f-cfdd6d463762/part_2/005867.json,43.6805371,-92.9807916,0.9811670975774323,84.83,67.87564766839378,72.02072538860104,45.068870523415974,68.01652892561984,68.1,0.9355080671869015,0.898527979515543,2025-07-07 11:38:22.809
/media/vsi-dev/Lacie_2/mndot_workzone_project/Toyota/campaign_0f13274e-1e23-415d-8a6c-56f06a60a20a-Toyota_Prius_-_Austin_-_1/campaign/processed_json/segments/e6b4bacb-a530-472c-8a4f-cfdd6d463762/part_2/005868.json,43.6805371,-92.9807916,0.9771525479278598,84.54,67.87564766839378,71.50259067357513,44.83471074380165,68.34710743801654,67.93,0.9300576292972269,0.897672828119949,2025-07-07 11:38:22.842
/media/vsi-dev/Lacie_2/mndot_workzone_project/Toyota/campaign_0f13274e-1e23-415d-8a6c-56f06a60a20a-Toyota_Prius_-_Austin_-_1/campaign/processed_json/segments/e6b4bacb-a530-472c-8a4f-cfdd6d463762/part_2/005869.json,43.6805371,-92.9807916,0.9839305142725083,85.81,68.9119170984456,72.02072538860104,63.23691460055096,68.87052341597796,71.1,0.9053932857051583,0.8958535224361482,2025-07-07 11:38:22.865
/media/vsi-dev/Lacie_2/mndot_workzone_project/Toyota/campaign_0f13274e-1e23-415d-8a6c-56f06a60a20a-Toyota_Prius_-_Austin_-_1/campaign/processed_json/segments/e6b4bacb-a530-472c-8a4f-cfdd6d463762/part_2/005870.json,43.6805371,-92.9807916,0.9856539001953453,85.02,67.87564766839378,72.02072538860104,45.44077134986226,69.46280991735537,68.33,0.9300220573835324,0.8958053069770469,2025-07-07 11:38:22.902
/media/vsi-dev/Lacie_2/mndot_workzone_project/Toyota/campaign_0f13274e-1e23-415d-8a6c-56f06a60a20a-Toyota_Prius_-_Austin_-_1/campaign/processed_json/segments/e6b4bacb-a530-472c-8a4f-cfdd6d463762/part_2/005871.json,43.6805371,-92.9807916,0.9928258579038134,86.16,67.87564766839378,72.02072538860104,64.55922865013774,69.61432506887051,71.1,0.9047684098039158,0.8958062012092959,2025-07-07 11:38:22.934
/media/vsi-dev/Lacie_2/mndot_workzone_project/Toyota/campaign_0f13274e-1e23-415d-8a6c-56f06a60a20a-Toyota_Prius_-_Austin_-_1/campaign/processed_json/segments/e6b4bacb-a530-472c-8a4f-cfdd6d463762/part_2/005872.json,43.6805371,-92.9807916,0.9902478635182347,85.84,66.83937823834198,72.02072538860104,63.071625344352626,69.65564738292011,70.57,0.9025486067941438,0.8972926132822215,2025-07-07 11:38:22.967
/media/vsi-dev/Lacie_2/mndot_workzone_project/Toyota/campaign_0f13274e-1e23-415d-8a6c-56f06a60a20a-Toyota_Prius_-_Austin_-_1/campaign/processed_json/segments/e6b4bacb-a530-472c-8a4f-cfdd6d463762/part_2/005873.json,43.6805371,-92.9807916,0.9872815715902905,85.0,67.87564766839378,71.50259067357513,44.79338842975207,70.11019283746556,68.17,0.9297697361698198,0.8944234236640562,2025-07-07 11:38:23.005
/media/vsi-dev/Lacie_2/mndot_workzone_project/Toyota/campaign_0f13274e-1e23-415d-8a6c-56f06a60a20a-Toyota_Prius_-_Austin_-_1/campaign/processed_json/segments/e6b4bacb-a530-472c-8a4f-cfdd6d463762/part_2/005874.json,43.6805371,-92.9807916,0.9954976660309716,86.11,68.39378238341969,72.02072538860104,61.969696969696976,69.43526170798899,70.82,0.9033072864933397,0.8929076337912214,2025-07-07 11:38:23.043
/media/vsi-dev/Lacie_2/mndot_workzone_project/Toyota/campaign_0f13274e-1e23-415d-8a6c-56f06a60a20a-Toyota_Prius_-_Austin_-_1/campaign/processed_json/segments/e6b4bacb-a530-472c-8a4f-cfdd6d463762/part_2/005875.json,43.6805371,-92.9807916,0.9971914513728449,85.97,66.83937823834198,72.02072538860104,61.446280991735534,71.22589531680441,70.5,0.9014970015512748,0.8865215488573316,2025-07-07 11:38:23.069
/media/vsi-dev/Lacie_2/mndot_workzone_project/Toyota/campaign_0f13274e-1e23-415d-8a6c-56f06a60a20a-Toyota_Prius_-_Austin_-_1/campaign/processed_json/segments/e6b4bacb-a530-472c-8a4f-cfdd6d463762/part_2/005876.json,43.6805371,-92.9807916,0.9971914513728449,85.91,67.87564766839378,70.98445595854922,61.52892561983471,72.10743801652893,70.6,0.9013136168171212,0.877390141142068,2025-07-07 11:38:23.101
/media/vsi-dev/Lacie_2/mndot_workzone_project/Toyota/campaign_0f13274e-1e23-415d-8a6c-56f06a60a20a-Toyota_Prius_-_Austin_-_1/campaign/processed_json/segments/e6b4bacb-a530-472c-8a4f-cfdd6d463762/part_2/005877.json,43.6805371,-92.9807916,0.9945026659478988,84.94,66.32124352331607,71.50259067357513,43.00275482093664,70.44077134986226,67.45,0.9301152006635526,0.8874408373087197,2025-07-07 11:38:23.136
/media/vsi-dev/Lacie_2/mndot_workzone_project/Toyota/campaign_0f13274e-1e23-415d-8a6c-56f06a60a20a-Toyota_Prius_-_Austin_-_1/campaign/processed_json/segments/e6b4bacb-a530-472c-8a4f-cfdd6d463762/part_2/005878.json,43.6805371,-92.9807916,0.9950124791926823,85.96,67.87564766839378,71.50259067357513,62.86501377410468,70.97796143250689,70.81,0.8980143541724629,0.8850521758461927,2025-07-07 11:38:23.172
/media/vsi-dev/Lacie_2/mndot_workzone_project/Toyota/campaign_0f13274e-1e23-415d-8a6c-56f06a60a20a-Toyota_Prius_-_Austin_-_1/campaign/processed_json/segments/e6b4bacb-a530-472c-8a4f-cfdd6d463762/part_2/005879.json,43.6805371,-92.9807916,0.9934093144689159,85.9,67.87564766839378,71.50259067357513,62.727272727272734,69.61432506887051,70.62,0.8980689314286117,0.8933226540866123,2025-07-07 11:38:23.204
/media/vsi-dev/Lacie_2/mndot_workzone_project/Toyota/campaign_0f13274e-1e23-415d-8a6c-56f06a60a20a-Toyota_Prius_-_Austin_-_1/campaign/processed_json/segments/e6b4bacb-a530-472c-8a4f-cfdd6d463762/part_2/005880.json,43.6805371,-92.9807916,0.988813044611233,85.65,67.87564766839378,71.50259067357513,61.942148760330575,68.93939393939394,70.41,0.9001465734490551,0.8935203434761774,2025-07-07 11:38:23.236
/media/vsi-dev/Lacie_2/mndot_workzone_project/Toyota/campaign_0f13274e-1e23-415d-8a6c-56f06a60a20a-Toyota_Prius_-_Austin_-_1/campaign/processed_json/segments/e6b4bacb-a530-472c-8a4f-cfdd6d463762/part_2/005881.json,43.6805371,-92.9807916,0.9839305142725083,85.28,67.35751295336787,70.98445595854922,60.633608815426996,70.45454545454545,70.11,0.8983981819552604,0.8899413725949151,2025-07-07 11:38:23.276
/media/vsi-dev/Lacie_2/mndot_workzone_project/Toyota/campaign_0f13274e-1e23-415d-8a6c-56f06a60a20a-Toyota_Prius_-_Austin_-_1/campaign/processed_json/segments/e6b4bacb-a530-472c-8a4f-cfdd6d463762/part_2/005882.json,43.6805371,-92.9807916,0.9686209220161778,82.43,65.80310880829016,69.94818652849742,56.845730027548214,30.52341597796143,63.06,0.8941983416516258,0.9515970182221372,2025-07-07 11:38:23.313
/media/vsi-dev/Lacie_2/mndot_workzone_project/Toyota/campaign_0f13274e-1e23-415d-8a6c-56f06a60a20a-Toyota_Prius_-_Austin_-_1/campaign/processed_json/segments/e6b4bacb-a530-472c-8a4f-cfdd6d463762/part_2/005883.json,43.6805371,-92.9807916,0.9738967374550571,84.61,66.83937823834198,70.98445595854922,58.595041322314046,67.87878787878789,69.29,0.8978004775592208,0.8962310199265918,2025-07-07 11:38:23.344
/media/vsi-dev/Lacie_2/mndot_workzone_project/Toyota/campaign_0f13274e-1e23-415d-8a6c-56f06a60a20a-Toyota_Prius_-_Austin_-_1/campaign/processed_json/segments/e6b4bacb-a530-472c-8a4f-cfdd6d463762/part_2/005884.json,43.6805371,-92.9807916,0.9692207345544688,83.58,65.80310880829016,70.98445595854922,39.0495867768595,68.47107438016529,66.31,0.9332135897984613,0.895041675289035,2025-07-07 11:38:23.369
/media/vsi-dev/Lacie_2/mndot_workzone_project/Toyota/campaign_0f13274e-1e23-415d-8a6c-56f06a60a20a-Toyota_Prius_-_Austin_-_1/campaign/processed_json/segments/e6b4bacb-a530-472c-8a4f-cfdd6d463762/part_2/005885.json,43.6805371,-92.9807916,0.9727652403079083,83.57,64.76683937823834,70.98445595854922,40.509641873278234,68.58126721763085,66.18,0.9261885329669195,0.8922624664956444,2025-07-07 11:38:23.400
/media/vsi-dev/Lacie_2/mndot_workzone_project/Toyota/campaign_0f13274e-1e23-415d-8a6c-56f06a60a20a-Toyota_Prius_-_Austin_-_1/campaign/processed_json/segments/e6b4bacb-a530-472c-8a4f-cfdd6d463762/part_2/005886.json,43.6805371,-92.9807916,0.9704334030551546,84.15,64.76683937823834,70.98445595854922,57.92011019283747,68.56749311294766,68.64,0.8951123679142424,0.8929518523551114,2025-07-07 11:38:23.433
/media/vsi-dev/Lacie_2/mndot_workzone_project/Toyota/campaign_0f13274e-1e23-415d-8a6c-56f06a60a20a-Toyota_Prius_-_Austin_-_1/campaign/processed_json/segments/e6b4bacb-a530-472c-8a4f-cfdd6d463762/part_2/005887.json,43.6805371,-92.9807916,0.9727652403079083,84.38,65.80310880829016,70.98445595854922,58.23691460055096,68.77410468319559,69.02,0.8969209699848275,0.8895415351564897,2025-07-07 11:38:23.468
/media/vsi-dev/Lacie_2/mndot_workzone_project/Toyota/campaign_0f13274e-1e23-415d-8a6c-56f06a60a20a-Toyota_Prius_-_Austin_-_1/campaign/processed_json/segments/e6b4bacb-a530-472c-8a4f-cfdd6d463762/part_2/005888.json,43.6805371,-92.9807916,0.9727652403079083,83.3,63.212435233160626,70.46632124352331,40.64738292011019,67.46556473829202,65.43,0.9278551111365901,0.8935788141813242,2025-07-07 11:38:23.499
/media/vsi-dev/Lacie_2/mndot_workzone_project/Toyota/campaign_0f13274e-1e23-415d-8a6c-56f06a60a20a-Toyota_Prius_-_Austin_-_1/campaign/processed_json/segments/e6b4bacb-a530-472c-8a4f-cfdd6d463762/part_2/005889.json,43.6805371,-92.9807916,0.9760904721403703,83.41,63.730569948186535,69.94818652849742,41.515151515151516,66.52892561983471,65.41,0.9251614541378739,0.8947993770270876,2025-07-07 11:38:23.537
/media/vsi-dev/Lacie_2/mndot_workzone_project/Toyota/campaign_0f13274e-1e23-415d-8a6c-56f06a60a20a-Toyota_Prius_-_Austin_-_1/campaign/processed_json/segments/e6b4bacb-a530-472c-8a4f-cfdd6d463762/part_2/005890.json,43.6805371,-92.9807916,0.9771525479278598,84.47,65.28497409326425,70.46632124352331,58.26446280991735,69.80716253443526,68.86,0.8974039050855198,0.886775081101861,2025-07-07 11:38:23.576
/media/vsi-dev/Lacie_2/mndot_workzone_project/Toyota/campaign_0f13274e-1e23-415d-8a6c-56f06a60a20a-Toyota_Prius_-_Austin_-_1/campaign/processed_json/segments/e6b4bacb-a530-472c-8a4f-cfdd6d463762/part_2/005891.json,43.6805371,-92.9807916,0.9771525479278598,83.65,65.28497409326425,69.94818652849742,38.650137741046834,68.65013774104683,65.79,0.9324634025837609,0.891951111084125,2025-07-07 11:38:23.608
/media/vsi-dev/Lacie_2/mndot_workzone_project/Toyota/campaign_0f13274e-1e23-415d-8a6c-56f06a60a20a-Toyota_Prius_-_Austin_-_1/campaign/processed_json/segments/e6b4bacb-a530-472c-8a4f-cfdd6d463762/part_2/005892.json,43.6805371,-92.9807916,0.9738967374550571,84.48,65.80310880829016,69.94818652849742,59.683195592286495,69.21487603305785,69.02,0.9030818905356068,0.8889896943594181,2025-07-07 11:38:23.640
/media/vsi-dev/Lacie_2/mndot_workzone_project/Toyota/campaign_0f13274e-1e23-415d-8a6c-56f06a60a20a-Toyota_Prius_-_Austin_-_1/campaign/processed_json/segments/e6b4bacb-a530-472c-8a4f-cfdd6d463762/part_2/005893.json,43.6805371,-92.9807916,0.9738967374550571,83.81,64.76683937823834,70.98445595854922,40.49586776859504,71.61157024793388,66.64,0.929715054763959,0.8902072474679662,2025-07-07 11:38:23.673
/media/vsi-dev/Lacie_2/mndot_workzone_project/Toyota/campaign_0f13274e-1e23-415d-8a6c-56f06a60a20a-Toyota_Prius_-_Austin_-_1/campaign/processed_json/segments/e6b4bacb-a530-472c-8a4f-cfdd6d463762/part_2/005894.json,43.6805127,-92.9805205,0.9872815715902905,85.5,66.83937823834198,70.98445595854922,61.04683195592286,71.8457300275482,70.24,0.9013019445611326,0.8898873997147225,2025-07-07 11:38:23.710
/media/vsi-dev/Lacie_2/mndot_workzone_project/Toyota/campaign_0f13274e-1e23-415d-8a6c-56f06a60a20a-Toyota_Prius_-_Austin_-_1/campaign/processed_json/segments/e6b4bacb-a530-472c-8a4f-cfdd6d463762/part_2/005895.json,43.6805127,-92.9805205,0.9821119255343636,84.03,64.76683937823834,69.94818652849742,40.56473829201102,72.5068870523416,66.46,0.9311208789230286,0.8848796259665987,2025-07-07 11:38:23.743
/media/vsi-dev/Lacie_2/mndot_workzone_project/Toyota/campaign_0f13274e-1e23-415d-8a6c-56f06a60a20a-Toyota_Prius_-_Austin_-_1/campaign/processed_json/segments/e6b4bacb-a530-472c-8a4f-cfdd6d463762/part_2/005896.json,43.6805127,-92.9805205,0.9902478635182347,85.2,65.28497409326425,69.94818652849742,59.94490358126722,71.11570247933884,69.19,0.9006279657907955,0.8909347823279855,2025-07-07 11:38:23.770
/media/vsi-dev/Lacie_2/mndot_workzone_project/Toyota/campaign_0f13274e-1e23-415d-8a6c-56f06a60a20a-Toyota_Prius_-_Austin_-_1/campaign/processed_json/segments/e6b4bacb-a530-472c-8a4f-cfdd6d463762/part_2/005897.json,43.6805127,-92.9805205,0.9902478635182347,85.21,65.80310880829016,69.94818652849742,59.380165289256205,71.22589531680441,69.26,0.8994917388651962,0.8898483381018663,2025-07-07 11:38:23.802
/media/vsi-dev/Lacie_2/mndot_workzone_project/Toyota/campaign_0f13274e-1e23-415d-8a6c-56f06a60a20a-Toyota_Prius_-_Austin_-_1/campaign/processed_json/segments/e6b4bacb-a530-472c-8a4f-cfdd6d463762/part_2/005898.json,43.6805127,-92.9805205,0.9902478635182347,84.28,63.730569948186535,70.98445595854922,39.33884297520661,71.33608815426997,66.13,0.9298974150060436,0.8921931982056048,2025-07-07 11:38:23.839
/media/vsi-dev/Lacie_2/mndot_workzone_project/Toyota/campaign_0f13274e-1e23-415d-8a6c-56f06a60a20a-Toyota_Prius_-_Austin_-_1/campaign/processed_json/segments/e6b4bacb-a530-472c-8a4f-cfdd6d463762/part_2/005899.json,43.6805127,-92.9805205,0.9950124791926823,85.67,65.80310880829016,70.98445595854922,60.592286501377416,73.73278236914601,70.1,0.8984116614366289,0.8848951868277753,2025-07-07 11:38:23.878
/media/vsi-dev/Lacie_2/mndot_workzone_project/Toyota/campaign_0f13274e-1e23-415d-8a6c-56f06a60a20a-Toyota_Prius_-_Austin_-_1/campaign/processed_json/segments/e6b4bacb-a530-472c-8a4f-cfdd6d463762/part_2/005900.json,43.6805127,-92.9805205,0.9950124791926823,85.64,64.76683937823834,72.02072538860104,59.049586776859506,73.08539944903582,69.81,0.898160142000917,0.8933741809254638,2025-07-07 11:38:23.903
/media/vsi-dev/Lacie_2/mndot_workzone_project/Toyota/campaign_0f13274e-1e23-415d-8a6c-56f06a60a20a-Toyota_Prius_-_Austin_-_1/campaign/processed_json/segments/e6b4bacb-a530-472c-8a4f-cfdd6d463762/part_2/005901.json,43.6805127,-92.9805205,0.9945026659478988,85.65,64.76683937823834,72.02072538860104,59.03581267217631,73.51239669421487,69.88,0.8978440106983991,0.8939079594969563,2025-07-07 11:38:23.934
/media/vsi-dev/Lacie_2/mndot_workzone_project/Toyota/campaign_0f13274e-1e23-415d-8a6c-56f06a60a20a-Toyota_Prius_-_Austin_-_1/campaign/processed_json/segments/e6b4bacb-a530-472c-8a4f-cfdd6d463762/part_2/005902.json,43.6805127,-92.9805205,0.9781913242622373,84.07,64.24870466321244,72.02072538860104,38.51239669421488,73.62258953168043,66.81,0.9254315288904884,0.8967369491066275,2025-07-07 11:38:23.969
/media/vsi-dev/Lacie_2/mndot_workzone_project/Toyota/campaign_0f13274e-1e23-415d-8a6c-56f06a60a20a-Toyota_Prius_-_Austin_-_1/campaign/processed_json/segments/e6b4bacb-a530-472c-8a4f-cfdd6d463762/part_2/005903.json,43.6805127,-92.9805205,0.9771525479278598,84.63,64.24870466321244,72.02072538860104,53.815426997245176,73.92561983471074,69.01,0.8973684862266359,0.8967055882991397,2025-07-07 11:38:24.007
/media/vsi-dev/Lacie_2/mndot_workzone_project/Toyota/campaign_0f13274e-1e23-415d-8a6c-56f06a60a20a-Toyota_Prius_-_Austin_-_1/campaign/processed_json/segments/e6b4bacb-a530-472c-8a4f-cfdd6d463762/part_2/005904.json,43.6805127,-92.9805205,0.9760904721403703,84.03,63.730569948186535,72.53886010362694,38.45730027548209,74.0909090909091,66.88,0.9266183351094266,0.8964083093266395,2025-07-07 11:38:24.032
/media/vsi-dev/Lacie_2/mndot_workzone_project/Toyota/campaign_0f13274e-1e23-415d-8a6c-56f06a60a20a-Toyota_Prius_-_Austin_-_1/campaign/processed_json/segments/e6b4bacb-a530-472c-8a4f-cfdd6d463762/part_2/005905.json,43.6805127,-92.9805205,0.9811670975774323,84.41,63.730569948186535,72.53886010362694,47.86501377410468,73.58126721763085,68.07,0.8968355285195517,0.8968774003228036,2025-07-07 11:38:24.069
/media/vsi-dev/Lacie_2/mndot_workzone_project/Toyota/campaign_0f13274e-1e23-415d-8a6c-56f06a60a20a-Toyota_Prius_-_Austin_-_1/campaign/processed_json/segments/e6b4bacb-a530-472c-8a4f-cfdd6d463762/part_2/005906.json,43.6805127,-92.9805205,0.9771525479278598,84.71,64.76683937823834,73.05699481865285,52.63085399449036,72.71349862258954,69.13,0.8989664476352005,0.898150617341722,2025-07-07 11:38:24.105
/media/vsi-dev/Lacie_2/mndot_workzone_project/Toyota/campaign_0f13274e-1e23-415d-8a6c-56f06a60a20a-Toyota_Prius_-_Austin_-_1/campaign/processed_json/segments/e6b4bacb-a530-472c-8a4f-cfdd6d463762/part_2/005907.json,43.6805127,-92.9805205,0.9771525479278598,84.78,65.28497409326425,73.05699481865285,52.451790633608816,72.72727272727273,69.27,0.8993963441537584,0.8995499783503321,2025-07-07 11:38:24.139
/media/vsi-dev/Lacie_2/mndot_workzone_project/Toyota/campaign_0f13274e-1e23-415d-8a6c-56f06a60a20a-Toyota_Prius_-_Austin_-_1/campaign/processed_json/segments/e6b4bacb-a530-472c-8a4f-cfdd6d463762/part_2/005908.json,43.6805127,-92.9805205,0.9801986733067553,85.04,65.80310880829016,73.05699481865285,54.31129476584022,72.31404958677686,69.64,0.8983751464502052,0.8993464681562315,2025-07-07 11:38:24.169
/media/vsi-dev/Lacie_2/mndot_workzone_project/Toyota/campaign_0f13274e-1e23-415d-8a6c-56f06a60a20a-Toyota_Prius_-_Austin_-_1/campaign/processed_json/segments/e6b4bacb-a530-472c-8a4f-cfdd6d463762/part_2/005909.json,43.6805127,-92.9805205,0.9691207408042318,84.52,66.83937823834198,73.05699481865285,51.32231404958678,72.4931129476584,69.52,0.897669447361372,0.8971839814206141,2025-07-07 11:38:24.210
/media/vsi-dev/Lacie_2/mndot_workzone_project/Toyota/campaign_0f13274e-1e23-415d-8a6c-56f06a60a20a-Toyota_Prius_-_Austin_-_1/campaign/processed_json/segments/e6b4bacb-a530-472c-8a4f-cfdd6d463762/part_2/005910.json,43.6805127,-92.9805205,0.9692207345544688,83.71,64.76683937823834,72.02072538860104,36.900826446280995,75.86776859504131,67.02,0.9262941346978059,0.8868682382469054,2025-07-07 11:38:24.246
/media/vsi-dev/Lacie_2/mndot_workzone_project/Toyota/campaign_0f13274e-1e23-415d-8a6c-56f06a60a20a-Toyota_Prius_-_Austin_-_1/campaign/processed_json/segments/e6b4bacb-a530-472c-8a4f-cfdd6d463762/part_2/005911.json,43.6805127,-92.9805205,0.9771525479278598,85.45,67.87564766839378,74.61139896373057,54.29752066115703,75.45454545454545,71.16,0.8988080078949893,0.8912402022759235,2025-07-07 11:38:24.274
/media/vsi-dev/Lacie_2/mndot_workzone_project/Toyota/campaign_0f13274e-1e23-415d-8a6c-56f06a60a20a-Toyota_Prius_-_Austin_-_1/campaign/processed_json/segments/e6b4bacb-a530-472c-8a4f-cfdd6d463762/part_2/005912.json,43.6805127,-92.9805205,0.9801986733067553,85.5,66.83937823834198,74.61139896373057,54.66942148760331,76.2121212121212,71.01,0.89825066190075,0.891005874136299,2025-07-07 11:38:24.308
/media/vsi-dev/Lacie_2/mndot_workzone_project/Toyota/campaign_0f13274e-1e23-415d-8a6c-56f06a60a20a-Toyota_Prius_-_Austin_-_1/campaign/processed_json/segments/e6b4bacb-a530-472c-8a4f-cfdd6d463762/part_2/005913.json,43.6805127,-92.9805205,0.9821119255343636,85.45,66.83937823834198,73.05699481865285,55.38567493112948,75.86776859504131,70.62,0.8974824283435219,0.8943829658490526,2025-07-07 11:38:24.335
/media/vsi-dev/Lacie_2/mndot_workzone_project/Toyota/campaign_0f13274e-1e23-415d-8a6c-56f06a60a20a-Toyota_Prius_-_Austin_-_1/campaign/processed_json/segments/e6b4bacb-a530-472c-8a4f-cfdd6d463762/part_2/005914.json,43.6805127,-92.9805205,0.9839305142725083,85.41,65.80310880829016,72.02072538860104,57.24517906336089,76.10192837465564,70.31,0.8963682772747621,0.8965171196816523,2025-07-07 11:38:24.374
/media/vsi-dev/Lacie_2/mndot_workzone_project/Toyota/campaign_0f13274e-1e23-415d-8a6c-56f06a60a20a-Toyota_Prius_-_Austin_-_1/campaign/processed_json/segments/e6b4bacb-a530-472c-8a4f-cfdd6d463762/part_2/005915.json,43.6805127,-92.9805205,0.9880593620427125,86.06,66.83937823834198,72.53886010362694,59.738292011019276,80.85399449035813,71.81,0.896681630697955,0.884563153963726,2025-07-07 11:38:24.400
/media/vsi-dev/Lacie_2/mndot_workzone_project/Toyota/campaign_0f13274e-1e23-415d-8a6c-56f06a60a20a-Toyota_Prius_-_Austin_-_1/campaign/processed_json/segments/e6b4bacb-a530-472c-8a4f-cfdd6d463762/part_2/005916.json,43.6805127,-92.9805205,0.9902478635182347,86.09,66.32124352331607,72.53886010362694,59.586776859504134,80.64738292011019,71.61,0.8972728695779552,0.8860897984897981,2025-07-07 11:38:24.436
/media/vsi-dev/Lacie_2/mndot_workzone_project/Toyota/campaign_0f13274e-1e23-415d-8a6c-56f06a60a20a-Toyota_Prius_-_Austin_-_1/campaign/processed_json/segments/e6b4bacb-a530-472c-8a4f-cfdd6d463762/part_2/005917.json,43.6805127,-92.9805205,0.9922179382602435,86.14,66.83937823834198,73.05699481865285,58.044077134986225,80.84022038567494,71.69,0.8936620438027253,0.8838857031701756,2025-07-07 11:38:24.471
/media/vsi-dev/Lacie_2/mndot_workzone_project/Toyota/campaign_0f13274e-1e23-415d-8a6c-56f06a60a20a-Toyota_Prius_-_Austin_-_1/campaign/processed_json/segments/e6b4bacb-a530-472c-8a4f-cfdd6d463762/part_2/005918.json,43.6805127,-92.9805205,0.9945026659478988,85.15,64.24870466321244,73.05699481865285,38.03030303030303,80.37190082644628,68.03,0.9275063737234464,0.8886378315986403,2025-07-07 11:38:24.507
/media/vsi-dev/Lacie_2/mndot_workzone_project/Toyota/campaign_0f13274e-1e23-415d-8a6c-56f06a60a20a-Toyota_Prius_-_Austin_-_1/campaign/processed_json/segments/e6b4bacb-a530-472c-8a4f-cfdd6d463762/part_2/005919.json,43.6805127,-92.9805205,0.998488643251663,86.62,66.83937823834198,73.05699481865285,61.22589531680441,81.21212121212122,72.23,0.8962957671755007,0.8823295724568503,2025-07-07 11:38:24.539
/media/vsi-dev/Lacie_2/mndot_workzone_project/Toyota/campaign_0f13274e-1e23-415d-8a6c-56f06a60a20a-Toyota_Prius_-_Austin_-_1/campaign/processed_json/segments/e6b4bacb-a530-472c-8a4f-cfdd6d463762/part_2/005920.json,43.6805127,-92.9805205,0.9968051145430329,86.31,66.32124352331607,73.05699481865285,58.829201101928376,77.8236914600551,71.28,0.896320663558488,0.8967182817336999,2025-07-07 11:38:24.571
/media/vsi-dev/Lacie_2/mndot_workzone_project/Toyota/campaign_0f13274e-1e23-415d-8a6c-56f06a60a20a-Toyota_Prius_-_Austin_-_1/campaign/processed_json/segments/e6b4bacb-a530-472c-8a4f-cfdd6d463762/part_2/005921.json,43.6805127,-92.9805205,0.9954976660309716,86.32,67.87564766839378,73.05699481865285,56.76308539944903,79.0909090909091,71.59,0.8933539128944119,0.892757683120555,2025-07-07 11:38:24.614
/media/vsi-dev/Lacie_2/mndot_workzone_project/Toyota/campaign_0f13274e-1e23-415d-8a6c-56f06a60a20a-Toyota_Prius_-_Austin_-_1/campaign/processed_json/segments/e6b4bacb-a530-472c-8a4f-cfdd6d463762/part_2/005922.json,43.6805127,-92.9805205,0.9692207345544688,83.39,63.212435233160626,72.02072538860104,29.559228650137744,79.00826446280992,65.97,0.9338351179734615,0.8895551557713959,2025-07-07 11:38:24.646
/media/vsi-dev/Lacie_2/mndot_workzone_project/Toyota/campaign_0f13274e-1e23-415d-8a6c-56f06a60a20a-Toyota_Prius_-_Austin_-_1/campaign/processed_json/segments/e6b4bacb-a530-472c-8a4f-cfdd6d463762/part_2/005923.json,43.680487,-92.9802504,0.9839305142725083,84.82,63.730569948186535,72.02072538860104,51.170798898071624,79.06336088154269,69.16,0.8906846308344814,0.888756896817741,2025-07-07 11:38:24.675
/media/vsi-dev/Lacie_2/mndot_workzone_project/Toyota/campaign_0f13274e-1e23-415d-8a6c-56f06a60a20a-Toyota_Prius_-_Austin_-_1/campaign/processed_json/segments/e6b4bacb-a530-472c-8a4f-cfdd6d463762/part_2/005924.json,43.680487,-92.9802504,0.9872815715902905,84.36,63.212435233160626,72.02072538860104,35.798898071625345,78.99449035812673,66.85,0.9232625814562505,0.8893054446881716,2025-07-07 11:38:24.717
/media/vsi-dev/Lacie_2/mndot_workzone_project/Toyota/campaign_0f13274e-1e23-415d-8a6c-56f06a60a20a-Toyota_Prius_-_Austin_-_1/campaign/processed_json/segments/e6b4bacb-a530-472c-8a4f-cfdd6d463762/part_2/005925.json,43.680487,-92.9802504,0.9856539001953453,85.39,65.80310880829016,72.02072538860104,55.00000000000001,78.55371900826447,70.3,0.8941392263008437,0.8899469592258294,2025-07-07 11:38:24.742
/media/vsi-dev/Lacie_2/mndot_workzone_project/Toyota/campaign_0f13274e-1e23-415d-8a6c-56f06a60a20a-Toyota_Prius_-_Austin_-_1/campaign/processed_json/segments/e6b4bacb-a530-472c-8a4f-cfdd6d463762/part_2/005926.json,43.680487,-92.9802504,0.9801986733067553,84.88,65.28497409326425,72.02072538860104,52.16253443526171,78.00275482093664,69.63,0.889925430226056,0.8925770437088488,2025-07-07 11:38:24.769
/media/vsi-dev/Lacie_2/mndot_workzone_project/Toyota/campaign_0f13274e-1e23-415d-8a6c-56f06a60a20a-Toyota_Prius_-_Austin_-_1/campaign/processed_json/segments/e6b4bacb-a530-472c-8a4f-cfdd6d463762/part_2/005927.json,43.680487,-92.9802504,0.9801986733067553,84.15,63.730569948186535,72.02072538860104,35.33057851239669,78.65013774104683,66.91,0.9249572163440115,0.8927561255618135,2025-07-07 11:38:24.803
/media/vsi-dev/Lacie_2/mndot_workzone_project/Toyota/campaign_0f13274e-1e23-415d-8a6c-56f06a60a20a-Toyota_Prius_-_Austin_-_1/campaign/processed_json/segments/e6b4bacb-a530-472c-8a4f-cfdd6d463762/part_2/005928.json,43.680487,-92.9802504,0.9909288930014639,85.72,65.80310880829016,72.02072538860104,57.190082644628106,78.60881542699725,70.63,0.8899575880363715,0.8927538406973792,2025-07-07 11:38:24.838
/media/vsi-dev/Lacie_2/mndot_workzone_project/Toyota/campaign_0f13274e-1e23-415d-8a6c-56f06a60a20a-Toyota_Prius_-_Austin_-_1/campaign/processed_json/segments/e6b4bacb-a530-472c-8a4f-cfdd6d463762/part_2/005929.json,43.680487,-92.9802504,0.9821119255343636,84.69,63.212435233160626,72.02072538860104,51.91460055096419,78.1542699724518,68.99,0.889028368673566,0.8922245604895738,2025-07-07 11:38:24.875
/media/vsi-dev/Lacie_2/mndot_workzone_project/Toyota/campaign_0f13274e-1e23-415d-8a6c-56f06a60a20a-Toyota_Prius_-_Austin_-_1/campaign/processed_json/segments/e6b4bacb-a530-472c-8a4f-cfdd6d463762/part_2/005930.json,43.680487,-92.9802504,0.9801986733067553,83.89,63.212435233160626,72.02072538860104,34.13223140495868,76.51515151515152,66.26,0.9251932275370118,0.8930909069065656,2025-07-07 11:38:24.900
/media/vsi-dev/Lacie_2/mndot_workzone_project/Toyota/campaign_0f13274e-1e23-415d-8a6c-56f06a60a20a-Toyota_Prius_-_Austin_-_1/campaign/processed_json/segments/e6b4bacb-a530-472c-8a4f-cfdd6d463762/part_2/005931.json,43.680487,-92.9802504,0.9821119255343636,84.82,63.730569948186535,72.02072538860104,52.25895316804407,79.84848484848484,69.43,0.8893706324751229,0.8873774133705831,2025-07-07 11:38:24.937
/media/vsi-dev/Lacie_2/mndot_workzone_project/Toyota/campaign_0f13274e-1e23-415d-8a6c-56f06a60a20a-Toyota_Prius_-_Austin_-_1/campaign/processed_json/segments/e6b4bacb-a530-472c-8a4f-cfdd6d463762/part_2/005932.json,43.680487,-92.9802504,0.9811670975774323,85.22,67.35751295336787,72.02072538860104,52.92011019283747,80.3030303030303,70.65,0.8929923767081597,0.8784264327998466,2025-07-07 11:38:24.971
/media/vsi-dev/Lacie_2/mndot_workzone_project/Toyota/campaign_0f13274e-1e23-415d-8a6c-56f06a60a20a-Toyota_Prius_-_Austin_-_1/campaign/processed_json/segments/e6b4bacb-a530-472c-8a4f-cfdd6d463762/part_2/005933.json,43.680487,-92.9802504,0.9880593620427125,85.38,65.80310880829016,72.53886010362694,53.044077134986225,78.84297520661157,70.18,0.8932064823761128,0.8857078494029731,2025-07-07 11:38:25.004
/media/vsi-dev/Lacie_2/mndot_workzone_project/Toyota/campaign_0f13274e-1e23-415d-8a6c-56f06a60a20a-Toyota_Prius_-_Austin_-_1/campaign/processed_json/segments/e6b4bacb-a530-472c-8a4f-cfdd6d463762/part_2/005934.json,43.680487,-92.9802504,0.9880593620427125,85.39,66.83937823834198,72.02072538860104,52.451790633608816,78.81542699724517,70.24,0.8948033382730566,0.8826287232350235,2025-07-07 11:38:25.036
/media/vsi-dev/Lacie_2/mndot_workzone_project/Toyota/campaign_0f13274e-1e23-415d-8a6c-56f06a60a20a-Toyota_Prius_-_Austin_-_1/campaign/processed_json/segments/e6b4bacb-a530-472c-8a4f-cfdd6d463762/part_2/005935.json,43.680487,-92.9802504,0.9880593620427125,85.37,66.83937823834198,72.02072538860104,51.611570247933884,78.67768595041322,70.11,0.8968231292402854,0.8839366094282506,2025-07-07 11:38:25.069
/media/vsi-dev/Lacie_2/mndot_workzone_project/Toyota/campaign_0f13274e-1e23-415d-8a6c-56f06a60a20a-Toyota_Prius_-_Austin_-_1/campaign/processed_json/segments/e6b4bacb-a530-472c-8a4f-cfdd6d463762/part_2/005936.json,43.680487,-92.9802504,0.9880593620427125,85.44,66.83937823834198,72.02072538860104,52.35537190082644,79.18732782369146,70.29,0.8959173349749526,0.8843121735331845,2025-07-07 11:38:25.102
/media/vsi-dev/Lacie_2/mndot_workzone_project/Toyota/campaign_0f13274e-1e23-415d-8a6c-56f06a60a20a-Toyota_Prius_-_Austin_-_1/campaign/processed_json/segments/e6b4bacb-a530-472c-8a4f-cfdd6d463762/part_2/005937.json,43.680487,-92.9802504,0.9909288930014639,85.6,65.80310880829016,71.50259067357513,55.39944903581267,79.82093663911846,70.38,0.8921200099143787,0.8891432380839446,2025-07-07 11:38:25.136
/media/vsi-dev/Lacie_2/mndot_workzone_project/Toyota/campaign_0f13274e-1e23-415d-8a6c-56f06a60a20a-Toyota_Prius_-_Austin_-_1/campaign/processed_json/segments/e6b4bacb-a530-472c-8a4f-cfdd6d463762/part_2/005938.json,43.680487,-92.9802504,0.988813044611233,85.11,63.730569948186535,71.50259067357513,52.658402203856745,79.87603305785123,69.36,0.8894397875105648,0.891758263750698,2025-07-07 11:38:25.169
/media/vsi-dev/Lacie_2/mndot_workzone_project/Toyota/campaign_0f13274e-1e23-415d-8a6c-56f06a60a20a-Toyota_Prius_-_Austin_-_1/campaign/processed_json/segments/e6b4bacb-a530-472c-8a4f-cfdd6d463762/part_2/005939.json,43.680487,-92.9802504,0.9909288930014639,85.52,63.730569948186535,72.02072538860104,55.0137741046832,82.53443526170798,70.25,0.8921128888964206,0.8864140288235743,2025-07-07 11:38:25.203
/media/vsi-dev/Lacie_2/mndot_workzone_project/Toyota/campaign_0f13274e-1e23-415d-8a6c-56f06a60a20a-Toyota_Prius_-_Austin_-_1/campaign/processed_json/segments/e6b4bacb-a530-472c-8a4f-cfdd6d463762/part_2/005940.json,43.680487,-92.9802504,0.9856539001953453,84.25,63.212435233160626,70.98445595854922,33.41597796143251,81.72176308539945,66.62,0.9296764048472101,0.8877335933752775,2025-07-07 11:38:25.239
/media/vsi-dev/Lacie_2/mndot_workzone_project/Toyota/campaign_0f13274e-1e23-415d-8a6c-56f06a60a20a-Toyota_Prius_-_Austin_-_1/campaign/processed_json/segments/e6b4bacb-a530-472c-8a4f-cfdd6d463762/part_2/005941.json,43.680487,-92.9802504,0.988813044611233,85.69,65.80310880829016,71.50259067357513,56.07438016528926,81.74931129476583,70.78,0.8933973485382437,0.8891583343061676,2025-07-07 11:38:25.276
/media/vsi-dev/Lacie_2/mndot_workzone_project/Toyota/campaign_0f13274e-1e23-415d-8a6c-56f06a60a20a-Toyota_Prius_-_Austin_-_1/campaign/processed_json/segments/e6b4bacb-a530-472c-8a4f-cfdd6d463762/part_2/005942.json,43.680487,-92.9802504,0.9848041402180955,84.56,64.76683937823834,70.98445595854922,36.019283746556475,82.53443526170798,67.58,0.926434534176406,0.88694932930176,2025-07-07 11:38:25.306
/media/vsi-dev/Lacie_2/mndot_workzone_project/Toyota/campaign_0f13274e-1e23-415d-8a6c-56f06a60a20a-Toyota_Prius_-_Austin_-_1/campaign/processed_json/segments/e6b4bacb-a530-472c-8a4f-cfdd6d463762/part_2/005943.json,43.680487,-92.9802504,0.9998000199986667,84.71,56.994818652849744,71.50259067357513,50.22038567493114,82.01101928374655,67.29,0.8924225994065911,0.8879978813697786,2025-07-07 11:38:25.338
/media/vsi-dev/Lacie_2/mndot_workzone_project/Toyota/campaign_0f13274e-1e23-415d-8a6c-56f06a60a20a-Toyota_Prius_-_Austin_-_1/campaign/processed_json/segments/e6b4bacb-a530-472c-8a4f-cfdd6d463762/part_2/005944.json,43.680487,-92.9802504,0.9999500012499791,86.15,65.80310880829016,71.50259067357513,54.54545454545454,85.24793388429752,71.03,0.8987458079972842,0.8752243174154448,2025-07-07 11:38:25.368
/media/vsi-dev/Lacie_2/mndot_workzone_project/Toyota/campaign_0f13274e-1e23-415d-8a6c-56f06a60a20a-Toyota_Prius_-_Austin_-_1/campaign/processed_json/segments/e6b4bacb-a530-472c-8a4f-cfdd6d463762/part_2/005945.json,43.680487,-92.9802504,0.9995501012348142,85.64,62.69430051813472,72.02072538860104,52.5068870523416,83.30578512396694,69.68,0.8935771650442172,0.8851054469872823,2025-07-07 11:38:25.401
/media/vsi-dev/Lacie_2/mndot_workzone_project/Toyota/campaign_0f13274e-1e23-415d-8a6c-56f06a60a20a-Toyota_Prius_-_Austin_-_1/campaign/processed_json/segments/e6b4bacb-a530-472c-8a4f-cfdd6d463762/part_2/005946.json,43.680487,-92.9802504,0.9989880124051737,84.7,58.03108808290155,70.98445595854922,49.6694214876033,83.87052341597796,67.59,0.889528135667118,0.8811762446079536,2025-07-07 11:38:25.436
/media/vsi-dev/Lacie_2/mndot_workzone_project/Toyota/campaign_0f13274e-1e23-415d-8a6c-56f06a60a20a-Toyota_Prius_-_Austin_-_1/campaign/processed_json/segments/e6b4bacb-a530-472c-8a4f-cfdd6d463762/part_2/005947.json,43.680487,-92.9802504,0,47.16,62.17616580310881,70.98445595854922,81.40495867768594,83.30578512396694,73.53,0.896058843224584,0.8784881400941731,2025-07-07 11:38:25.469
/media/vsi-dev/Lacie_2/mndot_workzone_project/Toyota/campaign_0f13274e-1e23-415d-8a6c-56f06a60a20a-Toyota_Prius_-_Austin_-_1/campaign/processed_json/segments/e6b4bacb-a530-472c-8a4f-cfdd6d463762/part_2/005948.json,43.680487,-92.9802504,0.9999500012499791,85.81,65.80310880829016,70.98445595854922,50.44077134986226,82.90633608815428,69.95,0.9011370235293596,0.8821659578659091,2025-07-07 11:38:25.507
/media/vsi-dev/Lacie_2/mndot_workzone_project/Toyota/campaign_0f13274e-1e23-415d-8a6c-56f06a60a20a-Toyota_Prius_-_Austin_-_1/campaign/processed_json/segments/e6b4bacb-a530-472c-8a4f-cfdd6d463762/part_2/005949.json,43.680487,-92.9802504,0.9989880124051737,84.86,61.13989637305699,70.98445595854922,44.24242424242424,85.05509641873277,67.9,0.8916265002521164,0.882098520068804,2025-07-07 11:38:25.545
/media/vsi-dev/Lacie_2/mndot_workzone_project/Toyota/campaign_0f13274e-1e23-415d-8a6c-56f06a60a20a-Toyota_Prius_-_Austin_-_1/campaign/processed_json/segments/e6b4bacb-a530-472c-8a4f-cfdd6d463762/part_2/005950.json,43.680487,-92.9802504,0.9992003199146837,86.05,65.28497409326425,70.98445595854922,54.33884297520662,85.84022038567493,70.79,0.8963241948729566,0.8802788691600247,2025-07-07 11:38:25.570
/media/vsi-dev/Lacie_2/mndot_workzone_project/Toyota/campaign_0f13274e-1e23-415d-8a6c-56f06a60a20a-Toyota_Prius_-_Austin_-_1/campaign/processed_json/segments/e6b4bacb-a530-472c-8a4f-cfdd6d463762/part_2/005951.json,43.680487,-92.9802504,0,45.68,56.994818652849744,70.98445595854922,61.66666666666667,86.74931129476585,69.58,0.9016139642350954,0.8829754541406905,2025-07-07 11:38:25.604
/media/vsi-dev/Lacie_2/mndot_workzone_project/Toyota/campaign_0f13274e-1e23-415d-8a6c-56f06a60a20a-Toyota_Prius_-_Austin_-_1/campaign/processed_json/segments/e6b4bacb-a530-472c-8a4f-cfdd6d463762/part_2/005952.json,43.680487,-92.9802504,0,45.75,56.994818652849744,70.98445595854922,62.727272727272734,87.31404958677686,69.81,0.9015186704918506,0.880657784661277,2025-07-07 11:38:25.645
/media/vsi-dev/Lacie_2/mndot_workzone_project/Toyota/campaign_0f13274e-1e23-415d-8a6c-56f06a60a20a-Toyota_Prius_-_Austin_-_1/campaign/processed_json/segments/e6b4bacb-a530-472c-8a4f-cfdd6d463762/part_2/005953.json,43.6804592,-92.9799817,0.9664246858491891,83.8,65.80310880829016,70.98445595854922,37.672176308539946,87.30027548209365,68.63,0.8897585397830587,0.8793958622148511,2025-07-07 11:38:25.673
/media/vsi-dev/Lacie_2/mndot_workzone_project/Toyota/campaign_0f13274e-1e23-415d-8a6c-56f06a60a20a-Toyota_Prius_-_Austin_-_1/campaign/processed_json/segments/e6b4bacb-a530-472c-8a4f-cfdd6d463762/part_2/005954.json,43.6804592,-92.9799817,0.9692332344763441,84.49,66.32124352331607,72.02072538860104,45.64738292011019,83.4297520661157,69.77,0.8905172871153839,0.8910361244308637,2025-07-07 11:38:25.731
/media/vsi-dev/Lacie_2/mndot_workzone_project/Toyota/campaign_0f13274e-1e23-415d-8a6c-56f06a60a20a-Toyota_Prius_-_Austin_-_1/campaign/processed_json/segments/e6b4bacb-a530-472c-8a4f-cfdd6d463762/part_2/005955.json,43.6804592,-92.9799817,0.9928258579038134,86.13,67.87564766839378,72.02072538860104,51.14325068870523,86.08815426997245,71.47,0.8969839368376639,0.8854633861213056,2025-07-07 11:38:25.739
/media/vsi-dev/Lacie_2/mndot_workzone_project/Toyota/campaign_0f13274e-1e23-415d-8a6c-56f06a60a20a-Toyota_Prius_-_Austin_-_1/campaign/processed_json/segments/e6b4bacb-a530-472c-8a4f-cfdd6d463762/part_2/005956.json,43.6804592,-92.9799817,0.9928258579038134,86.36,68.9119170984456,72.02072538860104,55.24793388429752,84.83471074380165,72.18,0.8905173024427131,0.8869690532254,2025-07-07 11:38:25.771
/media/vsi-dev/Lacie_2/mndot_workzone_project/Toyota/campaign_0f13274e-1e23-415d-8a6c-56f06a60a20a-Toyota_Prius_-_Austin_-_1/campaign/processed_json/segments/e6b4bacb-a530-472c-8a4f-cfdd6d463762/part_2/005957.json,43.6804592,-92.9799817,0.9880593620427125,86.27,68.9119170984456,72.02072538860104,57.42424242424242,86.18457300275482,72.66,0.88601315263086,0.8822295440333493,2025-07-07 11:38:25.805
/media/vsi-dev/Lacie_2/mndot_workzone_project/Toyota/campaign_0f13274e-1e23-415d-8a6c-56f06a60a20a-Toyota_Prius_-_Austin_-_1/campaign/processed_json/segments/e6b4bacb-a530-472c-8a4f-cfdd6d463762/part_2/005958.json,43.6804592,-92.9799817,0.9781913242622373,84.51,65.80310880829016,72.02072538860104,32.92011019283746,84.9862258953168,68.1,0.9300067300021336,0.8842627371374183,2025-07-07 11:38:25.837
/media/vsi-dev/Lacie_2/mndot_workzone_project/Toyota/campaign_0f13274e-1e23-415d-8a6c-56f06a60a20a-Toyota_Prius_-_Austin_-_1/campaign/processed_json/segments/e6b4bacb-a530-472c-8a4f-cfdd6d463762/part_2/005959.json,43.6804592,-92.9799817,0.9902478635182347,85.93,67.87564766839378,72.02072538860104,52.21763085399449,85.09641873278237,71.44,0.8878794427901306,0.8864169992076393,2025-07-07 11:38:25.869
/media/vsi-dev/Lacie_2/mndot_workzone_project/Toyota/campaign_0f13274e-1e23-415d-8a6c-56f06a60a20a-Toyota_Prius_-_Austin_-_1/campaign/processed_json/segments/e6b4bacb-a530-472c-8a4f-cfdd6d463762/part_2/005960.json,43.6804592,-92.9799817,0.9909288930014639,84.78,64.24870466321244,72.02072538860104,31.363636363636367,84.65564738292011,67.38,0.9308030608101637,0.8878730360408826,2025-07-07 11:38:25.900
/media/vsi-dev/Lacie_2/mndot_workzone_project/Toyota/campaign_0f13274e-1e23-415d-8a6c-56f06a60a20a-Toyota_Prius_-_Austin_-_1/campaign/processed_json/segments/e6b4bacb-a530-472c-8a4f-cfdd6d463762/part_2/005961.json,43.6804592,-92.9799817,0.9978897297577275,87.13,72.02072538860104,72.02072538860104,57.64462809917356,86.14325068870524,73.66,0.8934398839154521,0.8818918311128522,2025-07-07 11:38:25.942
/media/vsi-dev/Lacie_2/mndot_workzone_project/Toyota/campaign_0f13274e-1e23-415d-8a6c-56f06a60a20a-Toyota_Prius_-_Austin_-_1/campaign/processed_json/segments/e6b4bacb-a530-472c-8a4f-cfdd6d463762/part_2/005962.json,43.6804592,-92.9799817,0.9968051145430329,86.92,69.94818652849742,72.02072538860104,58.01652892561984,86.08815426997245,73.11,0.8961134416808147,0.8838549998062573,2025-07-07 11:38:25.977
/media/vsi-dev/Lacie_2/mndot_workzone_project/Toyota/campaign_0f13274e-1e23-415d-8a6c-56f06a60a20a-Toyota_Prius_-_Austin_-_1/campaign/processed_json/segments/e6b4bacb-a530-472c-8a4f-cfdd6d463762/part_2/005963.json,43.6804592,-92.9799817,0.9996875488230391,87.22,70.46632124352331,73.05699481865285,58.03030303030303,86.47382920110192,73.63,0.8964592313347204,0.8820226152381128,2025-07-07 11:38:26.019
/media/vsi-dev/Lacie_2/mndot_workzone_project/Toyota/campaign_0f13274e-1e23-415d-8a6c-56f06a60a20a-Toyota_Prius_-_Austin_-_1/campaign/processed_json/segments/e6b4bacb-a530-472c-8a4f-cfdd6d463762/part_2/005964.json,43.6804592,-92.9799817,1.0,86.38,70.46632124352331,72.53886010362694,43.85674931129477,88.18181818181819,71.58,0.8932099510656499,0.8815851485574824,2025-07-07 11:38:26.038
/media/vsi-dev/Lacie_2/mndot_workzone_project/Toyota/campaign_0f13274e-1e23-415d-8a6c-56f06a60a20a-Toyota_Prius_-_Austin_-_1/campaign/processed_json/segments/e6b4bacb-a530-472c-8a4f-cfdd6d463762/part_2/005965.json,43.6804592,-92.9799817,0.9996875488230391,84.52,59.067357512953365,73.05699481865285,28.595041322314053,89.65564738292011,66.37,0.9176995630251765,0.8807320033476289,2025-07-07 11:38:26.076
/media/vsi-dev/Lacie_2/mndot_workzone_project/Toyota/campaign_0f13274e-1e23-415d-8a6c-56f06a60a20a-Toyota_Prius_-_Austin_-_1/campaign/processed_json/segments/e6b4bacb-a530-472c-8a4f-cfdd6d463762/part_2/005966.json,43.6804592,-92.9799817,1.0,87.05,69.94818652849742,73.05699481865285,54.51790633608815,90.22038567493112,73.45,0.8921870860884149,0.8748742515853569,2025-07-07 11:38:26.106
/media/vsi-dev/Lacie_2/mndot_workzone_project/Toyota/campaign_0f13274e-1e23-415d-8a6c-56f06a60a20a-Toyota_Prius_-_Austin_-_1/campaign/processed_json/segments/e6b4bacb-a530-472c-8a4f-cfdd6d463762/part_2/005967.json,43.6804592,-92.9799817,0.9995501012348142,87.34,72.02072538860104,73.05699481865285,55.38567493112948,86.19834710743801,73.7,0.8984378313638584,0.8896567444534039,2025-07-07 11:38:26.139
/media/vsi-dev/Lacie_2/mndot_workzone_project/Toyota/campaign_0f13274e-1e23-415d-8a6c-56f06a60a20a-Toyota_Prius_-_Austin_-_1/campaign/processed_json/segments/e6b4bacb-a530-472c-8a4f-cfdd6d463762/part_2/005968.json,43.6804592,-92.9799817,0,0.0,0.0,0.0,0.0,0.0,0.0,0,0,2025-07-07 11:38:26.166
/media/vsi-dev/Lacie_2/mndot_workzone_project/Toyota/campaign_0f13274e-1e23-415d-8a6c-56f06a60a20a-Toyota_Prius_-_Austin_-_1/campaign/processed_json/segments/e6b4bacb-a530-472c-8a4f-cfdd6d463762/part_2/005969.json,43.6804592,-92.9799817,0,44.87,74.09326424870466,73.05699481865285,41.41873278236915,86.22589531680441,71.44,0.7412098282788306,0.8882673290931458,2025-07-07 11:38:26.201
/media/vsi-dev/Lacie_2/mndot_workzone_project/Toyota/campaign_0f13274e-1e23-415d-8a6c-56f06a60a20a-Toyota_Prius_-_Austin_-_1/campaign/processed_json/segments/e6b4bacb-a530-472c-8a4f-cfdd6d463762/part_2/005970.json,43.6804592,-92.9799817,0,38.73,73.05699481865285,74.09326424870466,0.0,17.4931129476584,55.11,0.7759753772660362,0.8926726613085605,2025-07-07 11:38:26.241
/media/vsi-dev/Lacie_2/mndot_workzone_project/Toyota/campaign_0f13274e-1e23-415d-8a6c-56f06a60a20a-Toyota_Prius_-_Austin_-_1/campaign/processed_json/segments/e6b4bacb-a530-472c-8a4f-cfdd6d463762/part_2/005971.json,43.6804592,-92.9799817,0,44.01,70.46632124352331,73.05699481865285,43.63636363636363,41.81818181818181,64.9,0.8579824815282135,0.9473318393369778,2025-07-07 11:38:26.271
/media/vsi-dev/Lacie_2/mndot_workzone_project/Toyota/campaign_0f13274e-1e23-415d-8a6c-56f06a60a20a-Toyota_Prius_-_Austin_-_1/campaign/processed_json/segments/e6b4bacb-a530-472c-8a4f-cfdd6d463762/part_2/005972.json,43.6804592,-92.9799817,0,44.44,72.02072538860104,73.05699481865285,15.523415977961433,88.34710743801652,67.77,0.8512133236218725,0.8818145878587946,2025-07-07 11:38:26.302
/media/vsi-dev/Lacie_2/mndot_workzone_project/Toyota/campaign_0f13274e-1e23-415d-8a6c-56f06a60a20a-Toyota_Prius_-_Austin_-_1/campaign/processed_json/segments/e6b4bacb-a530-472c-8a4f-cfdd6d463762/part_2/005973.json,43.6804592,-92.9799817,0,48.81,69.43005181347151,73.05699481865285,82.31404958677686,88.65013774104683,77.33,0.9044499466201221,0.8835155564124302,2025-07-07 11:38:26.336
/media/vsi-dev/Lacie_2/mndot_workzone_project/Toyota/campaign_0f13274e-1e23-415d-8a6c-56f06a60a20a-Toyota_Prius_-_Austin_-_1/campaign/processed_json/segments/e6b4bacb-a530-472c-8a4f-cfdd6d463762/part_2/005974.json,43.6804592,-92.9799817,0,48.46,68.39378238341969,73.05699481865285,80.5922865013774,87.96143250688705,76.62,0.9020761306893186,0.8787209849688082,2025-07-07 11:38:26.365
/media/vsi-dev/Lacie_2/mndot_workzone_project/Toyota/campaign_0f13274e-1e23-415d-8a6c-56f06a60a20a-Toyota_Prius_-_Austin_-_1/campaign/processed_json/segments/e6b4bacb-a530-472c-8a4f-cfdd6d463762/part_2/005975.json,43.6804592,-92.9799817,0,44.26,66.32124352331607,73.05699481865285,18.4435261707989,84.79338842975207,66.19,0.8993453608627238,0.8791974654260013,2025-07-07 11:38:26.404
/media/vsi-dev/Lacie_2/mndot_workzone_project/Toyota/campaign_0f13274e-1e23-415d-8a6c-56f06a60a20a-Toyota_Prius_-_Austin_-_1/campaign/processed_json/segments/e6b4bacb-a530-472c-8a4f-cfdd6d463762/part_2/005976.json,43.6804592,-92.9799817,0,41.22,69.43005181347151,73.05699481865285,34.21487603305785,33.112947658402206,61.21,0.9028278708478934,0.7707825399189887,2025-07-07 11:38:26.436
/media/vsi-dev/Lacie_2/mndot_workzone_project/Toyota/campaign_0f13274e-1e23-415d-8a6c-56f06a60a20a-Toyota_Prius_-_Austin_-_1/campaign/processed_json/segments/e6b4bacb-a530-472c-8a4f-cfdd6d463762/part_2/005977.json,43.6804592,-92.9799817,0,50.23,69.43005181347151,73.05699481865285,88.62258953168045,100.0,80.13,0.8930146372172925,0.9246453357254656,2025-07-07 11:38:26.469
/media/vsi-dev/Lacie_2/mndot_workzone_project/Toyota/campaign_0f13274e-1e23-415d-8a6c-56f06a60a20a-Toyota_Prius_-_Austin_-_1/campaign/processed_json/segments/e6b4bacb-a530-472c-8a4f-cfdd6d463762/part_2/005978.json,43.6804592,-92.9799817,0,45.0,68.39378238341969,73.05699481865285,1.1019283746556474,99.86225895316805,66.73,0.9046679598791167,0.9259305635297492,2025-07-07 11:38:26.507
/media/vsi-dev/Lacie_2/mndot_workzone_project/Toyota/campaign_0f13274e-1e23-415d-8a6c-56f06a60a20a-Toyota_Prius_-_Austin_-_1/campaign/processed_json/segments/e6b4bacb-a530-472c-8a4f-cfdd6d463762/part_2/005979.json,43.6804592,-92.9799817,0,49.79,67.87564766839378,73.05699481865285,82.34159779614325,100.0,78.77,0.904389156542711,0.9238276678109537,2025-07-07 11:38:26.535
/media/vsi-dev/Lacie_2/mndot_workzone_project/Toyota/campaign_0f13274e-1e23-415d-8a6c-56f06a60a20a-Toyota_Prius_-_Austin_-_1/campaign/processed_json/segments/e6b4bacb-a530-472c-8a4f-cfdd6d463762/part_2/005980.json,43.6804592,-92.9799817,0,50.61,69.43005181347151,73.05699481865285,100.0,100.0,81.71,0.8678251701007307,0.9247549637294896,2025-07-07 11:38:26.574
/media/vsi-dev/Lacie_2/mndot_workzone_project/Toyota/campaign_0f13274e-1e23-415d-8a6c-56f06a60a20a-Toyota_Prius_-_Austin_-_1/campaign/processed_json/segments/e6b4bacb-a530-472c-8a4f-cfdd6d463762/part_2/005981.json,43.6804592,-92.9799817,0,46.38,67.35751295336787,73.05699481865285,28.15426997245179,100.0,70.45,0.9262297800314562,0.8941157969952893,2025-07-07 11:38:26.604
/media/vsi-dev/Lacie_2/mndot_workzone_project/Toyota/campaign_0f13274e-1e23-415d-8a6c-56f06a60a20a-Toyota_Prius_-_Austin_-_1/campaign/processed_json/segments/e6b4bacb-a530-472c-8a4f-cfdd6d463762/part_2/005982.json,43.6804592,-92.9799817,0,41.35,67.87564766839378,73.05699481865285,31.94214876033058,27.41046831955923,59.88,0.8140738115213491,0.9256010594866754,2025-07-07 11:38:26.639
/media/vsi-dev/Lacie_2/mndot_workzone_project/Toyota/campaign_0f13274e-1e23-415d-8a6c-56f06a60a20a-Toyota_Prius_-_Austin_-_1/campaign/processed_json/segments/e6b4bacb-a530-472c-8a4f-cfdd6d463762/part_2/005983.json,43.6804592,-92.9799817,0,44.83,66.32124352331607,73.05699481865285,8.567493112947657,100.0,67.09,0.8755607437563356,0.9233698996620902,2025-07-07 11:38:26.672
/media/vsi-dev/Lacie_2/mndot_workzone_project/Toyota/campaign_0f13274e-1e23-415d-8a6c-56f06a60a20a-Toyota_Prius_-_Austin_-_1/campaign/processed_json/segments/e6b4bacb-a530-472c-8a4f-cfdd6d463762/part_2/005984.json,43.6804335,-92.9797115,0,49.31,65.28497409326425,73.05699481865285,88.63636363636364,100.0,78.71,0.9241846342859092,0.8580044264016934,2025-07-07 11:38:26.708
/media/vsi-dev/Lacie_2/mndot_workzone_project/Toyota/campaign_0f13274e-1e23-415d-8a6c-56f06a60a20a-Toyota_Prius_-_Austin_-_1/campaign/processed_json/segments/e6b4bacb-a530-472c-8a4f-cfdd6d463762/part_2/005985.json,43.6804335,-92.9797115,0,49.74,65.80310880829016,73.05699481865285,100.0,100.0,80.44,0.9258109988120916,0.8302005702985025,2025-07-07 11:38:26.733
/media/vsi-dev/Lacie_2/mndot_workzone_project/Toyota/campaign_0f13274e-1e23-415d-8a6c-56f06a60a20a-Toyota_Prius_-_Austin_-_1/campaign/processed_json/segments/e6b4bacb-a530-472c-8a4f-cfdd6d463762/part_2/005986.json,43.6804335,-92.9797115,0,49.48,65.28497409326425,73.05699481865285,100.0,100.0,80.2,0.9258947044393605,0.8144534539306447,2025-07-07 11:38:26.770
/media/vsi-dev/Lacie_2/mndot_workzone_project/Toyota/campaign_0f13274e-1e23-415d-8a6c-56f06a60a20a-Toyota_Prius_-_Austin_-_1/campaign/processed_json/segments/e6b4bacb-a530-472c-8a4f-cfdd6d463762/part_2/005987.json,43.6804335,-92.9797115,0,48.66,67.87564766839378,73.05699481865285,100.0,99.31129476584022,80.42,0.9254724830713974,0.723653148140071,2025-07-07 11:38:26.802
/media/vsi-dev/Lacie_2/mndot_workzone_project/Toyota/campaign_0f13274e-1e23-415d-8a6c-56f06a60a20a-Toyota_Prius_-_Austin_-_1/campaign/processed_json/segments/e6b4bacb-a530-472c-8a4f-cfdd6d463762/part_2/005988.json,43.6804335,-92.9797115,0,48.06,65.80310880829016,73.05699481865285,100.0,97.32782369146005,79.41,0.7043917890623876,0.9252373703802759,2025-07-07 11:38:26.843
/media/vsi-dev/Lacie_2/mndot_workzone_project/Toyota/campaign_0f13274e-1e23-415d-8a6c-56f06a60a20a-Toyota_Prius_-_Austin_-_1/campaign/processed_json/segments/e6b4bacb-a530-472c-8a4f-cfdd6d463762/part_2/005989.json,43.6804335,-92.9797115,0,48.74,64.24870466321244,73.05699481865285,74.35261707988981,99.47658402203857,76.36,0.8965733119967141,0.9231135267922757,2025-07-07 11:38:26.870
/media/vsi-dev/Lacie_2/mndot_workzone_project/Toyota/campaign_0f13274e-1e23-415d-8a6c-56f06a60a20a-Toyota_Prius_-_Austin_-_1/campaign/processed_json/segments/e6b4bacb-a530-472c-8a4f-cfdd6d463762/part_2/005990.json,43.6804335,-92.9797115,0,48.55,63.212435233160626,73.05699481865285,74.10468319559229,97.46556473829202,75.74,0.9006894173512343,0.9245070671068437,2025-07-07 11:38:26.901
/media/vsi-dev/Lacie_2/mndot_workzone_project/Toyota/campaign_0f13274e-1e23-415d-8a6c-56f06a60a20a-Toyota_Prius_-_Austin_-_1/campaign/processed_json/segments/e6b4bacb-a530-472c-8a4f-cfdd6d463762/part_2/005991.json,43.6804335,-92.9797115,0,40.83,63.212435233160626,73.05699481865285,7.024793388429752,60.730027548209364,59.55,0.7569841301236525,0.9438014029126307,2025-07-07 11:38:26.940
/media/vsi-dev/Lacie_2/mndot_workzone_project/Toyota/campaign_0f13274e-1e23-415d-8a6c-56f06a60a20a-Toyota_Prius_-_Austin_-_1/campaign/processed_json/segments/e6b4bacb-a530-472c-8a4f-cfdd6d463762/part_2/005992.json,43.6804335,-92.9797115,0,48.08,61.13989637305699,73.05699481865285,70.50964187327824,97.20385674931129,74.55,0.9029169076664617,0.9233267450171457,2025-07-07 11:38:26.972
/media/vsi-dev/Lacie_2/mndot_workzone_project/Toyota/campaign_0f13274e-1e23-415d-8a6c-56f06a60a20a-Toyota_Prius_-_Austin_-_1/campaign/processed_json/segments/e6b4bacb-a530-472c-8a4f-cfdd6d463762/part_2/005993.json,43.6804335,-92.9797115,0,48.37,62.17616580310881,73.05699481865285,100.0,100.0,78.96,0.7595384575662867,0.9189654897591499,2025-07-07 11:38:27.005
/media/vsi-dev/Lacie_2/mndot_workzone_project/Toyota/campaign_0f13274e-1e23-415d-8a6c-56f06a60a20a-Toyota_Prius_-_Austin_-_1/campaign/processed_json/segments/e6b4bacb-a530-472c-8a4f-cfdd6d463762/part_2/005994.json,43.6804335,-92.9797115,0,47.9,59.58549222797927,73.05699481865285,71.14325068870524,98.48484848484848,74.32,0.8964070965605105,0.9203825022282913,2025-07-07 11:38:27.039
/media/vsi-dev/Lacie_2/mndot_workzone_project/Toyota/campaign_0f13274e-1e23-415d-8a6c-56f06a60a20a-Toyota_Prius_-_Austin_-_1/campaign/processed_json/segments/e6b4bacb-a530-472c-8a4f-cfdd6d463762/part_2/005995.json,43.6804335,-92.9797115,0,47.82,58.549222797927456,73.05699481865285,71.80440771349862,100.0,74.3,0.8903550557512685,0.9200930461082542,2025-07-07 11:38:27.069
/media/vsi-dev/Lacie_2/mndot_workzone_project/Toyota/campaign_0f13274e-1e23-415d-8a6c-56f06a60a20a-Toyota_Prius_-_Austin_-_1/campaign/processed_json/segments/e6b4bacb-a530-472c-8a4f-cfdd6d463762/part_2/005996.json,43.6804335,-92.9797115,0,47.27,57.51295336787565,73.05699481865285,73.63636363636363,92.45179063360881,73.1,0.8827907097424946,0.9201591989422229,2025-07-07 11:38:27.103
/media/vsi-dev/Lacie_2/mndot_workzone_project/Toyota/campaign_0f13274e-1e23-415d-8a6c-56f06a60a20a-Toyota_Prius_-_Austin_-_1/campaign/processed_json/segments/e6b4bacb-a530-472c-8a4f-cfdd6d463762/part_2/005997.json,43.6804335,-92.9797115,0,43.04,55.95854922279793,72.02072538860104,1.9834710743801653,100.0,62.68,0.8857660352076502,0.9110839109771133,2025-07-07 11:38:27.134
/media/vsi-dev/Lacie_2/mndot_workzone_project/Toyota/campaign_0f13274e-1e23-415d-8a6c-56f06a60a20a-Toyota_Prius_-_Austin_-_1/campaign/processed_json/segments/e6b4bacb-a530-472c-8a4f-cfdd6d463762/part_2/005998.json,43.6804335,-92.9797115,0,37.34,54.40414507772021,72.53886010362694,4.0633608815427,6.143250688705234,48.57,0.8815561529599252,0.9098979164250699,2025-07-07 11:38:27.165
/media/vsi-dev/Lacie_2/mndot_workzone_project/Toyota/campaign_0f13274e-1e23-415d-8a6c-56f06a60a20a-Toyota_Prius_-_Austin_-_1/campaign/processed_json/segments/e6b4bacb-a530-472c-8a4f-cfdd6d463762/part_2/005999.json,43.6804335,-92.9797115,0,36.1,52.331606217616574,72.53886010362694,9.710743801652892,10.49586776859504,48.79,0.7561273849610736,0.9025168775092142,2025-07-07 11:38:27.203
/media/vsi-dev/Lacie_2/mndot_workzone_project/Toyota/campaign_0f13274e-1e23-415d-8a6c-56f06a60a20a-Toyota_Prius_-_Austin_-_1/campaign/processed_json/segments/e6b4bacb-a530-472c-8a4f-cfdd6d463762/part_2/006000.json,43.6804335,-92.9797115,0,34.4,49.22279792746114,72.02072538860104,9.462809917355372,3.815426997245179,46.3,0.8848786718330381,0.7029563965393153,2025-07-07 11:38:27.243
/media/vsi-dev/Lacie_2/mndot_workzone_project/Toyota/campaign_0f13274e-1e23-415d-8a6c-56f06a60a20a-Toyota_Prius_-_Austin_-_1/campaign/processed_json/segments/e6b4bacb-a530-472c-8a4f-cfdd6d463762/part_2/006001.json,43.6804335,-92.9797115,0,35.94,47.15025906735752,71.50259067357513,2.809917355371901,30.09641873278237,48.75,0.9236046493681165,0.7207348068066864,2025-07-07 11:38:27.270
/media/vsi-dev/Lacie_2/mndot_workzone_project/Toyota/campaign_0f13274e-1e23-415d-8a6c-56f06a60a20a-Toyota_Prius_-_Austin_-_1/campaign/processed_json/segments/e6b4bacb-a530-472c-8a4f-cfdd6d463762/part_2/006002.json,43.6804335,-92.9797115,0.9760904721403703,82.67,66.83937823834198,70.98445595854922,44.201101928374655,39.66942148760331,63.12,0.9002788599173943,0.9377744052807792,2025-07-07 11:38:27.306
/media/vsi-dev/Lacie_2/mndot_workzone_project/Toyota/campaign_0f13274e-1e23-415d-8a6c-56f06a60a20a-Toyota_Prius_-_Austin_-_1/campaign/processed_json/segments/e6b4bacb-a530-472c-8a4f-cfdd6d463762/part_2/006003.json,43.6804335,-92.9797115,0,32.99,35.751295336787564,71.50259067357513,17.09366391184573,13.966942148760332,44.44,0.5953393203861281,0.9258365292768783,2025-07-07 11:38:27.337
/media/vsi-dev/Lacie_2/mndot_workzone_project/Toyota/campaign_0f13274e-1e23-415d-8a6c-56f06a60a20a-Toyota_Prius_-_Austin_-_1/campaign/processed_json/segments/e6b4bacb-a530-472c-8a4f-cfdd6d463762/part_2/006004.json,43.6804335,-92.9797115,0,4.53,0.0,0.0,75.52341597796143,0.0,11.33,0,0,2025-07-07 11:38:27.376
/media/vsi-dev/Lacie_2/mndot_workzone_project/Toyota/campaign_0f13274e-1e23-415d-8a6c-56f06a60a20a-Toyota_Prius_-_Austin_-_1/campaign/processed_json/segments/e6b4bacb-a530-472c-8a4f-cfdd6d463762/part_2/006005.json,43.6804335,-92.9797115,0,0.0,0.0,0.0,0.0,0.0,0.0,0,0,2025-07-07 11:38:27.407
/media/vsi-dev/Lacie_2/mndot_workzone_project/Toyota/campaign_0f13274e-1e23-415d-8a6c-56f06a60a20a-Toyota_Prius_-_Austin_-_1/campaign/processed_json/segments/e6b4bacb-a530-472c-8a4f-cfdd6d463762/part_2/006006.json,43.6804335,-92.9797115,0,0.0,0.0,0.0,0.0,0.0,0.0,0,0,2025-07-07 11:38:27.444
/media/vsi-dev/Lacie_2/mndot_workzone_project/Toyota/campaign_0f13274e-1e23-415d-8a6c-56f06a60a20a-Toyota_Prius_-_Austin_-_1/campaign/processed_json/segments/e6b4bacb-a530-472c-8a4f-cfdd6d463762/part_2/006007.json,43.6804335,-92.9797115,0,0.0,0.0,0.0,0.0,0.0,0.0,0,0,2025-07-07 11:38:27.474
/media/vsi-dev/Lacie_2/mndot_workzone_project/Toyota/campaign_0f13274e-1e23-415d-8a6c-56f06a60a20a-Toyota_Prius_-_Austin_-_1/campaign/processed_json/segments/e6b4bacb-a530-472c-8a4f-cfdd6d463762/part_2/006008.json,43.6804335,-92.9797115,0,0.0,0.0,0.0,0.0,0.0,0.0,0,0,2025-07-07 11:38:27.503
/media/vsi-dev/Lacie_2/mndot_workzone_project/Toyota/campaign_0f13274e-1e23-415d-8a6c-56f06a60a20a-Toyota_Prius_-_Austin_-_1/campaign/processed_json/segments/e6b4bacb-a530-472c-8a4f-cfdd6d463762/part_2/006009.json,43.6804335,-92.9797115,0,44.02,74.61139896373057,72.02072538860104,24.476584022038566,81.99724517906336,68.31,0.8848116035671181,0.785087194482374,2025-07-07 11:38:27.547
/media/vsi-dev/Lacie_2/mndot_workzone_project/Toyota/campaign_0f13274e-1e23-415d-8a6c-56f06a60a20a-Toyota_Prius_-_Austin_-_1/campaign/processed_json/segments/e6b4bacb-a530-472c-8a4f-cfdd6d463762/part_2/006010.json,43.6804335,-92.9797115,0,43.03,73.05699481865285,72.02072538860104,2.162534435261708,81.79063360881543,64.69,0.8806934468735809,0.8344093928461112,2025-07-07 11:38:27.570
/media/vsi-dev/Lacie_2/mndot_workzone_project/Toyota/campaign_0f13274e-1e23-415d-8a6c-56f06a60a20a-Toyota_Prius_-_Austin_-_1/campaign/processed_json/segments/e6b4bacb-a530-472c-8a4f-cfdd6d463762/part_2/006011.json,43.6804335,-92.9797115,0.9801986733067553,84.55,69.94818652849742,72.02072538860104,39.15977961432507,78.93939393939394,69.15,0.8776880962628801,0.8903758600164042,2025-07-07 11:38:27.603
/media/vsi-dev/Lacie_2/mndot_workzone_project/Toyota/campaign_0f13274e-1e23-415d-8a6c-56f06a60a20a-Toyota_Prius_-_Austin_-_1/campaign/processed_json/segments/e6b4bacb-a530-472c-8a4f-cfdd6d463762/part_2/006012.json,43.6804335,-92.9797115,0.9848041402180955,85.24,69.94818652849742,72.02072538860104,45.853994490358126,81.96969696969697,70.57,0.8871200388365515,0.8746001611315687,2025-07-07 11:38:27.638
/media/vsi-dev/Lacie_2/mndot_workzone_project/Toyota/campaign_0f13274e-1e23-415d-8a6c-56f06a60a20a-Toyota_Prius_-_Austin_-_1/campaign/processed_json/segments/e6b4bacb-a530-472c-8a4f-cfdd6d463762/part_2/006013.json,43.6804138,-92.9794424,0.9684335543910279,84.77,69.94818652849742,71.50259067357513,50.9504132231405,80.38567493112949,70.96,0.8882363988549605,0.8769358741148001,2025-07-07 11:38:27.670
/media/vsi-dev/Lacie_2/mndot_workzone_project/Toyota/campaign_0f13274e-1e23-415d-8a6c-56f06a60a20a-Toyota_Prius_-_Austin_-_1/campaign/processed_json/segments/e6b4bacb-a530-472c-8a4f-cfdd6d463762/part_2/006014.json,43.6804138,-92.9794424,0.9727652403079083,85.14,69.43005181347151,72.53886010362694,50.81267217630854,81.51515151515152,71.29,0.8922121235799899,0.8786496848433768,2025-07-07 11:38:27.706
/media/vsi-dev/Lacie_2/mndot_workzone_project/Toyota/campaign_0f13274e-1e23-415d-8a6c-56f06a60a20a-Toyota_Prius_-_Austin_-_1/campaign/processed_json/segments/e6b4bacb-a530-472c-8a4f-cfdd6d463762/part_2/006015.json,43.6804138,-92.9794424,0.9738967374550571,85.45,69.94818652849742,72.53886010362694,54.54545454545454,82.7961432506887,72.16,0.8899537359668742,0.8728472893841647,2025-07-07 11:38:27.740
/media/vsi-dev/Lacie_2/mndot_workzone_project/Toyota/campaign_0f13274e-1e23-415d-8a6c-56f06a60a20a-Toyota_Prius_-_Austin_-_1/campaign/processed_json/segments/e6b4bacb-a530-472c-8a4f-cfdd6d463762/part_2/006016.json,43.6804138,-92.9794424,0.9781913242622373,85.62,69.94818652849742,72.02072538860104,57.86501377410468,76.84573002754821,71.7,0.895389078375568,0.886076062522306,2025-07-07 11:38:27.769
/media/vsi-dev/Lacie_2/mndot_workzone_project/Toyota/campaign_0f13274e-1e23-415d-8a6c-56f06a60a20a-Toyota_Prius_-_Austin_-_1/campaign/processed_json/segments/e6b4bacb-a530-472c-8a4f-cfdd6d463762/part_2/006017.json,43.6804138,-92.9794424,0.9781913242622373,85.77,69.94818652849742,72.02072538860104,58.95316804407713,79.32506887052342,72.21,0.894718134318677,0.8812999984960223,2025-07-07 11:38:27.803
/media/vsi-dev/Lacie_2/mndot_workzone_project/Toyota/campaign_0f13274e-1e23-415d-8a6c-56f06a60a20a-Toyota_Prius_-_Austin_-_1/campaign/processed_json/segments/e6b4bacb-a530-472c-8a4f-cfdd6d463762/part_2/006018.json,43.6804138,-92.9794424,0.9760904721403703,85.83,70.46632124352331,72.02072538860104,59.76584022038568,79.24242424242425,72.49,0.8953206550969316,0.883784167018735,2025-07-07 11:38:27.836
/media/vsi-dev/Lacie_2/mndot_workzone_project/Toyota/campaign_0f13274e-1e23-415d-8a6c-56f06a60a20a-Toyota_Prius_-_Austin_-_1/campaign/processed_json/segments/e6b4bacb-a530-472c-8a4f-cfdd6d463762/part_2/006019.json,43.6804138,-92.9794424,0.9692332344763441,85.63,71.50259067357513,72.02072538860104,59.71074380165289,78.65013774104683,72.7,0.8951655822025313,0.8831313798483011,2025-07-07 11:38:27.878
/media/vsi-dev/Lacie_2/mndot_workzone_project/Toyota/campaign_0f13274e-1e23-415d-8a6c-56f06a60a20a-Toyota_Prius_-_Austin_-_1/campaign/processed_json/segments/e6b4bacb-a530-472c-8a4f-cfdd6d463762/part_2/006020.json,43.6804138,-92.9794424,0.9760904721403703,85.77,69.94818652849742,72.02072538860104,59.862258953168045,79.0358126721763,72.32,0.8957222876468204,0.8837850800491324,2025-07-07 11:38:27.900
/media/vsi-dev/Lacie_2/mndot_workzone_project/Toyota/campaign_0f13274e-1e23-415d-8a6c-56f06a60a20a-Toyota_Prius_-_Austin_-_1/campaign/processed_json/segments/e6b4bacb-a530-472c-8a4f-cfdd6d463762/part_2/006021.json,43.6804138,-92.9794424,0.9704334030551546,85.54,69.94818652849742,72.02072538860104,60.20661157024794,80.9366391184573,72.6,0.8966018525413191,0.8713186786440503,2025-07-07 11:38:27.935
/media/vsi-dev/Lacie_2/mndot_workzone_project/Toyota/campaign_0f13274e-1e23-415d-8a6c-56f06a60a20a-Toyota_Prius_-_Austin_-_1/campaign/processed_json/segments/e6b4bacb-a530-472c-8a4f-cfdd6d463762/part_2/006022.json,43.6804138,-92.9794424,0.9692332344763441,83.45,62.69430051813472,72.02072538860104,33.044077134986225,79.44903581267218,66.36,0.9281605621979727,0.8854255159725204,2025-07-07 11:38:27.974
/media/vsi-dev/Lacie_2/mndot_workzone_project/Toyota/campaign_0f13274e-1e23-415d-8a6c-56f06a60a20a-Toyota_Prius_-_Austin_-_1/campaign/processed_json/segments/e6b4bacb-a530-472c-8a4f-cfdd6d463762/part_2/006023.json,43.6804138,-92.9794424,0.9801986733067553,86.13,70.98445595854922,72.02072538860104,60.05509641873278,80.70247933884298,72.9,0.8963540721072497,0.8800138997262597,2025-07-07 11:38:28.010
/media/vsi-dev/Lacie_2/mndot_workzone_project/Toyota/campaign_0f13274e-1e23-415d-8a6c-56f06a60a20a-Toyota_Prius_-_Austin_-_1/campaign/processed_json/segments/e6b4bacb-a530-472c-8a4f-cfdd6d463762/part_2/006024.json,43.6804138,-92.9794424,0.9727652403079083,85.61,69.94818652849742,72.02072538860104,59.807162534435264,80.12396694214875,72.44,0.8956454666236509,0.8766869753620811,2025-07-07 11:38:28.042
/media/vsi-dev/Lacie_2/mndot_workzone_project/Toyota/campaign_0f13274e-1e23-415d-8a6c-56f06a60a20a-Toyota_Prius_-_Austin_-_1/campaign/processed_json/segments/e6b4bacb-a530-472c-8a4f-cfdd6d463762/part_2/006025.json,43.6804138,-92.9794424,0.9738967374550571,85.81,69.94818652849742,72.53886010362694,60.02754820936639,82.07988980716253,72.91,0.897213361312712,0.8713733604392272,2025-07-07 11:38:28.073
/media/vsi-dev/Lacie_2/mndot_workzone_project/Toyota/campaign_0f13274e-1e23-415d-8a6c-56f06a60a20a-Toyota_Prius_-_Austin_-_1/campaign/processed_json/segments/e6b4bacb-a530-472c-8a4f-cfdd6d463762/part_2/006026.json,43.6804138,-92.9794424,0.9738967374550571,85.73,69.43005181347151,72.53886010362694,59.44903581267218,82.98898071625345,72.79,0.8961114253532128,0.8696339770536937,2025-07-07 11:38:28.101
/media/vsi-dev/Lacie_2/mndot_workzone_project/Toyota/campaign_0f13274e-1e23-415d-8a6c-56f06a60a20a-Toyota_Prius_-_Austin_-_1/campaign/processed_json/segments/e6b4bacb-a530-472c-8a4f-cfdd6d463762/part_2/006027.json,43.6804138,-92.9794424,0.9738967374550571,85.48,68.9119170984456,72.02072538860104,58.044077134986225,81.8870523415978,72.11,0.8970413610052027,0.8713892469565073,2025-07-07 11:38:28.136
/media/vsi-dev/Lacie_2/mndot_workzone_project/Toyota/campaign_0f13274e-1e23-415d-8a6c-56f06a60a20a-Toyota_Prius_-_Austin_-_1/campaign/processed_json/segments/e6b4bacb-a530-472c-8a4f-cfdd6d463762/part_2/006028.json,43.6804138,-92.9794424,0,44.16,67.87564766839378,72.02072538860104,19.31129476584022,81.36363636363636,65.96,0.9076728464825656,0.8703007886584824,2025-07-07 11:38:28.178
/media/vsi-dev/Lacie_2/mndot_workzone_project/Toyota/campaign_0f13274e-1e23-415d-8a6c-56f06a60a20a-Toyota_Prius_-_Austin_-_1/campaign/processed_json/segments/e6b4bacb-a530-472c-8a4f-cfdd6d463762/part_2/006029.json,43.6804138,-92.9794424,0,44.43,74.09326424870466,72.53886010362694,27.231404958677686,79.9862258953168,68.57,0.8819874400671823,0.8183132169912828,2025-07-07 11:38:28.204
/media/vsi-dev/Lacie_2/mndot_workzone_project/Toyota/campaign_0f13274e-1e23-415d-8a6c-56f06a60a20a-Toyota_Prius_-_Austin_-_1/campaign/processed_json/segments/e6b4bacb-a530-472c-8a4f-cfdd6d463762/part_2/006030.json,43.6804138,-92.9794424,0.9856539001953453,85.66,68.9119170984456,72.02072538860104,52.14876033057851,83.08539944903582,71.4,0.898889511512219,0.8689353528606933,2025-07-07 11:38:28.239
/media/vsi-dev/Lacie_2/mndot_workzone_project/Toyota/campaign_0f13274e-1e23-415d-8a6c-56f06a60a20a-Toyota_Prius_-_Austin_-_1/campaign/processed_json/segments/e6b4bacb-a530-472c-8a4f-cfdd6d463762/part_2/006031.json,43.6804138,-92.9794424,0,46.43,66.83937823834198,72.53886010362694,54.73829201101928,81.11570247933885,71.17,0.9157348909771867,0.8801235162284962,2025-07-07 11:38:28.269
/media/vsi-dev/Lacie_2/mndot_workzone_project/Toyota/campaign_0f13274e-1e23-415d-8a6c-56f06a60a20a-Toyota_Prius_-_Austin_-_1/campaign/processed_json/segments/e6b4bacb-a530-472c-8a4f-cfdd6d463762/part_2/006032.json,43.6804138,-92.9794424,0,46.15,69.43005181347151,72.02072538860104,45.71625344352617,80.70247933884298,70.4,0.9212721502312404,0.8782066243884226,2025-07-07 11:38:28.304
/media/vsi-dev/Lacie_2/mndot_workzone_project/Toyota/campaign_0f13274e-1e23-415d-8a6c-56f06a60a20a-Toyota_Prius_-_Austin_-_1/campaign/processed_json/segments/e6b4bacb-a530-472c-8a4f-cfdd6d463762/part_2/006033.json,43.6804138,-92.9794424,0.9684335543910279,84.84,69.94818652849742,73.05699481865285,48.08539944903581,80.71625344352617,71.06,0.8881018080804792,0.8798774721279752,2025-07-07 11:38:28.338
/media/vsi-dev/Lacie_2/mndot_workzone_project/Toyota/campaign_0f13274e-1e23-415d-8a6c-56f06a60a20a-Toyota_Prius_-_Austin_-_1/campaign/processed_json/segments/e6b4bacb-a530-472c-8a4f-cfdd6d463762/part_2/006034.json,43.6804138,-92.9794424,0.9801986733067553,85.84,69.94818652849742,73.05699481865285,55.853994490358126,80.20661157024793,72.19,0.8937311880134029,0.8814458129859764,2025-07-07 11:38:28.374
/media/vsi-dev/Lacie_2/mndot_workzone_project/Toyota/campaign_0f13274e-1e23-415d-8a6c-56f06a60a20a-Toyota_Prius_-_Austin_-_1/campaign/processed_json/segments/e6b4bacb-a530-472c-8a4f-cfdd6d463762/part_2/006035.json,43.6804138,-92.9794424,0.9691207408042318,85.17,68.9119170984456,73.05699481865285,53.82920110192837,82.13498622589532,71.82,0.8929807786925708,0.8742748841844384,2025-07-07 11:38:28.400
/media/vsi-dev/Lacie_2/mndot_workzone_project/Toyota/campaign_0f13274e-1e23-415d-8a6c-56f06a60a20a-Toyota_Prius_-_Austin_-_1/campaign/processed_json/segments/e6b4bacb-a530-472c-8a4f-cfdd6d463762/part_2/006036.json,43.6804138,-92.9794424,0.9760904721403703,85.48,68.9119170984456,72.53886010362694,55.853994490358126,80.3030303030303,71.73,0.8966783674141139,0.8774834938210475,2025-07-07 11:38:28.442
/media/vsi-dev/Lacie_2/mndot_workzone_project/Toyota/campaign_0f13274e-1e23-415d-8a6c-56f06a60a20a-Toyota_Prius_-_Austin_-_1/campaign/processed_json/segments/e6b4bacb-a530-472c-8a4f-cfdd6d463762/part_2/006037.json,43.6804138,-92.9794424,0.9771525479278598,85.86,70.46632124352331,72.53886010362694,57.41046831955923,80.11019283746556,72.43,0.898680542002251,0.8813904008431419,2025-07-07 11:38:28.471
/media/vsi-dev/Lacie_2/mndot_workzone_project/Toyota/campaign_0f13274e-1e23-415d-8a6c-56f06a60a20a-Toyota_Prius_-_Austin_-_1/campaign/processed_json/segments/e6b4bacb-a530-472c-8a4f-cfdd6d463762/part_2/006038.json,43.6804138,-92.9794424,0.9821119255343636,85.94,69.94818652849742,73.05699481865285,56.10192837465565,81.36363636363636,72.37,0.8938434874589178,0.8766304946280035,2025-07-07 11:38:28.503
/media/vsi-dev/Lacie_2/mndot_workzone_project/Toyota/campaign_0f13274e-1e23-415d-8a6c-56f06a60a20a-Toyota_Prius_-_Austin_-_1/campaign/processed_json/segments/e6b4bacb-a530-472c-8a4f-cfdd6d463762/part_2/006039.json,43.6804138,-92.9794424,0.9738967374550571,85.19,67.87564766839378,72.02072538860104,55.578512396694215,81.32231404958678,71.35,0.8955551817677027,0.8738774182201291,2025-07-07 11:38:28.535
/media/vsi-dev/Lacie_2/mndot_workzone_project/Toyota/campaign_0f13274e-1e23-415d-8a6c-56f06a60a20a-Toyota_Prius_-_Austin_-_1/campaign/processed_json/segments/e6b4bacb-a530-472c-8a4f-cfdd6d463762/part_2/006040.json,43.6804138,-92.9794424,0.9848041402180955,84.33,63.730569948186535,73.05699481865285,33.099173553719005,82.96143250688705,67.43,0.9256893632531585,0.871172165219621,2025-07-07 11:38:28.571
/media/vsi-dev/Lacie_2/mndot_workzone_project/Toyota/campaign_0f13274e-1e23-415d-8a6c-56f06a60a20a-Toyota_Prius_-_Austin_-_1/campaign/processed_json/segments/e6b4bacb-a530-472c-8a4f-cfdd6d463762/part_2/006041.json,43.6804138,-92.9794424,0.9872815715902905,85.93,67.87564766839378,72.53886010362694,57.12121212121212,80.27548209366391,71.63,0.8972948399932499,0.8813971767044201,2025-07-07 11:38:28.600
/media/vsi-dev/Lacie_2/mndot_workzone_project/Toyota/campaign_0f13274e-1e23-415d-8a6c-56f06a60a20a-Toyota_Prius_-_Austin_-_1/campaign/processed_json/segments/e6b4bacb-a530-472c-8a4f-cfdd6d463762/part_2/006042.json,43.6804138,-92.9794424,0.9872815715902905,85.94,67.35751295336787,73.05699481865285,57.69972451790634,79.46280991735537,71.6,0.8971051321395721,0.8838302315057732,2025-07-07 11:38:28.637
/media/vsi-dev/Lacie_2/mndot_workzone_project/Toyota/campaign_0f13274e-1e23-415d-8a6c-56f06a60a20a-Toyota_Prius_-_Austin_-_1/campaign/processed_json/segments/e6b4bacb-a530-472c-8a4f-cfdd6d463762/part_2/006043.json,43.6803948,-92.9791744,0.9902478635182347,86.39,68.9119170984456,73.05699481865285,58.595041322314046,80.42699724517907,72.36,0.8991711505788788,0.8840445233557872,2025-07-07 11:38:28.669
/media/vsi-dev/Lacie_2/mndot_workzone_project/Toyota/campaign_0f13274e-1e23-415d-8a6c-56f06a60a20a-Toyota_Prius_-_Austin_-_1/campaign/processed_json/segments/e6b4bacb-a530-472c-8a4f-cfdd6d463762/part_2/006044.json,43.6803948,-92.9791744,0.9902478635182347,86.43,70.46632124352331,72.53886010362694,58.650137741046834,80.3030303030303,72.63,0.8968176486942571,0.8797341931851291,2025-07-07 11:38:28.707
/media/vsi-dev/Lacie_2/mndot_workzone_project/Toyota/campaign_0f13274e-1e23-415d-8a6c-56f06a60a20a-Toyota_Prius_-_Austin_-_1/campaign/processed_json/segments/e6b4bacb-a530-472c-8a4f-cfdd6d463762/part_2/006045.json,43.6803948,-92.9791744,0.9954976660309716,86.67,69.43005181347151,73.05699481865285,60.50964187327824,78.7465564738292,72.55,0.8982898601049394,0.8849851705945395,2025-07-07 11:38:28.742
/media/vsi-dev/Lacie_2/mndot_workzone_project/Toyota/campaign_0f13274e-1e23-415d-8a6c-56f06a60a20a-Toyota_Prius_-_Austin_-_1/campaign/processed_json/segments/e6b4bacb-a530-472c-8a4f-cfdd6d463762/part_2/006046.json,43.6803948,-92.9791744,0.9950124791926823,85.51,66.83937823834198,73.05699481865285,40.59228650137741,79.72451790633609,69.06,0.9282091880052017,0.880610384923377,2025-07-07 11:38:28.772
/media/vsi-dev/Lacie_2/mndot_workzone_project/Toyota/campaign_0f13274e-1e23-415d-8a6c-56f06a60a20a-Toyota_Prius_-_Austin_-_1/campaign/processed_json/segments/e6b4bacb-a530-472c-8a4f-cfdd6d463762/part_2/006047.json,43.6803948,-92.9791744,0.9945026659478988,86.3,67.87564766839378,73.05699481865285,58.099173553719005,78.87052341597797,71.74,0.8987809176860104,0.8832412854446416,2025-07-07 11:38:28.803
/media/vsi-dev/Lacie_2/mndot_workzone_project/Toyota/campaign_0f13274e-1e23-415d-8a6c-56f06a60a20a-Toyota_Prius_-_Austin_-_1/campaign/processed_json/segments/e6b4bacb-a530-472c-8a4f-cfdd6d463762/part_2/006048.json,43.6803948,-92.9791744,0.9963940172279344,86.58,69.43005181347151,73.05699481865285,58.719008264462815,78.71900826446281,72.27,0.8981102758132868,0.8834558144863989,2025-07-07 11:38:28.833
/media/vsi-dev/Lacie_2/mndot_workzone_project/Toyota/campaign_0f13274e-1e23-415d-8a6c-56f06a60a20a-Toyota_Prius_-_Austin_-_1/campaign/processed_json/segments/e6b4bacb-a530-472c-8a4f-cfdd6d463762/part_2/006049.json,43.6803948,-92.9791744,0.9999500012499791,86.55,69.94818652849742,73.05699481865285,55.9228650137741,81.29476584022038,72.3,0.890035863409226,0.8731297298009897,2025-07-07 11:38:28.877
/media/vsi-dev/Lacie_2/mndot_workzone_project/Toyota/campaign_0f13274e-1e23-415d-8a6c-56f06a60a20a-Toyota_Prius_-_Austin_-_1/campaign/processed_json/segments/e6b4bacb-a530-472c-8a4f-cfdd6d463762/part_2/006050.json,43.6803948,-92.9791744,0.998488643251663,85.35,65.28497409326425,73.05699481865285,39.76584022038567,78.4297520661157,68.28,0.9282766662464472,0.8818689573684447,2025-07-07 11:38:28.908
/media/vsi-dev/Lacie_2/mndot_workzone_project/Toyota/campaign_0f13274e-1e23-415d-8a6c-56f06a60a20a-Toyota_Prius_-_Austin_-_1/campaign/processed_json/segments/e6b4bacb-a530-472c-8a4f-cfdd6d463762/part_2/006051.json,43.6803948,-92.9791744,0,44.37,60.10362694300518,73.05699481865285,38.00275482093664,80.73002754820936,66.62,0.8999085049178803,0.8719649294267972,2025-07-07 11:38:28.939
/media/vsi-dev/Lacie_2/mndot_workzone_project/Toyota/campaign_0f13274e-1e23-415d-8a6c-56f06a60a20a-Toyota_Prius_-_Austin_-_1/campaign/processed_json/segments/e6b4bacb-a530-472c-8a4f-cfdd6d463762/part_2/006052.json,43.6803948,-92.9791744,0,42.66,59.58549222797927,73.05699481865285,13.415977961432507,77.01101928374655,62.24,0.8908290578482146,0.8856107816517738,2025-07-07 11:38:28.981
/media/vsi-dev/Lacie_2/mndot_workzone_project/Toyota/campaign_0f13274e-1e23-415d-8a6c-56f06a60a20a-Toyota_Prius_-_Austin_-_1/campaign/processed_json/segments/e6b4bacb-a530-472c-8a4f-cfdd6d463762/part_2/006053.json,43.6803948,-92.9791744,0.9989880124051737,86.72,71.50259067357513,72.02072538860104,58.62258953168043,80.71625344352617,72.78,0.8948817802346847,0.8702454737487534,2025-07-07 11:38:29.017
/media/vsi-dev/Lacie_2/mndot_workzone_project/Toyota/campaign_0f13274e-1e23-415d-8a6c-56f06a60a20a-Toyota_Prius_-_Austin_-_1/campaign/processed_json/segments/e6b4bacb-a530-472c-8a4f-cfdd6d463762/part_2/006054.json,43.6803948,-92.9791744,0.9989880124051737,83.44,55.44041450777202,72.02072538860104,31.322314049586776,79.64187327823691,63.85,0.9212291016963083,0.8728690797954813,2025-07-07 11:38:29.040
/media/vsi-dev/Lacie_2/mndot_workzone_project/Toyota/campaign_0f13274e-1e23-415d-8a6c-56f06a60a20a-Toyota_Prius_-_Austin_-_1/campaign/processed_json/segments/e6b4bacb-a530-472c-8a4f-cfdd6d463762/part_2/006055.json,43.6803948,-92.9791744,0.9995501012348142,87.02,71.50259067357513,72.02072538860104,62.782369146005514,79.60055096418733,73.28,0.8977666730987407,0.8746548720644296,2025-07-07 11:38:29.090
/media/vsi-dev/Lacie_2/mndot_workzone_project/Toyota/campaign_0f13274e-1e23-415d-8a6c-56f06a60a20a-Toyota_Prius_-_Austin_-_1/campaign/processed_json/segments/e6b4bacb-a530-472c-8a4f-cfdd6d463762/part_2/006056.json,43.6803948,-92.9791744,0.9909288930014639,84.18,62.69430051813472,72.02072538860104,32.93388429752066,81.48760330578513,66.54,0.9231530112664331,0.8695578098841066,2025-07-07 11:38:29.120
/media/vsi-dev/Lacie_2/mndot_workzone_project/Toyota/campaign_0f13274e-1e23-415d-8a6c-56f06a60a20a-Toyota_Prius_-_Austin_-_1/campaign/processed_json/segments/e6b4bacb-a530-472c-8a4f-cfdd6d463762/part_2/006057.json,43.6803948,-92.9791744,0.9989880124051737,87.07,71.50259067357513,72.53886010362694,62.63085399449035,81.06060606060606,73.6,0.893009639152086,0.8737943398275798,2025-07-07 11:38:29.156
/media/vsi-dev/Lacie_2/mndot_workzone_project/Toyota/campaign_0f13274e-1e23-415d-8a6c-56f06a60a20a-Toyota_Prius_-_Austin_-_1/campaign/processed_json/segments/e6b4bacb-a530-472c-8a4f-cfdd6d463762/part_2/006058.json,43.6803948,-92.9791744,0.9950124791926823,86.71,70.98445595854922,72.02072538860104,61.37741046831956,81.14325068870524,73.11,0.8936624082401061,0.8725187162120828,2025-07-07 11:38:29.175
/media/vsi-dev/Lacie_2/mndot_workzone_project/Toyota/campaign_0f13274e-1e23-415d-8a6c-56f06a60a20a-Toyota_Prius_-_Austin_-_1/campaign/processed_json/segments/e6b4bacb-a530-472c-8a4f-cfdd6d463762/part_2/006059.json,43.6803948,-92.9791744,0.9989880124051737,86.93,70.46632124352331,72.02072538860104,63.746556473829195,77.27272727272727,72.82,0.8968641526993943,0.8876698180235933,2025-07-07 11:38:29.203
/media/vsi-dev/Lacie_2/mndot_workzone_project/Toyota/campaign_0f13274e-1e23-415d-8a6c-56f06a60a20a-Toyota_Prius_-_Austin_-_1/campaign/processed_json/segments/e6b4bacb-a530-472c-8a4f-cfdd6d463762/part_2/006060.json,43.6803948,-92.9791744,0.988813044611233,86.15,69.94818652849742,72.02072538860104,59.008264462809926,78.1542699724518,72.05,0.8927628646449903,0.8846602647395513,2025-07-07 11:38:29.235
/media/vsi-dev/Lacie_2/mndot_workzone_project/Toyota/campaign_0f13274e-1e23-415d-8a6c-56f06a60a20a-Toyota_Prius_-_Austin_-_1/campaign/processed_json/segments/e6b4bacb-a530-472c-8a4f-cfdd6d463762/part_2/006061.json,43.6803948,-92.9791744,0.9968051145430329,86.53,68.9119170984456,72.02072538860104,62.05234159779614,78.62258953168045,72.26,0.8917505559391542,0.8832217031836896,2025-07-07 11:38:29.269
/media/vsi-dev/Lacie_2/mndot_workzone_project/Toyota/campaign_0f13274e-1e23-415d-8a6c-56f06a60a20a-Toyota_Prius_-_Austin_-_1/campaign/processed_json/segments/e6b4bacb-a530-472c-8a4f-cfdd6d463762/part_2/006062.json,43.6803948,-92.9791744,0.9934093144689159,86.32,68.9119170984456,72.02072538860104,60.82644628099173,78.03030303030303,72.0,0.8944250228198446,0.8838963394484561,2025-07-07 11:38:29.305
/media/vsi-dev/Lacie_2/mndot_workzone_project/Toyota/campaign_0f13274e-1e23-415d-8a6c-56f06a60a20a-Toyota_Prius_-_Austin_-_1/campaign/processed_json/segments/e6b4bacb-a530-472c-8a4f-cfdd6d463762/part_2/006063.json,43.6803948,-92.9791744,0.9995501012348142,86.38,66.83937823834198,72.02072538860104,61.90082644628099,77.69972451790633,71.5,0.8952685928231486,0.8843203060820684,2025-07-07 11:38:29.340
/media/vsi-dev/Lacie_2/mndot_workzone_project/Toyota/campaign_0f13274e-1e23-415d-8a6c-56f06a60a20a-Toyota_Prius_-_Austin_-_1/campaign/processed_json/segments/e6b4bacb-a530-472c-8a4f-cfdd6d463762/part_2/006064.json,43.6803948,-92.9791744,0.9902478635182347,86.04,68.9119170984456,72.02072538860104,58.40220385674931,78.03030303030303,71.63,0.8965432469887912,0.8812106067860704,2025-07-07 11:38:29.371
/media/vsi-dev/Lacie_2/mndot_workzone_project/Toyota/campaign_0f13274e-1e23-415d-8a6c-56f06a60a20a-Toyota_Prius_-_Austin_-_1/campaign/processed_json/segments/e6b4bacb-a530-472c-8a4f-cfdd6d463762/part_2/006065.json,43.6803948,-92.9791744,0.9928258579038134,85.3,63.730569948186535,72.02072538860104,55.371900826446286,78.67768595041322,69.69,0.8964292275020813,0.8746560962388907,2025-07-07 11:38:29.404
/media/vsi-dev/Lacie_2/mndot_workzone_project/Toyota/campaign_0f13274e-1e23-415d-8a6c-56f06a60a20a-Toyota_Prius_-_Austin_-_1/campaign/processed_json/segments/e6b4bacb-a530-472c-8a4f-cfdd6d463762/part_2/006066.json,43.6803948,-92.9791744,0.9968051145430329,84.23,59.067357512953365,72.02072538860104,39.51790633608815,77.24517906336088,65.85,0.9210801642681161,0.8810818549228713,2025-07-07 11:38:29.438
/media/vsi-dev/Lacie_2/mndot_workzone_project/Toyota/campaign_0f13274e-1e23-415d-8a6c-56f06a60a20a-Toyota_Prius_-_Austin_-_1/campaign/processed_json/segments/e6b4bacb-a530-472c-8a4f-cfdd6d463762/part_2/006067.json,43.6803948,-92.9791744,0.9971914513728449,85.67,63.730569948186535,72.02072538860104,57.60330578512397,77.7548209366391,69.93,0.899366153200855,0.8812673917319512,2025-07-07 11:38:29.468
/media/vsi-dev/Lacie_2/mndot_workzone_project/Toyota/campaign_0f13274e-1e23-415d-8a6c-56f06a60a20a-Toyota_Prius_-_Austin_-_1/campaign/processed_json/segments/e6b4bacb-a530-472c-8a4f-cfdd6d463762/part_2/006068.json,43.6803948,-92.9791744,0.988813044611233,85.87,67.87564766839378,71.50259067357513,58.81542699724518,78.7603305785124,71.34,0.8976338710220632,0.8800569481124256,2025-07-07 11:38:29.511
/media/vsi-dev/Lacie_2/mndot_workzone_project/Toyota/campaign_0f13274e-1e23-415d-8a6c-56f06a60a20a-Toyota_Prius_-_Austin_-_1/campaign/processed_json/segments/e6b4bacb-a530-472c-8a4f-cfdd6d463762/part_2/006069.json,43.6803948,-92.9791744,0.9902478635182347,85.67,66.32124352331607,72.02072538860104,57.07988980716253,78.65013774104683,70.74,0.8957849243239737,0.8806316218263086,2025-07-07 11:38:29.532
/media/vsi-dev/Lacie_2/mndot_workzone_project/Toyota/campaign_0f13274e-1e23-415d-8a6c-56f06a60a20a-Toyota_Prius_-_Austin_-_1/campaign/processed_json/segments/e6b4bacb-a530-472c-8a4f-cfdd6d463762/part_2/006070.json,43.6803948,-92.9791744,0,0.0,0.0,0.0,0.0,0.0,0.0,0,0,2025-07-07 11:38:29.574
/media/vsi-dev/Lacie_2/mndot_workzone_project/Toyota/campaign_0f13274e-1e23-415d-8a6c-56f06a60a20a-Toyota_Prius_-_Austin_-_1/campaign/processed_json/segments/e6b4bacb-a530-472c-8a4f-cfdd6d463762/part_2/006071.json,43.6803948,-92.9791744,0,0.0,0.0,0.0,0.0,0.0,0.0,0,0,2025-07-07 11:38:29.612
/media/vsi-dev/Lacie_2/mndot_workzone_project/Toyota/campaign_0f13274e-1e23-415d-8a6c-56f06a60a20a-Toyota_Prius_-_Austin_-_1/campaign/processed_json/segments/e6b4bacb-a530-472c-8a4f-cfdd6d463762/part_2/006072.json,43.6803948,-92.9791744,0.9982016190284373,83.19,60.10362694300518,70.98445595854922,25.013774104683193,75.3305785123967,63.34,0.9053176957110669,0.8877724055149796,2025-07-07 11:38:29.639
/media/vsi-dev/Lacie_2/mndot_workzone_project/Toyota/campaign_0f13274e-1e23-415d-8a6c-56f06a60a20a-Toyota_Prius_-_Austin_-_1/campaign/processed_json/segments/e6b4bacb-a530-472c-8a4f-cfdd6d463762/part_2/006073.json,43.6803813,-92.978897,0.9909288930014639,84.74,64.76683937823834,72.02072538860104,39.32506887052342,76.5840220385675,67.48,0.923372058236194,0.8874055084122806,2025-07-07 11:38:29.679
/media/vsi-dev/Lacie_2/mndot_workzone_project/Toyota/campaign_0f13274e-1e23-415d-8a6c-56f06a60a20a-Toyota_Prius_-_Austin_-_1/campaign/processed_json/segments/e6b4bacb-a530-472c-8a4f-cfdd6d463762/part_2/006074.json,43.6803813,-92.978897,0.9971914513728449,84.02,60.10362694300518,70.98445595854922,36.52892561983471,76.48760330578513,65.29,0.915940196887056,0.8856865280817812,2025-07-07 11:38:29.707
/media/vsi-dev/Lacie_2/mndot_workzone_project/Toyota/campaign_0f13274e-1e23-415d-8a6c-56f06a60a20a-Toyota_Prius_-_Austin_-_1/campaign/processed_json/segments/e6b4bacb-a530-472c-8a4f-cfdd6d463762/part_2/006075.json,43.6803813,-92.978897,0.9963940172279344,84.59,63.212435233160626,70.98445595854922,38.45730027548209,78.66391184573003,66.83,0.9242442776612427,0.875632422626424,2025-07-07 11:38:29.736
/media/vsi-dev/Lacie_2/mndot_workzone_project/Toyota/campaign_0f13274e-1e23-415d-8a6c-56f06a60a20a-Toyota_Prius_-_Austin_-_1/campaign/processed_json/segments/e6b4bacb-a530-472c-8a4f-cfdd6d463762/part_2/006076.json,43.6803813,-92.978897,0.9954976660309716,85.87,68.39378238341969,70.98445595854922,55.633608815426996,80.82644628099173,71.09,0.8940330930261707,0.8676232029301852,2025-07-07 11:38:29.772
/media/vsi-dev/Lacie_2/mndot_workzone_project/Toyota/campaign_0f13274e-1e23-415d-8a6c-56f06a60a20a-Toyota_Prius_-_Austin_-_1/campaign/processed_json/segments/e6b4bacb-a530-472c-8a4f-cfdd6d463762/part_2/006077.json,43.6803813,-92.978897,0,43.48,63.730569948186535,71.50259067357513,52.4931129476584,80.46831955922865,68.55,0.7326028492907278,0.8735949344966739,2025-07-07 11:38:29.801
/media/vsi-dev/Lacie_2/mndot_workzone_project/Toyota/campaign_0f13274e-1e23-415d-8a6c-56f06a60a20a-Toyota_Prius_-_Austin_-_1/campaign/processed_json/segments/e6b4bacb-a530-472c-8a4f-cfdd6d463762/part_2/006078.json,43.6803813,-92.978897,0.998488643251663,85.72,66.83937823834198,71.50259067357513,53.1129476584022,80.46831955922865,70.36,0.8912938379661008,0.8719340465786335,2025-07-07 11:38:29.834
/media/vsi-dev/Lacie_2/mndot_workzone_project/Toyota/campaign_0f13274e-1e23-415d-8a6c-56f06a60a20a-Toyota_Prius_-_Austin_-_1/campaign/processed_json/segments/e6b4bacb-a530-472c-8a4f-cfdd6d463762/part_2/006079.json,43.6803813,-92.978897,0.9968051145430329,86.33,68.9119170984456,72.02072538860104,57.89256198347107,81.73553719008264,72.04,0.8916969168132028,0.8720961419151112,2025-07-07 11:38:29.871
/media/vsi-dev/Lacie_2/mndot_workzone_project/Toyota/campaign_0f13274e-1e23-415d-8a6c-56f06a60a20a-Toyota_Prius_-_Austin_-_1/campaign/processed_json/segments/e6b4bacb-a530-472c-8a4f-cfdd6d463762/part_2/006080.json,43.6803813,-92.978897,0.9989880124051737,86.79,68.9119170984456,72.02072538860104,62.69972451790634,83.60881542699724,73.03,0.8973718422160406,0.8641755588022421,2025-07-07 11:38:29.904
/media/vsi-dev/Lacie_2/mndot_workzone_project/Toyota/campaign_0f13274e-1e23-415d-8a6c-56f06a60a20a-Toyota_Prius_-_Austin_-_1/campaign/processed_json/segments/e6b4bacb-a530-472c-8a4f-cfdd6d463762/part_2/006081.json,43.6803813,-92.978897,0.9738967374550571,85.25,68.9119170984456,72.02072538860104,54.46280991735537,79.87603305785123,71.31,0.8944507958621002,0.8821635567448886,2025-07-07 11:38:29.936
/media/vsi-dev/Lacie_2/mndot_workzone_project/Toyota/campaign_0f13274e-1e23-415d-8a6c-56f06a60a20a-Toyota_Prius_-_Austin_-_1/campaign/processed_json/segments/e6b4bacb-a530-472c-8a4f-cfdd6d463762/part_2/006082.json,43.6803813,-92.978897,0.9909288930014639,85.96,67.87564766839378,72.02072538860104,55.06887052341598,83.08539944903582,71.54,0.9004221933593006,0.8698236485403179,2025-07-07 11:38:29.972
/media/vsi-dev/Lacie_2/mndot_workzone_project/Toyota/campaign_0f13274e-1e23-415d-8a6c-56f06a60a20a-Toyota_Prius_-_Austin_-_1/campaign/processed_json/segments/e6b4bacb-a530-472c-8a4f-cfdd6d463762/part_2/006083.json,43.6803813,-92.978897,0.9821119255343636,85.45,67.87564766839378,72.02072538860104,54.55922865013774,80.44077134986226,71.09,0.8914909835492069,0.8817932162725565,2025-07-07 11:38:30.003
/media/vsi-dev/Lacie_2/mndot_workzone_project/Toyota/campaign_0f13274e-1e23-415d-8a6c-56f06a60a20a-Toyota_Prius_-_Austin_-_1/campaign/processed_json/segments/e6b4bacb-a530-472c-8a4f-cfdd6d463762/part_2/006084.json,43.6803813,-92.978897,0.9945026659478988,86.73,69.94818652849742,72.02072538860104,61.680440771349865,82.10743801652892,73.03,0.8947800817084555,0.8792172521669939,2025-07-07 11:38:30.044
/media/vsi-dev/Lacie_2/mndot_workzone_project/Toyota/campaign_0f13274e-1e23-415d-8a6c-56f06a60a20a-Toyota_Prius_-_Austin_-_1/campaign/processed_json/segments/e6b4bacb-a530-472c-8a4f-cfdd6d463762/part_2/006085.json,43.6803813,-92.978897,0.9839305142725083,86.18,69.94818652849742,72.02072538860104,59.917355371900825,81.18457300275482,72.64,0.8968094149995411,0.8801970882721992,2025-07-07 11:38:30.073
/media/vsi-dev/Lacie_2/mndot_workzone_project/Toyota/campaign_0f13274e-1e23-415d-8a6c-56f06a60a20a-Toyota_Prius_-_Austin_-_1/campaign/processed_json/segments/e6b4bacb-a530-472c-8a4f-cfdd6d463762/part_2/006086.json,43.6803813,-92.978897,0.9856539001953453,86.27,70.46632124352331,72.02072538860104,59.256198347107436,82.36914600550963,72.84,0.8967969677270429,0.8739802416062454,2025-07-07 11:38:30.104
/media/vsi-dev/Lacie_2/mndot_workzone_project/Toyota/campaign_0f13274e-1e23-415d-8a6c-56f06a60a20a-Toyota_Prius_-_Austin_-_1/campaign/processed_json/segments/e6b4bacb-a530-472c-8a4f-cfdd6d463762/part_2/006087.json,43.6803813,-92.978897,0.9909288930014639,86.41,69.43005181347151,72.02072538860104,59.79338842975207,82.89256198347107,72.69,0.895635721646917,0.8739625460756766,2025-07-07 11:38:30.132
/media/vsi-dev/Lacie_2/mndot_workzone_project/Toyota/campaign_0f13274e-1e23-415d-8a6c-56f06a60a20a-Toyota_Prius_-_Austin_-_1/campaign/processed_json/segments/e6b4bacb-a530-472c-8a4f-cfdd6d463762/part_2/006088.json,43.6803813,-92.978897,0.9950124791926823,84.94,64.24870466321244,72.02072538860104,35.53719008264463,81.77685950413223,67.54,0.9334960733003004,0.8791279299045526,2025-07-07 11:38:30.170
/media/vsi-dev/Lacie_2/mndot_workzone_project/Toyota/campaign_0f13274e-1e23-415d-8a6c-56f06a60a20a-Toyota_Prius_-_Austin_-_1/campaign/processed_json/segments/e6b4bacb-a530-472c-8a4f-cfdd6d463762/part_2/006089.json,43.6803813,-92.978897,0.9909288930014639,86.43,69.94818652849742,72.02072538860104,58.41597796143251,84.13223140495867,72.81,0.8975333056382215,0.8698035610342902,2025-07-07 11:38:30.205
/media/vsi-dev/Lacie_2/mndot_workzone_project/Toyota/campaign_0f13274e-1e23-415d-8a6c-56f06a60a20a-Toyota_Prius_-_Austin_-_1/campaign/processed_json/segments/e6b4bacb-a530-472c-8a4f-cfdd6d463762/part_2/006090.json,43.6803813,-92.978897,0.9968051145430329,86.74,70.98445595854922,72.02072538860104,57.7961432506887,84.3526170798898,73.05,0.8947384307943427,0.8696962725210168,2025-07-07 11:38:30.242
/media/vsi-dev/Lacie_2/mndot_workzone_project/Toyota/campaign_0f13274e-1e23-415d-8a6c-56f06a60a20a-Toyota_Prius_-_Austin_-_1/campaign/processed_json/segments/e6b4bacb-a530-472c-8a4f-cfdd6d463762/part_2/006091.json,43.6803813,-92.978897,0.9995501012348142,86.47,71.50259067357513,72.02072538860104,53.333333333333336,84.62809917355372,72.5,0.8826265643607052,0.866228312880242,2025-07-07 11:38:30.273
/media/vsi-dev/Lacie_2/mndot_workzone_project/Toyota/campaign_0f13274e-1e23-415d-8a6c-56f06a60a20a-Toyota_Prius_-_Austin_-_1/campaign/processed_json/segments/e6b4bacb-a530-472c-8a4f-cfdd6d463762/part_2/006092.json,43.6803813,-92.978897,0.9998000199986667,86.29,70.98445595854922,72.02072538860104,50.99173553719009,83.73278236914601,71.88,0.8840684487037095,0.8706527990615065,2025-07-07 11:38:30.301
/media/vsi-dev/Lacie_2/mndot_workzone_project/Toyota/campaign_0f13274e-1e23-415d-8a6c-56f06a60a20a-Toyota_Prius_-_Austin_-_1/campaign/processed_json/segments/e6b4bacb-a530-472c-8a4f-cfdd6d463762/part_2/006093.json,43.6803813,-92.978897,0,44.55,72.53886010362694,72.02072538860104,44.11845730027548,83.4573002754821,70.65,0.8727884559590218,0.7566906228867839,2025-07-07 11:38:30.335
/media/vsi-dev/Lacie_2/mndot_workzone_project/Toyota/campaign_0f13274e-1e23-415d-8a6c-56f06a60a20a-Toyota_Prius_-_Austin_-_1/campaign/processed_json/segments/e6b4bacb-a530-472c-8a4f-cfdd6d463762/part_2/006094.json,43.6803813,-92.978897,0.998488643251663,86.09,70.98445595854922,72.02072538860104,49.79338842975206,82.92011019283747,71.57,0.8817792722709586,0.8700869709415873,2025-07-07 11:38:30.370
/media/vsi-dev/Lacie_2/mndot_workzone_project/Toyota/campaign_0f13274e-1e23-415d-8a6c-56f06a60a20a-Toyota_Prius_-_Austin_-_1/campaign/processed_json/segments/e6b4bacb-a530-472c-8a4f-cfdd6d463762/part_2/006095.json,43.6803813,-92.978897,0.9999500012499791,86.94,71.50259067357513,72.02072538860104,60.537190082644635,80.33057851239668,73.05,0.8958818162871333,0.8766439847825314,2025-07-07 11:38:30.404
/media/vsi-dev/Lacie_2/mndot_workzone_project/Toyota/campaign_0f13274e-1e23-415d-8a6c-56f06a60a20a-Toyota_Prius_-_Austin_-_1/campaign/processed_json/segments/e6b4bacb-a530-472c-8a4f-cfdd6d463762/part_2/006096.json,43.6803813,-92.978897,0,46.26,71.50259067357513,72.02072538860104,52.8236914600551,79.61432506887053,71.71,0.878572566906313,0.8787804117537611,2025-07-07 11:38:30.440
/media/vsi-dev/Lacie_2/mndot_workzone_project/Toyota/campaign_0f13274e-1e23-415d-8a6c-56f06a60a20a-Toyota_Prius_-_Austin_-_1/campaign/processed_json/segments/e6b4bacb-a530-472c-8a4f-cfdd6d463762/part_2/006097.json,43.6803813,-92.978897,0.9978897297577275,86.45,71.50259067357513,72.02072538860104,53.40220385674931,80.633608815427,72.03,0.8971984433224055,0.8754915203371489,2025-07-07 11:38:30.471
/media/vsi-dev/Lacie_2/mndot_workzone_project/Toyota/campaign_0f13274e-1e23-415d-8a6c-56f06a60a20a-Toyota_Prius_-_Austin_-_1/campaign/processed_json/segments/e6b4bacb-a530-472c-8a4f-cfdd6d463762/part_2/006098.json,43.6803813,-92.978897,0.9880593620427125,86.07,70.98445595854922,72.02072538860104,55.20661157024793,79.79338842975207,72.02,0.8971907349115985,0.8762792898734852,2025-07-07 11:38:30.505
/media/vsi-dev/Lacie_2/mndot_workzone_project/Toyota/campaign_0f13274e-1e23-415d-8a6c-56f06a60a20a-Toyota_Prius_-_Austin_-_1/campaign/processed_json/segments/e6b4bacb-a530-472c-8a4f-cfdd6d463762/part_2/006099.json,43.6803813,-92.978897,0.9856539001953453,86.02,70.46632124352331,72.02072538860104,57.396694214876035,79.47658402203857,72.15,0.8964823811708681,0.8773894122660748,2025-07-07 11:38:30.549
/media/vsi-dev/Lacie_2/mndot_workzone_project/Toyota/campaign_0f13274e-1e23-415d-8a6c-56f06a60a20a-Toyota_Prius_-_Austin_-_1/campaign/processed_json/segments/e6b4bacb-a530-472c-8a4f-cfdd6d463762/part_2/006100.json,43.6803813,-92.978897,0.9934093144689159,86.3,69.94818652849742,72.02072538860104,59.40771349862259,79.366391184573,72.24,0.8925639741428217,0.8744613618998858,2025-07-07 11:38:30.571
/media/vsi-dev/Lacie_2/mndot_workzone_project/Toyota/campaign_0f13274e-1e23-415d-8a6c-56f06a60a20a-Toyota_Prius_-_Austin_-_1/campaign/processed_json/segments/e6b4bacb-a530-472c-8a4f-cfdd6d463762/part_2/006101.json,43.6803813,-92.978897,0.9856539001953453,85.85,69.94818652849742,72.02072538860104,57.27272727272727,78.62258953168045,71.82,0.8924900685506404,0.8774030832894264,2025-07-07 11:38:30.605
/media/vsi-dev/Lacie_2/mndot_workzone_project/Toyota/campaign_0f13274e-1e23-415d-8a6c-56f06a60a20a-Toyota_Prius_-_Austin_-_1/campaign/processed_json/segments/e6b4bacb-a530-472c-8a4f-cfdd6d463762/part_2/006102.json,43.6803813,-92.978897,0.9727652403079083,83.71,65.28497409326425,70.98445595854922,33.33333333333333,79.26997245179064,66.81,0.9318517696015333,0.875432746819018,2025-07-07 11:38:30.636
/media/vsi-dev/Lacie_2/mndot_workzone_project/Toyota/campaign_0f13274e-1e23-415d-8a6c-56f06a60a20a-Toyota_Prius_-_Austin_-_1/campaign/processed_json/segments/e6b4bacb-a530-472c-8a4f-cfdd6d463762/part_2/006103.json,43.6803813,-92.978897,0.9771525479278598,85.37,68.9119170984456,71.50259067357513,56.8870523415978,78.59504132231405,71.32,0.8964724511453519,0.8791202788480711,2025-07-07 11:38:30.678
/media/vsi-dev/Lacie_2/mndot_workzone_project/Toyota/campaign_0f13274e-1e23-415d-8a6c-56f06a60a20a-Toyota_Prius_-_Austin_-_1/campaign/processed_json/segments/e6b4bacb-a530-472c-8a4f-cfdd6d463762/part_2/006104.json,43.6803683,-92.9786231,0.9821119255343636,85.56,68.9119170984456,70.98445595854922,57.63085399449036,80.23415977961432,71.49,0.8962695868934426,0.8715182365482073,2025-07-07 11:38:30.703
/media/vsi-dev/Lacie_2/mndot_workzone_project/Toyota/campaign_0f13274e-1e23-415d-8a6c-56f06a60a20a-Toyota_Prius_-_Austin_-_1/campaign/processed_json/segments/e6b4bacb-a530-472c-8a4f-cfdd6d463762/part_2/006105.json,43.6803683,-92.9786231,0.9880593620427125,85.64,68.39378238341969,69.94818652849742,59.490358126721766,77.2038567493113,70.89,0.8968118460834757,0.8795706098957344,2025-07-07 11:38:30.739
/media/vsi-dev/Lacie_2/mndot_workzone_project/Toyota/campaign_0f13274e-1e23-415d-8a6c-56f06a60a20a-Toyota_Prius_-_Austin_-_1/campaign/processed_json/segments/e6b4bacb-a530-472c-8a4f-cfdd6d463762/part_2/006106.json,43.6803683,-92.9786231,0.9839305142725083,85.26,67.87564766839378,69.94818652849742,56.432506887052334,78.66391184573003,70.47,0.8963224185091518,0.8748818603840138,2025-07-07 11:38:30.777
/media/vsi-dev/Lacie_2/mndot_workzone_project/Toyota/campaign_0f13274e-1e23-415d-8a6c-56f06a60a20a-Toyota_Prius_-_Austin_-_1/campaign/processed_json/segments/e6b4bacb-a530-472c-8a4f-cfdd6d463762/part_2/006107.json,43.6803683,-92.9786231,0.9856539001953453,85.5,67.87564766839378,70.46632124352331,58.002754820936644,77.14876033057851,70.68,0.89948236951885,0.8810828180648264,2025-07-07 11:38:30.803
/media/vsi-dev/Lacie_2/mndot_workzone_project/Toyota/campaign_0f13274e-1e23-415d-8a6c-56f06a60a20a-Toyota_Prius_-_Austin_-_1/campaign/processed_json/segments/e6b4bacb-a530-472c-8a4f-cfdd6d463762/part_2/006108.json,43.6803683,-92.9786231,0.9848041402180955,85.28,67.35751295336787,69.94818652849742,56.96969696969697,79.79338842975207,70.54,0.898154607555605,0.8685883323287255,2025-07-07 11:38:30.844
/media/vsi-dev/Lacie_2/mndot_workzone_project/Toyota/campaign_0f13274e-1e23-415d-8a6c-56f06a60a20a-Toyota_Prius_-_Austin_-_1/campaign/processed_json/segments/e6b4bacb-a530-472c-8a4f-cfdd6d463762/part_2/006109.json,43.6803683,-92.9786231,0.9848041402180955,85.39,67.87564766839378,69.94818652849742,58.099173553719005,79.13223140495867,70.78,0.8984777911761653,0.8702597081925982,2025-07-07 11:38:30.869
/media/vsi-dev/Lacie_2/mndot_workzone_project/Toyota/campaign_0f13274e-1e23-415d-8a6c-56f06a60a20a-Toyota_Prius_-_Austin_-_1/campaign/processed_json/segments/e6b4bacb-a530-472c-8a4f-cfdd6d463762/part_2/006110.json,43.6803683,-92.9786231,0.9848041402180955,85.23,67.35751295336787,69.94818652849742,57.2038567493113,78.1267217630854,70.34,0.8994001647723547,0.8711840817637854,2025-07-07 11:38:30.908
/media/vsi-dev/Lacie_2/mndot_workzone_project/Toyota/campaign_0f13274e-1e23-415d-8a6c-56f06a60a20a-Toyota_Prius_-_Austin_-_1/campaign/processed_json/segments/e6b4bacb-a530-472c-8a4f-cfdd6d463762/part_2/006111.json,43.6803683,-92.9786231,0.9856539001953453,84.31,65.28497409326425,69.94818652849742,37.90633608815427,79.43526170798899,67.18,0.9316425011870179,0.8697706463017816,2025-07-07 11:38:30.935
/media/vsi-dev/Lacie_2/mndot_workzone_project/Toyota/campaign_0f13274e-1e23-415d-8a6c-56f06a60a20a-Toyota_Prius_-_Austin_-_1/campaign/processed_json/segments/e6b4bacb-a530-472c-8a4f-cfdd6d463762/part_2/006112.json,43.6803683,-92.9786231,0.9954976660309716,85.91,66.83937823834198,70.98445595854922,58.56749311294765,79.83471074380165,70.96,0.8995043705531388,0.8706742021059496,2025-07-07 11:38:30.970
/media/vsi-dev/Lacie_2/mndot_workzone_project/Toyota/campaign_0f13274e-1e23-415d-8a6c-56f06a60a20a-Toyota_Prius_-_Austin_-_1/campaign/processed_json/segments/e6b4bacb-a530-472c-8a4f-cfdd6d463762/part_2/006113.json,43.6803683,-92.9786231,0.9996875488230391,85.94,66.83937823834198,70.98445595854922,57.396694214876035,80.0137741046832,70.78,0.8964567884929221,0.8674882510146088,2025-07-07 11:38:31.003
/media/vsi-dev/Lacie_2/mndot_workzone_project/Toyota/campaign_0f13274e-1e23-415d-8a6c-56f06a60a20a-Toyota_Prius_-_Austin_-_1/campaign/processed_json/segments/e6b4bacb-a530-472c-8a4f-cfdd6d463762/part_2/006114.json,43.6803683,-92.9786231,0.9992003199146837,85.94,66.83937823834198,69.94818652849742,59.917355371900825,79.76584022038567,70.81,0.8969418358599307,0.8680883766508031,2025-07-07 11:38:31.042
/media/vsi-dev/Lacie_2/mndot_workzone_project/Toyota/campaign_0f13274e-1e23-415d-8a6c-56f06a60a20a-Toyota_Prius_-_Austin_-_1/campaign/processed_json/segments/e6b4bacb-a530-472c-8a4f-cfdd6d463762/part_2/006115.json,43.6803683,-92.9786231,1.0,85.15,65.80310880829016,69.94818652849742,48.870523415977964,80.09641873278237,68.87,0.8908477457941917,0.8689031913919516,2025-07-07 11:38:31.076
/media/vsi-dev/Lacie_2/mndot_workzone_project/Toyota/campaign_0f13274e-1e23-415d-8a6c-56f06a60a20a-Toyota_Prius_-_Austin_-_1/campaign/processed_json/segments/e6b4bacb-a530-472c-8a4f-cfdd6d463762/part_2/006116.json,43.6803683,-92.9786231,0.9995501012348142,85.91,67.35751295336787,69.94818652849742,58.278236914600555,79.50413223140495,70.69,0.8942711687410749,0.8712180011528349,2025-07-07 11:38:31.104
/media/vsi-dev/Lacie_2/mndot_workzone_project/Toyota/campaign_0f13274e-1e23-415d-8a6c-56f06a60a20a-Toyota_Prius_-_Austin_-_1/campaign/processed_json/segments/e6b4bacb-a530-472c-8a4f-cfdd6d463762/part_2/006117.json,43.6803683,-92.9786231,0.998488643251663,83.91,59.067357512953365,69.94818652849742,36.63911845730027,81.33608815426997,65.32,0.9185495183278639,0.8659422197283472,2025-07-07 11:38:31.138
/media/vsi-dev/Lacie_2/mndot_workzone_project/Toyota/campaign_0f13274e-1e23-415d-8a6c-56f06a60a20a-Toyota_Prius_-_Austin_-_1/campaign/processed_json/segments/e6b4bacb-a530-472c-8a4f-cfdd6d463762/part_2/006118.json,43.6803683,-92.9786231,0.9781913242622373,83.96,66.32124352331607,68.9119170984456,47.09366391184573,80.42699724517907,68.43,0.8871122932430747,0.8587017489236501,2025-07-07 11:38:31.169
/media/vsi-dev/Lacie_2/mndot_workzone_project/Toyota/campaign_0f13274e-1e23-415d-8a6c-56f06a60a20a-Toyota_Prius_-_Austin_-_1/campaign/processed_json/segments/e6b4bacb-a530-472c-8a4f-cfdd6d463762/part_2/006119.json,43.6803683,-92.9786231,0.9738967374550571,84.61,66.83937823834198,69.43005181347151,55.81267217630854,82.68595041322314,70.4,0.8926623652061209,0.8566413976112426,2025-07-07 11:38:31.205
/media/vsi-dev/Lacie_2/mndot_workzone_project/Toyota/campaign_0f13274e-1e23-415d-8a6c-56f06a60a20a-Toyota_Prius_-_Austin_-_1/campaign/processed_json/segments/e6b4bacb-a530-472c-8a4f-cfdd6d463762/part_2/006120.json,43.6803683,-92.9786231,0.9704334030551546,84.41,66.83937823834198,69.43005181347151,54.00826446280992,81.74931129476583,70.03,0.8917287996069613,0.8660734413161967,2025-07-07 11:38:31.243
/media/vsi-dev/Lacie_2/mndot_workzone_project/Toyota/campaign_0f13274e-1e23-415d-8a6c-56f06a60a20a-Toyota_Prius_-_Austin_-_1/campaign/processed_json/segments/e6b4bacb-a530-472c-8a4f-cfdd6d463762/part_2/006121.json,43.6803683,-92.9786231,0.9848041402180955,85.01,65.80310880829016,68.9119170984456,58.58126721763085,81.04683195592285,70.14,0.8931613280756434,0.8634409377784793,2025-07-07 11:38:31.272
/media/vsi-dev/Lacie_2/mndot_workzone_project/Toyota/campaign_0f13274e-1e23-415d-8a6c-56f06a60a20a-Toyota_Prius_-_Austin_-_1/campaign/processed_json/segments/e6b4bacb-a530-472c-8a4f-cfdd6d463762/part_2/006122.json,43.6803683,-92.9786231,0.9760904721403703,84.63,66.83937823834198,68.9119170984456,55.90909090909091,81.01928374655647,70.05,0.8925397417215798,0.8644934519316516,2025-07-07 11:38:31.309
/media/vsi-dev/Lacie_2/mndot_workzone_project/Toyota/campaign_0f13274e-1e23-415d-8a6c-56f06a60a20a-Toyota_Prius_-_Austin_-_1/campaign/processed_json/segments/e6b4bacb-a530-472c-8a4f-cfdd6d463762/part_2/006123.json,43.6803683,-92.9786231,0.9781913242622373,84.77,66.32124352331607,68.9119170984456,56.99724517906336,80.22038567493112,69.98,0.8955312654095906,0.8697465072657667,2025-07-07 11:38:31.337
/media/vsi-dev/Lacie_2/mndot_workzone_project/Toyota/campaign_0f13274e-1e23-415d-8a6c-56f06a60a20a-Toyota_Prius_-_Austin_-_1/campaign/processed_json/segments/e6b4bacb-a530-472c-8a4f-cfdd6d463762/part_2/006124.json,43.6803683,-92.9786231,0.9811670975774323,85.01,66.32124352331607,69.94818652849742,57.162534435261705,79.42148760330579,70.21,0.8954354173230347,0.8721301544904347,2025-07-07 11:38:31.371
/media/vsi-dev/Lacie_2/mndot_workzone_project/Toyota/campaign_0f13274e-1e23-415d-8a6c-56f06a60a20a-Toyota_Prius_-_Austin_-_1/campaign/processed_json/segments/e6b4bacb-a530-472c-8a4f-cfdd6d463762/part_2/006125.json,43.6803683,-92.9786231,0.9880593620427125,85.52,66.83937823834198,69.94818652849742,59.75206611570248,79.0495867768595,70.71,0.8970183476322804,0.8744205692556553,2025-07-07 11:38:31.409
/media/vsi-dev/Lacie_2/mndot_workzone_project/Toyota/campaign_0f13274e-1e23-415d-8a6c-56f06a60a20a-Toyota_Prius_-_Austin_-_1/campaign/processed_json/segments/e6b4bacb-a530-472c-8a4f-cfdd6d463762/part_2/006126.json,43.6803683,-92.9786231,0.9848041402180955,85.43,67.35751295336787,69.94818652849742,58.719008264462815,79.46280991735537,70.78,0.8976454703603545,0.8753378502394579,2025-07-07 11:38:31.436
/media/vsi-dev/Lacie_2/mndot_workzone_project/Toyota/campaign_0f13274e-1e23-415d-8a6c-56f06a60a20a-Toyota_Prius_-_Austin_-_1/campaign/processed_json/segments/e6b4bacb-a530-472c-8a4f-cfdd6d463762/part_2/006127.json,43.6803683,-92.9786231,0.9872815715902905,85.48,66.83937823834198,69.94818652849742,59.380165289256205,79.3801652892562,70.7,0.8956377263510095,0.8749577943666742,2025-07-07 11:38:31.476
/media/vsi-dev/Lacie_2/mndot_workzone_project/Toyota/campaign_0f13274e-1e23-415d-8a6c-56f06a60a20a-Toyota_Prius_-_Austin_-_1/campaign/processed_json/segments/e6b4bacb-a530-472c-8a4f-cfdd6d463762/part_2/006128.json,43.6803683,-92.9786231,0.9801986733067553,83.93,64.76683937823834,69.94818652849742,35.798898071625345,79.49035812672176,66.72,0.92865479563543,0.8746923473284985,2025-07-07 11:38:31.503
/media/vsi-dev/Lacie_2/mndot_workzone_project/Toyota/campaign_0f13274e-1e23-415d-8a6c-56f06a60a20a-Toyota_Prius_-_Austin_-_1/campaign/processed_json/segments/e6b4bacb-a530-472c-8a4f-cfdd6d463762/part_2/006129.json,43.6803683,-92.9786231,0.9856539001953453,85.35,67.87564766839378,68.9119170984456,60.05509641873278,77.63085399449035,70.54,0.8941558045058716,0.8762229014253491,2025-07-07 11:38:31.537
/media/vsi-dev/Lacie_2/mndot_workzone_project/Toyota/campaign_0f13274e-1e23-415d-8a6c-56f06a60a20a-Toyota_Prius_-_Austin_-_1/campaign/processed_json/segments/e6b4bacb-a530-472c-8a4f-cfdd6d463762/part_2/006130.json,43.6803683,-92.9786231,0.9945026659478988,85.91,67.87564766839378,68.9119170984456,69.14600550964187,77.14876033057851,71.7,0.8643469080290651,0.8805453279438122,2025-07-07 11:38:31.580
/media/vsi-dev/Lacie_2/mndot_workzone_project/Toyota/campaign_0f13274e-1e23-415d-8a6c-56f06a60a20a-Toyota_Prius_-_Austin_-_1/campaign/processed_json/segments/e6b4bacb-a530-472c-8a4f-cfdd6d463762/part_2/006131.json,43.6803683,-92.9786231,0.9801986733067553,84.97,66.83937823834198,68.9119170984456,58.45730027548209,78.1267217630854,70.08,0.8954083576608797,0.8777295601020136,2025-07-07 11:38:31.603
/media/vsi-dev/Lacie_2/mndot_workzone_project/Toyota/campaign_0f13274e-1e23-415d-8a6c-56f06a60a20a-Toyota_Prius_-_Austin_-_1/campaign/processed_json/segments/e6b4bacb-a530-472c-8a4f-cfdd6d463762/part_2/006132.json,43.6803683,-92.9786231,0.9801986733067553,85.16,66.83937823834198,69.94818652849742,58.829201101928376,79.00826446280992,70.57,0.8942343886892115,0.8779188060323238,2025-07-07 11:38:31.636
/media/vsi-dev/Lacie_2/mndot_workzone_project/Toyota/campaign_0f13274e-1e23-415d-8a6c-56f06a60a20a-Toyota_Prius_-_Austin_-_1/campaign/processed_json/segments/e6b4bacb-a530-472c-8a4f-cfdd6d463762/part_2/006133.json,43.6803683,-92.9786231,0,44.3,67.35751295336787,69.94818652849742,28.1267217630854,78.63636363636364,66.13,0.907140343533979,0.8775816938401587,2025-07-07 11:38:31.680
/media/vsi-dev/Lacie_2/mndot_workzone_project/Toyota/campaign_0f13274e-1e23-415d-8a6c-56f06a60a20a-Toyota_Prius_-_Austin_-_1/campaign/processed_json/segments/e6b4bacb-a530-472c-8a4f-cfdd6d463762/part_2/006134.json,43.6803633,-92.9783515,0.9959581901895135,86.06,66.83937823834198,69.94818652849742,64.39393939393939,78.19559228650138,71.28,0.8925355361761713,0.8781336161976361,2025-07-07 11:38:31.704
/media/vsi-dev/Lacie_2/mndot_workzone_project/Toyota/campaign_0f13274e-1e23-415d-8a6c-56f06a60a20a-Toyota_Prius_-_Austin_-_1/campaign/processed_json/segments/e6b4bacb-a530-472c-8a4f-cfdd6d463762/part_2/006135.json,43.6803633,-92.9783515,0.9888130446112331,85.66,66.83937823834198,69.94818652849742,61.99724517906336,78.30578512396694,70.95,0.8941226238311619,0.8790318634901715,2025-07-07 11:38:31.747
/media/vsi-dev/Lacie_2/mndot_workzone_project/Toyota/campaign_0f13274e-1e23-415d-8a6c-56f06a60a20a-Toyota_Prius_-_Austin_-_1/campaign/processed_json/segments/e6b4bacb-a530-472c-8a4f-cfdd6d463762/part_2/006136.json,43.6803633,-92.9783515,0,44.68,67.87564766839378,69.43005181347151,32.65840220385675,77.64462809917354,66.73,0.9203817627129843,0.8784006362824925,2025-07-07 11:38:31.769
/media/vsi-dev/Lacie_2/mndot_workzone_project/Toyota/campaign_0f13274e-1e23-415d-8a6c-56f06a60a20a-Toyota_Prius_-_Austin_-_1/campaign/processed_json/segments/e6b4bacb-a530-472c-8a4f-cfdd6d463762/part_2/006137.json,43.6803633,-92.9783515,0.9922179382602435,86.03,66.83937823834198,69.43005181347151,67.65840220385675,76.51515151515152,71.4,0.8816141610439999,0.8964438580093246,2025-07-07 11:38:31.812
/media/vsi-dev/Lacie_2/mndot_workzone_project/Toyota/campaign_0f13274e-1e23-415d-8a6c-56f06a60a20a-Toyota_Prius_-_Austin_-_1/campaign/processed_json/segments/e6b4bacb-a530-472c-8a4f-cfdd6d463762/part_2/006138.json,43.6803633,-92.9783515,0.9998000199986667,86.01,67.87564766839378,69.94818652849742,59.049586776859506,75.64738292011019,70.47,0.8986110049448082,0.8846682926647481,2025-07-07 11:38:31.842
/media/vsi-dev/Lacie_2/mndot_workzone_project/Toyota/campaign_0f13274e-1e23-415d-8a6c-56f06a60a20a-Toyota_Prius_-_Austin_-_1/campaign/processed_json/segments/e6b4bacb-a530-472c-8a4f-cfdd6d463762/part_2/006139.json,43.6803633,-92.9783515,0.9954976660309716,85.2,68.39378238341969,68.9119170984456,53.553719008264466,74.87603305785125,69.29,0.8821852985762495,0.8844411985684689,2025-07-07 11:38:31.879
/media/vsi-dev/Lacie_2/mndot_workzone_project/Toyota/campaign_0f13274e-1e23-415d-8a6c-56f06a60a20a-Toyota_Prius_-_Austin_-_1/campaign/processed_json/segments/e6b4bacb-a530-472c-8a4f-cfdd6d463762/part_2/006140.json,43.6803633,-92.9783515,0.9692332344763441,84.24,67.87564766839378,68.9119170984456,54.6831955922865,78.55371900826447,69.8,0.889803702725273,0.8655906980336812,2025-07-07 11:38:31.902
/media/vsi-dev/Lacie_2/mndot_workzone_project/Toyota/campaign_0f13274e-1e23-415d-8a6c-56f06a60a20a-Toyota_Prius_-_Austin_-_1/campaign/processed_json/segments/e6b4bacb-a530-472c-8a4f-cfdd6d463762/part_2/006141.json,43.6803633,-92.9783515,0.9989880124051737,83.01,56.476683937823836,68.9119170984456,67.41046831955923,76.65289256198346,67.29,0.7401398976852225,0.8730686075413829,2025-07-07 11:38:31.932
/media/vsi-dev/Lacie_2/mndot_workzone_project/Toyota/campaign_0f13274e-1e23-415d-8a6c-56f06a60a20a-Toyota_Prius_-_Austin_-_1/campaign/processed_json/segments/e6b4bacb-a530-472c-8a4f-cfdd6d463762/part_2/006142.json,43.6803633,-92.9783515,0.9690332544750109,84.4,67.87564766839378,68.9119170984456,56.776859504132226,76.72176308539946,69.9,0.8937465852944053,0.8743984714505428,2025-07-07 11:38:31.970
/media/vsi-dev/Lacie_2/mndot_workzone_project/Toyota/campaign_0f13274e-1e23-415d-8a6c-56f06a60a20a-Toyota_Prius_-_Austin_-_1/campaign/processed_json/segments/e6b4bacb-a530-472c-8a4f-cfdd6d463762/part_2/006143.json,43.6803633,-92.9783515,0.9684335543910279,84.18,66.83937823834198,68.9119170984456,55.06887052341598,77.72727272727272,69.47,0.8947315164367359,0.8703289549277492,2025-07-07 11:38:32.008
/media/vsi-dev/Lacie_2/mndot_workzone_project/Toyota/campaign_0f13274e-1e23-415d-8a6c-56f06a60a20a-Toyota_Prius_-_Austin_-_1/campaign/processed_json/segments/e6b4bacb-a530-472c-8a4f-cfdd6d463762/part_2/006144.json,43.6803633,-92.9783515,0.9692207345544688,84.03,65.80310880829016,67.87564766839378,56.59779614325069,77.02479338842976,68.98,0.8948642189809086,0.87216607245715,2025-07-07 11:38:32.037
/media/vsi-dev/Lacie_2/mndot_workzone_project/Toyota/campaign_0f13274e-1e23-415d-8a6c-56f06a60a20a-Toyota_Prius_-_Austin_-_1/campaign/processed_json/segments/e6b4bacb-a530-472c-8a4f-cfdd6d463762/part_2/006145.json,43.6803633,-92.9783515,0.9689207832993832,84.3,66.83937823834198,68.9119170984456,56.54269972451791,77.32782369146005,69.65,0.8960882110369021,0.8723071385355559,2025-07-07 11:38:32.075
/media/vsi-dev/Lacie_2/mndot_workzone_project/Toyota/campaign_0f13274e-1e23-415d-8a6c-56f06a60a20a-Toyota_Prius_-_Austin_-_1/campaign/processed_json/segments/e6b4bacb-a530-472c-8a4f-cfdd6d463762/part_2/006146.json,43.6803633,-92.9783515,0.9691207408042318,83.6,66.32124352331607,68.9119170984456,40.56473829201102,76.00550964187327,67.06,0.9243057447367465,0.8770468321733134,2025-07-07 11:38:32.106
/media/vsi-dev/Lacie_2/mndot_workzone_project/Toyota/campaign_0f13274e-1e23-415d-8a6c-56f06a60a20a-Toyota_Prius_-_Austin_-_1/campaign/processed_json/segments/e6b4bacb-a530-472c-8a4f-cfdd6d463762/part_2/006147.json,43.6803633,-92.9783515,0.9781913242622373,84.65,66.83937823834198,68.9119170984456,56.955922865013775,75.19283746556475,69.42,0.898460645727444,0.8767545955845579,2025-07-07 11:38:32.142
/media/vsi-dev/Lacie_2/mndot_workzone_project/Toyota/campaign_0f13274e-1e23-415d-8a6c-56f06a60a20a-Toyota_Prius_-_Austin_-_1/campaign/processed_json/segments/e6b4bacb-a530-472c-8a4f-cfdd6d463762/part_2/006148.json,43.6803633,-92.9783515,0.9821119255343636,84.79,66.32124352331607,68.9119170984456,57.823691460055095,75.93663911845731,69.49,0.8969954250462215,0.8738911089819408,2025-07-07 11:38:32.174
/media/vsi-dev/Lacie_2/mndot_workzone_project/Toyota/campaign_0f13274e-1e23-415d-8a6c-56f06a60a20a-Toyota_Prius_-_Austin_-_1/campaign/processed_json/segments/e6b4bacb-a530-472c-8a4f-cfdd6d463762/part_2/006149.json,43.6803633,-92.9783515,0.9801986733067553,83.56,63.730569948186535,68.9119170984456,37.34159779614325,77.34159779614325,65.98,0.9276796126504641,0.8685764856732828,2025-07-07 11:38:32.212
/media/vsi-dev/Lacie_2/mndot_workzone_project/Toyota/campaign_0f13274e-1e23-415d-8a6c-56f06a60a20a-Toyota_Prius_-_Austin_-_1/campaign/processed_json/segments/e6b4bacb-a530-472c-8a4f-cfdd6d463762/part_2/006150.json,43.6803633,-92.9783515,0.9856539001953453,84.97,67.35751295336787,67.87564766839378,58.429752066115704,76.79063360881543,69.69,0.8985848508872936,0.8678696855123427,2025-07-07 11:38:32.239
/media/vsi-dev/Lacie_2/mndot_workzone_project/Toyota/campaign_0f13274e-1e23-415d-8a6c-56f06a60a20a-Toyota_Prius_-_Austin_-_1/campaign/processed_json/segments/e6b4bacb-a530-472c-8a4f-cfdd6d463762/part_2/006151.json,43.6803633,-92.9783515,0.9821119255343636,83.89,65.80310880829016,67.87564766839378,39.82093663911846,75.04132231404958,66.36,0.9319630906886716,0.8737535608814794,2025-07-07 11:38:32.273
/media/vsi-dev/Lacie_2/mndot_workzone_project/Toyota/campaign_0f13274e-1e23-415d-8a6c-56f06a60a20a-Toyota_Prius_-_Austin_-_1/campaign/processed_json/segments/e6b4bacb-a530-472c-8a4f-cfdd6d463762/part_2/006152.json,43.6803633,-92.9783515,0.9848041402180955,85.17,67.35751295336787,68.9119170984456,59.917355371900825,75.24793388429752,70.04,0.9002545666852271,0.8757528563803917,2025-07-07 11:38:32.314
/media/vsi-dev/Lacie_2/mndot_workzone_project/Toyota/campaign_0f13274e-1e23-415d-8a6c-56f06a60a20a-Toyota_Prius_-_Austin_-_1/campaign/processed_json/segments/e6b4bacb-a530-472c-8a4f-cfdd6d463762/part_2/006153.json,43.6803633,-92.9783515,0.988813044611233,85.28,66.83937823834198,68.9119170984456,60.26170798898072,74.69696969696969,69.86,0.9000460845903576,0.8778614413771648,2025-07-07 11:38:32.340
/media/vsi-dev/Lacie_2/mndot_workzone_project/Toyota/campaign_0f13274e-1e23-415d-8a6c-56f06a60a20a-Toyota_Prius_-_Austin_-_1/campaign/processed_json/segments/e6b4bacb-a530-472c-8a4f-cfdd6d463762/part_2/006154.json,43.6803633,-92.9783515,0.9922179382602435,85.57,67.35751295336787,68.9119170984456,62.162534435261705,74.25619834710744,70.24,0.9002635601074266,0.8782531472492643,2025-07-07 11:38:32.371
/media/vsi-dev/Lacie_2/mndot_workzone_project/Toyota/campaign_0f13274e-1e23-415d-8a6c-56f06a60a20a-Toyota_Prius_-_Austin_-_1/campaign/processed_json/segments/e6b4bacb-a530-472c-8a4f-cfdd6d463762/part_2/006155.json,43.6803633,-92.9783515,0.9998875063278877,85.96,66.83937823834198,68.9119170984456,64.43526170798897,74.72451790633609,70.48,0.9004257724409132,0.8764388920075216,2025-07-07 11:38:32.402
/media/vsi-dev/Lacie_2/mndot_workzone_project/Toyota/campaign_0f13274e-1e23-415d-8a6c-56f06a60a20a-Toyota_Prius_-_Austin_-_1/campaign/processed_json/segments/e6b4bacb-a530-472c-8a4f-cfdd6d463762/part_2/006156.json,43.6803633,-92.9783515,0.9978897297577276,86.07,67.87564766839378,68.9119170984456,65.85399449035812,73.70523415977961,70.87,0.902453246987367,0.8782712289791667,2025-07-07 11:38:32.440
/media/vsi-dev/Lacie_2/mndot_workzone_project/Toyota/campaign_0f13274e-1e23-415d-8a6c-56f06a60a20a-Toyota_Prius_-_Austin_-_1/campaign/processed_json/segments/e6b4bacb-a530-472c-8a4f-cfdd6d463762/part_2/006157.json,43.6803633,-92.9783515,0.9998875063278877,85.45,65.80310880829016,68.9119170984456,58.99449035812672,75.82644628099173,69.47,0.9016236782990656,0.8652082778206569,2025-07-07 11:38:32.470
/media/vsi-dev/Lacie_2/mndot_workzone_project/Toyota/campaign_0f13274e-1e23-415d-8a6c-56f06a60a20a-Toyota_Prius_-_Austin_-_1/campaign/processed_json/segments/e6b4bacb-a530-472c-8a4f-cfdd6d463762/part_2/006158.json,43.6803633,-92.9783515,1.0,84.36,64.24870466321244,68.9119170984456,36.019283746556475,76.44628099173553,65.83,0.935638211257407,0.8669435155027211,2025-07-07 11:38:32.504
/media/vsi-dev/Lacie_2/mndot_workzone_project/Toyota/campaign_0f13274e-1e23-415d-8a6c-56f06a60a20a-Toyota_Prius_-_Austin_-_1/campaign/processed_json/segments/e6b4bacb-a530-472c-8a4f-cfdd6d463762/part_2/006159.json,43.6803633,-92.9783515,0.9999500012499791,84.53,63.730569948186535,68.9119170984456,44.132231404958674,71.9146005509642,66.22,0.9249754793096374,0.879558450574438,2025-07-07 11:38:32.543
/media/vsi-dev/Lacie_2/mndot_workzone_project/Toyota/campaign_0f13274e-1e23-415d-8a6c-56f06a60a20a-Toyota_Prius_-_Austin_-_1/campaign/processed_json/segments/e6b4bacb-a530-472c-8a4f-cfdd6d463762/part_2/006160.json,43.6803633,-92.9783515,0.9993876875398336,85.34,65.80310880829016,68.39378238341969,60.289256198347104,70.66115702479338,68.82,0.900793063156114,0.8831269243410169,2025-07-07 11:38:32.570
/media/vsi-dev/Lacie_2/mndot_workzone_project/Toyota/campaign_0f13274e-1e23-415d-8a6c-56f06a60a20a-Toyota_Prius_-_Austin_-_1/campaign/processed_json/segments/e6b4bacb-a530-472c-8a4f-cfdd6d463762/part_2/006161.json,43.6803633,-92.9783515,0.9993876875398336,85.99,68.39378238341969,68.39378238341969,65.50964187327824,70.93663911845731,70.42,0.8829986984737914,0.9012079698075932,2025-07-07 11:38:32.610
/media/vsi-dev/Lacie_2/mndot_workzone_project/Toyota/campaign_0f13274e-1e23-415d-8a6c-56f06a60a20a-Toyota_Prius_-_Austin_-_1/campaign/processed_json/segments/e6b4bacb-a530-472c-8a4f-cfdd6d463762/part_2/006162.json,43.6803633,-92.9783515,0.9996875488230391,84.16,63.730569948186535,67.87564766839378,39.11845730027548,71.37741046831955,65.12,0.9323242188622195,0.8804860985335544,2025-07-07 11:38:32.646
/media/vsi-dev/Lacie_2/mndot_workzone_project/Toyota/campaign_0f13274e-1e23-415d-8a6c-56f06a60a20a-Toyota_Prius_-_Austin_-_1/campaign/processed_json/segments/e6b4bacb-a530-472c-8a4f-cfdd6d463762/part_2/006163.json,43.68036,-92.9780784,0.9995501012348142,85.58,66.83937823834198,67.87564766839378,61.95592286501378,74.72451790633609,69.76,0.8986537435484845,0.8702780552397528,2025-07-07 11:38:32.678
/media/vsi-dev/Lacie_2/mndot_workzone_project/Toyota/campaign_0f13274e-1e23-415d-8a6c-56f06a60a20a-Toyota_Prius_-_Austin_-_1/campaign/processed_json/segments/e6b4bacb-a530-472c-8a4f-cfdd6d463762/part_2/006164.json,43.68036,-92.9780784,0.9880593620427125,85.12,68.9119170984456,67.87564766839378,57.30027548209367,74.73829201101928,69.7,0.9027959806538802,0.8692727635461404,2025-07-07 11:38:32.710
/media/vsi-dev/Lacie_2/mndot_workzone_project/Toyota/campaign_0f13274e-1e23-415d-8a6c-56f06a60a20a-Toyota_Prius_-_Austin_-_1/campaign/processed_json/segments/e6b4bacb-a530-472c-8a4f-cfdd6d463762/part_2/006165.json,43.68036,-92.9780784,0.9856539001953453,85.02,67.87564766839378,67.87564766839378,59.42148760330579,75.38567493112947,69.79,0.9002663432837698,0.8679509767179124,2025-07-07 11:38:32.737
/media/vsi-dev/Lacie_2/mndot_workzone_project/Toyota/campaign_0f13274e-1e23-415d-8a6c-56f06a60a20a-Toyota_Prius_-_Austin_-_1/campaign/processed_json/segments/e6b4bacb-a530-472c-8a4f-cfdd6d463762/part_2/006166.json,43.68036,-92.9780784,0.9880593620427125,85.17,68.39378238341969,67.35751295336787,60.867768595041326,73.63636363636363,69.77,0.901691454305803,0.872452225843324,2025-07-07 11:38:32.774
/media/vsi-dev/Lacie_2/mndot_workzone_project/Toyota/campaign_0f13274e-1e23-415d-8a6c-56f06a60a20a-Toyota_Prius_-_Austin_-_1/campaign/processed_json/segments/e6b4bacb-a530-472c-8a4f-cfdd6d463762/part_2/006167.json,43.68036,-92.9780784,0.9902478635182347,85.25,67.87564766839378,66.83937823834198,62.768595041322314,73.55371900826447,69.73,0.9010347972511619,0.8732740319446193,2025-07-07 11:38:32.798
/media/vsi-dev/Lacie_2/mndot_workzone_project/Toyota/campaign_0f13274e-1e23-415d-8a6c-56f06a60a20a-Toyota_Prius_-_Austin_-_1/campaign/processed_json/segments/e6b4bacb-a530-472c-8a4f-cfdd6d463762/part_2/006168.json,43.68036,-92.9780784,0.9909288930014639,85.48,68.9119170984456,67.87564766839378,60.82644628099173,75.75757575757575,70.37,0.9009386729402133,0.8688654521585197,2025-07-07 11:38:32.845
/media/vsi-dev/Lacie_2/mndot_workzone_project/Toyota/campaign_0f13274e-1e23-415d-8a6c-56f06a60a20a-Toyota_Prius_-_Austin_-_1/campaign/processed_json/segments/e6b4bacb-a530-472c-8a4f-cfdd6d463762/part_2/006169.json,43.68036,-92.9780784,0.9945026659478988,85.73,69.43005181347151,67.87564766839378,61.46005509641873,76.28099173553719,70.69,0.9027244757676485,0.8643856921599147,2025-07-07 11:38:32.874
/media/vsi-dev/Lacie_2/mndot_workzone_project/Toyota/campaign_0f13274e-1e23-415d-8a6c-56f06a60a20a-Toyota_Prius_-_Austin_-_1/campaign/processed_json/segments/e6b4bacb-a530-472c-8a4f-cfdd6d463762/part_2/006170.json,43.68036,-92.9780784,0.9978897297577275,85.55,67.35751295336787,67.35751295336787,62.892561983471076,74.93112947658402,69.92,0.9007012295851496,0.8660360532949746,2025-07-07 11:38:32.905
/media/vsi-dev/Lacie_2/mndot_workzone_project/Toyota/campaign_0f13274e-1e23-415d-8a6c-56f06a60a20a-Toyota_Prius_-_Austin_-_1/campaign/processed_json/segments/e6b4bacb-a530-472c-8a4f-cfdd6d463762/part_2/006171.json,43.68036,-92.9780784,0.9950124791926823,84.87,66.83937823834198,66.83937823834198,56.40495867768595,73.26446280991735,68.41,0.9023000102403032,0.8683329216567635,2025-07-07 11:38:32.934
/media/vsi-dev/Lacie_2/mndot_workzone_project/Toyota/campaign_0f13274e-1e23-415d-8a6c-56f06a60a20a-Toyota_Prius_-_Austin_-_1/campaign/processed_json/segments/e6b4bacb-a530-472c-8a4f-cfdd6d463762/part_2/006172.json,43.68036,-92.9780784,0.9971914513728449,84.77,65.28497409326425,66.83937823834198,55.96418732782369,71.98347107438016,67.73,0.904950261092959,0.8742881926339138,2025-07-07 11:38:32.971
/media/vsi-dev/Lacie_2/mndot_workzone_project/Toyota/campaign_0f13274e-1e23-415d-8a6c-56f06a60a20a-Toyota_Prius_-_Austin_-_1/campaign/processed_json/segments/e6b4bacb-a530-472c-8a4f-cfdd6d463762/part_2/006173.json,43.68036,-92.9780784,0.9950124791926823,84.85,65.80310880829016,67.87564766839378,55.06887052341598,73.63636363636363,68.28,0.9078875609574694,0.8658843696880222,2025-07-07 11:38:33.010
/media/vsi-dev/Lacie_2/mndot_workzone_project/Toyota/campaign_0f13274e-1e23-415d-8a6c-56f06a60a20a-Toyota_Prius_-_Austin_-_1/campaign/processed_json/segments/e6b4bacb-a530-472c-8a4f-cfdd6d463762/part_2/006174.json,43.68036,-92.9780784,0,43.62,70.98445595854922,67.87564766839378,20.454545454545457,73.95316804407713,64.69,0.9087195754892201,0.8652817961738524,2025-07-07 11:38:33.035
/media/vsi-dev/Lacie_2/mndot_workzone_project/Toyota/campaign_0f13274e-1e23-415d-8a6c-56f06a60a20a-Toyota_Prius_-_Austin_-_1/campaign/processed_json/segments/e6b4bacb-a530-472c-8a4f-cfdd6d463762/part_2/006175.json,43.68036,-92.9780784,0,47.65,70.98445595854922,66.83937823834198,91.15702479338843,70.88154269972452,74.56,0.9057694830915421,0.876508390411066,2025-07-07 11:38:33.068
/media/vsi-dev/Lacie_2/mndot_workzone_project/Toyota/campaign_0f13274e-1e23-415d-8a6c-56f06a60a20a-Toyota_Prius_-_Austin_-_1/campaign/processed_json/segments/e6b4bacb-a530-472c-8a4f-cfdd6d463762/part_2/006176.json,43.68036,-92.9780784,0,42.26,70.98445595854922,67.35751295336787,0.0,72.53443526170798,61.26,0.9034158805014327,0.8725624799104398,2025-07-07 11:38:33.106
/media/vsi-dev/Lacie_2/mndot_workzone_project/Toyota/campaign_0f13274e-1e23-415d-8a6c-56f06a60a20a-Toyota_Prius_-_Austin_-_1/campaign/processed_json/segments/e6b4bacb-a530-472c-8a4f-cfdd6d463762/part_2/006177.json,43.68036,-92.9780784,0.9999500012499791,84.08,64.24870466321244,66.83937823834198,41.04683195592286,71.52892561983471,65.21,0.9235159485664842,0.8764179569093897,2025-07-07 11:38:33.136
/media/vsi-dev/Lacie_2/mndot_workzone_project/Toyota/campaign_0f13274e-1e23-415d-8a6c-56f06a60a20a-Toyota_Prius_-_Austin_-_1/campaign/processed_json/segments/e6b4bacb-a530-472c-8a4f-cfdd6d463762/part_2/006178.json,43.68036,-92.9780784,0.998488643251663,83.84,65.28497409326425,66.32124352331607,44.132231404958674,71.2396694214876,65.62,0.8920040100668786,0.8737325142641972,2025-07-07 11:38:33.182
/media/vsi-dev/Lacie_2/mndot_workzone_project/Toyota/campaign_0f13274e-1e23-415d-8a6c-56f06a60a20a-Toyota_Prius_-_Austin_-_1/campaign/processed_json/segments/e6b4bacb-a530-472c-8a4f-cfdd6d463762/part_2/006179.json,43.68036,-92.9780784,0,44.44,71.50259067357513,66.83937823834198,34.049586776859506,70.15151515151516,66.13,0.920153381553821,0.8784284277302327,2025-07-07 11:38:33.213
/media/vsi-dev/Lacie_2/mndot_workzone_project/Toyota/campaign_0f13274e-1e23-415d-8a6c-56f06a60a20a-Toyota_Prius_-_Austin_-_1/campaign/processed_json/segments/e6b4bacb-a530-472c-8a4f-cfdd6d463762/part_2/006180.json,43.68036,-92.9780784,0.9934093144689159,84.7,66.83937823834198,65.80310880829016,59.738292011019276,71.11570247933884,68.25,0.899120243255209,0.8667684406354308,2025-07-07 11:38:33.264
/media/vsi-dev/Lacie_2/mndot_workzone_project/Toyota/campaign_0f13274e-1e23-415d-8a6c-56f06a60a20a-Toyota_Prius_-_Austin_-_1/campaign/processed_json/segments/e6b4bacb-a530-472c-8a4f-cfdd6d463762/part_2/006181.json,43.68036,-92.9780784,0.9880593620427125,84.79,68.9119170984456,65.80310880829016,59.87603305785124,68.03030303030303,68.53,0.9014768530692132,0.8842519459360715,2025-07-07 11:38:33.284
/media/vsi-dev/Lacie_2/mndot_workzone_project/Toyota/campaign_0f13274e-1e23-415d-8a6c-56f06a60a20a-Toyota_Prius_-_Austin_-_1/campaign/processed_json/segments/e6b4bacb-a530-472c-8a4f-cfdd6d463762/part_2/006182.json,43.68036,-92.9780784,0.9902478635182347,85.24,68.9119170984456,66.83937823834198,62.25895316804407,73.7603305785124,69.95,0.9009623492985662,0.8642870459366279,2025-07-07 11:38:33.306
/media/vsi-dev/Lacie_2/mndot_workzone_project/Toyota/campaign_0f13274e-1e23-415d-8a6c-56f06a60a20a-Toyota_Prius_-_Austin_-_1/campaign/processed_json/segments/e6b4bacb-a530-472c-8a4f-cfdd6d463762/part_2/006183.json,43.68036,-92.9780784,0.988813044611233,84.93,68.39378238341969,65.80310880829016,62.03856749311295,69.76584022038568,68.93,0.9022309237957631,0.878582248185936,2025-07-07 11:38:33.332
/media/vsi-dev/Lacie_2/mndot_workzone_project/Toyota/campaign_0f13274e-1e23-415d-8a6c-56f06a60a20a-Toyota_Prius_-_Austin_-_1/campaign/processed_json/segments/e6b4bacb-a530-472c-8a4f-cfdd6d463762/part_2/006184.json,43.68036,-92.9780784,0.988813044611233,84.96,67.35751295336787,65.80310880829016,63.553719008264466,73.31955922865014,69.32,0.9007880098959016,0.8670958528416897,2025-07-07 11:38:33.374
/media/vsi-dev/Lacie_2/mndot_workzone_project/Toyota/campaign_0f13274e-1e23-415d-8a6c-56f06a60a20a-Toyota_Prius_-_Austin_-_1/campaign/processed_json/segments/e6b4bacb-a530-472c-8a4f-cfdd6d463762/part_2/006185.json,43.68036,-92.9780784,0.9690332544750109,82.49,66.32124352331607,65.80310880829016,35.06887052341598,71.900826446281,64.62,0.92206648490737,0.8663251292580664,2025-07-07 11:38:33.401
/media/vsi-dev/Lacie_2/mndot_workzone_project/Toyota/campaign_0f13274e-1e23-415d-8a6c-56f06a60a20a-Toyota_Prius_-_Austin_-_1/campaign/processed_json/segments/e6b4bacb-a530-472c-8a4f-cfdd6d463762/part_2/006186.json,43.68036,-92.9780784,0.9781913242622373,84.07,66.83937823834198,65.80310880829016,58.388429752066116,72.02479338842976,68.19,0.900580662801219,0.8660371068360461,2025-07-07 11:38:33.433
/media/vsi-dev/Lacie_2/mndot_workzone_project/Toyota/campaign_0f13274e-1e23-415d-8a6c-56f06a60a20a-Toyota_Prius_-_Austin_-_1/campaign/processed_json/segments/e6b4bacb-a530-472c-8a4f-cfdd6d463762/part_2/006187.json,43.68036,-92.9780784,0.9781913242622373,83.59,64.76683937823834,64.76683937823834,56.91460055096419,71.55647382920111,66.97,0.8997351562906992,0.8676574280126236,2025-07-07 11:38:33.470
/media/vsi-dev/Lacie_2/mndot_workzone_project/Toyota/campaign_0f13274e-1e23-415d-8a6c-56f06a60a20a-Toyota_Prius_-_Austin_-_1/campaign/processed_json/segments/e6b4bacb-a530-472c-8a4f-cfdd6d463762/part_2/006188.json,43.68036,-92.9780784,0.9922179382602435,84.12,63.212435233160626,65.80310880829016,57.617079889807165,70.53719008264463,66.79,0.9011408216494994,0.8707363002302007,2025-07-07 11:38:33.506
/media/vsi-dev/Lacie_2/mndot_workzone_project/Toyota/campaign_0f13274e-1e23-415d-8a6c-56f06a60a20a-Toyota_Prius_-_Austin_-_1/campaign/processed_json/segments/e6b4bacb-a530-472c-8a4f-cfdd6d463762/part_2/006189.json,43.68036,-92.9780784,0,46.48,68.39378238341969,65.80310880829016,77.2038567493113,71.18457300275483,71.47,0.9170267082099566,0.8725517018660472,2025-07-07 11:38:33.537
/media/vsi-dev/Lacie_2/mndot_workzone_project/Toyota/campaign_0f13274e-1e23-415d-8a6c-56f06a60a20a-Toyota_Prius_-_Austin_-_1/campaign/processed_json/segments/e6b4bacb-a530-472c-8a4f-cfdd6d463762/part_2/006190.json,43.68036,-92.9780784,0,46.78,68.9119170984456,65.80310880829016,81.94214876033058,72.85123966942149,72.52,0.9126849529166704,0.8642937372176581,2025-07-07 11:38:33.567
/media/vsi-dev/Lacie_2/mndot_workzone_project/Toyota/campaign_0f13274e-1e23-415d-8a6c-56f06a60a20a-Toyota_Prius_-_Austin_-_1/campaign/processed_json/segments/e6b4bacb-a530-472c-8a4f-cfdd6d463762/part_2/006191.json,43.68036,-92.9780784,0,42.4,68.39378238341969,65.80310880829016,9.573002754820937,70.57851239669421,61.24,0.9184545339870165,0.8723624909350756,2025-07-07 11:38:33.605
/media/vsi-dev/Lacie_2/mndot_workzone_project/Toyota/campaign_0f13274e-1e23-415d-8a6c-56f06a60a20a-Toyota_Prius_-_Austin_-_1/campaign/processed_json/segments/e6b4bacb-a530-472c-8a4f-cfdd6d463762/part_2/006192.json,43.68036,-92.9780784,0.9880593620427125,83.44,63.730569948186535,65.80310880829016,43.333333333333336,70.53719008264463,64.92,0.9261566912147493,0.8691267151642352,2025-07-07 11:38:33.641
/media/vsi-dev/Lacie_2/mndot_workzone_project/Toyota/campaign_0f13274e-1e23-415d-8a6c-56f06a60a20a-Toyota_Prius_-_Austin_-_1/campaign/processed_json/segments/e6b4bacb-a530-472c-8a4f-cfdd6d463762/part_2/006193.json,43.68036,-92.9780784,0.9934093144689159,84.73,66.32124352331607,65.80310880829016,60.358126721763085,71.19834710743802,68.22,0.9045678546611087,0.8659915342880375,2025-07-07 11:38:33.674
/media/vsi-dev/Lacie_2/mndot_workzone_project/Toyota/campaign_0f13274e-1e23-415d-8a6c-56f06a60a20a-Toyota_Prius_-_Austin_-_1/campaign/processed_json/segments/e6b4bacb-a530-472c-8a4f-cfdd6d463762/part_2/006194.json,43.6803619,-92.9778075,0.9909288930014639,83.25,63.212435233160626,65.28497409326425,41.69421487603306,70.19283746556474,64.28,0.9238135362945298,0.8662903100130025,2025-07-07 11:38:33.704
/media/vsi-dev/Lacie_2/mndot_workzone_project/Toyota/campaign_0f13274e-1e23-415d-8a6c-56f06a60a20a-Toyota_Prius_-_Austin_-_1/campaign/processed_json/segments/e6b4bacb-a530-472c-8a4f-cfdd6d463762/part_2/006195.json,43.6803619,-92.9778075,0.9922179382602435,84.28,64.76683937823834,65.80310880829016,57.93388429752066,70.06887052341598,67.22,0.902276994702552,0.8682970237580534,2025-07-07 11:38:33.737
/media/vsi-dev/Lacie_2/mndot_workzone_project/Toyota/campaign_0f13274e-1e23-415d-8a6c-56f06a60a20a-Toyota_Prius_-_Austin_-_1/campaign/processed_json/segments/e6b4bacb-a530-472c-8a4f-cfdd6d463762/part_2/006196.json,43.6803619,-92.9778075,0.9909288930014639,84.49,65.28497409326425,65.80310880829016,60.79889807162534,70.2892561983471,67.85,0.9008208655907542,0.8706478583064813,2025-07-07 11:38:33.770
/media/vsi-dev/Lacie_2/mndot_workzone_project/Toyota/campaign_0f13274e-1e23-415d-8a6c-56f06a60a20a-Toyota_Prius_-_Austin_-_1/campaign/processed_json/segments/e6b4bacb-a530-472c-8a4f-cfdd6d463762/part_2/006197.json,43.6803619,-92.9778075,0.9909288930014639,83.8,65.80310880829016,65.80310880829016,42.57575757575758,70.68870523415978,65.46,0.9310996921302339,0.8672156045225764,2025-07-07 11:38:33.809
/media/vsi-dev/Lacie_2/mndot_workzone_project/Toyota/campaign_0f13274e-1e23-415d-8a6c-56f06a60a20a-Toyota_Prius_-_Austin_-_1/campaign/processed_json/segments/e6b4bacb-a530-472c-8a4f-cfdd6d463762/part_2/006198.json,43.6803619,-92.9778075,0.9902478635182347,83.7,65.80310880829016,65.80310880829016,45.909090909090914,70.0137741046832,65.76,0.9123582418880216,0.8661993008273754,2025-07-07 11:38:33.835
/media/vsi-dev/Lacie_2/mndot_workzone_project/Toyota/campaign_0f13274e-1e23-415d-8a6c-56f06a60a20a-Toyota_Prius_-_Austin_-_1/campaign/processed_json/segments/e6b4bacb-a530-472c-8a4f-cfdd6d463762/part_2/006199.json,43.6803619,-92.9778075,0.9909288930014639,84.62,67.87564766839378,66.83937823834198,54.049586776859506,67.25895316804407,67.58,0.9133230417480326,0.881277587369327,2025-07-07 11:38:33.871
/media/vsi-dev/Lacie_2/mndot_workzone_project/Toyota/campaign_0f13274e-1e23-415d-8a6c-56f06a60a20a-Toyota_Prius_-_Austin_-_1/campaign/processed_json/segments/e6b4bacb-a530-472c-8a4f-cfdd6d463762/part_2/006200.json,43.6803619,-92.9778075,0.9950124791926823,84.35,66.83937823834198,66.83937823834198,46.2534435261708,68.67768595041322,66.35,0.9269770855322486,0.8743932486267953,2025-07-07 11:38:33.903
/media/vsi-dev/Lacie_2/mndot_workzone_project/Toyota/campaign_0f13274e-1e23-415d-8a6c-56f06a60a20a-Toyota_Prius_-_Austin_-_1/campaign/processed_json/segments/e6b4bacb-a530-472c-8a4f-cfdd6d463762/part_2/006201.json,43.6803619,-92.9778075,0.9950124791926823,85.23,67.87564766839378,66.83937823834198,61.942148760330575,71.48760330578511,69.29,0.9059721256906932,0.8653177662274689,2025-07-07 11:38:33.944
/media/vsi-dev/Lacie_2/mndot_workzone_project/Toyota/campaign_0f13274e-1e23-415d-8a6c-56f06a60a20a-Toyota_Prius_-_Austin_-_1/campaign/processed_json/segments/e6b4bacb-a530-472c-8a4f-cfdd6d463762/part_2/006202.json,43.6803619,-92.9778075,0.9950124791926823,85.16,66.83937823834198,66.83937823834198,58.16804407713499,67.36914600550963,68.01,0.9069323032568128,0.908596798311442,2025-07-07 11:38:33.968
/media/vsi-dev/Lacie_2/mndot_workzone_project/Toyota/campaign_0f13274e-1e23-415d-8a6c-56f06a60a20a-Toyota_Prius_-_Austin_-_1/campaign/processed_json/segments/e6b4bacb-a530-472c-8a4f-cfdd6d463762/part_2/006203.json,43.6803619,-92.9778075,0.9978897297577275,85.75,69.43005181347151,67.87564766839378,59.06336088154271,67.25895316804407,69.21,0.907100204575165,0.9078654913933378,2025-07-07 11:38:34.002
/media/vsi-dev/Lacie_2/mndot_workzone_project/Toyota/campaign_0f13274e-1e23-415d-8a6c-56f06a60a20a-Toyota_Prius_-_Austin_-_1/campaign/processed_json/segments/e6b4bacb-a530-472c-8a4f-cfdd6d463762/part_2/006204.json,43.6803619,-92.9778075,0.9982016190284373,86.23,70.98445595854922,67.87564766839378,63.498622589531685,67.23140495867769,70.35,0.9065561554908843,0.9091728498843199,2025-07-07 11:38:34.045
/media/vsi-dev/Lacie_2/mndot_workzone_project/Toyota/campaign_0f13274e-1e23-415d-8a6c-56f06a60a20a-Toyota_Prius_-_Austin_-_1/campaign/processed_json/segments/e6b4bacb-a530-472c-8a4f-cfdd6d463762/part_2/006205.json,43.6803619,-92.9778075,0.9989880124051737,85.21,67.87564766839378,67.87564766839378,47.96143250688705,67.32782369146005,67.2,0.9291724891880622,0.9078690980434385,2025-07-07 11:38:34.076
/media/vsi-dev/Lacie_2/mndot_workzone_project/Toyota/campaign_0f13274e-1e23-415d-8a6c-56f06a60a20a-Toyota_Prius_-_Austin_-_1/campaign/processed_json/segments/e6b4bacb-a530-472c-8a4f-cfdd6d463762/part_2/006206.json,43.6803619,-92.9778075,0,44.99,70.46632124352331,67.87564766839378,40.289256198347104,67.41046831955923,66.79,0.9180353660149669,0.9088877975775607,2025-07-07 11:38:34.108
/media/vsi-dev/Lacie_2/mndot_workzone_project/Toyota/campaign_0f13274e-1e23-415d-8a6c-56f06a60a20a-Toyota_Prius_-_Austin_-_1/campaign/processed_json/segments/e6b4bacb-a530-472c-8a4f-cfdd6d463762/part_2/006207.json,43.6803619,-92.9778075,0.9811670975774323,83.94,68.39378238341969,67.87564766839378,40.12396694214876,65.19283746556474,65.85,0.9259669612566741,0.9092359994222491,2025-07-07 11:38:34.136
/media/vsi-dev/Lacie_2/mndot_workzone_project/Toyota/campaign_0f13274e-1e23-415d-8a6c-56f06a60a20a-Toyota_Prius_-_Austin_-_1/campaign/processed_json/segments/e6b4bacb-a530-472c-8a4f-cfdd6d463762/part_2/006208.json,43.6803619,-92.9778075,0.9909288930014639,84.78,67.87564766839378,67.87564766839378,52.57575757575758,65.30303030303031,67.48,0.9066608717643782,0.9088562176241926,2025-07-07 11:38:34.170
/media/vsi-dev/Lacie_2/mndot_workzone_project/Toyota/campaign_0f13274e-1e23-415d-8a6c-56f06a60a20a-Toyota_Prius_-_Austin_-_1/campaign/processed_json/segments/e6b4bacb-a530-472c-8a4f-cfdd6d463762/part_2/006209.json,43.6803619,-92.9778075,0.9922179382602435,85.32,68.9119170984456,67.87564766839378,58.03030303030303,66.43250688705234,68.77,0.9036161688365315,0.9082674487242721,2025-07-07 11:38:34.201
/media/vsi-dev/Lacie_2/mndot_workzone_project/Toyota/campaign_0f13274e-1e23-415d-8a6c-56f06a60a20a-Toyota_Prius_-_Austin_-_1/campaign/processed_json/segments/e6b4bacb-a530-472c-8a4f-cfdd6d463762/part_2/006210.json,43.6803619,-92.9778075,0.9954976660309716,81.6,68.9119170984456,67.87564766839378,58.69146005509642,1.5702479338842976,59.14,0.9035654363087704,0.9092692347010385,2025-07-07 11:38:34.242
/media/vsi-dev/Lacie_2/mndot_workzone_project/Toyota/campaign_0f13274e-1e23-415d-8a6c-56f06a60a20a-Toyota_Prius_-_Austin_-_1/campaign/processed_json/segments/e6b4bacb-a530-472c-8a4f-cfdd6d463762/part_2/006211.json,43.6803619,-92.9778075,0,45.21,70.98445595854922,67.87564766839378,46.005509641873275,66.11570247933885,67.57,0.9091328673406144,0.909091308946427,2025-07-07 11:38:34.270
/media/vsi-dev/Lacie_2/mndot_workzone_project/Toyota/campaign_0f13274e-1e23-415d-8a6c-56f06a60a20a-Toyota_Prius_-_Austin_-_1/campaign/processed_json/segments/e6b4bacb-a530-472c-8a4f-cfdd6d463762/part_2/006212.json,43.6803619,-92.9778075,0.9945026659478988,81.28,67.87564766839378,67.87564766839378,57.45179063360881,0.0,58.41,0.9033024845045137,0.9103084323981298,2025-07-07 11:38:34.302
/media/vsi-dev/Lacie_2/mndot_workzone_project/Toyota/campaign_0f13274e-1e23-415d-8a6c-56f06a60a20a-Toyota_Prius_-_Austin_-_1/campaign/processed_json/segments/e6b4bacb-a530-472c-8a4f-cfdd6d463762/part_2/006213.json,43.6803619,-92.9778075,0.9996875488230391,84.6,66.83937823834198,68.9119170984456,42.27272727272727,63.608815426997246,65.76,0.9221032874793019,0.9089401299001217,2025-07-07 11:38:34.340
/media/vsi-dev/Lacie_2/mndot_workzone_project/Toyota/campaign_0f13274e-1e23-415d-8a6c-56f06a60a20a-Toyota_Prius_-_Austin_-_1/campaign/processed_json/segments/e6b4bacb-a530-472c-8a4f-cfdd6d463762/part_2/006214.json,43.6803619,-92.9778075,0.9928258579038134,84.46,66.83937823834198,67.87564766839378,49.214876033057855,62.8099173553719,66.33,0.9141328196439629,0.9078224268508417,2025-07-07 11:38:34.371
/media/vsi-dev/Lacie_2/mndot_workzone_project/Toyota/campaign_0f13274e-1e23-415d-8a6c-56f06a60a20a-Toyota_Prius_-_Austin_-_1/campaign/processed_json/segments/e6b4bacb-a530-472c-8a4f-cfdd6d463762/part_2/006215.json,43.6803619,-92.9778075,0,38.93,69.94818652849742,67.87564766839378,6.763085399449036,1.8319559228650135,51.75,0.9174554849243505,0.9054370168379431,2025-07-07 11:38:34.410
/media/vsi-dev/Lacie_2/mndot_workzone_project/Toyota/campaign_0f13274e-1e23-415d-8a6c-56f06a60a20a-Toyota_Prius_-_Austin_-_1/campaign/processed_json/segments/e6b4bacb-a530-472c-8a4f-cfdd6d463762/part_2/006216.json,43.6803619,-92.9778075,0.9909288930014639,84.13,64.76683937823834,67.87564766839378,48.044077134986225,63.66391184573003,65.66,0.9160156287614885,0.9065219840351824,2025-07-07 11:38:34.438
/media/vsi-dev/Lacie_2/mndot_workzone_project/Toyota/campaign_0f13274e-1e23-415d-8a6c-56f06a60a20a-Toyota_Prius_-_Austin_-_1/campaign/processed_json/segments/e6b4bacb-a530-472c-8a4f-cfdd6d463762/part_2/006217.json,43.6803619,-92.9778075,0,38.39,70.46632124352331,67.87564766839378,0.5371900826446281,0.0,50.65,0.9076741692182452,0.9054837943610593,2025-07-07 11:38:34.470
/media/vsi-dev/Lacie_2/mndot_workzone_project/Toyota/campaign_0f13274e-1e23-415d-8a6c-56f06a60a20a-Toyota_Prius_-_Austin_-_1/campaign/processed_json/segments/e6b4bacb-a530-472c-8a4f-cfdd6d463762/part_2/006218.json,43.6803619,-92.9778075,0,42.53,69.94818652849742,67.87564766839378,7.341597796143251,62.67217630853994,60.93,0.908192235265146,0.9071167550663007,2025-07-07 11:38:34.504
/media/vsi-dev/Lacie_2/mndot_workzone_project/Toyota/campaign_0f13274e-1e23-415d-8a6c-56f06a60a20a-Toyota_Prius_-_Austin_-_1/campaign/processed_json/segments/e6b4bacb-a530-472c-8a4f-cfdd6d463762/part_2/006219.json,43.6803619,-92.9778075,0,42.49,69.43005181347151,67.87564766839378,7.506887052341598,62.32782369146006,60.76,0.9130257026376477,0.9059646309369871,2025-07-07 11:38:34.538
/media/vsi-dev/Lacie_2/mndot_workzone_project/Toyota/campaign_0f13274e-1e23-415d-8a6c-56f06a60a20a-Toyota_Prius_-_Austin_-_1/campaign/processed_json/segments/e6b4bacb-a530-472c-8a4f-cfdd6d463762/part_2/006220.json,43.6803619,-92.9778075,0,42.65,69.94818652849742,67.87564766839378,11.253443526170798,61.790633608815426,61.36,0.9044301397362174,0.9065540234912166,2025-07-07 11:38:34.577
/media/vsi-dev/Lacie_2/mndot_workzone_project/Toyota/campaign_0f13274e-1e23-415d-8a6c-56f06a60a20a-Toyota_Prius_-_Austin_-_1/campaign/processed_json/segments/e6b4bacb-a530-472c-8a4f-cfdd6d463762/part_2/006221.json,43.6803619,-92.9778075,0,42.35,69.43005181347151,67.87564766839378,6.914600550964186,61.63911845730028,60.54,0.9061720617177403,0.907443091224392,2025-07-07 11:38:34.605
/media/vsi-dev/Lacie_2/mndot_workzone_project/Toyota/campaign_0f13274e-1e23-415d-8a6c-56f06a60a20a-Toyota_Prius_-_Austin_-_1/campaign/processed_json/segments/e6b4bacb-a530-472c-8a4f-cfdd6d463762/part_2/006222.json,43.6803619,-92.9778075,0.9968051145430329,85.45,68.9119170984456,67.35751295336787,62.86501377410468,61.625344352617084,68.62,0.9071287163909647,0.9063445419843891,2025-07-07 11:38:34.635
/media/vsi-dev/Lacie_2/mndot_workzone_project/Toyota/campaign_0f13274e-1e23-415d-8a6c-56f06a60a20a-Toyota_Prius_-_Austin_-_1/campaign/processed_json/segments/e6b4bacb-a530-472c-8a4f-cfdd6d463762/part_2/006223.json,43.6803658,-92.9775365,0,42.39,68.39378238341969,67.87564766839378,7.8374655647382925,62.02479338842976,60.46,0.9132500902607544,0.9068501701924522,2025-07-07 11:38:34.677
/media/vsi-dev/Lacie_2/mndot_workzone_project/Toyota/campaign_0f13274e-1e23-415d-8a6c-56f06a60a20a-Toyota_Prius_-_Austin_-_1/campaign/processed_json/segments/e6b4bacb-a530-472c-8a4f-cfdd6d463762/part_2/006224.json,43.6803658,-92.9775365,0.9971914513728449,82.3,63.212435233160626,67.87564766839378,25.440771349862256,61.267217630854,61.28,0.8848907348237325,0.9049152424776334,2025-07-07 11:38:34.710
/media/vsi-dev/Lacie_2/mndot_workzone_project/Toyota/campaign_0f13274e-1e23-415d-8a6c-56f06a60a20a-Toyota_Prius_-_Austin_-_1/campaign/processed_json/segments/e6b4bacb-a530-472c-8a4f-cfdd6d463762/part_2/006225.json,43.6803658,-92.9775365,0.9856539001953453,83.49,64.76683937823834,67.87564766839378,43.85674931129477,60.66115702479339,64.58,0.9166787065823391,0.906202532463115,2025-07-07 11:38:34.737
/media/vsi-dev/Lacie_2/mndot_workzone_project/Toyota/campaign_0f13274e-1e23-415d-8a6c-56f06a60a20a-Toyota_Prius_-_Austin_-_1/campaign/processed_json/segments/e6b4bacb-a530-472c-8a4f-cfdd6d463762/part_2/006226.json,43.6803658,-92.9775365,0.9922179382602435,85.19,69.94818652849742,67.87564766839378,58.650137741046834,60.909090909090914,68.36,0.9103832083381664,0.9056300930426053,2025-07-07 11:38:34.770
/media/vsi-dev/Lacie_2/mndot_workzone_project/Toyota/campaign_0f13274e-1e23-415d-8a6c-56f06a60a20a-Toyota_Prius_-_Austin_-_1/campaign/processed_json/segments/e6b4bacb-a530-472c-8a4f-cfdd6d463762/part_2/006227.json,43.6803658,-92.9775365,0.9781913242622373,84.24,70.46632124352331,67.87564766839378,52.14876033057851,60.399449035812665,67.45,0.9081873484217604,0.9054406322500178,2025-07-07 11:38:34.816
/media/vsi-dev/Lacie_2/mndot_workzone_project/Toyota/campaign_0f13274e-1e23-415d-8a6c-56f06a60a20a-Toyota_Prius_-_Austin_-_1/campaign/processed_json/segments/e6b4bacb-a530-472c-8a4f-cfdd6d463762/part_2/006228.json,43.6803658,-92.9775365,0,37.37,69.94818652849742,66.83937823834198,0.4132231404958678,0.027548209366391182,49.82,0.840054435251876,0.9044150234668223,2025-07-07 11:38:34.835
/media/vsi-dev/Lacie_2/mndot_workzone_project/Toyota/campaign_0f13274e-1e23-415d-8a6c-56f06a60a20a-Toyota_Prius_-_Austin_-_1/campaign/processed_json/segments/e6b4bacb-a530-472c-8a4f-cfdd6d463762/part_2/006229.json,43.6803658,-92.9775365,0.9738967374550571,83.12,67.35751295336787,66.83937823834198,41.060606060606055,59.60055096418733,64.53,0.9325707568755257,0.9025749896847863,2025-07-07 11:38:34.872
/media/vsi-dev/Lacie_2/mndot_workzone_project/Toyota/campaign_0f13274e-1e23-415d-8a6c-56f06a60a20a-Toyota_Prius_-_Austin_-_1/campaign/processed_json/segments/e6b4bacb-a530-472c-8a4f-cfdd6d463762/part_2/006230.json,43.6803658,-92.9775365,0.9771525479278598,83.14,63.730569948186535,66.83937823834198,54.187327823691454,59.11845730027549,65.16,0.8967690013114339,0.9023571342254246,2025-07-07 11:38:34.901
/media/vsi-dev/Lacie_2/mndot_workzone_project/Toyota/campaign_0f13274e-1e23-415d-8a6c-56f06a60a20a-Toyota_Prius_-_Austin_-_1/campaign/processed_json/segments/e6b4bacb-a530-472c-8a4f-cfdd6d463762/part_2/006231.json,43.6803658,-92.9775365,0.9692207345544688,83.16,64.76683937823834,67.35751295336787,55.9228650137741,58.58126721763085,65.84,0.9010522164866502,0.9043504331869365,2025-07-07 11:38:34.936
/media/vsi-dev/Lacie_2/mndot_workzone_project/Toyota/campaign_0f13274e-1e23-415d-8a6c-56f06a60a20a-Toyota_Prius_-_Austin_-_1/campaign/processed_json/segments/e6b4bacb-a530-472c-8a4f-cfdd6d463762/part_2/006232.json,43.6803658,-92.9775365,0.9738967374550571,83.82,66.32124352331607,67.87564766839378,58.98071625344352,59.06336088154271,67.0,0.9019864834827306,0.9043399223369079,2025-07-07 11:38:34.972
/media/vsi-dev/Lacie_2/mndot_workzone_project/Toyota/campaign_0f13274e-1e23-415d-8a6c-56f06a60a20a-Toyota_Prius_-_Austin_-_1/campaign/processed_json/segments/e6b4bacb-a530-472c-8a4f-cfdd6d463762/part_2/006233.json,43.6803658,-92.9775365,0.9704334030551546,82.59,63.730569948186535,66.83937823834198,43.16804407713499,59.11845730027549,63.67,0.9275784551596301,0.9032363879131307,2025-07-07 11:38:35.005
/media/vsi-dev/Lacie_2/mndot_workzone_project/Toyota/campaign_0f13274e-1e23-415d-8a6c-56f06a60a20a-Toyota_Prius_-_Austin_-_1/campaign/processed_json/segments/e6b4bacb-a530-472c-8a4f-cfdd6d463762/part_2/006234.json,43.6803658,-92.9775365,0.9704334030551546,82.57,64.76683937823834,66.83937823834198,38.719008264462815,58.925619834710744,63.34,0.9386470639543968,0.9028058524653458,2025-07-07 11:38:35.035
/media/vsi-dev/Lacie_2/mndot_workzone_project/Toyota/campaign_0f13274e-1e23-415d-8a6c-56f06a60a20a-Toyota_Prius_-_Austin_-_1/campaign/processed_json/segments/e6b4bacb-a530-472c-8a4f-cfdd6d463762/part_2/006235.json,43.6803658,-92.9775365,0.9839305142725083,83.72,66.32124352331607,66.83937823834198,46.611570247933884,59.02203856749312,64.98,0.9336610270582006,0.9035718330443425,2025-07-07 11:38:35.067
/media/vsi-dev/Lacie_2/mndot_workzone_project/Toyota/campaign_0f13274e-1e23-415d-8a6c-56f06a60a20a-Toyota_Prius_-_Austin_-_1/campaign/processed_json/segments/e6b4bacb-a530-472c-8a4f-cfdd6d463762/part_2/006236.json,43.6803658,-92.9775365,0.9801986733067553,83.33,65.28497409326425,66.83937823834198,46.460055096418735,58.057851239669425,64.48,0.9295947173069533,0.9031465364850906,2025-07-07 11:38:35.109
/media/vsi-dev/Lacie_2/mndot_workzone_project/Toyota/campaign_0f13274e-1e23-415d-8a6c-56f06a60a20a-Toyota_Prius_-_Austin_-_1/campaign/processed_json/segments/e6b4bacb-a530-472c-8a4f-cfdd6d463762/part_2/006237.json,43.6803658,-92.9775365,0.9821119255343636,83.68,63.730569948186535,67.87564766839378,57.35537190082645,58.278236914600555,65.85,0.9038893646108774,0.9015176241691607,2025-07-07 11:38:35.136
/media/vsi-dev/Lacie_2/mndot_workzone_project/Toyota/campaign_0f13274e-1e23-415d-8a6c-56f06a60a20a-Toyota_Prius_-_Austin_-_1/campaign/processed_json/segments/e6b4bacb-a530-472c-8a4f-cfdd6d463762/part_2/006238.json,43.6803658,-92.9775365,0.9801986733067553,82.12,66.32124352331607,66.83937823834198,43.333333333333336,31.225895316804408,60.49,0.9304547158078552,0.9411309881474402,2025-07-07 11:38:35.175
/media/vsi-dev/Lacie_2/mndot_workzone_project/Toyota/campaign_0f13274e-1e23-415d-8a6c-56f06a60a20a-Toyota_Prius_-_Austin_-_1/campaign/processed_json/segments/e6b4bacb-a530-472c-8a4f-cfdd6d463762/part_2/006239.json,43.6803658,-92.9775365,0.9811670975774323,83.01,67.35751295336787,66.83937823834198,58.31955922865014,33.994490358126725,63.32,0.9036023599784445,0.9396755157621586,2025-07-07 11:38:35.204
/media/vsi-dev/Lacie_2/mndot_workzone_project/Toyota/campaign_0f13274e-1e23-415d-8a6c-56f06a60a20a-Toyota_Prius_-_Austin_-_1/campaign/processed_json/segments/e6b4bacb-a530-472c-8a4f-cfdd6d463762/part_2/006240.json,43.6803658,-92.9775365,0.9811670975774323,83.3,67.35751295336787,66.83937823834198,43.82920110192837,56.62534435261708,64.46,0.9264071024635198,0.9002162322847108,2025-07-07 11:38:35.242
/media/vsi-dev/Lacie_2/mndot_workzone_project/Toyota/campaign_0f13274e-1e23-415d-8a6c-56f06a60a20a-Toyota_Prius_-_Austin_-_1/campaign/processed_json/segments/e6b4bacb-a530-472c-8a4f-cfdd6d463762/part_2/006241.json,43.6803658,-92.9775365,0.9909288930014639,83.07,64.24870466321244,66.83937823834198,45.743801652892564,56.8732782369146,63.7,0.8960550173281637,0.8992938565154489,2025-07-07 11:38:35.271
/media/vsi-dev/Lacie_2/mndot_workzone_project/Toyota/campaign_0f13274e-1e23-415d-8a6c-56f06a60a20a-Toyota_Prius_-_Austin_-_1/campaign/processed_json/segments/e6b4bacb-a530-472c-8a4f-cfdd6d463762/part_2/006242.json,43.6803658,-92.9775365,0.9856539001953453,84.05,65.80310880829016,66.83937823834198,62.07988980716254,56.99724517906336,66.64,0.8976164401171933,0.8994600720790773,2025-07-07 11:38:35.306
/media/vsi-dev/Lacie_2/mndot_workzone_project/Toyota/campaign_0f13274e-1e23-415d-8a6c-56f06a60a20a-Toyota_Prius_-_Austin_-_1/campaign/processed_json/segments/e6b4bacb-a530-472c-8a4f-cfdd6d463762/part_2/006243.json,43.6803658,-92.9775365,0.9982016190284373,84.86,67.87564766839378,66.83937823834198,62.24517906336088,56.14325068870524,67.2,0.9035255019285326,0.9019574265158374,2025-07-07 11:38:35.337
/media/vsi-dev/Lacie_2/mndot_workzone_project/Toyota/campaign_0f13274e-1e23-415d-8a6c-56f06a60a20a-Toyota_Prius_-_Austin_-_1/campaign/processed_json/segments/e6b4bacb-a530-472c-8a4f-cfdd6d463762/part_2/006244.json,43.6803658,-92.9775365,0.9848041402180955,83.38,67.87564766839378,66.83937823834198,42.011019283746556,55.853994490358126,64.24,0.9260841447908073,0.9029039562911062,2025-07-07 11:38:35.370
/media/vsi-dev/Lacie_2/mndot_workzone_project/Toyota/campaign_0f13274e-1e23-415d-8a6c-56f06a60a20a-Toyota_Prius_-_Austin_-_1/campaign/processed_json/segments/e6b4bacb-a530-472c-8a4f-cfdd6d463762/part_2/006245.json,43.6803658,-92.9775365,0,37.67,46.63212435233161,66.83937823834198,5.550964187327824,41.8732782369146,49.99,0.8635612557248603,0.903491161939786,2025-07-07 11:38:35.404
/media/vsi-dev/Lacie_2/mndot_workzone_project/Toyota/campaign_0f13274e-1e23-415d-8a6c-56f06a60a20a-Toyota_Prius_-_Austin_-_1/campaign/processed_json/segments/e6b4bacb-a530-472c-8a4f-cfdd6d463762/part_2/006246.json,43.6803658,-92.9775365,0.9771525479278598,83.45,67.87564766839378,66.83937823834198,47.03856749311295,56.570247933884296,65.11,0.9282856660159093,0.9032651078483541,2025-07-07 11:38:35.438
/media/vsi-dev/Lacie_2/mndot_workzone_project/Toyota/campaign_0f13274e-1e23-415d-8a6c-56f06a60a20a-Toyota_Prius_-_Austin_-_1/campaign/processed_json/segments/e6b4bacb-a530-472c-8a4f-cfdd6d463762/part_2/006247.json,43.6803658,-92.9775365,0.9922179382602435,83.81,66.32124352331607,66.83937823834198,47.5206611570248,55.68870523415978,64.58,0.9251744538355462,0.9040179024415894,2025-07-07 11:38:35.470
/media/vsi-dev/Lacie_2/mndot_workzone_project/Toyota/campaign_0f13274e-1e23-415d-8a6c-56f06a60a20a-Toyota_Prius_-_Austin_-_1/campaign/processed_json/segments/e6b4bacb-a530-472c-8a4f-cfdd6d463762/part_2/006248.json,43.6803658,-92.9775365,0.9902478635182347,82.22,64.24870466321244,67.35751295336787,29.421487603305785,54.98622589531681,61.21,0.9093219825488262,0.9031470753446942,2025-07-07 11:38:35.505
/media/vsi-dev/Lacie_2/mndot_workzone_project/Toyota/campaign_0f13274e-1e23-415d-8a6c-56f06a60a20a-Toyota_Prius_-_Austin_-_1/campaign/processed_json/segments/e6b4bacb-a530-472c-8a4f-cfdd6d463762/part_2/006249.json,43.6803658,-92.9775365,0.9704334030551546,82.34,63.730569948186535,66.83937823834198,49.201101928374655,55.33057851239669,63.84,0.8958414465010649,0.9028923158084488,2025-07-07 11:38:35.538
/media/vsi-dev/Lacie_2/mndot_workzone_project/Toyota/campaign_0f13274e-1e23-415d-8a6c-56f06a60a20a-Toyota_Prius_-_Austin_-_1/campaign/processed_json/segments/e6b4bacb-a530-472c-8a4f-cfdd6d463762/part_2/006250.json,43.6803658,-92.9775365,0.9811670975774323,82.96,63.730569948186535,66.83937823834198,51.52892561983471,54.88980716253443,64.16,0.9026048639754933,0.9020868945386763,2025-07-07 11:38:35.572
/media/vsi-dev/Lacie_2/mndot_workzone_project/Toyota/campaign_0f13274e-1e23-415d-8a6c-56f06a60a20a-Toyota_Prius_-_Austin_-_1/campaign/processed_json/segments/e6b4bacb-a530-472c-8a4f-cfdd6d463762/part_2/006251.json,43.6803658,-92.9775365,0.9801986733067553,82.66,62.69430051813472,66.83937823834198,45.37190082644628,54.57300275482093,62.98,0.9235859179217696,0.9026651383965273,2025-07-07 11:38:35.609
/media/vsi-dev/Lacie_2/mndot_workzone_project/Toyota/campaign_0f13274e-1e23-415d-8a6c-56f06a60a20a-Toyota_Prius_-_Austin_-_1/campaign/processed_json/segments/e6b4bacb-a530-472c-8a4f-cfdd6d463762/part_2/006252.json,43.6803658,-92.9775365,0.9781913242622373,82.67,63.730569948186535,66.83937823834198,47.42424242424242,54.51790633608815,63.53,0.9101770570054839,0.9030635375860551,2025-07-07 11:38:35.647
/media/vsi-dev/Lacie_2/mndot_workzone_project/Toyota/campaign_0f13274e-1e23-415d-8a6c-56f06a60a20a-Toyota_Prius_-_Austin_-_1/campaign/processed_json/segments/e6b4bacb-a530-472c-8a4f-cfdd6d463762/part_2/006253.json,43.6803658,-92.9775365,0.9801986733067553,82.66,64.24870466321244,66.83937823834198,46.91460055096419,54.64187327823692,63.57,0.8995872830328038,0.9025255892635009,2025-07-07 11:38:35.689
/media/vsi-dev/Lacie_2/mndot_workzone_project/Toyota/campaign_0f13274e-1e23-415d-8a6c-56f06a60a20a-Toyota_Prius_-_Austin_-_1/campaign/processed_json/segments/e6b4bacb-a530-472c-8a4f-cfdd6d463762/part_2/006254.json,43.6803735,-92.9772647,0.9811670975774323,83.34,66.83937823834198,66.83937823834198,50.15151515151515,54.39393939393939,64.86,0.9122270331841442,0.9025283177670121,2025-07-07 11:38:35.709
/media/vsi-dev/Lacie_2/mndot_workzone_project/Toyota/campaign_0f13274e-1e23-415d-8a6c-56f06a60a20a-Toyota_Prius_-_Austin_-_1/campaign/processed_json/segments/e6b4bacb-a530-472c-8a4f-cfdd6d463762/part_2/006255.json,43.6803735,-92.9772647,0.9760904721403703,82.98,65.80310880829016,66.83937823834198,45.289256198347104,55.05509641873279,64.01,0.9304053274481233,0.9029303322145467,2025-07-07 11:38:35.734
/media/vsi-dev/Lacie_2/mndot_workzone_project/Toyota/campaign_0f13274e-1e23-415d-8a6c-56f06a60a20a-Toyota_Prius_-_Austin_-_1/campaign/processed_json/segments/e6b4bacb-a530-472c-8a4f-cfdd6d463762/part_2/006256.json,43.6803735,-92.9772647,0,41.15,60.62176165803109,67.87564766839378,12.43801652892562,55.619834710743795,57.78,0.9001561411095791,0.9033651300297543,2025-07-07 11:38:35.770
/media/vsi-dev/Lacie_2/mndot_workzone_project/Toyota/campaign_0f13274e-1e23-415d-8a6c-56f06a60a20a-Toyota_Prius_-_Austin_-_1/campaign/processed_json/segments/e6b4bacb-a530-472c-8a4f-cfdd6d463762/part_2/006257.json,43.6803735,-92.9772647,0,38.16,58.549222797927456,65.80310880829016,25.11019283746557,1.887052341597796,50.36,0.8988111841619817,0.9025324666378621,2025-07-07 11:38:35.804
/media/vsi-dev/Lacie_2/mndot_workzone_project/Toyota/campaign_0f13274e-1e23-415d-8a6c-56f06a60a20a-Toyota_Prius_-_Austin_-_1/campaign/processed_json/segments/e6b4bacb-a530-472c-8a4f-cfdd6d463762/part_2/006258.json,43.6803735,-92.9772647,0.9872815715902905,82.23,57.51295336787565,67.87564766839378,44.62809917355372,56.65289256198347,61.82,0.8991331137043,0.9023560535051394,2025-07-07 11:38:35.839
/media/vsi-dev/Lacie_2/mndot_workzone_project/Toyota/campaign_0f13274e-1e23-415d-8a6c-56f06a60a20a-Toyota_Prius_-_Austin_-_1/campaign/processed_json/segments/e6b4bacb-a530-472c-8a4f-cfdd6d463762/part_2/006259.json,43.6803735,-92.9772647,0.9880593620427125,80.61,51.29533678756477,67.87564766839378,31.790633608815426,56.26721763085399,57.92,0.8880014030705083,0.9038740345260868,2025-07-07 11:38:35.873
/media/vsi-dev/Lacie_2/mndot_workzone_project/Toyota/campaign_0f13274e-1e23-415d-8a6c-56f06a60a20a-Toyota_Prius_-_Austin_-_1/campaign/processed_json/segments/e6b4bacb-a530-472c-8a4f-cfdd6d463762/part_2/006260.json,43.6803735,-92.9772647,0.9856539001953453,82.16,60.62176165803109,67.87564766839378,42.86501377410468,56.48760330578513,62.35,0.8767716848947164,0.9029084509938264,2025-07-07 11:38:35.902
/media/vsi-dev/Lacie_2/mndot_workzone_project/Toyota/campaign_0f13274e-1e23-415d-8a6c-56f06a60a20a-Toyota_Prius_-_Austin_-_1/campaign/processed_json/segments/e6b4bacb-a530-472c-8a4f-cfdd6d463762/part_2/006261.json,43.6803735,-92.9772647,0,40.02,54.92227979274611,67.87564766839378,7.2865013774104685,57.327823691460054,55.45,0.8815784610058467,0.9024861503495198,2025-07-07 11:38:35.936
/media/vsi-dev/Lacie_2/mndot_workzone_project/Toyota/campaign_0f13274e-1e23-415d-8a6c-56f06a60a20a-Toyota_Prius_-_Austin_-_1/campaign/processed_json/segments/e6b4bacb-a530-472c-8a4f-cfdd6d463762/part_2/006262.json,43.6803735,-92.9772647,0.9801986733067553,83.48,65.80310880829016,67.87564766839378,48.05785123966942,56.391184573002754,64.92,0.9271038005337664,0.902969085311995,2025-07-07 11:38:35.971
/media/vsi-dev/Lacie_2/mndot_workzone_project/Toyota/campaign_0f13274e-1e23-415d-8a6c-56f06a60a20a-Toyota_Prius_-_Austin_-_1/campaign/processed_json/segments/e6b4bacb-a530-472c-8a4f-cfdd6d463762/part_2/006263.json,43.6803735,-92.9772647,0,37.52,51.813471502590666,68.9119170984456,21.515151515151516,9.352617079889807,49.67,0.8629555823035525,0.9022786863225841,2025-07-07 11:38:36.005
/media/vsi-dev/Lacie_2/mndot_workzone_project/Toyota/campaign_0f13274e-1e23-415d-8a6c-56f06a60a20a-Toyota_Prius_-_Austin_-_1/campaign/processed_json/segments/e6b4bacb-a530-472c-8a4f-cfdd6d463762/part_2/006264.json,43.6803735,-92.9772647,0.9839305142725083,82.52,60.62176165803109,68.39378238341969,40.853994490358126,56.11570247933885,62.36,0.9188341260122651,0.9028444439673814,2025-07-07 11:38:36.039
/media/vsi-dev/Lacie_2/mndot_workzone_project/Toyota/campaign_0f13274e-1e23-415d-8a6c-56f06a60a20a-Toyota_Prius_-_Austin_-_1/campaign/processed_json/segments/e6b4bacb-a530-472c-8a4f-cfdd6d463762/part_2/006265.json,43.6803735,-92.9772647,0.9801986733067553,82.81,60.62176165803109,67.87564766839378,52.410468319559236,56.41873278236914,63.9,0.9028570415570429,0.9015497310486252,2025-07-07 11:38:36.069
/media/vsi-dev/Lacie_2/mndot_workzone_project/Toyota/campaign_0f13274e-1e23-415d-8a6c-56f06a60a20a-Toyota_Prius_-_Austin_-_1/campaign/processed_json/segments/e6b4bacb-a530-472c-8a4f-cfdd6d463762/part_2/006266.json,43.6803735,-92.9772647,0.9839305142725083,83.7,65.28497409326425,68.9119170984456,49.11845730027548,56.294765840220386,65.2,0.9226167604006662,0.9032261697842358,2025-07-07 11:38:36.114
/media/vsi-dev/Lacie_2/mndot_workzone_project/Toyota/campaign_0f13274e-1e23-415d-8a6c-56f06a60a20a-Toyota_Prius_-_Austin_-_1/campaign/processed_json/segments/e6b4bacb-a530-472c-8a4f-cfdd6d463762/part_2/006267.json,43.6803735,-92.9772647,0.9704334030551546,83.14,67.35751295336787,68.9119170984456,41.570247933884296,56.515151515151516,64.8,0.9368277055941325,0.9035791272891615,2025-07-07 11:38:36.140
/media/vsi-dev/Lacie_2/mndot_workzone_project/Toyota/campaign_0f13274e-1e23-415d-8a6c-56f06a60a20a-Toyota_Prius_-_Austin_-_1/campaign/processed_json/segments/e6b4bacb-a530-472c-8a4f-cfdd6d463762/part_2/006268.json,43.6803735,-92.9772647,0.9848041402180955,83.67,63.730569948186535,68.9119170984456,53.19559228650138,56.21212121212121,65.28,0.9118187816364348,0.9042699144140487,2025-07-07 11:38:36.173
/media/vsi-dev/Lacie_2/mndot_workzone_project/Toyota/campaign_0f13274e-1e23-415d-8a6c-56f06a60a20a-Toyota_Prius_-_Austin_-_1/campaign/processed_json/segments/e6b4bacb-a530-472c-8a4f-cfdd6d463762/part_2/006269.json,43.6803735,-92.9772647,0.9902478635182347,84.57,65.80310880829016,68.39378238341969,61.03305785123967,57.17630853994491,67.06,0.9102350817129443,0.9037122567070744,2025-07-07 11:38:36.205
/media/vsi-dev/Lacie_2/mndot_workzone_project/Toyota/campaign_0f13274e-1e23-415d-8a6c-56f06a60a20a-Toyota_Prius_-_Austin_-_1/campaign/processed_json/segments/e6b4bacb-a530-472c-8a4f-cfdd6d463762/part_2/006270.json,43.6803735,-92.9772647,0.9880593620427125,84.7,67.87564766839378,68.39378238341969,63.51239669421488,55.757575757575765,67.8,0.9060258248874644,0.9001768024294139,2025-07-07 11:38:36.245
/media/vsi-dev/Lacie_2/mndot_workzone_project/Toyota/campaign_0f13274e-1e23-415d-8a6c-56f06a60a20a-Toyota_Prius_-_Austin_-_1/campaign/processed_json/segments/e6b4bacb-a530-472c-8a4f-cfdd6d463762/part_2/006271.json,43.6803735,-92.9772647,0.9872815715902905,84.37,70.46632124352331,68.9119170984456,44.269972451790636,57.107438016528924,66.22,0.9357052329838771,0.9034840746447111,2025-07-07 11:38:36.280
/media/vsi-dev/Lacie_2/mndot_workzone_project/Toyota/campaign_0f13274e-1e23-415d-8a6c-56f06a60a20a-Toyota_Prius_-_Austin_-_1/campaign/processed_json/segments/e6b4bacb-a530-472c-8a4f-cfdd6d463762/part_2/006272.json,43.6803735,-92.9772647,0.9922179382602435,85.18,68.9119170984456,69.43005181347151,62.74104683195593,56.473829201101935,68.44,0.9082734679986123,0.9031915385516546,2025-07-07 11:38:36.305
/media/vsi-dev/Lacie_2/mndot_workzone_project/Toyota/campaign_0f13274e-1e23-415d-8a6c-56f06a60a20a-Toyota_Prius_-_Austin_-_1/campaign/processed_json/segments/e6b4bacb-a530-472c-8a4f-cfdd6d463762/part_2/006273.json,43.6803735,-92.9772647,0.9872815715902905,83.79,66.83937823834198,68.9119170984456,42.561983471074385,56.83195592286502,64.82,0.9348471742974716,0.9024600350805801,2025-07-07 11:38:36.333
/media/vsi-dev/Lacie_2/mndot_workzone_project/Toyota/campaign_0f13274e-1e23-415d-8a6c-56f06a60a20a-Toyota_Prius_-_Austin_-_1/campaign/processed_json/segments/e6b4bacb-a530-472c-8a4f-cfdd6d463762/part_2/006274.json,43.6803735,-92.9772647,0.9848041402180955,82.7,60.10362694300518,68.9119170984456,41.088154269972456,56.73553719008264,62.53,0.9274899664126367,0.9025265482749094,2025-07-07 11:38:36.367
/media/vsi-dev/Lacie_2/mndot_workzone_project/Toyota/campaign_0f13274e-1e23-415d-8a6c-56f06a60a20a-Toyota_Prius_-_Austin_-_1/campaign/processed_json/segments/e6b4bacb-a530-472c-8a4f-cfdd6d463762/part_2/006275.json,43.6803735,-92.9772647,0.9848041402180955,83.84,66.83937823834198,68.9119170984456,47.24517906336088,56.528925619834716,65.43,0.9261538492336902,0.9018983887528068,2025-07-07 11:38:36.403
/media/vsi-dev/Lacie_2/mndot_workzone_project/Toyota/campaign_0f13274e-1e23-415d-8a6c-56f06a60a20a-Toyota_Prius_-_Austin_-_1/campaign/processed_json/segments/e6b4bacb-a530-472c-8a4f-cfdd6d463762/part_2/006276.json,43.6803735,-92.9772647,0.9909288930014639,83.95,66.83937823834198,68.9119170984456,43.85674931129477,57.011019283746556,65.01,0.9326056512541367,0.8984476765616976,2025-07-07 11:38:36.437
/media/vsi-dev/Lacie_2/mndot_workzone_project/Toyota/campaign_0f13274e-1e23-415d-8a6c-56f06a60a20a-Toyota_Prius_-_Austin_-_1/campaign/processed_json/segments/e6b4bacb-a530-472c-8a4f-cfdd6d463762/part_2/006277.json,43.6803735,-92.9772647,0.9934093144689159,85.27,68.9119170984456,68.9119170984456,64.00826446280992,57.617079889807165,68.63,0.9080070521003233,0.8998111515720255,2025-07-07 11:38:36.472
/media/vsi-dev/Lacie_2/mndot_workzone_project/Toyota/campaign_0f13274e-1e23-415d-8a6c-56f06a60a20a-Toyota_Prius_-_Austin_-_1/campaign/processed_json/segments/e6b4bacb-a530-472c-8a4f-cfdd6d463762/part_2/006278.json,43.6803735,-92.9772647,0.9922179382602435,83.65,64.76683937823834,68.9119170984456,41.72176308539945,56.63911845730028,64.03,0.9343608514283601,0.9004950733598663,2025-07-07 11:38:36.511
/media/vsi-dev/Lacie_2/mndot_workzone_project/Toyota/campaign_0f13274e-1e23-415d-8a6c-56f06a60a20a-Toyota_Prius_-_Austin_-_1/campaign/processed_json/segments/e6b4bacb-a530-472c-8a4f-cfdd6d463762/part_2/006279.json,43.6803735,-92.9772647,0.9902478635182347,84.15,67.35751295336787,68.9119170984456,46.15702479338843,56.900826446280995,65.51,0.9333784566266073,0.9003536307667164,2025-07-07 11:38:36.544
/media/vsi-dev/Lacie_2/mndot_workzone_project/Toyota/campaign_0f13274e-1e23-415d-8a6c-56f06a60a20a-Toyota_Prius_-_Austin_-_1/campaign/processed_json/segments/e6b4bacb-a530-472c-8a4f-cfdd6d463762/part_2/006280.json,43.6803735,-92.9772647,0.9922179382602435,82.56,57.51295336787565,68.9119170984456,40.909090909090914,56.10192837465565,61.6,0.9238186872617185,0.8997378094787312,2025-07-07 11:38:36.568
/media/vsi-dev/Lacie_2/mndot_workzone_project/Toyota/campaign_0f13274e-1e23-415d-8a6c-56f06a60a20a-Toyota_Prius_-_Austin_-_1/campaign/processed_json/segments/e6b4bacb-a530-472c-8a4f-cfdd6d463762/part_2/006281.json,43.6803735,-92.9772647,0,42.48,72.53886010362694,68.9119170984456,5.220385674931129,57.34159779614325,60.88,0.9134903596687985,0.899345176516841,2025-07-07 11:38:36.603
/media/vsi-dev/Lacie_2/mndot_workzone_project/Toyota/campaign_0f13274e-1e23-415d-8a6c-56f06a60a20a-Toyota_Prius_-_Austin_-_1/campaign/processed_json/segments/e6b4bacb-a530-472c-8a4f-cfdd6d463762/part_2/006282.json,43.6803735,-92.9772647,0,41.91,69.94818652849742,68.9119170984456,2.878787878787879,56.81818181818182,59.64,0.9053710682438681,0.8999555835626396,2025-07-07 11:38:36.637
/media/vsi-dev/Lacie_2/mndot_workzone_project/Toyota/campaign_0f13274e-1e23-415d-8a6c-56f06a60a20a-Toyota_Prius_-_Austin_-_1/campaign/processed_json/segments/e6b4bacb-a530-472c-8a4f-cfdd6d463762/part_2/006283.json,43.6803735,-92.9772647,0.9963940172279344,81.83,50.259067357512954,68.9119170984456,45.46831955922865,56.845730027548214,60.07,0.8930443154833808,0.9015385732954696,2025-07-07 11:38:36.676
/media/vsi-dev/Lacie_2/mndot_workzone_project/Toyota/campaign_0f13274e-1e23-415d-8a6c-56f06a60a20a-Toyota_Prius_-_Austin_-_1/campaign/processed_json/segments/e6b4bacb-a530-472c-8a4f-cfdd6d463762/part_2/006284.json,43.6803817,-92.9769893,0,41.27,73.05699481865285,68.9119170984456,0.0,55.84022038567493,59.67,0.8377442781022373,0.9024019453361279,2025-07-07 11:38:36.712
/media/vsi-dev/Lacie_2/mndot_workzone_project/Toyota/campaign_0f13274e-1e23-415d-8a6c-56f06a60a20a-Toyota_Prius_-_Austin_-_1/campaign/processed_json/segments/e6b4bacb-a530-472c-8a4f-cfdd6d463762/part_2/006285.json,43.6803817,-92.9769893,0.9992003199146837,84.22,64.76683937823834,68.9119170984456,48.278236914600555,55.78512396694215,64.87,0.9259696458279538,0.9047431036197929,2025-07-07 11:38:36.737
/media/vsi-dev/Lacie_2/mndot_workzone_project/Toyota/campaign_0f13274e-1e23-415d-8a6c-56f06a60a20a-Toyota_Prius_-_Austin_-_1/campaign/processed_json/segments/e6b4bacb-a530-472c-8a4f-cfdd6d463762/part_2/006286.json,43.6803817,-92.9769893,0.9945026659478988,79.91,56.476683937823836,68.9119170984456,0.0,56.37741046831955,55.12,0.9042326807804884,0.9043326494603978,2025-07-07 11:38:36.776
/media/vsi-dev/Lacie_2/mndot_workzone_project/Toyota/campaign_0f13274e-1e23-415d-8a6c-56f06a60a20a-Toyota_Prius_-_Austin_-_1/campaign/processed_json/segments/e6b4bacb-a530-472c-8a4f-cfdd6d463762/part_2/006287.json,43.6803817,-92.9769893,0,41.88,73.05699481865285,68.9119170984456,14.325068870523417,52.603305785123965,61.31,0.8349873103915435,0.9008866109120842,2025-07-07 11:38:36.809
/media/vsi-dev/Lacie_2/mndot_workzone_project/Toyota/campaign_0f13274e-1e23-415d-8a6c-56f06a60a20a-Toyota_Prius_-_Austin_-_1/campaign/processed_json/segments/e6b4bacb-a530-472c-8a4f-cfdd6d463762/part_2/006288.json,43.6803817,-92.9769893,0.9954976660309717,73.83,55.95854922279793,0.0,35.44077134986226,53.85674931129476,39.32,0.9148967036703057,0.9130686331642214,2025-07-07 11:38:36.840
/media/vsi-dev/Lacie_2/mndot_workzone_project/Toyota/campaign_0f13274e-1e23-415d-8a6c-56f06a60a20a-Toyota_Prius_-_Austin_-_1/campaign/processed_json/segments/e6b4bacb-a530-472c-8a4f-cfdd6d463762/part_2/006289.json,43.6803817,-92.9769893,0.9727652403079083,83.07,65.80310880829016,68.9119170984456,49.586776859504134,53.85674931129476,65.01,0.914038790040154,0.9017750915029531,2025-07-07 11:38:36.869
/media/vsi-dev/Lacie_2/mndot_workzone_project/Toyota/campaign_0f13274e-1e23-415d-8a6c-56f06a60a20a-Toyota_Prius_-_Austin_-_1/campaign/processed_json/segments/e6b4bacb-a530-472c-8a4f-cfdd6d463762/part_2/006290.json,43.6803817,-92.9769893,0.9692207345544688,79.52,63.730569948186535,68.39378238341969,52.24517906336088,0.5234159779614325,56.61,0.9078147792402819,0.9033062258213543,2025-07-07 11:38:36.907
/media/vsi-dev/Lacie_2/mndot_workzone_project/Toyota/campaign_0f13274e-1e23-415d-8a6c-56f06a60a20a-Toyota_Prius_-_Austin_-_1/campaign/processed_json/segments/e6b4bacb-a530-472c-8a4f-cfdd6d463762/part_2/006291.json,43.6803817,-92.9769893,0.9671229642340716,79.88,64.76683937823834,66.83937823834198,54.72451790633609,0.0,56.91,0.9016549638800869,0.9417641746182291,2025-07-07 11:38:36.946
/media/vsi-dev/Lacie_2/mndot_workzone_project/Toyota/campaign_0f13274e-1e23-415d-8a6c-56f06a60a20a-Toyota_Prius_-_Austin_-_1/campaign/processed_json/segments/e6b4bacb-a530-472c-8a4f-cfdd6d463762/part_2/006292.json,43.6803817,-92.9769893,0.9689207832993832,79.99,65.80310880829016,67.87564766839378,58.20936639118457,0.9366391184573003,57.99,0.9027870111182518,0.9009026955441639,2025-07-07 11:38:36.969
/media/vsi-dev/Lacie_2/mndot_workzone_project/Toyota/campaign_0f13274e-1e23-415d-8a6c-56f06a60a20a-Toyota_Prius_-_Austin_-_1/campaign/processed_json/segments/e6b4bacb-a530-472c-8a4f-cfdd6d463762/part_2/006293.json,43.6803817,-92.9769893,0.9801986733067553,82.88,64.76683937823834,68.9119170984456,41.77685950413223,53.099173553719005,63.48,0.9296554560542564,0.8988026162159248,2025-07-07 11:38:37.006
/media/vsi-dev/Lacie_2/mndot_workzone_project/Toyota/campaign_0f13274e-1e23-415d-8a6c-56f06a60a20a-Toyota_Prius_-_Austin_-_1/campaign/processed_json/segments/e6b4bacb-a530-472c-8a4f-cfdd6d463762/part_2/006294.json,43.6803817,-92.9769893,0,46.88,73.05699481865285,67.87564766839378,84.71074380165288,50.840220385674925,71.71,0.9210381361239208,0.8988700807353786,2025-07-07 11:38:37.044
/media/vsi-dev/Lacie_2/mndot_workzone_project/Toyota/campaign_0f13274e-1e23-415d-8a6c-56f06a60a20a-Toyota_Prius_-_Austin_-_1/campaign/processed_json/segments/e6b4bacb-a530-472c-8a4f-cfdd6d463762/part_2/006295.json,43.6803817,-92.9769893,0,41.75,74.09326424870466,67.87564766839378,0.0,49.269972451790636,59.05,0.911245504317687,0.901917952892149,2025-07-07 11:38:37.070
/media/vsi-dev/Lacie_2/mndot_workzone_project/Toyota/campaign_0f13274e-1e23-415d-8a6c-56f06a60a20a-Toyota_Prius_-_Austin_-_1/campaign/processed_json/segments/e6b4bacb-a530-472c-8a4f-cfdd6d463762/part_2/006296.json,43.6803817,-92.9769893,0.9781913242622373,79.73,65.28497409326425,66.83937823834198,49.0633608815427,0.0,56.08,0.9195936622866223,0.8973427568578312,2025-07-07 11:38:37.103
/media/vsi-dev/Lacie_2/mndot_workzone_project/Toyota/campaign_0f13274e-1e23-415d-8a6c-56f06a60a20a-Toyota_Prius_-_Austin_-_1/campaign/processed_json/segments/e6b4bacb-a530-472c-8a4f-cfdd6d463762/part_2/006297.json,43.6803817,-92.9769893,0,41.78,73.05699481865285,67.87564766839378,0.1652892561983471,52.27272727272727,59.2,0.9108195372417165,0.8991066054562823,2025-07-07 11:38:37.135
/media/vsi-dev/Lacie_2/mndot_workzone_project/Toyota/campaign_0f13274e-1e23-415d-8a6c-56f06a60a20a-Toyota_Prius_-_Austin_-_1/campaign/processed_json/segments/e6b4bacb-a530-472c-8a4f-cfdd6d463762/part_2/006298.json,43.6803817,-92.9769893,0,39.7,73.05699481865285,66.83937823834198,11.556473829201101,0.22038567493112945,52.99,0.9182556247520123,0.9326186663536626,2025-07-07 11:38:37.176
/media/vsi-dev/Lacie_2/mndot_workzone_project/Toyota/campaign_0f13274e-1e23-415d-8a6c-56f06a60a20a-Toyota_Prius_-_Austin_-_1/campaign/processed_json/segments/e6b4bacb-a530-472c-8a4f-cfdd6d463762/part_2/006299.json,43.6803817,-92.9769893,0,43.02,74.61139896373057,67.87564766839378,18.622589531680443,51.90082644628099,62.36,0.9070005516209816,0.9010406108833158,2025-07-07 11:38:37.211
/media/vsi-dev/Lacie_2/mndot_workzone_project/Toyota/campaign_0f13274e-1e23-415d-8a6c-56f06a60a20a-Toyota_Prius_-_Austin_-_1/campaign/processed_json/segments/e6b4bacb-a530-472c-8a4f-cfdd6d463762/part_2/006300.json,43.6803817,-92.9769893,0,47.71,73.05699481865285,67.87564766839378,98.34710743801654,52.5206611570248,73.97,0.909116681584562,0.9027098881455551,2025-07-07 11:38:37.241
/media/vsi-dev/Lacie_2/mndot_workzone_project/Toyota/campaign_0f13274e-1e23-415d-8a6c-56f06a60a20a-Toyota_Prius_-_Austin_-_1/campaign/processed_json/segments/e6b4bacb-a530-472c-8a4f-cfdd6d463762/part_2/006301.json,43.6803817,-92.9769893,0,46.09,73.05699481865285,66.83937823834198,96.95592286501378,22.961432506887054,69.17,0.9105784974612012,0.9317586090064125,2025-07-07 11:38:37.272
/media/vsi-dev/Lacie_2/mndot_workzone_project/Toyota/campaign_0f13274e-1e23-415d-8a6c-56f06a60a20a-Toyota_Prius_-_Austin_-_1/campaign/processed_json/segments/e6b4bacb-a530-472c-8a4f-cfdd6d463762/part_2/006302.json,43.6803817,-92.9769893,0,46.6,73.05699481865285,66.32124352331607,98.71900826446281,29.242424242424242,70.26,0.9078050118877923,0.9419189215727262,2025-07-07 11:38:37.307
/media/vsi-dev/Lacie_2/mndot_workzone_project/Toyota/campaign_0f13274e-1e23-415d-8a6c-56f06a60a20a-Toyota_Prius_-_Austin_-_1/campaign/processed_json/segments/e6b4bacb-a530-472c-8a4f-cfdd6d463762/part_2/006303.json,43.6803817,-92.9769893,0,39.23,73.05699481865285,66.83937823834198,1.3498622589531681,1.2121212121212122,51.64,0.9168531296604564,0.9410195575982923,2025-07-07 11:38:37.344
/media/vsi-dev/Lacie_2/mndot_workzone_project/Toyota/campaign_0f13274e-1e23-415d-8a6c-56f06a60a20a-Toyota_Prius_-_Austin_-_1/campaign/processed_json/segments/e6b4bacb-a530-472c-8a4f-cfdd6d463762/part_2/006304.json,43.6803817,-92.9769893,0.9690332544750109,78.12,53.36787564766839,67.87564766839378,0.0,53.553719008264466,53.41,0.8991348375364161,0.9007448580105167,2025-07-07 11:38:37.379
/media/vsi-dev/Lacie_2/mndot_workzone_project/Toyota/campaign_0f13274e-1e23-415d-8a6c-56f06a60a20a-Toyota_Prius_-_Austin_-_1/campaign/processed_json/segments/e6b4bacb-a530-472c-8a4f-cfdd6d463762/part_2/006305.json,43.6803817,-92.9769893,0,38.57,69.94818652849742,67.87564766839378,1.1294765840220387,3.2231404958677685,51.07,0.9149619738813253,0.8988210103921035,2025-07-07 11:38:37.404
/media/vsi-dev/Lacie_2/mndot_workzone_project/Toyota/campaign_0f13274e-1e23-415d-8a6c-56f06a60a20a-Toyota_Prius_-_Austin_-_1/campaign/processed_json/segments/e6b4bacb-a530-472c-8a4f-cfdd6d463762/part_2/006306.json,43.6803817,-92.9769893,0,38.26,68.9119170984456,66.83937823834198,1.0606060606060608,0.8402203856749311,50.12,0.9226073378357017,0.898677690311973,2025-07-07 11:38:37.438
/media/vsi-dev/Lacie_2/mndot_workzone_project/Toyota/campaign_0f13274e-1e23-415d-8a6c-56f06a60a20a-Toyota_Prius_-_Austin_-_1/campaign/processed_json/segments/e6b4bacb-a530-472c-8a4f-cfdd6d463762/part_2/006307.json,43.6803817,-92.9769893,0,47.41,72.53886010362694,67.87564766839378,94.64187327823691,53.278236914600555,73.35,0.9089110367336348,0.8980792991894223,2025-07-07 11:38:37.471
/media/vsi-dev/Lacie_2/mndot_workzone_project/Toyota/campaign_0f13274e-1e23-415d-8a6c-56f06a60a20a-Toyota_Prius_-_Austin_-_1/campaign/processed_json/segments/e6b4bacb-a530-472c-8a4f-cfdd6d463762/part_2/006308.json,43.6803817,-92.9769893,0,39.38,73.05699481865285,67.87564766839378,0.0,13.526170798898072,53.33,0.906951151526215,0.8977938031874738,2025-07-07 11:38:37.507
/media/vsi-dev/Lacie_2/mndot_workzone_project/Toyota/campaign_0f13274e-1e23-415d-8a6c-56f06a60a20a-Toyota_Prius_-_Austin_-_1/campaign/processed_json/segments/e6b4bacb-a530-472c-8a4f-cfdd6d463762/part_2/006309.json,43.6803817,-92.9769893,0.9671229642340716,81.75,65.28497409326425,66.83937823834198,36.5564738292011,52.94765840220386,62.16,0.9243431127218427,0.8956919517438655,2025-07-07 11:38:37.539
/media/vsi-dev/Lacie_2/mndot_workzone_project/Toyota/campaign_0f13274e-1e23-415d-8a6c-56f06a60a20a-Toyota_Prius_-_Austin_-_1/campaign/processed_json/segments/e6b4bacb-a530-472c-8a4f-cfdd6d463762/part_2/006310.json,43.6803817,-92.9769893,0.9682212468815178,79.27,64.76683937823834,66.83937823834198,52.75482093663911,0.0,56.39,0.9024738906356112,0.8958129705246328,2025-07-07 11:38:37.579
/media/vsi-dev/Lacie_2/mndot_workzone_project/Toyota/campaign_0f13274e-1e23-415d-8a6c-56f06a60a20a-Toyota_Prius_-_Austin_-_1/campaign/processed_json/segments/e6b4bacb-a530-472c-8a4f-cfdd6d463762/part_2/006311.json,43.6803817,-92.9769893,0.9671229642340716,83.02,67.35751295336787,66.83937823834198,57.947658402203864,52.13498622589532,65.78,0.905987836787316,0.8964136996171805,2025-07-07 11:38:37.605
/media/vsi-dev/Lacie_2/mndot_workzone_project/Toyota/campaign_0f13274e-1e23-415d-8a6c-56f06a60a20a-Toyota_Prius_-_Austin_-_1/campaign/processed_json/segments/e6b4bacb-a530-472c-8a4f-cfdd6d463762/part_2/006312.json,43.6803817,-92.9769893,0.9674348535047814,83.2,68.9119170984456,66.83937823834198,58.84297520661157,50.895316804407706,66.2,0.9063084529295543,0.8962924740828242,2025-07-07 11:38:37.647
/media/vsi-dev/Lacie_2/mndot_workzone_project/Toyota/campaign_0f13274e-1e23-415d-8a6c-56f06a60a20a-Toyota_Prius_-_Austin_-_1/campaign/processed_json/segments/e6b4bacb-a530-472c-8a4f-cfdd6d463762/part_2/006313.json,43.6803817,-92.9769893,0.9686209220161778,81.84,61.13989637305699,66.83937823834198,52.47933884297521,51.680440771349865,62.97,0.8953582882085862,0.8949160852598772,2025-07-07 11:38:37.693
/media/vsi-dev/Lacie_2/mndot_workzone_project/Toyota/campaign_0f13274e-1e23-415d-8a6c-56f06a60a20a-Toyota_Prius_-_Austin_-_1/campaign/processed_json/segments/e6b4bacb-a530-472c-8a4f-cfdd6d463762/part_2/006314.json,43.6803914,-92.9767109,0.9684335543910279,82.65,66.83937823834198,65.28497409326425,59.15977961432507,49.15977961432507,64.87,0.9042480202460558,0.8920498624251133,2025-07-07 11:38:37.709
/media/vsi-dev/Lacie_2/mndot_workzone_project/Toyota/campaign_0f13274e-1e23-415d-8a6c-56f06a60a20a-Toyota_Prius_-_Austin_-_1/campaign/processed_json/segments/e6b4bacb-a530-472c-8a4f-cfdd6d463762/part_2/006315.json,43.6803914,-92.9767109,0.9682212468815178,82.49,64.76683937823834,65.80310880829016,57.06611570247934,51.08815426997245,64.4,0.9054800804827996,0.8949700084231987,2025-07-07 11:38:37.744
/media/vsi-dev/Lacie_2/mndot_workzone_project/Toyota/campaign_0f13274e-1e23-415d-8a6c-56f06a60a20a-Toyota_Prius_-_Austin_-_1/campaign/processed_json/segments/e6b4bacb-a530-472c-8a4f-cfdd6d463762/part_2/006316.json,43.6803914,-92.9767109,0.9689207832993832,81.04,57.51295336787565,63.730569948186535,53.40220385674931,50.39944903581267,60.9,0.8978813893662516,0.894277519191745,2025-07-07 11:38:37.768
/media/vsi-dev/Lacie_2/mndot_workzone_project/Toyota/campaign_0f13274e-1e23-415d-8a6c-56f06a60a20a-Toyota_Prius_-_Austin_-_1/campaign/processed_json/segments/e6b4bacb-a530-472c-8a4f-cfdd6d463762/part_2/006317.json,43.6803914,-92.9767109,0.9689207832993832,82.36,65.28497409326425,63.212435233160626,60.11019283746556,49.57300275482094,64.0,0.9063177645041689,0.8943185647852167,2025-07-07 11:38:37.799
/media/vsi-dev/Lacie_2/mndot_workzone_project/Toyota/campaign_0f13274e-1e23-415d-8a6c-56f06a60a20a-Toyota_Prius_-_Austin_-_1/campaign/processed_json/segments/e6b4bacb-a530-472c-8a4f-cfdd6d463762/part_2/006318.json,43.6803914,-92.9767109,0.9691207408042318,82.63,66.83937823834198,62.17616580310881,63.08539944903582,49.50413223140496,64.61,0.9076916773923399,0.8947279331556941,2025-07-07 11:38:37.838
/media/vsi-dev/Lacie_2/mndot_workzone_project/Toyota/campaign_0f13274e-1e23-415d-8a6c-56f06a60a20a-Toyota_Prius_-_Austin_-_1/campaign/processed_json/segments/e6b4bacb-a530-472c-8a4f-cfdd6d463762/part_2/006319.json,43.6803914,-92.9767109,0.9689207832993832,81.56,65.80310880829016,62.17616580310881,41.81818181818181,49.79338842975206,61.28,0.9338133937412045,0.8949236480945799,2025-07-07 11:38:37.870
/media/vsi-dev/Lacie_2/mndot_workzone_project/Toyota/campaign_0f13274e-1e23-415d-8a6c-56f06a60a20a-Toyota_Prius_-_Austin_-_1/campaign/processed_json/segments/e6b4bacb-a530-472c-8a4f-cfdd6d463762/part_2/006320.json,43.6803914,-92.9767109,0.9691207408042318,81.99,67.35751295336787,62.17616580310881,45.123966942148755,50.56473829201102,62.36,0.9339852548712191,0.8945674881527266,2025-07-07 11:38:37.903
/media/vsi-dev/Lacie_2/mndot_workzone_project/Toyota/campaign_0f13274e-1e23-415d-8a6c-56f06a60a20a-Toyota_Prius_-_Austin_-_1/campaign/processed_json/segments/e6b4bacb-a530-472c-8a4f-cfdd6d463762/part_2/006321.json,43.6803914,-92.9767109,0.9760904721403703,80.45,54.40414507772021,60.62176165803109,51.47382920110193,50.15151515151515,58.71,0.8961067852023036,0.8962813334899616,2025-07-07 11:38:37.938
/media/vsi-dev/Lacie_2/mndot_workzone_project/Toyota/campaign_0f13274e-1e23-415d-8a6c-56f06a60a20a-Toyota_Prius_-_Austin_-_1/campaign/processed_json/segments/e6b4bacb-a530-472c-8a4f-cfdd6d463762/part_2/006322.json,43.6803914,-92.9767109,0,41.44,70.98445595854922,62.17616580310881,23.78787878787879,51.06060606060606,59.91,0.8963263796121205,0.8515371695292283,2025-07-07 11:38:37.971
/media/vsi-dev/Lacie_2/mndot_workzone_project/Toyota/campaign_0f13274e-1e23-415d-8a6c-56f06a60a20a-Toyota_Prius_-_Austin_-_1/campaign/processed_json/segments/e6b4bacb-a530-472c-8a4f-cfdd6d463762/part_2/006323.json,43.6803914,-92.9767109,0,45.57,70.98445595854922,59.58549222797927,100.0,49.72451790633609,70.35,0.896364204459658,0.8469147648564385,2025-07-07 11:38:38.001
/media/vsi-dev/Lacie_2/mndot_workzone_project/Toyota/campaign_0f13274e-1e23-415d-8a6c-56f06a60a20a-Toyota_Prius_-_Austin_-_1/campaign/processed_json/segments/e6b4bacb-a530-472c-8a4f-cfdd6d463762/part_2/006324.json,43.6803914,-92.9767109,0,41.07,71.50259067357513,60.62176165803109,8.553719008264462,51.06060606060606,57.6,0.9079159200079082,0.8952715687262374,2025-07-07 11:38:38.038
/media/vsi-dev/Lacie_2/mndot_workzone_project/Toyota/campaign_0f13274e-1e23-415d-8a6c-56f06a60a20a-Toyota_Prius_-_Austin_-_1/campaign/processed_json/segments/e6b4bacb-a530-472c-8a4f-cfdd6d463762/part_2/006325.json,43.6803914,-92.9767109,0.9671229642340716,80.74,64.76683937823834,57.51295336787565,42.63085399449036,49.09090909090909,59.56,0.9297753402416936,0.8928754471801503,2025-07-07 11:38:38.074
/media/vsi-dev/Lacie_2/mndot_workzone_project/Toyota/campaign_0f13274e-1e23-415d-8a6c-56f06a60a20a-Toyota_Prius_-_Austin_-_1/campaign/processed_json/segments/e6b4bacb-a530-472c-8a4f-cfdd6d463762/part_2/006326.json,43.6803914,-92.9767109,0,45.72,72.02072538860104,58.549222797927456,92.75482093663912,47.13498622589532,69.18,0.9147154089410028,0.8905725594271098,2025-07-07 11:38:38.106
/media/vsi-dev/Lacie_2/mndot_workzone_project/Toyota/campaign_0f13274e-1e23-415d-8a6c-56f06a60a20a-Toyota_Prius_-_Austin_-_1/campaign/processed_json/segments/e6b4bacb-a530-472c-8a4f-cfdd6d463762/part_2/006327.json,43.6803914,-92.9767109,0.9738967374550571,76.44,52.331606217616574,58.549222797927456,46.47382920110193,0.09641873278236915,49.16,0.8904488377536882,0.8919498288446026,2025-07-07 11:38:38.139
/media/vsi-dev/Lacie_2/mndot_workzone_project/Toyota/campaign_0f13274e-1e23-415d-8a6c-56f06a60a20a-Toyota_Prius_-_Austin_-_1/campaign/processed_json/segments/e6b4bacb-a530-472c-8a4f-cfdd6d463762/part_2/006328.json,43.6803914,-92.9767109,0.9692332344763441,79.51,56.994818652849744,57.51295336787565,40.82644628099173,48.250688705234154,56.74,0.9166354120301495,0.8881870984866657,2025-07-07 11:38:38.169
/media/vsi-dev/Lacie_2/mndot_workzone_project/Toyota/campaign_0f13274e-1e23-415d-8a6c-56f06a60a20a-Toyota_Prius_-_Austin_-_1/campaign/processed_json/segments/e6b4bacb-a530-472c-8a4f-cfdd6d463762/part_2/006329.json,43.6803914,-92.9767109,0.9686209220161778,74.18,38.860103626943,56.476683937823836,0.12396694214876033,46.515151515151516,44.43,0.878018160913439,0.8884714384227222,2025-07-07 11:38:38.201
/media/vsi-dev/Lacie_2/mndot_workzone_project/Toyota/campaign_0f13274e-1e23-415d-8a6c-56f06a60a20a-Toyota_Prius_-_Austin_-_1/campaign/processed_json/segments/e6b4bacb-a530-472c-8a4f-cfdd6d463762/part_2/006330.json,43.6803914,-92.9767109,0,44.71,70.98445595854922,55.44041450777202,100.0,45.55096418732782,68.43,0.8451520445058323,0.8888653657566812,2025-07-07 11:38:38.237
/media/vsi-dev/Lacie_2/mndot_workzone_project/Toyota/campaign_0f13274e-1e23-415d-8a6c-56f06a60a20a-Toyota_Prius_-_Austin_-_1/campaign/processed_json/segments/e6b4bacb-a530-472c-8a4f-cfdd6d463762/part_2/006331.json,43.6803914,-92.9767109,0.9690332544750109,76.05,55.95854922279793,54.92227979274611,41.845730027548214,0.0,48.49,0.9029700869261732,0.8865511016299528,2025-07-07 11:38:38.273
/media/vsi-dev/Lacie_2/mndot_workzone_project/Toyota/campaign_0f13274e-1e23-415d-8a6c-56f06a60a20a-Toyota_Prius_-_Austin_-_1/campaign/processed_json/segments/e6b4bacb-a530-472c-8a4f-cfdd6d463762/part_2/006332.json,43.6803914,-92.9767109,0,44.72,70.98445595854922,53.36787564766839,89.93112947658403,45.633608815426996,66.67,0.9177530064117537,0.8876715785412056,2025-07-07 11:38:38.304
/media/vsi-dev/Lacie_2/mndot_workzone_project/Toyota/campaign_0f13274e-1e23-415d-8a6c-56f06a60a20a-Toyota_Prius_-_Austin_-_1/campaign/processed_json/segments/e6b4bacb-a530-472c-8a4f-cfdd6d463762/part_2/006333.json,43.6803914,-92.9767109,0.9671229642340716,76.0,56.476683937823836,52.331606217616574,46.14325068870524,1.0330578512396695,48.65,0.8995111528871198,0.8863280317886724,2025-07-07 11:38:38.338
/media/vsi-dev/Lacie_2/mndot_workzone_project/Toyota/campaign_0f13274e-1e23-415d-8a6c-56f06a60a20a-Toyota_Prius_-_Austin_-_1/campaign/processed_json/segments/e6b4bacb-a530-472c-8a4f-cfdd6d463762/part_2/006334.json,43.6803914,-92.9767109,0,44.49,72.02072538860104,52.331606217616574,100.0,46.59779614325068,67.95,0.8437716793055864,0.8872105640402167,2025-07-07 11:38:38.372
/media/vsi-dev/Lacie_2/mndot_workzone_project/Toyota/campaign_0f13274e-1e23-415d-8a6c-56f06a60a20a-Toyota_Prius_-_Austin_-_1/campaign/processed_json/segments/e6b4bacb-a530-472c-8a4f-cfdd6d463762/part_2/006335.json,43.6803914,-92.9767109,0.9760904721403703,76.09,58.549222797927456,50.259067357512954,43.08539944903581,0.04132231404958678,48.03,0.8971595363048299,0.8866089289146514,2025-07-07 11:38:38.413
/media/vsi-dev/Lacie_2/mndot_workzone_project/Toyota/campaign_0f13274e-1e23-415d-8a6c-56f06a60a20a-Toyota_Prius_-_Austin_-_1/campaign/processed_json/segments/e6b4bacb-a530-472c-8a4f-cfdd6d463762/part_2/006336.json,43.6803914,-92.9767109,0,38.85,72.02072538860104,50.259067357512954,10.165289256198347,45.20661157024794,53.68,0.8519120363960933,0.8857335306063897,2025-07-07 11:38:38.438
/media/vsi-dev/Lacie_2/mndot_workzone_project/Toyota/campaign_0f13274e-1e23-415d-8a6c-56f06a60a20a-Toyota_Prius_-_Austin_-_1/campaign/processed_json/segments/e6b4bacb-a530-472c-8a4f-cfdd6d463762/part_2/006337.json,43.6803914,-92.9767109,0.9811670975774323,77.53,48.704663212435236,49.22279792746114,44.83471074380165,43.925619834710744,51.53,0.8855343769592083,0.8816134638433841,2025-07-07 11:38:38.476
/media/vsi-dev/Lacie_2/mndot_workzone_project/Toyota/campaign_0f13274e-1e23-415d-8a6c-56f06a60a20a-Toyota_Prius_-_Austin_-_1/campaign/processed_json/segments/e6b4bacb-a530-472c-8a4f-cfdd6d463762/part_2/006338.json,43.6803914,-92.9767109,0,38.77,70.46632124352331,48.704663212435236,2.878787878787879,44.807162534435264,51.91,0.9171791416522977,0.883501863315621,2025-07-07 11:38:38.506
/media/vsi-dev/Lacie_2/mndot_workzone_project/Toyota/campaign_0f13274e-1e23-415d-8a6c-56f06a60a20a-Toyota_Prius_-_Austin_-_1/campaign/processed_json/segments/e6b4bacb-a530-472c-8a4f-cfdd6d463762/part_2/006339.json,43.6803914,-92.9767109,0.9839305142725083,79.88,63.212435233160626,48.18652849740933,45.853994490358126,44.79338842975207,56.06,0.9282029289672686,0.8811945215521271,2025-07-07 11:38:38.535
/media/vsi-dev/Lacie_2/mndot_workzone_project/Toyota/campaign_0f13274e-1e23-415d-8a6c-56f06a60a20a-Toyota_Prius_-_Austin_-_1/campaign/processed_json/segments/e6b4bacb-a530-472c-8a4f-cfdd6d463762/part_2/006340.json,43.6803914,-92.9767109,0.9902478635182347,71.69,40.932642487046635,47.15025906735752,0.6060606060606061,0.30303030303030304,35.5,0.9077944449582498,0.8797468609916308,2025-07-07 11:38:38.576
/media/vsi-dev/Lacie_2/mndot_workzone_project/Toyota/campaign_0f13274e-1e23-415d-8a6c-56f06a60a20a-Toyota_Prius_-_Austin_-_1/campaign/processed_json/segments/e6b4bacb-a530-472c-8a4f-cfdd6d463762/part_2/006341.json,43.6803914,-92.9767109,0.9848041402180955,79.05,56.994818652849744,46.1139896373057,55.289256198347104,44.269972451790636,54.75,0.8999311934397779,0.876346413952524,2025-07-07 11:38:38.603
/media/vsi-dev/Lacie_2/mndot_workzone_project/Toyota/campaign_0f13274e-1e23-415d-8a6c-56f06a60a20a-Toyota_Prius_-_Austin_-_1/campaign/processed_json/segments/e6b4bacb-a530-472c-8a4f-cfdd6d463762/part_2/006342.json,43.6803914,-92.9767109,0.9880593620427125,75.67,40.932642487046635,44.04145077720207,34.696969696969695,42.05234159779614,45.9,0.9030845812896248,0.8754065476039657,2025-07-07 11:38:38.635
/media/vsi-dev/Lacie_2/mndot_workzone_project/Toyota/campaign_0f13274e-1e23-415d-8a6c-56f06a60a20a-Toyota_Prius_-_Austin_-_1/campaign/processed_json/segments/e6b4bacb-a530-472c-8a4f-cfdd6d463762/part_2/006343.json,43.680403,-92.9764308,0.9801986733067553,72.72,62.69430051813472,0.0,32.87878787878788,42.05234159779614,39.0,0.9161590136499503,0.8749776536208933,2025-07-07 11:38:38.671
/media/vsi-dev/Lacie_2/mndot_workzone_project/Toyota/campaign_0f13274e-1e23-415d-8a6c-56f06a60a20a-Toyota_Prius_-_Austin_-_1/campaign/processed_json/segments/e6b4bacb-a530-472c-8a4f-cfdd6d463762/part_2/006344.json,43.680403,-92.9764308,0.9821119255343636,77.23,62.17616580310881,40.932642487046635,37.09366391184573,41.239669421487605,51.38,0.8707805069491747,0.8689281311726579,2025-07-07 11:38:38.712
/media/vsi-dev/Lacie_2/mndot_workzone_project/Toyota/campaign_0f13274e-1e23-415d-8a6c-56f06a60a20a-Toyota_Prius_-_Austin_-_1/campaign/processed_json/segments/e6b4bacb-a530-472c-8a4f-cfdd6d463762/part_2/006345.json,43.680403,-92.9764308,0,42.12,72.02072538860104,38.860103626943,100.0,39.366391184573004,62.69,0.8359364045627625,0.8683948357018851,2025-07-07 11:38:38.744
/media/vsi-dev/Lacie_2/mndot_workzone_project/Toyota/campaign_0f13274e-1e23-415d-8a6c-56f06a60a20a-Toyota_Prius_-_Austin_-_1/campaign/processed_json/segments/e6b4bacb-a530-472c-8a4f-cfdd6d463762/part_2/006346.json,43.680403,-92.9764308,0,0.0,0.0,0.0,0.0,0.0,0.0,0,0,2025-07-07 11:38:38.766
/media/vsi-dev/Lacie_2/mndot_workzone_project/Toyota/campaign_0f13274e-1e23-415d-8a6c-56f06a60a20a-Toyota_Prius_-_Austin_-_1/campaign/processed_json/segments/e6b4bacb-a530-472c-8a4f-cfdd6d463762/part_2/006347.json,43.680403,-92.9764308,0,34.7,70.46632124352331,34.715025906735754,1.1019283746556474,2.066115702479339,41.15,0.9137878287135832,0.9101337281760794,2025-07-07 11:38:38.836
/media/vsi-dev/Lacie_2/mndot_workzone_project/Toyota/campaign_0f13274e-1e23-415d-8a6c-56f06a60a20a-Toyota_Prius_-_Austin_-_1/campaign/processed_json/segments/e6b4bacb-a530-472c-8a4f-cfdd6d463762/part_2/006348.json,43.680403,-92.9764308,0,0.0,0.0,0.0,0.0,0.0,0.0,0,0,2025-07-07 11:38:38.847
/media/vsi-dev/Lacie_2/mndot_workzone_project/Toyota/campaign_0f13274e-1e23-415d-8a6c-56f06a60a20a-Toyota_Prius_-_Austin_-_1/campaign/processed_json/segments/e6b4bacb-a530-472c-8a4f-cfdd6d463762/part_2/006349.json,43.680403,-92.9764308,0,0.0,0.0,0.0,0.0,0.0,0.0,0,0,2025-07-07 11:38:38.867
/media/vsi-dev/Lacie_2/mndot_workzone_project/Toyota/campaign_0f13274e-1e23-415d-8a6c-56f06a60a20a-Toyota_Prius_-_Austin_-_1/campaign/processed_json/segments/e6b4bacb-a530-472c-8a4f-cfdd6d463762/part_2/006350.json,43.680403,-92.9764308,0,0.0,0.0,0.0,0.0,0.0,0.0,0,0,2025-07-07 11:38:38.903
/media/vsi-dev/Lacie_2/mndot_workzone_project/Toyota/campaign_0f13274e-1e23-415d-8a6c-56f06a60a20a-Toyota_Prius_-_Austin_-_1/campaign/processed_json/segments/e6b4bacb-a530-472c-8a4f-cfdd6d463762/part_2/006351.json,43.680403,-92.9764308,0.9856539001953453,73.4,54.40414507772021,20.72538860103627,38.59504132231405,17.011019283746556,39.89,0.9138519320092664,0.887990598764645,2025-07-07 11:38:38.930
/media/vsi-dev/Lacie_2/mndot_workzone_project/Toyota/campaign_0f13274e-1e23-415d-8a6c-56f06a60a20a-Toyota_Prius_-_Austin_-_1/campaign/processed_json/segments/e6b4bacb-a530-472c-8a4f-cfdd6d463762/part_2/006352.json,43.680403,-92.9764308,0,0.0,0.0,0.0,0.0,0.0,0.0,0,0,2025-07-07 11:38:38.992
/media/vsi-dev/Lacie_2/mndot_workzone_project/Toyota/campaign_0f13274e-1e23-415d-8a6c-56f06a60a20a-Toyota_Prius_-_Austin_-_1/campaign/processed_json/segments/e6b4bacb-a530-472c-8a4f-cfdd6d463762/part_2/006353.json,43.680403,-92.9764308,0,0.0,0.0,0.0,0.0,0.0,0.0,0,0,2025-07-07 11:38:39.009
/media/vsi-dev/Lacie_2/mndot_workzone_project/Toyota/campaign_0f13274e-1e23-415d-8a6c-56f06a60a20a-Toyota_Prius_-_Austin_-_1/campaign/processed_json/segments/e6b4bacb-a530-472c-8a4f-cfdd6d463762/part_2/006354.json,43.680403,-92.9764308,0,0.0,0.0,0.0,0.0,0.0,0.0,0,0,2025-07-07 11:38:39.034
/media/vsi-dev/Lacie_2/mndot_workzone_project/Toyota/campaign_0f13274e-1e23-415d-8a6c-56f06a60a20a-Toyota_Prius_-_Austin_-_1/campaign/processed_json/segments/e6b4bacb-a530-472c-8a4f-cfdd6d463762/part_2/006355.json,43.680403,-92.9764308,0.8288659980788863,67.54,65.80310880829016,0.0,100.0,17.327823691460058,45.44,0.6484897328611268,0.9722497397226811,2025-07-07 11:38:39.069
/media/vsi-dev/Lacie_2/mndot_workzone_project/Toyota/campaign_0f13274e-1e23-415d-8a6c-56f06a60a20a-Toyota_Prius_-_Austin_-_1/campaign/processed_json/segments/e6b4bacb-a530-472c-8a4f-cfdd6d463762/part_2/006356.json,43.680403,-92.9764308,0.8264945396545129,67.25,64.76683937823834,0.0,100.0,15.358126721763085,44.86,0.6491859997478959,0.9751348506273549,2025-07-07 11:38:39.103
/media/vsi-dev/Lacie_2/mndot_workzone_project/Toyota/campaign_0f13274e-1e23-415d-8a6c-56f06a60a20a-Toyota_Prius_-_Austin_-_1/campaign/processed_json/segments/e6b4bacb-a530-472c-8a4f-cfdd6d463762/part_2/006357.json,43.680403,-92.9764308,0.8427744204551942,68.06,65.28497409326425,0.0,100.0,18.154269972451793,45.4,0.649818845669099,0.968856764424508,2025-07-07 11:38:39.140
/media/vsi-dev/Lacie_2/mndot_workzone_project/Toyota/campaign_0f13274e-1e23-415d-8a6c-56f06a60a20a-Toyota_Prius_-_Austin_-_1/campaign/processed_json/segments/e6b4bacb-a530-472c-8a4f-cfdd6d463762/part_2/006358.json,43.680403,-92.9764308,0,0.0,0.0,0.0,0.0,0.0,0.0,0,0,2025-07-07 11:38:39.176
/media/vsi-dev/Lacie_2/mndot_workzone_project/Toyota/campaign_0f13274e-1e23-415d-8a6c-56f06a60a20a-Toyota_Prius_-_Austin_-_1/campaign/processed_json/segments/e6b4bacb-a530-472c-8a4f-cfdd6d463762/part_2/006359.json,43.680403,-92.9764308,0,0.0,0.0,0.0,0.0,0.0,0.0,0,0,2025-07-07 11:38:39.211
/media/vsi-dev/Lacie_2/mndot_workzone_project/Toyota/campaign_0f13274e-1e23-415d-8a6c-56f06a60a20a-Toyota_Prius_-_Austin_-_1/campaign/processed_json/segments/e6b4bacb-a530-472c-8a4f-cfdd6d463762/part_2/006360.json,43.680403,-92.9764308,0,0.0,0.0,0.0,0.0,0.0,0.0,0,0,2025-07-07 11:38:39.252
/media/vsi-dev/Lacie_2/mndot_workzone_project/Toyota/campaign_0f13274e-1e23-415d-8a6c-56f06a60a20a-Toyota_Prius_-_Austin_-_1/campaign/processed_json/segments/e6b4bacb-a530-472c-8a4f-cfdd6d463762/part_2/006361.json,43.680403,-92.9764308,0.8472847617229603,68.2,64.76683937823834,0.0,100.0,18.4435261707989,45.29,0.6508703418010169,0.9683155990846151,2025-07-07 11:38:39.270
/media/vsi-dev/Lacie_2/mndot_workzone_project/Toyota/campaign_0f13274e-1e23-415d-8a6c-56f06a60a20a-Toyota_Prius_-_Austin_-_1/campaign/processed_json/segments/e6b4bacb-a530-472c-8a4f-cfdd6d463762/part_2/006362.json,43.680403,-92.9764308,0,0.0,0.0,0.0,0.0,0.0,0.0,0,0,2025-07-07 11:38:39.295
/media/vsi-dev/Lacie_2/mndot_workzone_project/Toyota/campaign_0f13274e-1e23-415d-8a6c-56f06a60a20a-Toyota_Prius_-_Austin_-_1/campaign/processed_json/segments/e6b4bacb-a530-472c-8a4f-cfdd6d463762/part_2/006363.json,43.680403,-92.9764308,0,0.0,0.0,0.0,0.0,0.0,0.0,0,0,2025-07-07 11:38:39.338
/media/vsi-dev/Lacie_2/mndot_workzone_project/Toyota/campaign_0f13274e-1e23-415d-8a6c-56f06a60a20a-Toyota_Prius_-_Austin_-_1/campaign/processed_json/segments/e6b4bacb-a530-472c-8a4f-cfdd6d463762/part_2/006364.json,43.680403,-92.9764308,0,0.0,0.0,0.0,0.0,0.0,0.0,0,0,2025-07-07 11:38:39.369
/media/vsi-dev/Lacie_2/mndot_workzone_project/Toyota/campaign_0f13274e-1e23-415d-8a6c-56f06a60a20a-Toyota_Prius_-_Austin_-_1/campaign/processed_json/segments/e6b4bacb-a530-472c-8a4f-cfdd6d463762/part_2/006365.json,43.680403,-92.9764308,0,0.0,0.0,0.0,0.0,0.0,0.0,0,0,2025-07-07 11:38:39.403
/media/vsi-dev/Lacie_2/mndot_workzone_project/Toyota/campaign_0f13274e-1e23-415d-8a6c-56f06a60a20a-Toyota_Prius_-_Austin_-_1/campaign/processed_json/segments/e6b4bacb-a530-472c-8a4f-cfdd6d463762/part_2/006366.json,43.680403,-92.9764308,0,0.0,0.0,0.0,0.0,0.0,0.0,0,0,2025-07-07 11:38:39.436
/media/vsi-dev/Lacie_2/mndot_workzone_project/Toyota/campaign_0f13274e-1e23-415d-8a6c-56f06a60a20a-Toyota_Prius_-_Austin_-_1/campaign/processed_json/segments/e6b4bacb-a530-472c-8a4f-cfdd6d463762/part_2/006367.json,43.680403,-92.9764308,0,0.0,0.0,0.0,0.0,0.0,0.0,0,0,2025-07-07 11:38:39.472
/media/vsi-dev/Lacie_2/mndot_workzone_project/Toyota/campaign_0f13274e-1e23-415d-8a6c-56f06a60a20a-Toyota_Prius_-_Austin_-_1/campaign/processed_json/segments/e6b4bacb-a530-472c-8a4f-cfdd6d463762/part_2/006368.json,43.680403,-92.9764308,0,0.0,0.0,0.0,0.0,0.0,0.0,0,0,2025-07-07 11:38:39.510
/media/vsi-dev/Lacie_2/mndot_workzone_project/Toyota/campaign_0f13274e-1e23-415d-8a6c-56f06a60a20a-Toyota_Prius_-_Austin_-_1/campaign/processed_json/segments/e6b4bacb-a530-472c-8a4f-cfdd6d463762/part_2/006369.json,43.680403,-92.9764308,0,0.0,0.0,0.0,0.0,0.0,0.0,0,0,2025-07-07 11:38:39.538
/media/vsi-dev/Lacie_2/mndot_workzone_project/Toyota/campaign_0f13274e-1e23-415d-8a6c-56f06a60a20a-Toyota_Prius_-_Austin_-_1/campaign/processed_json/segments/e6b4bacb-a530-472c-8a4f-cfdd6d463762/part_2/006370.json,43.680403,-92.9764308,0.8094881183402461,66.64,63.212435233160626,0.0,100.0,21.70798898071625,45.29,0.651226949537134,0.9636473935942081,2025-07-07 11:38:39.569
/media/vsi-dev/Lacie_2/mndot_workzone_project/Toyota/campaign_0f13274e-1e23-415d-8a6c-56f06a60a20a-Toyota_Prius_-_Austin_-_1/campaign/processed_json/segments/e6b4bacb-a530-472c-8a4f-cfdd6d463762/part_2/006371.json,43.680403,-92.9764308,0,0.0,0.0,0.0,0.0,0.0,0.0,0,0,2025-07-07 11:38:39.601
/media/vsi-dev/Lacie_2/mndot_workzone_project/Toyota/campaign_0f13274e-1e23-415d-8a6c-56f06a60a20a-Toyota_Prius_-_Austin_-_1/campaign/processed_json/segments/e6b4bacb-a530-472c-8a4f-cfdd6d463762/part_2/006372.json,43.680403,-92.9764308,0,0.0,0.0,0.0,0.0,0.0,0.0,0,0,2025-07-07 11:38:39.633
/media/vsi-dev/Lacie_2/mndot_workzone_project/Toyota/campaign_0f13274e-1e23-415d-8a6c-56f06a60a20a-Toyota_Prius_-_Austin_-_1/campaign/processed_json/segments/e6b4bacb-a530-472c-8a4f-cfdd6d463762/part_2/006373.json,43.6804131,-92.9761482,0,0.0,0.0,0.0,0.0,0.0,0.0,0,0,2025-07-07 11:38:39.677
/media/vsi-dev/Lacie_2/mndot_workzone_project/Toyota/campaign_0f13274e-1e23-415d-8a6c-56f06a60a20a-Toyota_Prius_-_Austin_-_1/campaign/processed_json/segments/e6b4bacb-a530-472c-8a4f-cfdd6d463762/part_2/006374.json,43.6804131,-92.9761482,0,0.0,0.0,0.0,0.0,0.0,0.0,0,0,2025-07-07 11:38:39.702
/media/vsi-dev/Lacie_2/mndot_workzone_project/Toyota/campaign_0f13274e-1e23-415d-8a6c-56f06a60a20a-Toyota_Prius_-_Austin_-_1/campaign/processed_json/segments/e6b4bacb-a530-472c-8a4f-cfdd6d463762/part_2/006375.json,43.6804131,-92.9761482,0,0.0,0.0,0.0,0.0,0.0,0.0,0,0,2025-07-07 11:38:39.734
/media/vsi-dev/Lacie_2/mndot_workzone_project/Toyota/campaign_0f13274e-1e23-415d-8a6c-56f06a60a20a-Toyota_Prius_-_Austin_-_1/campaign/processed_json/segments/e6b4bacb-a530-472c-8a4f-cfdd6d463762/part_2/006376.json,43.6804131,-92.9761482,0,0.0,0.0,0.0,0.0,0.0,0.0,0,0,2025-07-07 11:38:39.767
/media/vsi-dev/Lacie_2/mndot_workzone_project/Toyota/campaign_0f13274e-1e23-415d-8a6c-56f06a60a20a-Toyota_Prius_-_Austin_-_1/campaign/processed_json/segments/e6b4bacb-a530-472c-8a4f-cfdd6d463762/part_2/006377.json,43.6804131,-92.9761482,0,0.0,0.0,0.0,0.0,0.0,0.0,0,0,2025-07-07 11:38:39.813
/media/vsi-dev/Lacie_2/mndot_workzone_project/Toyota/campaign_0f13274e-1e23-415d-8a6c-56f06a60a20a-Toyota_Prius_-_Austin_-_1/campaign/processed_json/segments/e6b4bacb-a530-472c-8a4f-cfdd6d463762/part_2/006378.json,43.6804131,-92.9761482,0,0.0,0.0,0.0,0.0,0.0,0.0,0,0,2025-07-07 11:38:39.847
/media/vsi-dev/Lacie_2/mndot_workzone_project/Toyota/campaign_0f13274e-1e23-415d-8a6c-56f06a60a20a-Toyota_Prius_-_Austin_-_1/campaign/processed_json/segments/e6b4bacb-a530-472c-8a4f-cfdd6d463762/part_2/006379.json,43.6804131,-92.9761482,0,0.0,0.0,0.0,0.0,0.0,0.0,0,0,2025-07-07 11:38:39.873
/media/vsi-dev/Lacie_2/mndot_workzone_project/Toyota/campaign_0f13274e-1e23-415d-8a6c-56f06a60a20a-Toyota_Prius_-_Austin_-_1/campaign/processed_json/segments/e6b4bacb-a530-472c-8a4f-cfdd6d463762/part_2/006380.json,43.6804131,-92.9761482,0,0.0,0.0,0.0,0.0,0.0,0.0,0,0,2025-07-07 11:38:39.912
/media/vsi-dev/Lacie_2/mndot_workzone_project/Toyota/campaign_0f13274e-1e23-415d-8a6c-56f06a60a20a-Toyota_Prius_-_Austin_-_1/campaign/processed_json/segments/e6b4bacb-a530-472c-8a4f-cfdd6d463762/part_2/006381.json,43.6804131,-92.9761482,0,0.0,0.0,0.0,0.0,0.0,0.0,0,0,2025-07-07 11:38:39.940
/media/vsi-dev/Lacie_2/mndot_workzone_project/Toyota/campaign_0f13274e-1e23-415d-8a6c-56f06a60a20a-Toyota_Prius_-_Austin_-_1/campaign/processed_json/segments/e6b4bacb-a530-472c-8a4f-cfdd6d463762/part_2/006382.json,43.6804131,-92.9761482,0,0.0,0.0,0.0,0.0,0.0,0.0,0,0,2025-07-07 11:38:39.970
/media/vsi-dev/Lacie_2/mndot_workzone_project/Toyota/campaign_0f13274e-1e23-415d-8a6c-56f06a60a20a-Toyota_Prius_-_Austin_-_1/campaign/processed_json/segments/e6b4bacb-a530-472c-8a4f-cfdd6d463762/part_2/006383.json,43.6804131,-92.9761482,0,0.0,0.0,0.0,0.0,0.0,0.0,0,0,2025-07-07 11:38:40.002
/media/vsi-dev/Lacie_2/mndot_workzone_project/Toyota/campaign_0f13274e-1e23-415d-8a6c-56f06a60a20a-Toyota_Prius_-_Austin_-_1/campaign/processed_json/segments/e6b4bacb-a530-472c-8a4f-cfdd6d463762/part_2/006384.json,43.6804131,-92.9761482,0.8192918265687912,66.3,58.549222797927456,0.0,100.0,19.545454545454547,43.55,0.6550463490424107,0.9555775978295089,2025-07-07 11:38:40.036
/media/vsi-dev/Lacie_2/mndot_workzone_project/Toyota/campaign_0f13274e-1e23-415d-8a6c-56f06a60a20a-Toyota_Prius_-_Austin_-_1/campaign/processed_json/segments/e6b4bacb-a530-472c-8a4f-cfdd6d463762/part_2/006385.json,43.6804131,-92.9761482,0.8144180153000155,64.54,48.18652849740933,0.0,100.0,13.085399449035812,39.5,0.6519457045935535,0.9639967948316319,2025-07-07 11:38:40.078
/media/vsi-dev/Lacie_2/mndot_workzone_project/Toyota/campaign_0f13274e-1e23-415d-8a6c-56f06a60a20a-Toyota_Prius_-_Austin_-_1/campaign/processed_json/segments/e6b4bacb-a530-472c-8a4f-cfdd6d463762/part_2/006386.json,43.6804131,-92.9761482,0,0.0,0.0,0.0,0.0,0.0,0.0,0,0,2025-07-07 11:38:40.107
/media/vsi-dev/Lacie_2/mndot_workzone_project/Toyota/campaign_0f13274e-1e23-415d-8a6c-56f06a60a20a-Toyota_Prius_-_Austin_-_1/campaign/processed_json/segments/e6b4bacb-a530-472c-8a4f-cfdd6d463762/part_2/006387.json,43.6804131,-92.9761482,0,0.0,0.0,0.0,0.0,0.0,0.0,0,0,2025-07-07 11:38:40.134
/media/vsi-dev/Lacie_2/mndot_workzone_project/Toyota/campaign_0f13274e-1e23-415d-8a6c-56f06a60a20a-Toyota_Prius_-_Austin_-_1/campaign/processed_json/segments/e6b4bacb-a530-472c-8a4f-cfdd6d463762/part_2/006388.json,43.6804131,-92.9761482,0.7788048831442308,64.27,56.476683937823836,0.0,100.0,15.454545454545453,42.35,0.651415739962734,0.9664246532902219,2025-07-07 11:38:40.168
/media/vsi-dev/Lacie_2/mndot_workzone_project/Toyota/campaign_0f13274e-1e23-415d-8a6c-56f06a60a20a-Toyota_Prius_-_Austin_-_1/campaign/processed_json/segments/e6b4bacb-a530-472c-8a4f-cfdd6d463762/part_2/006389.json,43.6804131,-92.9761482,0,0.0,0.0,0.0,0.0,0.0,0.0,0,0,2025-07-07 11:38:40.206
/media/vsi-dev/Lacie_2/mndot_workzone_project/Toyota/campaign_0f13274e-1e23-415d-8a6c-56f06a60a20a-Toyota_Prius_-_Austin_-_1/campaign/processed_json/segments/e6b4bacb-a530-472c-8a4f-cfdd6d463762/part_2/006390.json,43.6804131,-92.9761482,0,0.0,0.0,0.0,0.0,0.0,0.0,0,0,2025-07-07 11:38:40.239
/media/vsi-dev/Lacie_2/mndot_workzone_project/Toyota/campaign_0f13274e-1e23-415d-8a6c-56f06a60a20a-Toyota_Prius_-_Austin_-_1/campaign/processed_json/segments/e6b4bacb-a530-472c-8a4f-cfdd6d463762/part_2/006391.json,43.6804131,-92.9761482,0,0.0,0.0,0.0,0.0,0.0,0.0,0,0,2025-07-07 11:38:40.277
/media/vsi-dev/Lacie_2/mndot_workzone_project/Toyota/campaign_0f13274e-1e23-415d-8a6c-56f06a60a20a-Toyota_Prius_-_Austin_-_1/campaign/processed_json/segments/e6b4bacb-a530-472c-8a4f-cfdd6d463762/part_2/006392.json,43.6804131,-92.9761482,0,0.0,0.0,0.0,0.0,0.0,0.0,0,0,2025-07-07 11:38:40.304
/media/vsi-dev/Lacie_2/mndot_workzone_project/Toyota/campaign_0f13274e-1e23-415d-8a6c-56f06a60a20a-Toyota_Prius_-_Austin_-_1/campaign/processed_json/segments/e6b4bacb-a530-472c-8a4f-cfdd6d463762/part_2/006393.json,43.6804131,-92.9761482,0,0.0,0.0,0.0,0.0,0.0,0.0,0,0,2025-07-07 11:38:40.340
/media/vsi-dev/Lacie_2/mndot_workzone_project/Toyota/campaign_0f13274e-1e23-415d-8a6c-56f06a60a20a-Toyota_Prius_-_Austin_-_1/campaign/processed_json/segments/e6b4bacb-a530-472c-8a4f-cfdd6d463762/part_2/006394.json,43.6804131,-92.9761482,0,0.0,0.0,0.0,0.0,0.0,0.0,0,0,2025-07-07 11:38:40.377
/media/vsi-dev/Lacie_2/mndot_workzone_project/Toyota/campaign_0f13274e-1e23-415d-8a6c-56f06a60a20a-Toyota_Prius_-_Austin_-_1/campaign/processed_json/segments/e6b4bacb-a530-472c-8a4f-cfdd6d463762/part_2/006395.json,43.6804131,-92.9761482,0,0.0,0.0,0.0,0.0,0.0,0.0,0,0,2025-07-07 11:38:40.412
/media/vsi-dev/Lacie_2/mndot_workzone_project/Toyota/campaign_0f13274e-1e23-415d-8a6c-56f06a60a20a-Toyota_Prius_-_Austin_-_1/campaign/processed_json/segments/e6b4bacb-a530-472c-8a4f-cfdd6d463762/part_2/006396.json,43.6804131,-92.9761482,0,0.0,0.0,0.0,0.0,0.0,0.0,0,0,2025-07-07 11:38:40.439
/media/vsi-dev/Lacie_2/mndot_workzone_project/Toyota/campaign_0f13274e-1e23-415d-8a6c-56f06a60a20a-Toyota_Prius_-_Austin_-_1/campaign/processed_json/segments/e6b4bacb-a530-472c-8a4f-cfdd6d463762/part_2/006397.json,43.6804131,-92.9761482,0.7892340042302526,65.03,58.549222797927456,0.0,100.0,16.831955922865014,43.18,0.6553077572755506,0.9637016713402473,2025-07-07 11:38:40.473
/media/vsi-dev/Lacie_2/mndot_workzone_project/Toyota/campaign_0f13274e-1e23-415d-8a6c-56f06a60a20a-Toyota_Prius_-_Austin_-_1/campaign/processed_json/segments/e6b4bacb-a530-472c-8a4f-cfdd6d463762/part_2/006398.json,43.6804131,-92.9761482,0,0.0,0.0,0.0,0.0,0.0,0.0,0,0,2025-07-07 11:38:40.506
/media/vsi-dev/Lacie_2/mndot_workzone_project/Toyota/campaign_0f13274e-1e23-415d-8a6c-56f06a60a20a-Toyota_Prius_-_Austin_-_1/campaign/processed_json/segments/e6b4bacb-a530-472c-8a4f-cfdd6d463762/part_2/006399.json,43.6804131,-92.9761482,0,0.0,0.0,0.0,0.0,0.0,0.0,0,0,2025-07-07 11:38:40.547
/media/vsi-dev/Lacie_2/mndot_workzone_project/Toyota/campaign_0f13274e-1e23-415d-8a6c-56f06a60a20a-Toyota_Prius_-_Austin_-_1/campaign/processed_json/segments/e6b4bacb-a530-472c-8a4f-cfdd6d463762/part_2/006400.json,43.6804131,-92.9761482,0,0.0,0.0,0.0,0.0,0.0,0.0,0,0,2025-07-07 11:38:40.573
/media/vsi-dev/Lacie_2/mndot_workzone_project/Toyota/campaign_0f13274e-1e23-415d-8a6c-56f06a60a20a-Toyota_Prius_-_Austin_-_1/campaign/processed_json/segments/e6b4bacb-a530-472c-8a4f-cfdd6d463762/part_2/006401.json,43.6804131,-92.9761482,0,0.0,0.0,0.0,0.0,0.0,0.0,0,0,2025-07-07 11:38:40.601
/media/vsi-dev/Lacie_2/mndot_workzone_project/Toyota/campaign_0f13274e-1e23-415d-8a6c-56f06a60a20a-Toyota_Prius_-_Austin_-_1/campaign/processed_json/segments/e6b4bacb-a530-472c-8a4f-cfdd6d463762/part_2/006402.json,43.6804131,-92.9761482,0,0.0,0.0,0.0,0.0,0.0,0.0,0,0,2025-07-07 11:38:40.636
/media/vsi-dev/Lacie_2/mndot_workzone_project/Toyota/campaign_0f13274e-1e23-415d-8a6c-56f06a60a20a-Toyota_Prius_-_Austin_-_1/campaign/processed_json/segments/e6b4bacb-a530-472c-8a4f-cfdd6d463762/part_2/006403.json,43.6804235,-92.9758629,0,0.0,0.0,0.0,0.0,0.0,0.0,0,0,2025-07-07 11:38:40.671
/media/vsi-dev/Lacie_2/mndot_workzone_project/Toyota/campaign_0f13274e-1e23-415d-8a6c-56f06a60a20a-Toyota_Prius_-_Austin_-_1/campaign/processed_json/segments/e6b4bacb-a530-472c-8a4f-cfdd6d463762/part_2/006404.json,43.6804235,-92.9758629,0,0.0,0.0,0.0,0.0,0.0,0.0,0,0,2025-07-07 11:38:40.701
/media/vsi-dev/Lacie_2/mndot_workzone_project/Toyota/campaign_0f13274e-1e23-415d-8a6c-56f06a60a20a-Toyota_Prius_-_Austin_-_1/campaign/processed_json/segments/e6b4bacb-a530-472c-8a4f-cfdd6d463762/part_2/006405.json,43.6804235,-92.9758629,0,0.0,0.0,0.0,0.0,0.0,0.0,0,0,2025-07-07 11:38:40.740
/media/vsi-dev/Lacie_2/mndot_workzone_project/Toyota/campaign_0f13274e-1e23-415d-8a6c-56f06a60a20a-Toyota_Prius_-_Austin_-_1/campaign/processed_json/segments/e6b4bacb-a530-472c-8a4f-cfdd6d463762/part_2/006406.json,43.6804235,-92.9758629,0,0.0,0.0,0.0,0.0,0.0,0.0,0,0,2025-07-07 11:38:40.777
/media/vsi-dev/Lacie_2/mndot_workzone_project/Toyota/campaign_0f13274e-1e23-415d-8a6c-56f06a60a20a-Toyota_Prius_-_Austin_-_1/campaign/processed_json/segments/e6b4bacb-a530-472c-8a4f-cfdd6d463762/part_2/006407.json,43.6804235,-92.9758629,0,0.0,0.0,0.0,0.0,0.0,0.0,0,0,2025-07-07 11:38:40.804
/media/vsi-dev/Lacie_2/mndot_workzone_project/Toyota/campaign_0f13274e-1e23-415d-8a6c-56f06a60a20a-Toyota_Prius_-_Austin_-_1/campaign/processed_json/segments/e6b4bacb-a530-472c-8a4f-cfdd6d463762/part_2/006408.json,43.6804235,-92.9758629,0,0.0,0.0,0.0,0.0,0.0,0.0,0,0,2025-07-07 11:38:40.841
/media/vsi-dev/Lacie_2/mndot_workzone_project/Toyota/campaign_0f13274e-1e23-415d-8a6c-56f06a60a20a-Toyota_Prius_-_Austin_-_1/campaign/processed_json/segments/e6b4bacb-a530-472c-8a4f-cfdd6d463762/part_2/006409.json,43.6804235,-92.9758629,0,0.0,0.0,0.0,0.0,0.0,0.0,0,0,2025-07-07 11:38:40.875
/media/vsi-dev/Lacie_2/mndot_workzone_project/Toyota/campaign_0f13274e-1e23-415d-8a6c-56f06a60a20a-Toyota_Prius_-_Austin_-_1/campaign/processed_json/segments/e6b4bacb-a530-472c-8a4f-cfdd6d463762/part_2/006410.json,43.6804235,-92.9758629,0,0.0,0.0,0.0,0.0,0.0,0.0,0,0,2025-07-07 11:38:40.905
/media/vsi-dev/Lacie_2/mndot_workzone_project/Toyota/campaign_0f13274e-1e23-415d-8a6c-56f06a60a20a-Toyota_Prius_-_Austin_-_1/campaign/processed_json/segments/e6b4bacb-a530-472c-8a4f-cfdd6d463762/part_2/006411.json,43.6804235,-92.9758629,0,0.0,0.0,0.0,0.0,0.0,0.0,0,0,2025-07-07 11:38:40.933
/media/vsi-dev/Lacie_2/mndot_workzone_project/Toyota/campaign_0f13274e-1e23-415d-8a6c-56f06a60a20a-Toyota_Prius_-_Austin_-_1/campaign/processed_json/segments/e6b4bacb-a530-472c-8a4f-cfdd6d463762/part_2/006412.json,43.6804235,-92.9758629,0,0.0,0.0,0.0,0.0,0.0,0.0,0,0,2025-07-07 11:38:40.968
/media/vsi-dev/Lacie_2/mndot_workzone_project/Toyota/campaign_0f13274e-1e23-415d-8a6c-56f06a60a20a-Toyota_Prius_-_Austin_-_1/campaign/processed_json/segments/e6b4bacb-a530-472c-8a4f-cfdd6d463762/part_2/006413.json,43.6804235,-92.9758629,0,0.0,0.0,0.0,0.0,0.0,0.0,0,0,2025-07-07 11:38:41.005
/media/vsi-dev/Lacie_2/mndot_workzone_project/Toyota/campaign_0f13274e-1e23-415d-8a6c-56f06a60a20a-Toyota_Prius_-_Austin_-_1/campaign/processed_json/segments/e6b4bacb-a530-472c-8a4f-cfdd6d463762/part_2/006414.json,43.6804235,-92.9758629,0,0.0,0.0,0.0,0.0,0.0,0.0,0,0,2025-07-07 11:38:41.036
/media/vsi-dev/Lacie_2/mndot_workzone_project/Toyota/campaign_0f13274e-1e23-415d-8a6c-56f06a60a20a-Toyota_Prius_-_Austin_-_1/campaign/processed_json/segments/e6b4bacb-a530-472c-8a4f-cfdd6d463762/part_2/006415.json,43.6804235,-92.9758629,0,0.0,0.0,0.0,0.0,0.0,0.0,0,0,2025-07-07 11:38:41.070
/media/vsi-dev/Lacie_2/mndot_workzone_project/Toyota/campaign_0f13274e-1e23-415d-8a6c-56f06a60a20a-Toyota_Prius_-_Austin_-_1/campaign/processed_json/segments/e6b4bacb-a530-472c-8a4f-cfdd6d463762/part_2/006416.json,43.6804235,-92.9758629,0,0.0,0.0,0.0,0.0,0.0,0.0,0,0,2025-07-07 11:38:41.101
/media/vsi-dev/Lacie_2/mndot_workzone_project/Toyota/campaign_0f13274e-1e23-415d-8a6c-56f06a60a20a-Toyota_Prius_-_Austin_-_1/campaign/processed_json/segments/e6b4bacb-a530-472c-8a4f-cfdd6d463762/part_2/006417.json,43.6804235,-92.9758629,0,0.0,0.0,0.0,0.0,0.0,0.0,0,0,2025-07-07 11:38:41.134
/media/vsi-dev/Lacie_2/mndot_workzone_project/Toyota/campaign_0f13274e-1e23-415d-8a6c-56f06a60a20a-Toyota_Prius_-_Austin_-_1/campaign/processed_json/segments/e6b4bacb-a530-472c-8a4f-cfdd6d463762/part_2/006418.json,43.6804235,-92.9758629,0,41.87,69.94818652849742,59.58549222797927,86.8870523415978,28.884297520661157,64.3,0.9209387211110043,0.6941883340238477,2025-07-07 11:38:41.171
/media/vsi-dev/Lacie_2/mndot_workzone_project/Toyota/campaign_0f13274e-1e23-415d-8a6c-56f06a60a20a-Toyota_Prius_-_Austin_-_1/campaign/processed_json/segments/e6b4bacb-a530-472c-8a4f-cfdd6d463762/part_2/006419.json,43.6804235,-92.9758629,0,0.0,0.0,0.0,0.0,0.0,0.0,0,0,2025-07-07 11:38:41.210
/media/vsi-dev/Lacie_2/mndot_workzone_project/Toyota/campaign_0f13274e-1e23-415d-8a6c-56f06a60a20a-Toyota_Prius_-_Austin_-_1/campaign/processed_json/segments/e6b4bacb-a530-472c-8a4f-cfdd6d463762/part_2/006420.json,43.6804235,-92.9758629,0,0.0,0.0,0.0,0.0,0.0,0.0,0,0,2025-07-07 11:38:41.238
/media/vsi-dev/Lacie_2/mndot_workzone_project/Toyota/campaign_0f13274e-1e23-415d-8a6c-56f06a60a20a-Toyota_Prius_-_Austin_-_1/campaign/processed_json/segments/e6b4bacb-a530-472c-8a4f-cfdd6d463762/part_2/006421.json,43.6804235,-92.9758629,0,0.0,0.0,0.0,0.0,0.0,0.0,0,0,2025-07-07 11:38:41.269
/media/vsi-dev/Lacie_2/mndot_workzone_project/Toyota/campaign_0f13274e-1e23-415d-8a6c-56f06a60a20a-Toyota_Prius_-_Austin_-_1/campaign/processed_json/segments/e6b4bacb-a530-472c-8a4f-cfdd6d463762/part_2/006422.json,43.6804235,-92.9758629,0,0.0,0.0,0.0,0.0,0.0,0.0,0,0,2025-07-07 11:38:41.301
/media/vsi-dev/Lacie_2/mndot_workzone_project/Toyota/campaign_0f13274e-1e23-415d-8a6c-56f06a60a20a-Toyota_Prius_-_Austin_-_1/campaign/processed_json/segments/e6b4bacb-a530-472c-8a4f-cfdd6d463762/part_2/006423.json,43.6804235,-92.9758629,0,0.0,0.0,0.0,0.0,0.0,0.0,0,0,2025-07-07 11:38:41.336
/media/vsi-dev/Lacie_2/mndot_workzone_project/Toyota/campaign_0f13274e-1e23-415d-8a6c-56f06a60a20a-Toyota_Prius_-_Austin_-_1/campaign/processed_json/segments/e6b4bacb-a530-472c-8a4f-cfdd6d463762/part_2/006424.json,43.6804235,-92.9758629,0,0.0,0.0,0.0,0.0,0.0,0.0,0,0,2025-07-07 11:38:41.368
/media/vsi-dev/Lacie_2/mndot_workzone_project/Toyota/campaign_0f13274e-1e23-415d-8a6c-56f06a60a20a-Toyota_Prius_-_Austin_-_1/campaign/processed_json/segments/e6b4bacb-a530-472c-8a4f-cfdd6d463762/part_2/006425.json,43.6804235,-92.9758629,0,0.0,0.0,0.0,0.0,0.0,0.0,0,0,2025-07-07 11:38:41.406
/media/vsi-dev/Lacie_2/mndot_workzone_project/Toyota/campaign_0f13274e-1e23-415d-8a6c-56f06a60a20a-Toyota_Prius_-_Austin_-_1/campaign/processed_json/segments/e6b4bacb-a530-472c-8a4f-cfdd6d463762/part_2/006426.json,43.6804235,-92.9758629,0,0.0,0.0,0.0,0.0,0.0,0.0,0,0,2025-07-07 11:38:41.438
/media/vsi-dev/Lacie_2/mndot_workzone_project/Toyota/campaign_0f13274e-1e23-415d-8a6c-56f06a60a20a-Toyota_Prius_-_Austin_-_1/campaign/processed_json/segments/e6b4bacb-a530-472c-8a4f-cfdd6d463762/part_2/006427.json,43.6804235,-92.9758629,0,0.0,0.0,0.0,0.0,0.0,0.0,0,0,2025-07-07 11:38:41.471
/media/vsi-dev/Lacie_2/mndot_workzone_project/Toyota/campaign_0f13274e-1e23-415d-8a6c-56f06a60a20a-Toyota_Prius_-_Austin_-_1/campaign/processed_json/segments/e6b4bacb-a530-472c-8a4f-cfdd6d463762/part_2/006428.json,43.6804235,-92.9758629,0,0.0,0.0,0.0,0.0,0.0,0.0,0,0,2025-07-07 11:38:41.499
/media/vsi-dev/Lacie_2/mndot_workzone_project/Toyota/campaign_0f13274e-1e23-415d-8a6c-56f06a60a20a-Toyota_Prius_-_Austin_-_1/campaign/processed_json/segments/e6b4bacb-a530-472c-8a4f-cfdd6d463762/part_2/006429.json,43.6804235,-92.9758629,0,31.46,34.715025906735754,43.005181347150256,29.311294765840216,3.829201101928375,36.68,0.8822825102253743,0.7962034090931447,2025-07-07 11:38:41.535
/media/vsi-dev/Lacie_2/mndot_workzone_project/Toyota/campaign_0f13274e-1e23-415d-8a6c-56f06a60a20a-Toyota_Prius_-_Austin_-_1/campaign/processed_json/segments/e6b4bacb-a530-472c-8a4f-cfdd6d463762/part_2/006430.json,43.6804235,-92.9758629,0,33.58,67.35751295336787,41.968911917098445,7.424242424242425,8.112947658402204,43.27,0.9140979003652333,0.7135193971416098,2025-07-07 11:38:41.572
/media/vsi-dev/Lacie_2/mndot_workzone_project/Toyota/campaign_0f13274e-1e23-415d-8a6c-56f06a60a20a-Toyota_Prius_-_Austin_-_1/campaign/processed_json/segments/e6b4bacb-a530-472c-8a4f-cfdd6d463762/part_2/006431.json,43.6804235,-92.9758629,0,34.89,63.730569948186535,40.41450777202073,42.46556473829201,9.049586776859504,47.01,0.9298576292558598,0.6785762829729516,2025-07-07 11:38:41.608
/media/vsi-dev/Lacie_2/mndot_workzone_project/Toyota/campaign_0f13274e-1e23-415d-8a6c-56f06a60a20a-Toyota_Prius_-_Austin_-_1/campaign/processed_json/segments/e6b4bacb-a530-472c-8a4f-cfdd6d463762/part_2/006432.json,43.6804235,-92.9758629,0,31.97,66.32124352331607,36.26943005181347,11.267217630853994,10.606060606060606,41.7,0.910485295753755,0.6182147753986535,2025-07-07 11:38:41.646
/media/vsi-dev/Lacie_2/mndot_workzone_project/Toyota/campaign_0f13274e-1e23-415d-8a6c-56f06a60a20a-Toyota_Prius_-_Austin_-_1/campaign/processed_json/segments/e6b4bacb-a530-472c-8a4f-cfdd6d463762/part_2/006433.json,43.6804347,-92.9755776,0,0.0,0.0,0.0,0.0,0.0,0.0,0,0,2025-07-07 11:38:41.671
/media/vsi-dev/Lacie_2/mndot_workzone_project/Toyota/campaign_0f13274e-1e23-415d-8a6c-56f06a60a20a-Toyota_Prius_-_Austin_-_1/campaign/processed_json/segments/e6b4bacb-a530-472c-8a4f-cfdd6d463762/part_2/006434.json,43.6804347,-92.9755776,0,0.0,0.0,0.0,0.0,0.0,0.0,0,0,2025-07-07 11:38:41.703
/media/vsi-dev/Lacie_2/mndot_workzone_project/Toyota/campaign_0f13274e-1e23-415d-8a6c-56f06a60a20a-Toyota_Prius_-_Austin_-_1/campaign/processed_json/segments/e6b4bacb-a530-472c-8a4f-cfdd6d463762/part_2/006435.json,43.6804347,-92.9755776,0.8450376350450757,67.01,56.476683937823836,0.0,100.0,12.272727272727273,41.99,0.670282246701776,0.9711348341924656,2025-07-07 11:38:41.736
/media/vsi-dev/Lacie_2/mndot_workzone_project/Toyota/campaign_0f13274e-1e23-415d-8a6c-56f06a60a20a-Toyota_Prius_-_Austin_-_1/campaign/processed_json/segments/e6b4bacb-a530-472c-8a4f-cfdd6d463762/part_2/006436.json,43.6804347,-92.9755776,0,37.31,54.92227979274611,60.62176165803109,39.435261707988985,15.84022038567493,51.34,0.9150348288016196,0.7624830425153765,2025-07-07 11:38:41.772
/media/vsi-dev/Lacie_2/mndot_workzone_project/Toyota/campaign_0f13274e-1e23-415d-8a6c-56f06a60a20a-Toyota_Prius_-_Austin_-_1/campaign/processed_json/segments/e6b4bacb-a530-472c-8a4f-cfdd6d463762/part_2/006437.json,43.6804347,-92.9755776,0,39.81,63.212435233160626,59.58549222797927,60.647382920110196,17.34159779614325,57.04,0.7950471319088863,0.9046564537925963,2025-07-07 11:38:41.804
/media/vsi-dev/Lacie_2/mndot_workzone_project/Toyota/campaign_0f13274e-1e23-415d-8a6c-56f06a60a20a-Toyota_Prius_-_Austin_-_1/campaign/processed_json/segments/e6b4bacb-a530-472c-8a4f-cfdd6d463762/part_2/006438.json,43.6804347,-92.9755776,0,39.56,63.212435233160626,56.994818652849744,58.388429752066116,16.15702479338843,55.85,0.8163554318506421,0.9052783069641308,2025-07-07 11:38:41.838
/media/vsi-dev/Lacie_2/mndot_workzone_project/Toyota/campaign_0f13274e-1e23-415d-8a6c-56f06a60a20a-Toyota_Prius_-_Austin_-_1/campaign/processed_json/segments/e6b4bacb-a530-472c-8a4f-cfdd6d463762/part_2/006439.json,43.6804347,-92.9755776,0,38.91,63.212435233160626,56.476683937823836,45.950413223140494,21.10192837465565,54.52,0.7837769386388078,0.9267229454143112,2025-07-07 11:38:41.873
/media/vsi-dev/Lacie_2/mndot_workzone_project/Toyota/campaign_0f13274e-1e23-415d-8a6c-56f06a60a20a-Toyota_Prius_-_Austin_-_1/campaign/processed_json/segments/e6b4bacb-a530-472c-8a4f-cfdd6d463762/part_2/006440.json,43.6804347,-92.9755776,0,39.11,65.28497409326425,50.77720207253886,62.97520661157024,21.170798898071624,55.83,0.7728971364929975,0.9049521118184288,2025-07-07 11:38:41.911
/media/vsi-dev/Lacie_2/mndot_workzone_project/Toyota/campaign_0f13274e-1e23-415d-8a6c-56f06a60a20a-Toyota_Prius_-_Austin_-_1/campaign/processed_json/segments/e6b4bacb-a530-472c-8a4f-cfdd6d463762/part_2/006441.json,43.6804347,-92.9755776,0,39.37,63.212435233160626,55.44041450777202,59.47658402203857,23.856749311294767,56.48,0.7724374170368999,0.9053365355519105,2025-07-07 11:38:41.938
/media/vsi-dev/Lacie_2/mndot_workzone_project/Toyota/campaign_0f13274e-1e23-415d-8a6c-56f06a60a20a-Toyota_Prius_-_Austin_-_1/campaign/processed_json/segments/e6b4bacb-a530-472c-8a4f-cfdd6d463762/part_2/006442.json,43.6804347,-92.9755776,0,38.22,63.730569948186535,54.40414507772021,43.595041322314046,25.88154269972452,54.14,0.7627138221996475,0.8935901833268474,2025-07-07 11:38:41.972
/media/vsi-dev/Lacie_2/mndot_workzone_project/Toyota/campaign_0f13274e-1e23-415d-8a6c-56f06a60a20a-Toyota_Prius_-_Austin_-_1/campaign/processed_json/segments/e6b4bacb-a530-472c-8a4f-cfdd6d463762/part_2/006443.json,43.6804347,-92.9755776,0,39.55,67.35751295336787,52.84974093264248,56.955922865013775,29.380165289256198,57.32,0.75909938352808,0.9030740814207836,2025-07-07 11:38:42.006
/media/vsi-dev/Lacie_2/mndot_workzone_project/Toyota/campaign_0f13274e-1e23-415d-8a6c-56f06a60a20a-Toyota_Prius_-_Austin_-_1/campaign/processed_json/segments/e6b4bacb-a530-472c-8a4f-cfdd6d463762/part_2/006444.json,43.6804347,-92.9755776,0,39.15,65.80310880829016,69.94818652849742,46.666666666666664,30.840220385674932,59.94,0.9294563374850655,0.5879302015753188,2025-07-07 11:38:42.036
/media/vsi-dev/Lacie_2/mndot_workzone_project/Toyota/campaign_0f13274e-1e23-415d-8a6c-56f06a60a20a-Toyota_Prius_-_Austin_-_1/campaign/processed_json/segments/e6b4bacb-a530-472c-8a4f-cfdd6d463762/part_2/006445.json,43.6804347,-92.9755776,0.8168620131784798,67.51,66.83937823834198,0.0,100.0,21.074380165289256,46.36,0.6624491624027427,0.9664354636323113,2025-07-07 11:38:42.075
/media/vsi-dev/Lacie_2/mndot_workzone_project/Toyota/campaign_0f13274e-1e23-415d-8a6c-56f06a60a20a-Toyota_Prius_-_Austin_-_1/campaign/processed_json/segments/e6b4bacb-a530-472c-8a4f-cfdd6d463762/part_2/006446.json,43.6804347,-92.9755776,0,40.37,66.83937823834198,68.9119170984456,48.994490358126725,36.58402203856749,61.46,0.9291427146037426,0.6499108677410927,2025-07-07 11:38:42.100
/media/vsi-dev/Lacie_2/mndot_workzone_project/Toyota/campaign_0f13274e-1e23-415d-8a6c-56f06a60a20a-Toyota_Prius_-_Austin_-_1/campaign/processed_json/segments/e6b4bacb-a530-472c-8a4f-cfdd6d463762/part_2/006447.json,43.6804347,-92.9755776,0,41.55,66.83937823834198,69.94818652849742,48.09917355371901,31.94214876033058,61.52,0.9280533430388247,0.7665249177777144,2025-07-07 11:38:42.137
/media/vsi-dev/Lacie_2/mndot_workzone_project/Toyota/campaign_0f13274e-1e23-415d-8a6c-56f06a60a20a-Toyota_Prius_-_Austin_-_1/campaign/processed_json/segments/e6b4bacb-a530-472c-8a4f-cfdd6d463762/part_2/006448.json,43.6804347,-92.9755776,0,42.97,67.35751295336787,70.98445595854922,62.32782369146006,40.413223140495866,65.33,0.7761952236441714,0.9071948192595671,2025-07-07 11:38:42.168
/media/vsi-dev/Lacie_2/mndot_workzone_project/Toyota/campaign_0f13274e-1e23-415d-8a6c-56f06a60a20a-Toyota_Prius_-_Austin_-_1/campaign/processed_json/segments/e6b4bacb-a530-472c-8a4f-cfdd6d463762/part_2/006449.json,43.6804347,-92.9755776,0,42.53,66.83937823834198,69.94818652849742,49.32506887052342,53.78787878787878,64.81,0.92660669327552,0.7343535728208678,2025-07-07 11:38:42.204
/media/vsi-dev/Lacie_2/mndot_workzone_project/Toyota/campaign_0f13274e-1e23-415d-8a6c-56f06a60a20a-Toyota_Prius_-_Austin_-_1/campaign/processed_json/segments/e6b4bacb-a530-472c-8a4f-cfdd6d463762/part_2/006450.json,43.6804347,-92.9755776,0,43.6,66.83937823834198,68.9119170984456,63.67768595041322,49.6694214876033,66.27,0.9045183761756749,0.8044672168561426,2025-07-07 11:38:42.244
/media/vsi-dev/Lacie_2/mndot_workzone_project/Toyota/campaign_0f13274e-1e23-415d-8a6c-56f06a60a20a-Toyota_Prius_-_Austin_-_1/campaign/processed_json/segments/e6b4bacb-a530-472c-8a4f-cfdd6d463762/part_2/006451.json,43.6804347,-92.9755776,0,44.41,66.83937823834198,68.9119170984456,63.00275482093664,68.80165289256198,68.92,0.7778049737860551,0.9064305348036926,2025-07-07 11:38:42.270
/media/vsi-dev/Lacie_2/mndot_workzone_project/Toyota/campaign_0f13274e-1e23-415d-8a6c-56f06a60a20a-Toyota_Prius_-_Austin_-_1/campaign/processed_json/segments/e6b4bacb-a530-472c-8a4f-cfdd6d463762/part_2/006452.json,43.6804347,-92.9755776,0,44.97,67.87564766839378,68.9119170984456,56.611570247933884,80.34435261707989,70.05,0.8020189406197943,0.892792343504566,2025-07-07 11:38:42.304
/media/vsi-dev/Lacie_2/mndot_workzone_project/Toyota/campaign_0f13274e-1e23-415d-8a6c-56f06a60a20a-Toyota_Prius_-_Austin_-_1/campaign/processed_json/segments/e6b4bacb-a530-472c-8a4f-cfdd6d463762/part_2/006453.json,43.6804347,-92.9755776,0,46.64,67.87564766839378,68.9119170984456,60.12396694214877,96.18457300275483,73.17,0.899663222651688,0.8375402240327248,2025-07-07 11:38:42.338
/media/vsi-dev/Lacie_2/mndot_workzone_project/Toyota/campaign_0f13274e-1e23-415d-8a6c-56f06a60a20a-Toyota_Prius_-_Austin_-_1/campaign/processed_json/segments/e6b4bacb-a530-472c-8a4f-cfdd6d463762/part_2/006454.json,43.6804347,-92.9755776,0,46.79,66.83937823834198,68.9119170984456,64.44903581267218,95.27548209366391,73.4,0.9074965378113727,0.8356785410871913,2025-07-07 11:38:42.374
/media/vsi-dev/Lacie_2/mndot_workzone_project/Toyota/campaign_0f13274e-1e23-415d-8a6c-56f06a60a20a-Toyota_Prius_-_Austin_-_1/campaign/processed_json/segments/e6b4bacb-a530-472c-8a4f-cfdd6d463762/part_2/006455.json,43.6804347,-92.9755776,0,46.81,66.83937823834198,68.9119170984456,64.6694214876033,95.33057851239668,73.44,0.9063800631609312,0.8368925484329334,2025-07-07 11:38:42.403
/media/vsi-dev/Lacie_2/mndot_workzone_project/Toyota/campaign_0f13274e-1e23-415d-8a6c-56f06a60a20a-Toyota_Prius_-_Austin_-_1/campaign/processed_json/segments/e6b4bacb-a530-472c-8a4f-cfdd6d463762/part_2/006456.json,43.6804347,-92.9755776,0,46.16,66.83937823834198,68.9119170984456,49.146005509641874,95.22038567493112,71.22,0.9308213245662512,0.836289457655406,2025-07-07 11:38:42.435
/media/vsi-dev/Lacie_2/mndot_workzone_project/Toyota/campaign_0f13274e-1e23-415d-8a6c-56f06a60a20a-Toyota_Prius_-_Austin_-_1/campaign/processed_json/segments/e6b4bacb-a530-472c-8a4f-cfdd6d463762/part_2/006457.json,43.6804347,-92.9755776,0,46.87,66.83937823834198,68.9119170984456,65.46831955922865,95.23415977961433,73.56,0.9074082439519657,0.83768746784758,2025-07-07 11:38:42.469
/media/vsi-dev/Lacie_2/mndot_workzone_project/Toyota/campaign_0f13274e-1e23-415d-8a6c-56f06a60a20a-Toyota_Prius_-_Austin_-_1/campaign/processed_json/segments/e6b4bacb-a530-472c-8a4f-cfdd6d463762/part_2/006458.json,43.6804347,-92.9755776,0,46.22,67.35751295336787,68.9119170984456,50.90909090909091,94.73829201101928,71.53,0.9253817470311502,0.8354889161202983,2025-07-07 11:38:42.502
/media/vsi-dev/Lacie_2/mndot_workzone_project/Toyota/campaign_0f13274e-1e23-415d-8a6c-56f06a60a20a-Toyota_Prius_-_Austin_-_1/campaign/processed_json/segments/e6b4bacb-a530-472c-8a4f-cfdd6d463762/part_2/006459.json,43.6804347,-92.9755776,0,45.81,65.80310880829016,67.87564766839378,50.09641873278237,94.93112947658402,70.64,0.9279744986696414,0.8276836576750597,2025-07-07 11:38:42.539
/media/vsi-dev/Lacie_2/mndot_workzone_project/Toyota/campaign_0f13274e-1e23-415d-8a6c-56f06a60a20a-Toyota_Prius_-_Austin_-_1/campaign/processed_json/segments/e6b4bacb-a530-472c-8a4f-cfdd6d463762/part_2/006460.json,43.6804347,-92.9755776,0,45.77,66.32124352331607,67.87564766839378,49.641873278236915,94.24242424242424,70.61,0.8264596215378177,0.9263393794551225,2025-07-07 11:38:42.572
/media/vsi-dev/Lacie_2/mndot_workzone_project/Toyota/campaign_0f13274e-1e23-415d-8a6c-56f06a60a20a-Toyota_Prius_-_Austin_-_1/campaign/processed_json/segments/e6b4bacb-a530-472c-8a4f-cfdd6d463762/part_2/006461.json,43.6804347,-92.9755776,0,45.51,65.28497409326425,67.87564766839378,43.89807162534435,95.22038567493112,69.64,0.9305388495722761,0.8350825642438324,2025-07-07 11:38:42.604
/media/vsi-dev/Lacie_2/mndot_workzone_project/Toyota/campaign_0f13274e-1e23-415d-8a6c-56f06a60a20a-Toyota_Prius_-_Austin_-_1/campaign/processed_json/segments/e6b4bacb-a530-472c-8a4f-cfdd6d463762/part_2/006462.json,43.6804347,-92.9755776,0,44.78,64.24870466321244,67.35751295336787,41.37741046831956,91.34986225895317,68.15,0.9260002732719338,0.8263323768282231,2025-07-07 11:38:42.640
/media/vsi-dev/Lacie_2/mndot_workzone_project/Toyota/campaign_0f13274e-1e23-415d-8a6c-56f06a60a20a-Toyota_Prius_-_Austin_-_1/campaign/processed_json/segments/e6b4bacb-a530-472c-8a4f-cfdd6d463762/part_2/006463.json,43.6804483,-92.9752904,0,46.22,66.83937823834198,67.87564766839378,61.19834710743801,93.00275482093664,72.21,0.8321839979781821,0.9016082396430584,2025-07-07 11:38:42.673
/media/vsi-dev/Lacie_2/mndot_workzone_project/Toyota/campaign_0f13274e-1e23-415d-8a6c-56f06a60a20a-Toyota_Prius_-_Austin_-_1/campaign/processed_json/segments/e6b4bacb-a530-472c-8a4f-cfdd6d463762/part_2/006464.json,43.6804483,-92.9752904,0,45.15,63.730569948186535,67.87564766839378,44.55922865013774,92.75482093663912,68.88,0.9271239968659064,0.8326563735772077,2025-07-07 11:38:42.723
/media/vsi-dev/Lacie_2/mndot_workzone_project/Toyota/campaign_0f13274e-1e23-415d-8a6c-56f06a60a20a-Toyota_Prius_-_Austin_-_1/campaign/processed_json/segments/e6b4bacb-a530-472c-8a4f-cfdd6d463762/part_2/006465.json,43.6804483,-92.9752904,0,45.46,64.76683937823834,66.83937823834198,55.04132231404959,91.91460055096418,70.21,0.9028649083694777,0.8346665116834672,2025-07-07 11:38:42.738
/media/vsi-dev/Lacie_2/mndot_workzone_project/Toyota/campaign_0f13274e-1e23-415d-8a6c-56f06a60a20a-Toyota_Prius_-_Austin_-_1/campaign/processed_json/segments/e6b4bacb-a530-472c-8a4f-cfdd6d463762/part_2/006466.json,43.6804483,-92.9752904,0,44.92,63.212435233160626,66.83937823834198,43.96694214876033,92.93388429752066,68.34,0.9255148655493471,0.8326700027304579,2025-07-07 11:38:42.779
/media/vsi-dev/Lacie_2/mndot_workzone_project/Toyota/campaign_0f13274e-1e23-415d-8a6c-56f06a60a20a-Toyota_Prius_-_Austin_-_1/campaign/processed_json/segments/e6b4bacb-a530-472c-8a4f-cfdd6d463762/part_2/006467.json,43.6804483,-92.9752904,0,46.74,64.24870466321244,71.50259067357513,56.99724517906336,100.0,73.04,0.9030391794957193,0.8498420406274126,2025-07-07 11:38:42.804
/media/vsi-dev/Lacie_2/mndot_workzone_project/Toyota/campaign_0f13274e-1e23-415d-8a6c-56f06a60a20a-Toyota_Prius_-_Austin_-_1/campaign/processed_json/segments/e6b4bacb-a530-472c-8a4f-cfdd6d463762/part_2/006468.json,43.6804483,-92.9752904,0,47.3,65.80310880829016,70.98445595854922,63.63636363636363,100.0,74.36,0.9060369766348394,0.8494039978570296,2025-07-07 11:38:42.840
/media/vsi-dev/Lacie_2/mndot_workzone_project/Toyota/campaign_0f13274e-1e23-415d-8a6c-56f06a60a20a-Toyota_Prius_-_Austin_-_1/campaign/processed_json/segments/e6b4bacb-a530-472c-8a4f-cfdd6d463762/part_2/006469.json,43.6804483,-92.9752904,0,40.26,65.28497409326425,66.32124352331607,46.98347107438017,3.691460055096419,56.01,0.9258640172656993,0.8596565446341056,2025-07-07 11:38:42.878
/media/vsi-dev/Lacie_2/mndot_workzone_project/Toyota/campaign_0f13274e-1e23-415d-8a6c-56f06a60a20a-Toyota_Prius_-_Austin_-_1/campaign/processed_json/segments/e6b4bacb-a530-472c-8a4f-cfdd6d463762/part_2/006470.json,43.6804483,-92.9752904,0,39.63,63.730569948186535,65.80310880829016,45.66115702479338,4.4903581267217625,55.17,0.927902319194314,0.8285908683181588,2025-07-07 11:38:42.911
/media/vsi-dev/Lacie_2/mndot_workzone_project/Toyota/campaign_0f13274e-1e23-415d-8a6c-56f06a60a20a-Toyota_Prius_-_Austin_-_1/campaign/processed_json/segments/e6b4bacb-a530-472c-8a4f-cfdd6d463762/part_2/006471.json,43.6804483,-92.9752904,0,39.22,63.212435233160626,65.80310880829016,44.33884297520661,0.30303030303030304,54.18,0.9283786641032616,0.8267497537228368,2025-07-07 11:38:42.938
/media/vsi-dev/Lacie_2/mndot_workzone_project/Toyota/campaign_0f13274e-1e23-415d-8a6c-56f06a60a20a-Toyota_Prius_-_Austin_-_1/campaign/processed_json/segments/e6b4bacb-a530-472c-8a4f-cfdd6d463762/part_2/006472.json,43.6804483,-92.9752904,0,40.27,63.730569948186535,65.80310880829016,59.72451790633608,5.68870523415978,57.34,0.9063089169411526,0.827487768000281,2025-07-07 11:38:42.972
/media/vsi-dev/Lacie_2/mndot_workzone_project/Toyota/campaign_0f13274e-1e23-415d-8a6c-56f06a60a20a-Toyota_Prius_-_Austin_-_1/campaign/processed_json/segments/e6b4bacb-a530-472c-8a4f-cfdd6d463762/part_2/006473.json,43.6804483,-92.9752904,0,46.29,64.76683937823834,70.98445595854922,45.358126721763085,99.0358126721763,71.27,0.9298155090944175,0.8480195300703883,2025-07-07 11:38:43.003
/media/vsi-dev/Lacie_2/mndot_workzone_project/Toyota/campaign_0f13274e-1e23-415d-8a6c-56f06a60a20a-Toyota_Prius_-_Austin_-_1/campaign/processed_json/segments/e6b4bacb-a530-472c-8a4f-cfdd6d463762/part_2/006474.json,43.6804483,-92.9752904,0,40.09,59.067357512953365,70.98445595854922,53.30578512396694,0.0,55.88,0.8979707160382672,0.8755836092773908,2025-07-07 11:38:43.045
/media/vsi-dev/Lacie_2/mndot_workzone_project/Toyota/campaign_0f13274e-1e23-415d-8a6c-56f06a60a20a-Toyota_Prius_-_Austin_-_1/campaign/processed_json/segments/e6b4bacb-a530-472c-8a4f-cfdd6d463762/part_2/006475.json,43.6804483,-92.9752904,0,40.52,64.76683937823834,65.28497409326425,62.13498622589532,7.506887052341598,58.1,0.9065498599482645,0.8209924447638577,2025-07-07 11:38:43.073
/media/vsi-dev/Lacie_2/mndot_workzone_project/Toyota/campaign_0f13274e-1e23-415d-8a6c-56f06a60a20a-Toyota_Prius_-_Austin_-_1/campaign/processed_json/segments/e6b4bacb-a530-472c-8a4f-cfdd6d463762/part_2/006476.json,43.6804483,-92.9752904,0,45.34,64.76683937823834,65.80310880829016,45.743801652892564,99.00826446280992,69.63,0.9299674358344463,0.8183497027653913,2025-07-07 11:38:43.109
/media/vsi-dev/Lacie_2/mndot_workzone_project/Toyota/campaign_0f13274e-1e23-415d-8a6c-56f06a60a20a-Toyota_Prius_-_Austin_-_1/campaign/processed_json/segments/e6b4bacb-a530-472c-8a4f-cfdd6d463762/part_2/006477.json,43.6804483,-92.9752904,0,46.37,64.76683937823834,72.02072538860104,44.00826446280991,100.0,71.52,0.9341842879598179,0.84183290812861,2025-07-07 11:38:43.140
/media/vsi-dev/Lacie_2/mndot_workzone_project/Toyota/campaign_0f13274e-1e23-415d-8a6c-56f06a60a20a-Toyota_Prius_-_Austin_-_1/campaign/processed_json/segments/e6b4bacb-a530-472c-8a4f-cfdd6d463762/part_2/006478.json,43.6804483,-92.9752904,0,46.48,64.24870466321244,70.98445595854922,63.81542699724518,88.4159779614325,72.2,0.9043983094667597,0.855166828952203,2025-07-07 11:38:43.172
/media/vsi-dev/Lacie_2/mndot_workzone_project/Toyota/campaign_0f13274e-1e23-415d-8a6c-56f06a60a20a-Toyota_Prius_-_Austin_-_1/campaign/processed_json/segments/e6b4bacb-a530-472c-8a4f-cfdd6d463762/part_2/006479.json,43.6804483,-92.9752904,0,39.64,63.730569948186535,64.76683937823834,46.44628099173554,8.71900826446281,55.54,0.9289796438461143,0.81336806345938,2025-07-07 11:38:43.215
/media/vsi-dev/Lacie_2/mndot_workzone_project/Toyota/campaign_0f13274e-1e23-415d-8a6c-56f06a60a20a-Toyota_Prius_-_Austin_-_1/campaign/processed_json/segments/e6b4bacb-a530-472c-8a4f-cfdd6d463762/part_2/006480.json,43.6804483,-92.9752904,0,39.8,65.28497409326425,64.24870466321244,47.63085399449036,9.931129476584022,56.16,0.9272542798385998,0.8060429409731651,2025-07-07 11:38:43.250
/media/vsi-dev/Lacie_2/mndot_workzone_project/Toyota/campaign_0f13274e-1e23-415d-8a6c-56f06a60a20a-Toyota_Prius_-_Austin_-_1/campaign/processed_json/segments/e6b4bacb-a530-472c-8a4f-cfdd6d463762/part_2/006481.json,43.6804483,-92.9752904,0,40.28,64.24870466321244,63.730569948186535,63.980716253443525,9.53168044077135,57.97,0.9034630781057336,0.805459116725276,2025-07-07 11:38:43.271
/media/vsi-dev/Lacie_2/mndot_workzone_project/Toyota/campaign_0f13274e-1e23-415d-8a6c-56f06a60a20a-Toyota_Prius_-_Austin_-_1/campaign/processed_json/segments/e6b4bacb-a530-472c-8a4f-cfdd6d463762/part_2/006482.json,43.6804483,-92.9752904,0,37.28,70.98445595854922,63.730569948186535,12.369146005509641,12.011019283746556,52.26,0.8397044157784689,0.7979260054484465,2025-07-07 11:38:43.305
/media/vsi-dev/Lacie_2/mndot_workzone_project/Toyota/campaign_0f13274e-1e23-415d-8a6c-56f06a60a20a-Toyota_Prius_-_Austin_-_1/campaign/processed_json/segments/e6b4bacb-a530-472c-8a4f-cfdd6d463762/part_2/006483.json,43.6804483,-92.9752904,0,39.94,64.76683937823834,63.212435233160626,59.24242424242424,12.382920110192837,57.59,0.8994037755105876,0.7912104582891357,2025-07-07 11:38:43.337
/media/vsi-dev/Lacie_2/mndot_workzone_project/Toyota/campaign_0f13274e-1e23-415d-8a6c-56f06a60a20a-Toyota_Prius_-_Austin_-_1/campaign/processed_json/segments/e6b4bacb-a530-472c-8a4f-cfdd6d463762/part_2/006484.json,43.6804483,-92.9752904,0,39.63,61.13989637305699,63.212435233160626,58.4435261707989,14.256198347107437,56.69,0.9040180546328735,0.7913219621586739,2025-07-07 11:38:43.390
/media/vsi-dev/Lacie_2/mndot_workzone_project/Toyota/campaign_0f13274e-1e23-415d-8a6c-56f06a60a20a-Toyota_Prius_-_Austin_-_1/campaign/processed_json/segments/e6b4bacb-a530-472c-8a4f-cfdd6d463762/part_2/006485.json,43.6804483,-92.9752904,0,42.51,71.50259067357513,63.212435233160626,100.0,13.581267217630854,65.59,0.8407695931623304,0.7861916816185495,2025-07-07 11:38:43.430
/media/vsi-dev/Lacie_2/mndot_workzone_project/Toyota/campaign_0f13274e-1e23-415d-8a6c-56f06a60a20a-Toyota_Prius_-_Austin_-_1/campaign/processed_json/segments/e6b4bacb-a530-472c-8a4f-cfdd6d463762/part_2/006486.json,43.6804483,-92.9752904,0,42.49,70.98445595854922,62.17616580310881,100.0,15.771349862258955,65.47,0.8473547301846429,0.7830985809999941,2025-07-07 11:38:43.447
/media/vsi-dev/Lacie_2/mndot_workzone_project/Toyota/campaign_0f13274e-1e23-415d-8a6c-56f06a60a20a-Toyota_Prius_-_Austin_-_1/campaign/processed_json/segments/e6b4bacb-a530-472c-8a4f-cfdd6d463762/part_2/006487.json,43.6804483,-92.9752904,0,36.78,63.212435233160626,60.62176165803109,35.39944903581267,0.0,50.71,0.8726326402857255,0.7768725871556734,2025-07-07 11:38:43.473
/media/vsi-dev/Lacie_2/mndot_workzone_project/Toyota/campaign_0f13274e-1e23-415d-8a6c-56f06a60a20a-Toyota_Prius_-_Austin_-_1/campaign/processed_json/segments/e6b4bacb-a530-472c-8a4f-cfdd6d463762/part_2/006488.json,43.6804483,-92.9752904,0,36.06,69.94818652849742,59.58549222797927,0.04132231404958678,17.43801652892562,49.59,0.8502024184440832,0.7719574164761681,2025-07-07 11:38:43.497
/media/vsi-dev/Lacie_2/mndot_workzone_project/Toyota/campaign_0f13274e-1e23-415d-8a6c-56f06a60a20a-Toyota_Prius_-_Austin_-_1/campaign/processed_json/segments/e6b4bacb-a530-472c-8a4f-cfdd6d463762/part_2/006489.json,43.6804483,-92.9752904,0,37.27,57.51295336787565,57.51295336787565,38.89807162534436,18.209366391184574,51.42,0.9156782006728217,0.7543433851680614,2025-07-07 11:38:43.530
/media/vsi-dev/Lacie_2/mndot_workzone_project/Toyota/campaign_0f13274e-1e23-415d-8a6c-56f06a60a20a-Toyota_Prius_-_Austin_-_1/campaign/processed_json/segments/e6b4bacb-a530-472c-8a4f-cfdd6d463762/part_2/006490.json,43.6804483,-92.9752904,0,38.02,63.730569948186535,56.476683937823836,43.15426997245179,14.834710743801653,53.14,0.9269995360036297,0.7490874415092057,2025-07-07 11:38:43.567
/media/vsi-dev/Lacie_2/mndot_workzone_project/Toyota/campaign_0f13274e-1e23-415d-8a6c-56f06a60a20a-Toyota_Prius_-_Austin_-_1/campaign/processed_json/segments/e6b4bacb-a530-472c-8a4f-cfdd6d463762/part_2/006491.json,43.6804483,-92.9752904,0,38.42,64.24870466321244,55.44041450777202,59.22865013774105,13.856749311294767,55.07,0.9007450986023746,0.7389369392222724,2025-07-07 11:38:43.607
/media/vsi-dev/Lacie_2/mndot_workzone_project/Toyota/campaign_0f13274e-1e23-415d-8a6c-56f06a60a20a-Toyota_Prius_-_Austin_-_1/campaign/processed_json/segments/e6b4bacb-a530-472c-8a4f-cfdd6d463762/part_2/006492.json,43.6804483,-92.9752904,0,38.61,65.28497409326425,54.40414507772021,43.82920110192837,27.134986225895318,54.88,0.9304997562237226,0.7355124344754689,2025-07-07 11:38:43.636
/media/vsi-dev/Lacie_2/mndot_workzone_project/Toyota/campaign_0f13274e-1e23-415d-8a6c-56f06a60a20a-Toyota_Prius_-_Austin_-_1/campaign/processed_json/segments/e6b4bacb-a530-472c-8a4f-cfdd6d463762/part_2/006493.json,43.6804617,-92.9750059,0,38.64,66.32124352331607,53.36787564766839,44.62809917355372,29.87603305785124,55.34,0.9293047690799393,0.7213937695297596,2025-07-07 11:38:43.669
/media/vsi-dev/Lacie_2/mndot_workzone_project/Toyota/campaign_0f13274e-1e23-415d-8a6c-56f06a60a20a-Toyota_Prius_-_Austin_-_1/campaign/processed_json/segments/e6b4bacb-a530-472c-8a4f-cfdd6d463762/part_2/006494.json,43.6804617,-92.9750059,0,46.33,63.730569948186535,69.94818652849742,59.586776859504134,98.62258953168043,72.5,0.900094321511403,0.8330611024597443,2025-07-07 11:38:43.699
/media/vsi-dev/Lacie_2/mndot_workzone_project/Toyota/campaign_0f13274e-1e23-415d-8a6c-56f06a60a20a-Toyota_Prius_-_Austin_-_1/campaign/processed_json/segments/e6b4bacb-a530-472c-8a4f-cfdd6d463762/part_2/006495.json,43.6804617,-92.9750059,0,36.71,65.28497409326425,50.259067357512954,59.84848484848485,0.0,51.66,0.9028335706912614,0.7013265403205754,2025-07-07 11:38:43.741
/media/vsi-dev/Lacie_2/mndot_workzone_project/Toyota/campaign_0f13274e-1e23-415d-8a6c-56f06a60a20a-Toyota_Prius_-_Austin_-_1/campaign/processed_json/segments/e6b4bacb-a530-472c-8a4f-cfdd6d463762/part_2/006496.json,43.6804617,-92.9750059,0,43.53,64.24870466321244,69.94818652849742,45.64738292011019,80.05509641873279,67.4,0.7282192881730092,0.928773480720605,2025-07-07 11:38:43.773
/media/vsi-dev/Lacie_2/mndot_workzone_project/Toyota/campaign_0f13274e-1e23-415d-8a6c-56f06a60a20a-Toyota_Prius_-_Austin_-_1/campaign/processed_json/segments/e6b4bacb-a530-472c-8a4f-cfdd6d463762/part_2/006497.json,43.6804617,-92.9750059,0,38.15,63.212435233160626,55.44041450777202,43.264462809917354,15.165289256198347,52.86,0.9271145555501653,0.7730480323572558,2025-07-07 11:38:43.812
/media/vsi-dev/Lacie_2/mndot_workzone_project/Toyota/campaign_0f13274e-1e23-415d-8a6c-56f06a60a20a-Toyota_Prius_-_Austin_-_1/campaign/processed_json/segments/e6b4bacb-a530-472c-8a4f-cfdd6d463762/part_2/006498.json,43.6804617,-92.9750059,0,34.67,63.212435233160626,41.968911917098445,46.80440771349863,16.21212121212121,48.62,0.9239155601144577,0.5982854528474777,2025-07-07 11:38:43.850
/media/vsi-dev/Lacie_2/mndot_workzone_project/Toyota/campaign_0f13274e-1e23-415d-8a6c-56f06a60a20a-Toyota_Prius_-_Austin_-_1/campaign/processed_json/segments/e6b4bacb-a530-472c-8a4f-cfdd6d463762/part_2/006499.json,43.6804617,-92.9750059,0,35.06,60.62176165803109,53.36787564766839,59.42148760330579,15.68870523415978,52.5,0.9017688944808507,0.5046343920472338,2025-07-07 11:38:43.872
/media/vsi-dev/Lacie_2/mndot_workzone_project/Toyota/campaign_0f13274e-1e23-415d-8a6c-56f06a60a20a-Toyota_Prius_-_Austin_-_1/campaign/processed_json/segments/e6b4bacb-a530-472c-8a4f-cfdd6d463762/part_2/006500.json,43.6804617,-92.9750059,0,35.83,60.62176165803109,53.36787564766839,58.18181818181818,17.920110192837466,52.94,0.8985475472970039,0.5664348289033837,2025-07-07 11:38:43.901
/media/vsi-dev/Lacie_2/mndot_workzone_project/Toyota/campaign_0f13274e-1e23-415d-8a6c-56f06a60a20a-Toyota_Prius_-_Austin_-_1/campaign/processed_json/segments/e6b4bacb-a530-472c-8a4f-cfdd6d463762/part_2/006501.json,43.6804617,-92.9750059,0,34.73,52.331606217616574,52.331606217616574,48.85674931129477,14.97245179063361,48.62,0.8972966219656224,0.6313537701742447,2025-07-07 11:38:43.934
/media/vsi-dev/Lacie_2/mndot_workzone_project/Toyota/campaign_0f13274e-1e23-415d-8a6c-56f06a60a20a-Toyota_Prius_-_Austin_-_1/campaign/processed_json/segments/e6b4bacb-a530-472c-8a4f-cfdd6d463762/part_2/006502.json,43.6804617,-92.9750059,0,35.56,57.51295336787565,51.29533678756477,38.319559228650135,15.867768595041323,48.79,0.8920967427516671,0.7122172231259334,2025-07-07 11:38:43.970
/media/vsi-dev/Lacie_2/mndot_workzone_project/Toyota/campaign_0f13274e-1e23-415d-8a6c-56f06a60a20a-Toyota_Prius_-_Austin_-_1/campaign/processed_json/segments/e6b4bacb-a530-472c-8a4f-cfdd6d463762/part_2/006503.json,43.6804617,-92.9750059,0,36.66,61.13989637305699,50.259067357512954,36.570247933884296,16.363636363636363,49.74,0.9245685823424081,0.7522718371157922,2025-07-07 11:38:44.013
/media/vsi-dev/Lacie_2/mndot_workzone_project/Toyota/campaign_0f13274e-1e23-415d-8a6c-56f06a60a20a-Toyota_Prius_-_Austin_-_1/campaign/processed_json/segments/e6b4bacb-a530-472c-8a4f-cfdd6d463762/part_2/006504.json,43.6804617,-92.9750059,0,37.89,63.212435233160626,50.259067357512954,40.86776859504132,21.10192837465565,51.9,0.9283166687704495,0.784745165139268,2025-07-07 11:38:44.037
/media/vsi-dev/Lacie_2/mndot_workzone_project/Toyota/campaign_0f13274e-1e23-415d-8a6c-56f06a60a20a-Toyota_Prius_-_Austin_-_1/campaign/processed_json/segments/e6b4bacb-a530-472c-8a4f-cfdd6d463762/part_2/006505.json,43.6804617,-92.9750059,0,37.9,63.212435233160626,48.18652849740933,52.97520661157024,19.490358126721762,52.7,0.7821226650950226,0.8997810845565943,2025-07-07 11:38:44.072
/media/vsi-dev/Lacie_2/mndot_workzone_project/Toyota/campaign_0f13274e-1e23-415d-8a6c-56f06a60a20a-Toyota_Prius_-_Austin_-_1/campaign/processed_json/segments/e6b4bacb-a530-472c-8a4f-cfdd6d463762/part_2/006506.json,43.6804617,-92.9750059,0,37.25,63.212435233160626,47.15025906735752,54.17355371900826,25.19283746556474,53.03,0.9003424395708783,0.7033857221941844,2025-07-07 11:38:44.102
/media/vsi-dev/Lacie_2/mndot_workzone_project/Toyota/campaign_0f13274e-1e23-415d-8a6c-56f06a60a20a-Toyota_Prius_-_Austin_-_1/campaign/processed_json/segments/e6b4bacb-a530-472c-8a4f-cfdd6d463762/part_2/006507.json,43.6804617,-92.9750059,0,36.19,58.549222797927456,46.1139896373057,51.26721763085399,23.953168044077135,50.65,0.8975141997241567,0.6958399706066384,2025-07-07 11:38:44.150
/media/vsi-dev/Lacie_2/mndot_workzone_project/Toyota/campaign_0f13274e-1e23-415d-8a6c-56f06a60a20a-Toyota_Prius_-_Austin_-_1/campaign/processed_json/segments/e6b4bacb-a530-472c-8a4f-cfdd6d463762/part_2/006508.json,43.6804617,-92.9750059,0,37.82,63.212435233160626,44.04145077720207,55.6060606060606,24.0633608815427,52.53,0.8993306923062648,0.7812710109939545,2025-07-07 11:38:44.174
/media/vsi-dev/Lacie_2/mndot_workzone_project/Toyota/campaign_0f13274e-1e23-415d-8a6c-56f06a60a20a-Toyota_Prius_-_Austin_-_1/campaign/processed_json/segments/e6b4bacb-a530-472c-8a4f-cfdd6d463762/part_2/006509.json,43.6804617,-92.9750059,0,36.52,63.212435233160626,43.005181347150256,55.619834710743795,29.6831955922865,52.43,0.899692108240914,0.6549826989523497,2025-07-07 11:38:44.211
/media/vsi-dev/Lacie_2/mndot_workzone_project/Toyota/campaign_0f13274e-1e23-415d-8a6c-56f06a60a20a-Toyota_Prius_-_Austin_-_1/campaign/processed_json/segments/e6b4bacb-a530-472c-8a4f-cfdd6d463762/part_2/006510.json,43.6804617,-92.9750059,0,36.4,62.17616580310881,41.968911917098445,54.655647382920115,31.170798898071627,51.93,0.8987526772380947,0.6643163250362576,2025-07-07 11:38:44.244
/media/vsi-dev/Lacie_2/mndot_workzone_project/Toyota/campaign_0f13274e-1e23-415d-8a6c-56f06a60a20a-Toyota_Prius_-_Austin_-_1/campaign/processed_json/segments/e6b4bacb-a530-472c-8a4f-cfdd6d463762/part_2/006511.json,43.6804617,-92.9750059,0,39.11,63.212435233160626,69.94818652849742,40.12396694214876,32.31404958677686,58.64,0.9285502760095072,0.6366515252353303,2025-07-07 11:38:44.268
/media/vsi-dev/Lacie_2/mndot_workzone_project/Toyota/campaign_0f13274e-1e23-415d-8a6c-56f06a60a20a-Toyota_Prius_-_Austin_-_1/campaign/processed_json/segments/e6b4bacb-a530-472c-8a4f-cfdd6d463762/part_2/006512.json,43.6804617,-92.9750059,0.10729556849795499,43.53,60.62176165803109,69.94818652849742,38.67768595041322,34.9862258953168,58.2,0.9254392655207933,0.6699031329927343,2025-07-07 11:38:44.305
/media/vsi-dev/Lacie_2/mndot_workzone_project/Toyota/campaign_0f13274e-1e23-415d-8a6c-56f06a60a20a-Toyota_Prius_-_Austin_-_1/campaign/processed_json/segments/e6b4bacb-a530-472c-8a4f-cfdd6d463762/part_2/006513.json,43.6804617,-92.9750059,0.10592695123972917,43.94,58.549222797927456,69.94818652849742,51.15702479338843,37.86501377410468,59.79,0.8969686910830285,0.6812841715337659,2025-07-07 11:38:44.340
/media/vsi-dev/Lacie_2/mndot_workzone_project/Toyota/campaign_0f13274e-1e23-415d-8a6c-56f06a60a20a-Toyota_Prius_-_Austin_-_1/campaign/processed_json/segments/e6b4bacb-a530-472c-8a4f-cfdd6d463762/part_2/006514.json,43.6804617,-92.9750059,0,39.44,58.549222797927456,69.94818652849742,39.035812672176306,39.61432506887053,58.39,0.9231294309882652,0.6850650149979715,2025-07-07 11:38:44.369
/media/vsi-dev/Lacie_2/mndot_workzone_project/Toyota/campaign_0f13274e-1e23-415d-8a6c-56f06a60a20a-Toyota_Prius_-_Austin_-_1/campaign/processed_json/segments/e6b4bacb-a530-472c-8a4f-cfdd6d463762/part_2/006515.json,43.6804617,-92.9750059,0,39.74,58.549222797927456,69.94818652849742,39.76584022038567,40.853994490358126,58.76,0.9240841391229097,0.6993410651504127,2025-07-07 11:38:44.410
/media/vsi-dev/Lacie_2/mndot_workzone_project/Toyota/campaign_0f13274e-1e23-415d-8a6c-56f06a60a20a-Toyota_Prius_-_Austin_-_1/campaign/processed_json/segments/e6b4bacb-a530-472c-8a4f-cfdd6d463762/part_2/006516.json,43.6804617,-92.9750059,0,40.67,60.62176165803109,69.94818652849742,54.73829201101928,41.515151515151516,61.62,0.8977403721585744,0.7048080521922202,2025-07-07 11:38:44.436
/media/vsi-dev/Lacie_2/mndot_workzone_project/Toyota/campaign_0f13274e-1e23-415d-8a6c-56f06a60a20a-Toyota_Prius_-_Austin_-_1/campaign/processed_json/segments/e6b4bacb-a530-472c-8a4f-cfdd6d463762/part_2/006517.json,43.6804617,-92.9750059,0,40.26,57.51295336787565,69.94818652849742,47.96143250688705,44.269972451790636,60.17,0.8977318277896821,0.7212388245580447,2025-07-07 11:38:44.470
/media/vsi-dev/Lacie_2/mndot_workzone_project/Toyota/campaign_0f13274e-1e23-415d-8a6c-56f06a60a20a-Toyota_Prius_-_Austin_-_1/campaign/processed_json/segments/e6b4bacb-a530-472c-8a4f-cfdd6d463762/part_2/006518.json,43.6804617,-92.9750059,0,40.51,59.067357512953365,69.43005181347151,39.44903581267218,45.92286501377411,59.67,0.9276454503622497,0.7363137314440815,2025-07-07 11:38:44.505
/media/vsi-dev/Lacie_2/mndot_workzone_project/Toyota/campaign_0f13274e-1e23-415d-8a6c-56f06a60a20a-Toyota_Prius_-_Austin_-_1/campaign/processed_json/segments/e6b4bacb-a530-472c-8a4f-cfdd6d463762/part_2/006519.json,43.6804617,-92.9750059,0,40.86,66.32124352331607,69.94818652849742,25.330578512396695,48.01652892561983,60.26,0.9277225812100349,0.7483107914763503,2025-07-07 11:38:44.535
/media/vsi-dev/Lacie_2/mndot_workzone_project/Toyota/campaign_0f13274e-1e23-415d-8a6c-56f06a60a20a-Toyota_Prius_-_Austin_-_1/campaign/processed_json/segments/e6b4bacb-a530-472c-8a4f-cfdd6d463762/part_2/006520.json,43.6804617,-92.9750059,0,41.14,65.80310880829016,69.94818652849742,22.451790633608816,54.00826446280992,60.64,0.9295594997178818,0.7588841496153573,2025-07-07 11:38:44.567
/media/vsi-dev/Lacie_2/mndot_workzone_project/Toyota/campaign_0f13274e-1e23-415d-8a6c-56f06a60a20a-Toyota_Prius_-_Austin_-_1/campaign/processed_json/segments/e6b4bacb-a530-472c-8a4f-cfdd6d463762/part_2/006521.json,43.6804617,-92.9750059,0,44.46,65.28497409326425,68.9119170984456,78.53994490358127,54.79338842975206,68.74,0.9262775875400551,0.76993633838923,2025-07-07 11:38:44.602
/media/vsi-dev/Lacie_2/mndot_workzone_project/Toyota/campaign_0f13274e-1e23-415d-8a6c-56f06a60a20a-Toyota_Prius_-_Austin_-_1/campaign/processed_json/segments/e6b4bacb-a530-472c-8a4f-cfdd6d463762/part_2/006522.json,43.6804617,-92.9750059,0,44.96,65.28497409326425,68.9119170984456,80.71625344352617,58.31955922865014,69.66,0.924456009126845,0.7850871310084032,2025-07-07 11:38:44.637
/media/vsi-dev/Lacie_2/mndot_workzone_project/Toyota/campaign_0f13274e-1e23-415d-8a6c-56f06a60a20a-Toyota_Prius_-_Austin_-_1/campaign/processed_json/segments/e6b4bacb-a530-472c-8a4f-cfdd6d463762/part_2/006523.json,43.6804744,-92.9747143,0,45.69,65.28497409326425,69.94818652849742,81.10192837465566,65.39944903581268,71.16,0.9228011923034236,0.8002941621525024,2025-07-07 11:38:44.676
/media/vsi-dev/Lacie_2/mndot_workzone_project/Toyota/campaign_0f13274e-1e23-415d-8a6c-56f06a60a20a-Toyota_Prius_-_Austin_-_1/campaign/processed_json/segments/e6b4bacb-a530-472c-8a4f-cfdd6d463762/part_2/006524.json,43.6804744,-92.9747143,0,48.21,67.87564766839378,69.94818652849742,80.16528925619835,90.71625344352617,75.9,0.9239749640393061,0.860848874122897,2025-07-07 11:38:44.706
/media/vsi-dev/Lacie_2/mndot_workzone_project/Toyota/campaign_0f13274e-1e23-415d-8a6c-56f06a60a20a-Toyota_Prius_-_Austin_-_1/campaign/processed_json/segments/e6b4bacb-a530-472c-8a4f-cfdd6d463762/part_2/006525.json,43.6804744,-92.9747143,0,46.6,65.28497409326425,69.94818652849742,76.8732782369146,65.74380165289256,71.05,0.9262839762579076,0.8919465430212505,2025-07-07 11:38:44.745
/media/vsi-dev/Lacie_2/mndot_workzone_project/Toyota/campaign_0f13274e-1e23-415d-8a6c-56f06a60a20a-Toyota_Prius_-_Austin_-_1/campaign/processed_json/segments/e6b4bacb-a530-472c-8a4f-cfdd6d463762/part_2/006526.json,43.6804744,-92.9747143,0,47.94,65.80310880829016,69.94818652849742,85.50964187327824,88.34710743801652,75.64,0.920859559186169,0.847311751499667,2025-07-07 11:38:44.770
/media/vsi-dev/Lacie_2/mndot_workzone_project/Toyota/campaign_0f13274e-1e23-415d-8a6c-56f06a60a20a-Toyota_Prius_-_Austin_-_1/campaign/processed_json/segments/e6b4bacb-a530-472c-8a4f-cfdd6d463762/part_2/006527.json,43.6804744,-92.9747143,0,36.7,64.24870466321244,60.62176165803109,0.15151515151515152,12.727272727272727,48.12,0.9256394555500602,0.8192337729901533,2025-07-07 11:38:44.805
/media/vsi-dev/Lacie_2/mndot_workzone_project/Toyota/campaign_0f13274e-1e23-415d-8a6c-56f06a60a20a-Toyota_Prius_-_Austin_-_1/campaign/processed_json/segments/e6b4bacb-a530-472c-8a4f-cfdd6d463762/part_2/006528.json,43.6804744,-92.9747143,0,48.53,65.80310880829016,69.94818652849742,88.40220385674931,95.37190082644628,77.13,0.9180194725857834,0.8496709778406699,2025-07-07 11:38:44.840
/media/vsi-dev/Lacie_2/mndot_workzone_project/Toyota/campaign_0f13274e-1e23-415d-8a6c-56f06a60a20a-Toyota_Prius_-_Austin_-_1/campaign/processed_json/segments/e6b4bacb-a530-472c-8a4f-cfdd6d463762/part_2/006529.json,43.6804744,-92.9747143,0,41.47,64.76683937823834,59.58549222797927,84.366391184573,13.099173553719009,60.55,0.8050218920819261,0.9198445298584771,2025-07-07 11:38:44.872
/media/vsi-dev/Lacie_2/mndot_workzone_project/Toyota/campaign_0f13274e-1e23-415d-8a6c-56f06a60a20a-Toyota_Prius_-_Austin_-_1/campaign/processed_json/segments/e6b4bacb-a530-472c-8a4f-cfdd6d463762/part_2/006530.json,43.6804744,-92.9747143,0,48.54,65.80310880829016,69.94818652849742,87.1763085399449,96.66666666666667,77.14,0.9178162324722665,0.850333038542537,2025-07-07 11:38:44.903
/media/vsi-dev/Lacie_2/mndot_workzone_project/Toyota/campaign_0f13274e-1e23-415d-8a6c-56f06a60a20a-Toyota_Prius_-_Austin_-_1/campaign/processed_json/segments/e6b4bacb-a530-472c-8a4f-cfdd6d463762/part_2/006531.json,43.6804744,-92.9747143,0,41.72,66.83937823834198,58.549222797927456,100.0,19.33884297520661,63.65,0.8211395699350303,0.8047520830157475,2025-07-07 11:38:44.937
/media/vsi-dev/Lacie_2/mndot_workzone_project/Toyota/campaign_0f13274e-1e23-415d-8a6c-56f06a60a20a-Toyota_Prius_-_Austin_-_1/campaign/processed_json/segments/e6b4bacb-a530-472c-8a4f-cfdd6d463762/part_2/006532.json,43.6804744,-92.9747143,0,41.03,63.212435233160626,57.51295336787565,78.92561983471074,19.55922865013774,59.59,0.7991509372658588,0.9206657888423031,2025-07-07 11:38:44.974
/media/vsi-dev/Lacie_2/mndot_workzone_project/Toyota/campaign_0f13274e-1e23-415d-8a6c-56f06a60a20a-Toyota_Prius_-_Austin_-_1/campaign/processed_json/segments/e6b4bacb-a530-472c-8a4f-cfdd6d463762/part_2/006533.json,43.6804744,-92.9747143,0,47.57,63.212435233160626,68.9119170984456,78.27823691460055,96.18457300275483,74.66,0.9218706928270224,0.8486254935409383,2025-07-07 11:38:45.008
/media/vsi-dev/Lacie_2/mndot_workzone_project/Toyota/campaign_0f13274e-1e23-415d-8a6c-56f06a60a20a-Toyota_Prius_-_Austin_-_1/campaign/processed_json/segments/e6b4bacb-a530-472c-8a4f-cfdd6d463762/part_2/006534.json,43.6804744,-92.9747143,0,47.95,63.212435233160626,68.9119170984456,86.29476584022039,95.53719008264463,75.74,0.9120821842328023,0.8528317031328099,2025-07-07 11:38:45.043
/media/vsi-dev/Lacie_2/mndot_workzone_project/Toyota/campaign_0f13274e-1e23-415d-8a6c-56f06a60a20a-Toyota_Prius_-_Austin_-_1/campaign/processed_json/segments/e6b4bacb-a530-472c-8a4f-cfdd6d463762/part_2/006535.json,43.6804744,-92.9747143,0,41.63,64.76683937823834,53.36787564766839,100.0,24.242424242424242,62.41,0.7984306766519208,0.8686580872310786,2025-07-07 11:38:45.071
/media/vsi-dev/Lacie_2/mndot_workzone_project/Toyota/campaign_0f13274e-1e23-415d-8a6c-56f06a60a20a-Toyota_Prius_-_Austin_-_1/campaign/processed_json/segments/e6b4bacb-a530-472c-8a4f-cfdd6d463762/part_2/006536.json,43.6804744,-92.9747143,0,42.4,64.76683937823834,70.98445595854922,100.0,0.4132231404958678,64.16,0.8164359480597889,0.8574529506081657,2025-07-07 11:38:45.103
/media/vsi-dev/Lacie_2/mndot_workzone_project/Toyota/campaign_0f13274e-1e23-415d-8a6c-56f06a60a20a-Toyota_Prius_-_Austin_-_1/campaign/processed_json/segments/e6b4bacb-a530-472c-8a4f-cfdd6d463762/part_2/006537.json,43.6804744,-92.9747143,0,41.37,63.730569948186535,50.77720207253886,100.0,28.29201101928375,61.9,0.8111744173639418,0.8496631898875676,2025-07-07 11:38:45.138
/media/vsi-dev/Lacie_2/mndot_workzone_project/Toyota/campaign_0f13274e-1e23-415d-8a6c-56f06a60a20a-Toyota_Prius_-_Austin_-_1/campaign/processed_json/segments/e6b4bacb-a530-472c-8a4f-cfdd6d463762/part_2/006538.json,43.6804744,-92.9747143,0,34.32,63.730569948186535,49.22279792746114,1.28099173553719,34.80716253443526,47.05,0.80619548504876,0.7434620159504979,2025-07-07 11:38:45.169
/media/vsi-dev/Lacie_2/mndot_workzone_project/Toyota/campaign_0f13274e-1e23-415d-8a6c-56f06a60a20a-Toyota_Prius_-_Austin_-_1/campaign/processed_json/segments/e6b4bacb-a530-472c-8a4f-cfdd6d463762/part_2/006539.json,43.6804744,-92.9747143,0.3086759765136329,39.07,0.0,69.94818652849742,29.476584022038566,0.5922865013774105,32.38,0.7238127051349388,0.6528309479754584,2025-07-07 11:38:45.209
/media/vsi-dev/Lacie_2/mndot_workzone_project/Toyota/campaign_0f13274e-1e23-415d-8a6c-56f06a60a20a-Toyota_Prius_-_Austin_-_1/campaign/processed_json/segments/e6b4bacb-a530-472c-8a4f-cfdd6d463762/part_2/006540.json,43.6804744,-92.9747143,0,34.48,59.067357512953365,46.1139896373057,2.7823691460055096,39.752066115702476,45.98,0.9069561925829202,0.7018403777681668,2025-07-07 11:38:45.241
/media/vsi-dev/Lacie_2/mndot_workzone_project/Toyota/campaign_0f13274e-1e23-415d-8a6c-56f06a60a20a-Toyota_Prius_-_Austin_-_1/campaign/processed_json/segments/e6b4bacb-a530-472c-8a4f-cfdd6d463762/part_2/006541.json,43.6804744,-92.9747143,0,39.62,58.03108808290155,67.87564766839378,81.28099173553719,4.008264462809917,58.65,0.8991895450141398,0.7168146947898403,2025-07-07 11:38:45.275
/media/vsi-dev/Lacie_2/mndot_workzone_project/Toyota/campaign_0f13274e-1e23-415d-8a6c-56f06a60a20a-Toyota_Prius_-_Austin_-_1/campaign/processed_json/segments/e6b4bacb-a530-472c-8a4f-cfdd6d463762/part_2/006542.json,43.6804744,-92.9747143,0,35.21,56.994818652849744,67.87564766839378,7.68595041322314,4.1597796143250685,47.37,0.9014222490805731,0.7243139504727691,2025-07-07 11:38:45.306
/media/vsi-dev/Lacie_2/mndot_workzone_project/Toyota/campaign_0f13274e-1e23-415d-8a6c-56f06a60a20a-Toyota_Prius_-_Austin_-_1/campaign/processed_json/segments/e6b4bacb-a530-472c-8a4f-cfdd6d463762/part_2/006543.json,43.6804744,-92.9747143,0,34.99,60.10362694300518,70.98445595854922,4.077134986225895,8.69146005509642,48.95,0.7926713216476305,0.7487113599400942,2025-07-07 11:38:45.336
/media/vsi-dev/Lacie_2/mndot_workzone_project/Toyota/campaign_0f13274e-1e23-415d-8a6c-56f06a60a20a-Toyota_Prius_-_Austin_-_1/campaign/processed_json/segments/e6b4bacb-a530-472c-8a4f-cfdd6d463762/part_2/006544.json,43.6804744,-92.9747143,0,39.58,55.44041450777202,72.02072538860104,6.308539944903581,64.46280991735537,57.2,0.8912314831777812,0.7786013794072963,2025-07-07 11:38:45.379
/media/vsi-dev/Lacie_2/mndot_workzone_project/Toyota/campaign_0f13274e-1e23-415d-8a6c-56f06a60a20a-Toyota_Prius_-_Austin_-_1/campaign/processed_json/segments/e6b4bacb-a530-472c-8a4f-cfdd6d463762/part_2/006545.json,43.6804744,-92.9747143,0,38.04,52.84974093264248,70.98445595854922,49.02203856749311,1.0881542699724518,53.07,0.8829971047870588,0.7985159108958857,2025-07-07 11:38:45.416
/media/vsi-dev/Lacie_2/mndot_workzone_project/Toyota/campaign_0f13274e-1e23-415d-8a6c-56f06a60a20a-Toyota_Prius_-_Austin_-_1/campaign/processed_json/segments/e6b4bacb-a530-472c-8a4f-cfdd6d463762/part_2/006546.json,43.6804744,-92.9747143,0,38.05,53.36787564766839,70.98445595854922,39.0495867768595,2.451790633608815,52.13,0.8923393014738732,0.8273338733320429,2025-07-07 11:38:45.435
/media/vsi-dev/Lacie_2/mndot_workzone_project/Toyota/campaign_0f13274e-1e23-415d-8a6c-56f06a60a20a-Toyota_Prius_-_Austin_-_1/campaign/processed_json/segments/e6b4bacb-a530-472c-8a4f-cfdd6d463762/part_2/006547.json,43.6804744,-92.9747143,0,34.84,47.15025906735752,66.83937823834198,2.768595041322314,4.986225895316805,43.98,0.8927716185256866,0.8317326555758645,2025-07-07 11:38:45.468
/media/vsi-dev/Lacie_2/mndot_workzone_project/Toyota/campaign_0f13274e-1e23-415d-8a6c-56f06a60a20a-Toyota_Prius_-_Austin_-_1/campaign/processed_json/segments/e6b4bacb-a530-472c-8a4f-cfdd6d463762/part_2/006548.json,43.6804744,-92.9747143,0,40.38,44.559585492227974,69.94818652849742,4.242424242424243,93.96694214876034,57.73,0.8844885930045019,0.84418028722863,2025-07-07 11:38:45.504
/media/vsi-dev/Lacie_2/mndot_workzone_project/Toyota/campaign_0f13274e-1e23-415d-8a6c-56f06a60a20a-Toyota_Prius_-_Austin_-_1/campaign/processed_json/segments/e6b4bacb-a530-472c-8a4f-cfdd6d463762/part_2/006549.json,43.6804744,-92.9747143,0,40.0,41.45077720207254,70.46632124352331,4.6005509641873275,96.47382920110192,57.28,0.8647217766313291,0.8442270349785237,2025-07-07 11:38:45.537
/media/vsi-dev/Lacie_2/mndot_workzone_project/Toyota/campaign_0f13274e-1e23-415d-8a6c-56f06a60a20a-Toyota_Prius_-_Austin_-_1/campaign/processed_json/segments/e6b4bacb-a530-472c-8a4f-cfdd6d463762/part_2/006550.json,43.6804744,-92.9747143,0,34.23,38.34196891191709,71.50259067357513,0.055096418732782364,8.787878787878787,42.83,0.8608774726010139,0.8485310230698943,2025-07-07 11:38:45.570
/media/vsi-dev/Lacie_2/mndot_workzone_project/Toyota/campaign_0f13274e-1e23-415d-8a6c-56f06a60a20a-Toyota_Prius_-_Austin_-_1/campaign/processed_json/segments/e6b4bacb-a530-472c-8a4f-cfdd6d463762/part_2/006551.json,43.6804744,-92.9747143,0,32.89,30.569948186528496,69.94818652849742,1.0330578512396695,4.132231404958678,39.48,0.863781157019908,0.8460820915493359,2025-07-07 11:38:45.604
/media/vsi-dev/Lacie_2/mndot_workzone_project/Toyota/campaign_0f13274e-1e23-415d-8a6c-56f06a60a20a-Toyota_Prius_-_Austin_-_1/campaign/processed_json/segments/e6b4bacb-a530-472c-8a4f-cfdd6d463762/part_2/006552.json,43.6804744,-92.9747143,0,31.95,25.38860103626943,69.94818652849742,0.5647382920110193,19.201101928374655,39.62,0.7634122532491441,0.8468302564450829,2025-07-07 11:38:45.634
/media/vsi-dev/Lacie_2/mndot_workzone_project/Toyota/campaign_0f13274e-1e23-415d-8a6c-56f06a60a20a-Toyota_Prius_-_Austin_-_1/campaign/processed_json/segments/e6b4bacb-a530-472c-8a4f-cfdd6d463762/part_2/006553.json,43.6804852,-92.9744228,0,39.06,62.17616580310881,63.730569948186535,55.27548209366391,0.0,54.66,0.8946073644419447,0.8252498193386805,2025-07-07 11:38:45.671
/media/vsi-dev/Lacie_2/mndot_workzone_project/Toyota/campaign_0f13274e-1e23-415d-8a6c-56f06a60a20a-Toyota_Prius_-_Austin_-_1/campaign/processed_json/segments/e6b4bacb-a530-472c-8a4f-cfdd6d463762/part_2/006554.json,43.6804852,-92.9744228,0,44.92,62.17616580310881,67.87564766839378,41.294765840220386,95.0,68.27,0.9197019597468632,0.8419316973952158,2025-07-07 11:38:45.703
/media/vsi-dev/Lacie_2/mndot_workzone_project/Toyota/campaign_0f13274e-1e23-415d-8a6c-56f06a60a20a-Toyota_Prius_-_Austin_-_1/campaign/processed_json/segments/e6b4bacb-a530-472c-8a4f-cfdd6d463762/part_2/006555.json,43.6804852,-92.9744228,0,43.13,73.05699481865285,65.80310880829016,48.03030303030303,90.30303030303031,69.98,0.6795735516972512,0.8342131775941074,2025-07-07 11:38:45.749
/media/vsi-dev/Lacie_2/mndot_workzone_project/Toyota/campaign_0f13274e-1e23-415d-8a6c-56f06a60a20a-Toyota_Prius_-_Austin_-_1/campaign/processed_json/segments/e6b4bacb-a530-472c-8a4f-cfdd6d463762/part_2/006556.json,43.6804852,-92.9744228,0,40.39,70.98445595854922,66.83937823834198,39.17355371900826,25.426997245179063,59.36,0.8191049326304829,0.8451157463237107,2025-07-07 11:38:45.770
/media/vsi-dev/Lacie_2/mndot_workzone_project/Toyota/campaign_0f13274e-1e23-415d-8a6c-56f06a60a20a-Toyota_Prius_-_Austin_-_1/campaign/processed_json/segments/e6b4bacb-a530-472c-8a4f-cfdd6d463762/part_2/006557.json,43.6804852,-92.9744228,0,39.33,62.17616580310881,66.83937823834198,49.00826446280992,0.1652892561983471,54.79,0.8957517400218572,0.8459526062395106,2025-07-07 11:38:45.799
/media/vsi-dev/Lacie_2/mndot_workzone_project/Toyota/campaign_0f13274e-1e23-415d-8a6c-56f06a60a20a-Toyota_Prius_-_Austin_-_1/campaign/processed_json/segments/e6b4bacb-a530-472c-8a4f-cfdd6d463762/part_2/006558.json,43.6804852,-92.9744228,0,38.21,72.02072538860104,60.62176165803109,23.140495867768596,8.030303030303031,52.98,0.8820381197847816,0.8201254658444581,2025-07-07 11:38:45.838
/media/vsi-dev/Lacie_2/mndot_workzone_project/Toyota/campaign_0f13274e-1e23-415d-8a6c-56f06a60a20a-Toyota_Prius_-_Austin_-_1/campaign/processed_json/segments/e6b4bacb-a530-472c-8a4f-cfdd6d463762/part_2/006559.json,43.6804852,-92.9744228,0,37.64,55.44041450777202,59.58549222797927,45.97796143250689,8.443526170798899,51.24,0.9001663343003553,0.8144040842838828,2025-07-07 11:38:45.867
/media/vsi-dev/Lacie_2/mndot_workzone_project/Toyota/campaign_0f13274e-1e23-415d-8a6c-56f06a60a20a-Toyota_Prius_-_Austin_-_1/campaign/processed_json/segments/e6b4bacb-a530-472c-8a4f-cfdd6d463762/part_2/006560.json,43.6804852,-92.9744228,0,44.44,59.58549222797927,66.83937823834198,40.86776859504132,93.48484848484848,66.92,0.9224341538399932,0.8449235221028929,2025-07-07 11:38:45.895
/media/vsi-dev/Lacie_2/mndot_workzone_project/Toyota/campaign_0f13274e-1e23-415d-8a6c-56f06a60a20a-Toyota_Prius_-_Austin_-_1/campaign/processed_json/segments/e6b4bacb-a530-472c-8a4f-cfdd6d463762/part_2/006561.json,43.6804852,-92.9744228,0,40.03,70.98445595854922,68.9119170984456,10.798898071625345,21.005509641873278,55.63,0.9342938994792401,0.8436548032254907,2025-07-07 11:38:45.930
/media/vsi-dev/Lacie_2/mndot_workzone_project/Toyota/campaign_0f13274e-1e23-415d-8a6c-56f06a60a20a-Toyota_Prius_-_Austin_-_1/campaign/processed_json/segments/e6b4bacb-a530-472c-8a4f-cfdd6d463762/part_2/006562.json,43.6804852,-92.9744228,0,44.71,69.94818652849742,68.39378238341969,81.68044077134986,31.239669421487605,67.33,0.9346593027867385,0.8431199977291433,2025-07-07 11:38:45.967
/media/vsi-dev/Lacie_2/mndot_workzone_project/Toyota/campaign_0f13274e-1e23-415d-8a6c-56f06a60a20a-Toyota_Prius_-_Austin_-_1/campaign/processed_json/segments/e6b4bacb-a530-472c-8a4f-cfdd6d463762/part_2/006563.json,43.6804852,-92.9744228,0,49.21,70.46632124352331,67.87564766839378,96.99724517906336,100.0,79.71,0.8100925498517924,0.9221272258035719,2025-07-07 11:38:46.004
/media/vsi-dev/Lacie_2/mndot_workzone_project/Toyota/campaign_0f13274e-1e23-415d-8a6c-56f06a60a20a-Toyota_Prius_-_Austin_-_1/campaign/processed_json/segments/e6b4bacb-a530-472c-8a4f-cfdd6d463762/part_2/006564.json,43.6804852,-92.9744228,0,43.1,70.46632124352331,67.87564766839378,95.50964187327824,0.5647382920110193,64.55,0.8036843231674041,0.9239867189734925,2025-07-07 11:38:46.037
/media/vsi-dev/Lacie_2/mndot_workzone_project/Toyota/campaign_0f13274e-1e23-415d-8a6c-56f06a60a20a-Toyota_Prius_-_Austin_-_1/campaign/processed_json/segments/e6b4bacb-a530-472c-8a4f-cfdd6d463762/part_2/006565.json,43.6804852,-92.9744228,0,44.35,57.51295336787565,67.87564766839378,37.97520661157025,98.04407713498622,66.83,0.9244975070735579,0.837354771021481,2025-07-07 11:38:46.078
/media/vsi-dev/Lacie_2/mndot_workzone_project/Toyota/campaign_0f13274e-1e23-415d-8a6c-56f06a60a20a-Toyota_Prius_-_Austin_-_1/campaign/processed_json/segments/e6b4bacb-a530-472c-8a4f-cfdd6d463762/part_2/006566.json,43.6804852,-92.9744228,0,45.31,61.13989637305699,67.35751295336787,56.5840220385675,100.0,70.58,0.8107936766580846,0.8968795329334298,2025-07-07 11:38:46.103
/media/vsi-dev/Lacie_2/mndot_workzone_project/Toyota/campaign_0f13274e-1e23-415d-8a6c-56f06a60a20a-Toyota_Prius_-_Austin_-_1/campaign/processed_json/segments/e6b4bacb-a530-472c-8a4f-cfdd6d463762/part_2/006567.json,43.6804852,-92.9744228,0,49.54,69.94818652849742,68.9119170984456,97.36914600550965,100.0,80.03,0.9203735506110191,0.8325487067570145,2025-07-07 11:38:46.148
/media/vsi-dev/Lacie_2/mndot_workzone_project/Toyota/campaign_0f13274e-1e23-415d-8a6c-56f06a60a20a-Toyota_Prius_-_Austin_-_1/campaign/processed_json/segments/e6b4bacb-a530-472c-8a4f-cfdd6d463762/part_2/006568.json,43.6804852,-92.9744228,0,44.51,62.69430051813472,66.83937823834198,39.641873278236915,100.0,68.38,0.7883804148692342,0.9272062283822997,2025-07-07 11:38:46.170
/media/vsi-dev/Lacie_2/mndot_workzone_project/Toyota/campaign_0f13274e-1e23-415d-8a6c-56f06a60a20a-Toyota_Prius_-_Austin_-_1/campaign/processed_json/segments/e6b4bacb-a530-472c-8a4f-cfdd6d463762/part_2/006569.json,43.6804852,-92.9744228,0,45.5,66.32124352331607,68.9119170984456,42.988980716253444,100.0,70.64,0.7948803366520443,0.9294481118611939,2025-07-07 11:38:46.211
/media/vsi-dev/Lacie_2/mndot_workzone_project/Toyota/campaign_0f13274e-1e23-415d-8a6c-56f06a60a20a-Toyota_Prius_-_Austin_-_1/campaign/processed_json/segments/e6b4bacb-a530-472c-8a4f-cfdd6d463762/part_2/006570.json,43.6804852,-92.9744228,0,46.05,64.76683937823834,68.9119170984456,60.75757575757576,100.0,72.7,0.7964309677001872,0.9001536736888593,2025-07-07 11:38:46.246
/media/vsi-dev/Lacie_2/mndot_workzone_project/Toyota/campaign_0f13274e-1e23-415d-8a6c-56f06a60a20a-Toyota_Prius_-_Austin_-_1/campaign/processed_json/segments/e6b4bacb-a530-472c-8a4f-cfdd6d463762/part_2/006571.json,43.6804852,-92.9744228,0,45.64,64.76683937823834,65.80310880829016,60.27548209366391,95.31680440771349,71.11,0.8992205677687558,0.8202358289255183,2025-07-07 11:38:46.268
/media/vsi-dev/Lacie_2/mndot_workzone_project/Toyota/campaign_0f13274e-1e23-415d-8a6c-56f06a60a20a-Toyota_Prius_-_Austin_-_1/campaign/processed_json/segments/e6b4bacb-a530-472c-8a4f-cfdd6d463762/part_2/006572.json,43.6804852,-92.9744228,0,38.49,66.32124352331607,45.07772020725388,39.95867768595041,56.22589531680441,55.91,0.9317635386378974,0.6809250040279837,2025-07-07 11:38:46.305
/media/vsi-dev/Lacie_2/mndot_workzone_project/Toyota/campaign_0f13274e-1e23-415d-8a6c-56f06a60a20a-Toyota_Prius_-_Austin_-_1/campaign/processed_json/segments/e6b4bacb-a530-472c-8a4f-cfdd6d463762/part_2/006573.json,43.6804852,-92.9744228,0,40.14,65.28497409326425,65.80310880829016,60.99173553719008,56.54269972451791,64.19,0.9000105230690245,0.5468621138266858,2025-07-07 11:38:46.339
/media/vsi-dev/Lacie_2/mndot_workzone_project/Toyota/campaign_0f13274e-1e23-415d-8a6c-56f06a60a20a-Toyota_Prius_-_Austin_-_1/campaign/processed_json/segments/e6b4bacb-a530-472c-8a4f-cfdd6d463762/part_2/006574.json,43.6804852,-92.9744228,0,41.12,67.87564766839378,66.83937823834198,63.1267217630854,56.22589531680441,65.73,0.9039452998689821,0.5784084540775813,2025-07-07 11:38:46.371
/media/vsi-dev/Lacie_2/mndot_workzone_project/Toyota/campaign_0f13274e-1e23-415d-8a6c-56f06a60a20a-Toyota_Prius_-_Austin_-_1/campaign/processed_json/segments/e6b4bacb-a530-472c-8a4f-cfdd6d463762/part_2/006575.json,43.6804852,-92.9744228,0,41.69,67.35751295336787,69.94818652849742,41.85950413223141,72.60330578512396,66.01,0.5961971168231199,0.9327631717971431,2025-07-07 11:38:46.407
/media/vsi-dev/Lacie_2/mndot_workzone_project/Toyota/campaign_0f13274e-1e23-415d-8a6c-56f06a60a20a-Toyota_Prius_-_Austin_-_1/campaign/processed_json/segments/e6b4bacb-a530-472c-8a4f-cfdd6d463762/part_2/006576.json,43.6804852,-92.9744228,0,37.82,66.83937823834198,66.83937823834198,61.14325068870523,0.0,56.82,0.9021535085599474,0.6069742684394637,2025-07-07 11:38:46.436
/media/vsi-dev/Lacie_2/mndot_workzone_project/Toyota/campaign_0f13274e-1e23-415d-8a6c-56f06a60a20a-Toyota_Prius_-_Austin_-_1/campaign/processed_json/segments/e6b4bacb-a530-472c-8a4f-cfdd6d463762/part_2/006577.json,43.6804852,-92.9744228,0,45.68,69.43005181347151,72.02072538860104,63.25068870523416,83.4297520661157,72.73,0.7543470854521267,0.9047341741020131,2025-07-07 11:38:46.478
/media/vsi-dev/Lacie_2/mndot_workzone_project/Toyota/campaign_0f13274e-1e23-415d-8a6c-56f06a60a20a-Toyota_Prius_-_Austin_-_1/campaign/processed_json/segments/e6b4bacb-a530-472c-8a4f-cfdd6d463762/part_2/006578.json,43.6804852,-92.9744228,0,45.82,64.24870466321244,72.02072538860104,59.26997245179063,84.64187327823691,71.15,0.8343828539054228,0.9014185777578368,2025-07-07 11:38:46.503
/media/vsi-dev/Lacie_2/mndot_workzone_project/Toyota/campaign_0f13274e-1e23-415d-8a6c-56f06a60a20a-Toyota_Prius_-_Austin_-_1/campaign/processed_json/segments/e6b4bacb-a530-472c-8a4f-cfdd6d463762/part_2/006579.json,43.6804852,-92.9744228,0,47.06,67.35751295336787,71.50259067357513,61.942148760330575,93.67768595041322,73.78,0.9025387366394558,0.8524337546835283,2025-07-07 11:38:46.543
/media/vsi-dev/Lacie_2/mndot_workzone_project/Toyota/campaign_0f13274e-1e23-415d-8a6c-56f06a60a20a-Toyota_Prius_-_Austin_-_1/campaign/processed_json/segments/e6b4bacb-a530-472c-8a4f-cfdd6d463762/part_2/006580.json,43.6804852,-92.9744228,0,46.26,67.35751295336787,72.02072538860104,41.19834710743802,94.366391184573,71.07,0.9288532031257623,0.8546329670016959,2025-07-07 11:38:46.575
/media/vsi-dev/Lacie_2/mndot_workzone_project/Toyota/campaign_0f13274e-1e23-415d-8a6c-56f06a60a20a-Toyota_Prius_-_Austin_-_1/campaign/processed_json/segments/e6b4bacb-a530-472c-8a4f-cfdd6d463762/part_2/006581.json,43.6804852,-92.9744228,0,41.02,64.24870466321244,72.53886010362694,58.19559228650137,0.0,58.56,0.9026925681752861,0.8568550569784583,2025-07-07 11:38:46.603
/media/vsi-dev/Lacie_2/mndot_workzone_project/Toyota/campaign_0f13274e-1e23-415d-8a6c-56f06a60a20a-Toyota_Prius_-_Austin_-_1/campaign/processed_json/segments/e6b4bacb-a530-472c-8a4f-cfdd6d463762/part_2/006582.json,43.6804852,-92.9744228,0,47.55,68.39378238341969,72.53886010362694,62.13498622589532,96.2396694214876,74.84,0.9056206852580229,0.855664007062817,2025-07-07 11:38:46.639
/media/vsi-dev/Lacie_2/mndot_workzone_project/Toyota/campaign_0f13274e-1e23-415d-8a6c-56f06a60a20a-Toyota_Prius_-_Austin_-_1/campaign/processed_json/segments/e6b4bacb-a530-472c-8a4f-cfdd6d463762/part_2/006583.json,43.6804965,-92.9741327,0,39.97,67.87564766839378,64.76683937823834,43.77410468319559,4.146005509641873,55.8,0.9310559542287916,0.8335962957714,2025-07-07 11:38:46.679
/media/vsi-dev/Lacie_2/mndot_workzone_project/Toyota/campaign_0f13274e-1e23-415d-8a6c-56f06a60a20a-Toyota_Prius_-_Austin_-_1/campaign/processed_json/segments/e6b4bacb-a530-472c-8a4f-cfdd6d463762/part_2/006584.json,43.6804965,-92.9741327,0,41.51,67.35751295336787,72.02072538860104,60.482093663911854,0.4132231404958678,59.75,0.9045539158003902,0.8563117533150859,2025-07-07 11:38:46.701
/media/vsi-dev/Lacie_2/mndot_workzone_project/Toyota/campaign_0f13274e-1e23-415d-8a6c-56f06a60a20a-Toyota_Prius_-_Austin_-_1/campaign/processed_json/segments/e6b4bacb-a530-472c-8a4f-cfdd6d463762/part_2/006585.json,43.6804965,-92.9741327,0,39.49,66.32124352331607,61.13989637305699,43.96694214876033,9.090909090909092,54.95,0.9315419451037904,0.8194516750472829,2025-07-07 11:38:46.737
/media/vsi-dev/Lacie_2/mndot_workzone_project/Toyota/campaign_0f13274e-1e23-415d-8a6c-56f06a60a20a-Toyota_Prius_-_Austin_-_1/campaign/processed_json/segments/e6b4bacb-a530-472c-8a4f-cfdd6d463762/part_2/006586.json,43.6804965,-92.9741327,0,36.63,68.9119170984456,60.62176165803109,0.0,7.7134986225895315,48.61,0.9056957340879742,0.8130734908341319,2025-07-07 11:38:46.773
/media/vsi-dev/Lacie_2/mndot_workzone_project/Toyota/campaign_0f13274e-1e23-415d-8a6c-56f06a60a20a-Toyota_Prius_-_Austin_-_1/campaign/processed_json/segments/e6b4bacb-a530-472c-8a4f-cfdd6d463762/part_2/006587.json,43.6804965,-92.9741327,0,46.58,67.35751295336787,72.02072538860104,41.74931129476584,98.25068870523415,71.75,0.9330017078037978,0.8548669035714481,2025-07-07 11:38:46.804
/media/vsi-dev/Lacie_2/mndot_workzone_project/Toyota/campaign_0f13274e-1e23-415d-8a6c-56f06a60a20a-Toyota_Prius_-_Austin_-_1/campaign/processed_json/segments/e6b4bacb-a530-472c-8a4f-cfdd6d463762/part_2/006588.json,43.6804965,-92.9741327,0,46.75,65.28497409326425,72.02072538860104,55.9366391184573,97.05234159779614,72.93,0.9024495524712972,0.8556095621933111,2025-07-07 11:38:46.838
/media/vsi-dev/Lacie_2/mndot_workzone_project/Toyota/campaign_0f13274e-1e23-415d-8a6c-56f06a60a20a-Toyota_Prius_-_Austin_-_1/campaign/processed_json/segments/e6b4bacb-a530-472c-8a4f-cfdd6d463762/part_2/006589.json,43.6804965,-92.9741327,0,41.09,64.76683937823834,72.02072538860104,59.84848484848485,0.0,58.8,0.9008492620438197,0.8565354086868313,2025-07-07 11:38:46.871
/media/vsi-dev/Lacie_2/mndot_workzone_project/Toyota/campaign_0f13274e-1e23-415d-8a6c-56f06a60a20a-Toyota_Prius_-_Austin_-_1/campaign/processed_json/segments/e6b4bacb-a530-472c-8a4f-cfdd6d463762/part_2/006590.json,43.6804965,-92.9741327,0,47.36,67.35751295336787,72.02072538860104,60.70247933884298,97.36914600550965,74.34,0.9054897601530107,0.8567633687081482,2025-07-07 11:38:46.912
/media/vsi-dev/Lacie_2/mndot_workzone_project/Toyota/campaign_0f13274e-1e23-415d-8a6c-56f06a60a20a-Toyota_Prius_-_Austin_-_1/campaign/processed_json/segments/e6b4bacb-a530-472c-8a4f-cfdd6d463762/part_2/006591.json,43.6804965,-92.9741327,0,45.23,67.87564766839378,63.730569948186535,44.31129476584022,94.0909090909091,69.05,0.9310036449978177,0.830456881157897,2025-07-07 11:38:46.938
/media/vsi-dev/Lacie_2/mndot_workzone_project/Toyota/campaign_0f13274e-1e23-415d-8a6c-56f06a60a20a-Toyota_Prius_-_Austin_-_1/campaign/processed_json/segments/e6b4bacb-a530-472c-8a4f-cfdd6d463762/part_2/006592.json,43.6804965,-92.9741327,0,41.39,68.9119170984456,70.98445595854922,57.493112947658396,0.0,59.41,0.907921720056697,0.8551702384213351,2025-07-07 11:38:46.972
/media/vsi-dev/Lacie_2/mndot_workzone_project/Toyota/campaign_0f13274e-1e23-415d-8a6c-56f06a60a20a-Toyota_Prius_-_Austin_-_1/campaign/processed_json/segments/e6b4bacb-a530-472c-8a4f-cfdd6d463762/part_2/006593.json,43.6804965,-92.9741327,0,39.51,68.39378238341969,59.58549222797927,48.333333333333336,6.088154269972452,55.26,0.9259619725324303,0.8144115071751764,2025-07-07 11:38:47.004
/media/vsi-dev/Lacie_2/mndot_workzone_project/Toyota/campaign_0f13274e-1e23-415d-8a6c-56f06a60a20a-Toyota_Prius_-_Austin_-_1/campaign/processed_json/segments/e6b4bacb-a530-472c-8a4f-cfdd6d463762/part_2/006594.json,43.6804965,-92.9741327,0,38.68,63.730569948186535,60.10362694300518,38.93939393939394,7.534435261707989,52.88,0.9336487246107473,0.8188906383966047,2025-07-07 11:38:47.039
/media/vsi-dev/Lacie_2/mndot_workzone_project/Toyota/campaign_0f13274e-1e23-415d-8a6c-56f06a60a20a-Toyota_Prius_-_Austin_-_1/campaign/processed_json/segments/e6b4bacb-a530-472c-8a4f-cfdd6d463762/part_2/006595.json,43.6804965,-92.9741327,0,46.37,67.35751295336787,70.46632124352331,45.89531680440771,94.64187327823691,71.34,0.92766144447528,0.8554670040546773,2025-07-07 11:38:47.072
/media/vsi-dev/Lacie_2/mndot_workzone_project/Toyota/campaign_0f13274e-1e23-415d-8a6c-56f06a60a20a-Toyota_Prius_-_Austin_-_1/campaign/processed_json/segments/e6b4bacb-a530-472c-8a4f-cfdd6d463762/part_2/006596.json,43.6804965,-92.9741327,0,46.81,66.83937823834198,69.94818652849742,61.81818181818181,93.48484848484848,73.11,0.9034330392346135,0.8530869029664737,2025-07-07 11:38:47.103
/media/vsi-dev/Lacie_2/mndot_workzone_project/Toyota/campaign_0f13274e-1e23-415d-8a6c-56f06a60a20a-Toyota_Prius_-_Austin_-_1/campaign/processed_json/segments/e6b4bacb-a530-472c-8a4f-cfdd6d463762/part_2/006597.json,43.6804965,-92.9741327,0,39.2,65.80310880829016,55.44041450777202,59.586776859504134,10.647382920110193,55.42,0.9039869070272625,0.7987799117549089,2025-07-07 11:38:47.138
/media/vsi-dev/Lacie_2/mndot_workzone_project/Toyota/campaign_0f13274e-1e23-415d-8a6c-56f06a60a20a-Toyota_Prius_-_Austin_-_1/campaign/processed_json/segments/e6b4bacb-a530-472c-8a4f-cfdd6d463762/part_2/006598.json,43.6804965,-92.9741327,0,38.43,63.212435233160626,54.40414507772021,57.06611570247934,10.550964187327825,53.87,0.8982924704667478,0.7901352481542359,2025-07-07 11:38:47.176
/media/vsi-dev/Lacie_2/mndot_workzone_project/Toyota/campaign_0f13274e-1e23-415d-8a6c-56f06a60a20a-Toyota_Prius_-_Austin_-_1/campaign/processed_json/segments/e6b4bacb-a530-472c-8a4f-cfdd6d463762/part_2/006599.json,43.6804965,-92.9741327,0,37.09,57.51295336787565,54.40414507772021,40.909090909090914,13.223140495867769,50.2,0.9082719906239536,0.7929200880423025,2025-07-07 11:38:47.205
/media/vsi-dev/Lacie_2/mndot_workzone_project/Toyota/campaign_0f13274e-1e23-415d-8a6c-56f06a60a20a-Toyota_Prius_-_Austin_-_1/campaign/processed_json/segments/e6b4bacb-a530-472c-8a4f-cfdd6d463762/part_2/006600.json,43.6804965,-92.9741327,0,38.84,62.69430051813472,55.44041450777202,56.776859504132226,15.426997245179063,54.74,0.8987320641875494,0.7960619090605101,2025-07-07 11:38:47.240
/media/vsi-dev/Lacie_2/mndot_workzone_project/Toyota/campaign_0f13274e-1e23-415d-8a6c-56f06a60a20a-Toyota_Prius_-_Austin_-_1/campaign/processed_json/segments/e6b4bacb-a530-472c-8a4f-cfdd6d463762/part_2/006601.json,43.6804965,-92.9741327,0,37.37,55.95854922279793,55.44041450777202,40.92286501377411,15.68870523415978,50.5,0.9186970202629917,0.79821266914674,2025-07-07 11:38:47.280
/media/vsi-dev/Lacie_2/mndot_workzone_project/Toyota/campaign_0f13274e-1e23-415d-8a6c-56f06a60a20a-Toyota_Prius_-_Austin_-_1/campaign/processed_json/segments/e6b4bacb-a530-472c-8a4f-cfdd6d463762/part_2/006602.json,43.6804965,-92.9741327,0,38.23,59.58549222797927,53.36787564766839,57.823691460055095,17.1900826446281,53.54,0.8976612254210532,0.7836681426221489,2025-07-07 11:38:47.308
/media/vsi-dev/Lacie_2/mndot_workzone_project/Toyota/campaign_0f13274e-1e23-415d-8a6c-56f06a60a20a-Toyota_Prius_-_Austin_-_1/campaign/processed_json/segments/e6b4bacb-a530-472c-8a4f-cfdd6d463762/part_2/006603.json,43.6804965,-92.9741327,0,37.89,65.80310880829016,47.15025906735752,58.08539944903581,20.289256198347108,53.82,0.9037534483064508,0.7323530675636802,2025-07-07 11:38:47.349
/media/vsi-dev/Lacie_2/mndot_workzone_project/Toyota/campaign_0f13274e-1e23-415d-8a6c-56f06a60a20a-Toyota_Prius_-_Austin_-_1/campaign/processed_json/segments/e6b4bacb-a530-472c-8a4f-cfdd6d463762/part_2/006604.json,43.6804965,-92.9741327,0,36.43,63.730569948186535,45.59585492227979,45.45454545454545,15.385674931129476,50.12,0.9261418056023649,0.7124772055057527,2025-07-07 11:38:47.368
/media/vsi-dev/Lacie_2/mndot_workzone_project/Toyota/campaign_0f13274e-1e23-415d-8a6c-56f06a60a20a-Toyota_Prius_-_Austin_-_1/campaign/processed_json/segments/e6b4bacb-a530-472c-8a4f-cfdd6d463762/part_2/006605.json,43.6804965,-92.9741327,0,36.34,68.39378238341969,44.04145077720207,47.09366391184573,7.6170798898071626,50.09,0.9340129577532574,0.696424755783367,2025-07-07 11:38:47.401
/media/vsi-dev/Lacie_2/mndot_workzone_project/Toyota/campaign_0f13274e-1e23-415d-8a6c-56f06a60a20a-Toyota_Prius_-_Austin_-_1/campaign/processed_json/segments/e6b4bacb-a530-472c-8a4f-cfdd6d463762/part_2/006606.json,43.6804965,-92.9741327,0,36.79,68.9119170984456,41.968911917098445,65.52341597796143,10.71625344352617,52.58,0.9084305838683403,0.6674664251472817,2025-07-07 11:38:47.437
/media/vsi-dev/Lacie_2/mndot_workzone_project/Toyota/campaign_0f13274e-1e23-415d-8a6c-56f06a60a20a-Toyota_Prius_-_Austin_-_1/campaign/processed_json/segments/e6b4bacb-a530-472c-8a4f-cfdd6d463762/part_2/006607.json,43.6804965,-92.9741327,0,35.21,68.39378238341969,40.932642487046635,45.55096418732782,6.432506887052342,48.5,0.9330039548398783,0.6483125269148062,2025-07-07 11:38:47.469
/media/vsi-dev/Lacie_2/mndot_workzone_project/Toyota/campaign_0f13274e-1e23-415d-8a6c-56f06a60a20a-Toyota_Prius_-_Austin_-_1/campaign/processed_json/segments/e6b4bacb-a530-472c-8a4f-cfdd6d463762/part_2/006608.json,43.6804965,-92.9741327,0,34.81,67.87564766839378,38.860103626943,63.732782369146,4.1597796143250685,49.67,0.905924792465286,0.5881177884455997,2025-07-07 11:38:47.504
/media/vsi-dev/Lacie_2/mndot_workzone_project/Toyota/campaign_0f13274e-1e23-415d-8a6c-56f06a60a20a-Toyota_Prius_-_Austin_-_1/campaign/processed_json/segments/e6b4bacb-a530-472c-8a4f-cfdd6d463762/part_2/006609.json,43.6804965,-92.9741327,0,34.43,67.87564766839378,38.860103626943,46.99724517906336,6.763085399449036,47.75,0.9334856611466914,0.5990185042456383,2025-07-07 11:38:47.538
/media/vsi-dev/Lacie_2/mndot_workzone_project/Toyota/campaign_0f13274e-1e23-415d-8a6c-56f06a60a20a-Toyota_Prius_-_Austin_-_1/campaign/processed_json/segments/e6b4bacb-a530-472c-8a4f-cfdd6d463762/part_2/006610.json,43.6804965,-92.9741327,0,0.0,0.0,0.0,0.0,0.0,0.0,0,0,2025-07-07 11:38:47.568
/media/vsi-dev/Lacie_2/mndot_workzone_project/Toyota/campaign_0f13274e-1e23-415d-8a6c-56f06a60a20a-Toyota_Prius_-_Austin_-_1/campaign/processed_json/segments/e6b4bacb-a530-472c-8a4f-cfdd6d463762/part_2/006611.json,43.6804965,-92.9741327,0,0.0,0.0,0.0,0.0,0.0,0.0,0,0,2025-07-07 11:38:47.601
/media/vsi-dev/Lacie_2/mndot_workzone_project/Toyota/campaign_0f13274e-1e23-415d-8a6c-56f06a60a20a-Toyota_Prius_-_Austin_-_1/campaign/processed_json/segments/e6b4bacb-a530-472c-8a4f-cfdd6d463762/part_2/006612.json,43.6804965,-92.9741327,0.9463857824042039,75.65,67.35751295336787,0.0,100.0,23.15426997245179,47.98,0.8970527549023807,0.9633372132260709,2025-07-07 11:38:47.637
/media/vsi-dev/Lacie_2/mndot_workzone_project/Toyota/campaign_0f13274e-1e23-415d-8a6c-56f06a60a20a-Toyota_Prius_-_Austin_-_1/campaign/processed_json/segments/e6b4bacb-a530-472c-8a4f-cfdd6d463762/part_2/006613.json,43.6805072,-92.9738429,0,0.0,0.0,0.0,0.0,0.0,0.0,0,0,2025-07-07 11:38:47.667
/media/vsi-dev/Lacie_2/mndot_workzone_project/Toyota/campaign_0f13274e-1e23-415d-8a6c-56f06a60a20a-Toyota_Prius_-_Austin_-_1/campaign/processed_json/segments/e6b4bacb-a530-472c-8a4f-cfdd6d463762/part_2/006614.json,43.6805072,-92.9738429,0,0.0,0.0,0.0,0.0,0.0,0.0,0,0,2025-07-07 11:38:47.697
/media/vsi-dev/Lacie_2/mndot_workzone_project/Toyota/campaign_0f13274e-1e23-415d-8a6c-56f06a60a20a-Toyota_Prius_-_Austin_-_1/campaign/processed_json/segments/e6b4bacb-a530-472c-8a4f-cfdd6d463762/part_2/006615.json,43.6805072,-92.9738429,0.9474245587385814,75.77,67.87564766839378,0.0,100.0,23.663911845730027,48.21,0.8976165197803537,0.9611763006545779,2025-07-07 11:38:47.739
/media/vsi-dev/Lacie_2/mndot_workzone_project/Toyota/campaign_0f13274e-1e23-415d-8a6c-56f06a60a20a-Toyota_Prius_-_Austin_-_1/campaign/processed_json/segments/e6b4bacb-a530-472c-8a4f-cfdd6d463762/part_2/006616.json,43.6805072,-92.9738429,0.9463857824042039,75.66,66.83937823834198,0.0,100.0,24.28374655647383,48.0,0.8984796667408583,0.9621097326063232,2025-07-07 11:38:47.768
/media/vsi-dev/Lacie_2/mndot_workzone_project/Toyota/campaign_0f13274e-1e23-415d-8a6c-56f06a60a20a-Toyota_Prius_-_Austin_-_1/campaign/processed_json/segments/e6b4bacb-a530-472c-8a4f-cfdd6d463762/part_2/006617.json,43.6805072,-92.9738429,0.9540373746944396,75.39,65.80310880829016,0.0,100.0,13.994490358126722,46.21,0.8985199618188525,0.9754393116413521,2025-07-07 11:38:47.807
/media/vsi-dev/Lacie_2/mndot_workzone_project/Toyota/campaign_0f13274e-1e23-415d-8a6c-56f06a60a20a-Toyota_Prius_-_Austin_-_1/campaign/processed_json/segments/e6b4bacb-a530-472c-8a4f-cfdd6d463762/part_2/006618.json,43.6805072,-92.9738429,0,1.86,0.0,0.0,0.0,30.950413223140494,4.64,0,0,2025-07-07 11:38:47.837
/media/vsi-dev/Lacie_2/mndot_workzone_project/Toyota/campaign_0f13274e-1e23-415d-8a6c-56f06a60a20a-Toyota_Prius_-_Austin_-_1/campaign/processed_json/segments/e6b4bacb-a530-472c-8a4f-cfdd6d463762/part_2/006619.json,43.6805072,-92.9738429,0.005555930437442361,29.34,68.9119170984456,0.0,0.0,0.0,29.36,0.897835767314595,0.8393452463505282,2025-07-07 11:38:47.868
/media/vsi-dev/Lacie_2/mndot_workzone_project/Toyota/campaign_0f13274e-1e23-415d-8a6c-56f06a60a20a-Toyota_Prius_-_Austin_-_1/campaign/processed_json/segments/e6b4bacb-a530-472c-8a4f-cfdd6d463762/part_2/006620.json,43.6805072,-92.9738429,0,45.28,65.28497409326425,70.98445595854922,44.76584022038568,78.71900826446281,68.37,0.9216383690461516,0.8714070511760074,2025-07-07 11:38:47.899
/media/vsi-dev/Lacie_2/mndot_workzone_project/Toyota/campaign_0f13274e-1e23-415d-8a6c-56f06a60a20a-Toyota_Prius_-_Austin_-_1/campaign/processed_json/segments/e6b4bacb-a530-472c-8a4f-cfdd6d463762/part_2/006621.json,43.6805072,-92.9738429,0,41.55,67.87564766839378,69.94818652849742,61.928374655647374,0.0,59.51,0.9097246858110744,0.8645020867140205,2025-07-07 11:38:47.937
/media/vsi-dev/Lacie_2/mndot_workzone_project/Toyota/campaign_0f13274e-1e23-415d-8a6c-56f06a60a20a-Toyota_Prius_-_Austin_-_1/campaign/processed_json/segments/e6b4bacb-a530-472c-8a4f-cfdd6d463762/part_2/006622.json,43.6805072,-92.9738429,0.03547461022290643,34.62,68.39378238341969,69.94818652849742,100.0,0.013774104683195591,60.92,0.803968318818792,0.07964704380076537,2025-07-07 11:38:47.974
/media/vsi-dev/Lacie_2/mndot_workzone_project/Toyota/campaign_0f13274e-1e23-415d-8a6c-56f06a60a20a-Toyota_Prius_-_Austin_-_1/campaign/processed_json/segments/e6b4bacb-a530-472c-8a4f-cfdd6d463762/part_2/006623.json,43.6805072,-92.9738429,0,43.08,68.9119170984456,68.9119170984456,48.333333333333336,48.650137741046834,64.53,0.7964431145504705,0.9302294202605673,2025-07-07 11:38:48.004
/media/vsi-dev/Lacie_2/mndot_workzone_project/Toyota/campaign_0f13274e-1e23-415d-8a6c-56f06a60a20a-Toyota_Prius_-_Austin_-_1/campaign/processed_json/segments/e6b4bacb-a530-472c-8a4f-cfdd6d463762/part_2/006624.json,43.6805072,-92.9738429,0,41.25,70.98445595854922,69.43005181347151,65.5922865013774,0.0,60.49,0.9105990117508633,0.7952901058614061,2025-07-07 11:38:48.046
/media/vsi-dev/Lacie_2/mndot_workzone_project/Toyota/campaign_0f13274e-1e23-415d-8a6c-56f06a60a20a-Toyota_Prius_-_Austin_-_1/campaign/processed_json/segments/e6b4bacb-a530-472c-8a4f-cfdd6d463762/part_2/006625.json,43.6805072,-92.9738429,0,46.87,69.94818652849742,69.94818652849742,61.8595041322314,81.03305785123966,72.37,0.9113295444544536,0.8812356568442999,2025-07-07 11:38:48.073
/media/vsi-dev/Lacie_2/mndot_workzone_project/Toyota/campaign_0f13274e-1e23-415d-8a6c-56f06a60a20a-Toyota_Prius_-_Austin_-_1/campaign/processed_json/segments/e6b4bacb-a530-472c-8a4f-cfdd6d463762/part_2/006626.json,43.6805072,-92.9738429,0,46.69,68.39378238341969,69.94818652849742,46.52892561983471,91.5426997245179,71.3,0.9334568250255473,0.8834626573029905,2025-07-07 11:38:48.106
/media/vsi-dev/Lacie_2/mndot_workzone_project/Toyota/campaign_0f13274e-1e23-415d-8a6c-56f06a60a20a-Toyota_Prius_-_Austin_-_1/campaign/processed_json/segments/e6b4bacb-a530-472c-8a4f-cfdd6d463762/part_2/006627.json,43.6805072,-92.9738429,0,45.69,72.02072538860104,68.9119170984456,96.34986225895317,23.07162534435262,69.2,0.9180266649083181,0.8827124677389104,2025-07-07 11:38:48.138
/media/vsi-dev/Lacie_2/mndot_workzone_project/Toyota/campaign_0f13274e-1e23-415d-8a6c-56f06a60a20a-Toyota_Prius_-_Austin_-_1/campaign/processed_json/segments/e6b4bacb-a530-472c-8a4f-cfdd6d463762/part_2/006628.json,43.6805072,-92.9738429,0,46.93,69.94818652849742,68.9119170984456,48.73278236914601,93.7603305785124,72.08,0.9244304236386063,0.8854531884133783,2025-07-07 11:38:48.172
/media/vsi-dev/Lacie_2/mndot_workzone_project/Toyota/campaign_0f13274e-1e23-415d-8a6c-56f06a60a20a-Toyota_Prius_-_Austin_-_1/campaign/processed_json/segments/e6b4bacb-a530-472c-8a4f-cfdd6d463762/part_2/006629.json,43.6805072,-92.9738429,0,39.07,63.212435233160626,68.9119170984456,0.0,31.157024793388427,53.2,0.8932241801138701,0.8854752598896263,2025-07-07 11:38:48.208
/media/vsi-dev/Lacie_2/mndot_workzone_project/Toyota/campaign_0f13274e-1e23-415d-8a6c-56f06a60a20a-Toyota_Prius_-_Austin_-_1/campaign/processed_json/segments/e6b4bacb-a530-472c-8a4f-cfdd6d463762/part_2/006630.json,43.6805072,-92.9738429,0,41.78,67.87564766839378,68.9119170984456,63.650137741046834,0.0,59.56,0.9058906569424149,0.8900116614921041,2025-07-07 11:38:48.244
/media/vsi-dev/Lacie_2/mndot_workzone_project/Toyota/campaign_0f13274e-1e23-415d-8a6c-56f06a60a20a-Toyota_Prius_-_Austin_-_1/campaign/processed_json/segments/e6b4bacb-a530-472c-8a4f-cfdd6d463762/part_2/006631.json,43.6805072,-92.9738429,0,39.65,67.35751295336787,68.9119170984456,38.264462809917354,0.0,55.37,0.8700108295175439,0.8798125393173226,2025-07-07 11:38:48.271
/media/vsi-dev/Lacie_2/mndot_workzone_project/Toyota/campaign_0f13274e-1e23-415d-8a6c-56f06a60a20a-Toyota_Prius_-_Austin_-_1/campaign/processed_json/segments/e6b4bacb-a530-472c-8a4f-cfdd6d463762/part_2/006632.json,43.6805072,-92.9738429,0,41.86,67.87564766839378,68.9119170984456,65.6060606060606,0.0,59.84,0.9082227183683047,0.8844151922982751,2025-07-07 11:38:48.309
/media/vsi-dev/Lacie_2/mndot_workzone_project/Toyota/campaign_0f13274e-1e23-415d-8a6c-56f06a60a20a-Toyota_Prius_-_Austin_-_1/campaign/processed_json/segments/e6b4bacb-a530-472c-8a4f-cfdd6d463762/part_2/006633.json,43.6805072,-92.9738429,0,47.05,69.94818652849742,68.9119170984456,48.71900826446281,93.14049586776859,72.05,0.936416912402081,0.8870524797258954,2025-07-07 11:38:48.340
/media/vsi-dev/Lacie_2/mndot_workzone_project/Toyota/campaign_0f13274e-1e23-415d-8a6c-56f06a60a20a-Toyota_Prius_-_Austin_-_1/campaign/processed_json/segments/e6b4bacb-a530-472c-8a4f-cfdd6d463762/part_2/006634.json,43.6805072,-92.9738429,0,45.32,69.43005181347151,68.9119170984456,46.887052341597794,71.43250688705234,68.26,0.9383736806223394,0.8630452420286655,2025-07-07 11:38:48.379
/media/vsi-dev/Lacie_2/mndot_workzone_project/Toyota/campaign_0f13274e-1e23-415d-8a6c-56f06a60a20a-Toyota_Prius_-_Austin_-_1/campaign/processed_json/segments/e6b4bacb-a530-472c-8a4f-cfdd6d463762/part_2/006635.json,43.6805072,-92.9738429,0,45.52,70.98445595854922,68.9119170984456,65.0137741046832,60.71625344352617,69.66,0.9130336555079968,0.8529715774120205,2025-07-07 11:38:48.406
/media/vsi-dev/Lacie_2/mndot_workzone_project/Toyota/campaign_0f13274e-1e23-415d-8a6c-56f06a60a20a-Toyota_Prius_-_Austin_-_1/campaign/processed_json/segments/e6b4bacb-a530-472c-8a4f-cfdd6d463762/part_2/006636.json,43.6805072,-92.9738429,0.9642457136690264,75.43,69.94818652849742,0.0,100.0,20.743801652892564,47.94,0.7997672737953344,0.9684488474495558,2025-07-07 11:38:48.439
/media/vsi-dev/Lacie_2/mndot_workzone_project/Toyota/campaign_0f13274e-1e23-415d-8a6c-56f06a60a20a-Toyota_Prius_-_Austin_-_1/campaign/processed_json/segments/e6b4bacb-a530-472c-8a4f-cfdd6d463762/part_2/006637.json,43.6805072,-92.9738429,0,39.81,69.94818652849742,67.87564766839378,46.10192837465565,26.446280991735538,60.11,0.9402229171610539,0.6366068377875106,2025-07-07 11:38:48.471
/media/vsi-dev/Lacie_2/mndot_workzone_project/Toyota/campaign_0f13274e-1e23-415d-8a6c-56f06a60a20a-Toyota_Prius_-_Austin_-_1/campaign/processed_json/segments/e6b4bacb-a530-472c-8a4f-cfdd6d463762/part_2/006638.json,43.6805072,-92.9738429,0,41.57,69.94818652849742,66.32124352331607,66.65289256198346,21.90082644628099,62.46,0.7490430127906784,0.9100424822943033,2025-07-07 11:38:48.503
/media/vsi-dev/Lacie_2/mndot_workzone_project/Toyota/campaign_0f13274e-1e23-415d-8a6c-56f06a60a20a-Toyota_Prius_-_Austin_-_1/campaign/processed_json/segments/e6b4bacb-a530-472c-8a4f-cfdd6d463762/part_2/006639.json,43.6805072,-92.9738429,0,40.93,69.43005181347151,67.87564766839378,49.03581267217631,32.87878787878788,61.62,0.6935294366129882,0.9349333991963447,2025-07-07 11:38:48.542
/media/vsi-dev/Lacie_2/mndot_workzone_project/Toyota/campaign_0f13274e-1e23-415d-8a6c-56f06a60a20a-Toyota_Prius_-_Austin_-_1/campaign/processed_json/segments/e6b4bacb-a530-472c-8a4f-cfdd6d463762/part_2/006640.json,43.6805072,-92.9738429,0,41.67,69.43005181347151,67.87564766839378,50.77134986225895,36.611570247933884,62.61,0.7292875228840778,0.9330476698869251,2025-07-07 11:38:48.581
/media/vsi-dev/Lacie_2/mndot_workzone_project/Toyota/campaign_0f13274e-1e23-415d-8a6c-56f06a60a20a-Toyota_Prius_-_Austin_-_1/campaign/processed_json/segments/e6b4bacb-a530-472c-8a4f-cfdd6d463762/part_2/006641.json,43.6805072,-92.9738429,0,42.52,69.94818652849742,66.83937823834198,66.14325068870524,36.84573002754821,64.79,0.7491459789547457,0.9109578647504952,2025-07-07 11:38:48.607
/media/vsi-dev/Lacie_2/mndot_workzone_project/Toyota/campaign_0f13274e-1e23-415d-8a6c-56f06a60a20a-Toyota_Prius_-_Austin_-_1/campaign/processed_json/segments/e6b4bacb-a530-472c-8a4f-cfdd6d463762/part_2/006642.json,43.6805072,-92.9738429,0,43.11,72.02072538860104,66.83937823834198,66.30853994490357,37.837465564738295,65.7,0.768450591231949,0.9147939100030124,2025-07-07 11:38:48.638
/media/vsi-dev/Lacie_2/mndot_workzone_project/Toyota/campaign_0f13274e-1e23-415d-8a6c-56f06a60a20a-Toyota_Prius_-_Austin_-_1/campaign/processed_json/segments/e6b4bacb-a530-472c-8a4f-cfdd6d463762/part_2/006643.json,43.6805072,-92.9738429,0,43.74,70.98445595854922,66.83937823834198,66.59779614325069,46.005509641873275,66.76,0.9131594098640179,0.7903131990396992,2025-07-07 11:38:48.679
/media/vsi-dev/Lacie_2/mndot_workzone_project/Toyota/campaign_0f13274e-1e23-415d-8a6c-56f06a60a20a-Toyota_Prius_-_Austin_-_1/campaign/processed_json/segments/e6b4bacb-a530-472c-8a4f-cfdd6d463762/part_2/006644.json,43.6805167,-92.9735543,0.9928258579038134,82.38,69.94818652849742,66.32124352331607,50.785123966942145,28.801652892561986,61.79,0.9323691223947744,0.862694337648603,2025-07-07 11:38:48.705
/media/vsi-dev/Lacie_2/mndot_workzone_project/Toyota/campaign_0f13274e-1e23-415d-8a6c-56f06a60a20a-Toyota_Prius_-_Austin_-_1/campaign/processed_json/segments/e6b4bacb-a530-472c-8a4f-cfdd6d463762/part_2/006645.json,43.6805167,-92.9735543,0,44.01,69.94818652849742,65.80310880829016,48.705234159779614,57.78236914600551,65.59,0.9342330970426184,0.8430662621591836,2025-07-07 11:38:48.739
/media/vsi-dev/Lacie_2/mndot_workzone_project/Toyota/campaign_0f13274e-1e23-415d-8a6c-56f06a60a20a-Toyota_Prius_-_Austin_-_1/campaign/processed_json/segments/e6b4bacb-a530-472c-8a4f-cfdd6d463762/part_2/006646.json,43.6805167,-92.9735543,0,41.48,69.94818652849742,65.80310880829016,49.352617079889804,36.239669421487605,61.92,0.7356218929565561,0.935103741379802,2025-07-07 11:38:48.770
/media/vsi-dev/Lacie_2/mndot_workzone_project/Toyota/campaign_0f13274e-1e23-415d-8a6c-56f06a60a20a-Toyota_Prius_-_Austin_-_1/campaign/processed_json/segments/e6b4bacb-a530-472c-8a4f-cfdd6d463762/part_2/006647.json,43.6805167,-92.9735543,0,40.64,69.94818652849742,64.76683937823834,51.76308539944904,17.424242424242426,59.26,0.7632763423329749,0.9306407190184397,2025-07-07 11:38:48.808
/media/vsi-dev/Lacie_2/mndot_workzone_project/Toyota/campaign_0f13274e-1e23-415d-8a6c-56f06a60a20a-Toyota_Prius_-_Austin_-_1/campaign/processed_json/segments/e6b4bacb-a530-472c-8a4f-cfdd6d463762/part_2/006648.json,43.6805167,-92.9735543,0.9848041402180955,82.34,69.43005181347151,66.83937823834198,43.05785123966942,36.41873278236915,61.9,0.9418651009074547,0.8771463884265615,2025-07-07 11:38:48.835
/media/vsi-dev/Lacie_2/mndot_workzone_project/Toyota/campaign_0f13274e-1e23-415d-8a6c-56f06a60a20a-Toyota_Prius_-_Austin_-_1/campaign/processed_json/segments/e6b4bacb-a530-472c-8a4f-cfdd6d463762/part_2/006649.json,43.6805167,-92.9735543,0.9811670975774323,84.54,70.98445595854922,67.87564766839378,65.22038567493112,50.09641873278237,68.0,0.9094716510426518,0.9000860117952625,2025-07-07 11:38:48.867
/media/vsi-dev/Lacie_2/mndot_workzone_project/Toyota/campaign_0f13274e-1e23-415d-8a6c-56f06a60a20a-Toyota_Prius_-_Austin_-_1/campaign/processed_json/segments/e6b4bacb-a530-472c-8a4f-cfdd6d463762/part_2/006650.json,43.6805167,-92.9735543,0.9811670975774323,83.64,69.94818652849742,65.80310880829016,51.62534435261708,50.66115702479339,65.22,0.9319824278851301,0.8988644538133284,2025-07-07 11:38:48.906
/media/vsi-dev/Lacie_2/mndot_workzone_project/Toyota/campaign_0f13274e-1e23-415d-8a6c-56f06a60a20a-Toyota_Prius_-_Austin_-_1/campaign/processed_json/segments/e6b4bacb-a530-472c-8a4f-cfdd6d463762/part_2/006651.json,43.6805167,-92.9735543,0.9738967374550571,84.11,69.94818652849742,67.35751295336787,66.46005509641874,49.94490358126722,67.69,0.9116528853263932,0.8965351273566371,2025-07-07 11:38:48.943
/media/vsi-dev/Lacie_2/mndot_workzone_project/Toyota/campaign_0f13274e-1e23-415d-8a6c-56f06a60a20a-Toyota_Prius_-_Austin_-_1/campaign/processed_json/segments/e6b4bacb-a530-472c-8a4f-cfdd6d463762/part_2/006652.json,43.6805167,-92.9735543,0.9771525479278598,84.54,70.46632124352331,67.87564766839378,66.92837465564739,51.83195592286501,68.37,0.911655965473283,0.8986521101208405,2025-07-07 11:38:48.970
/media/vsi-dev/Lacie_2/mndot_workzone_project/Toyota/campaign_0f13274e-1e23-415d-8a6c-56f06a60a20a-Toyota_Prius_-_Austin_-_1/campaign/processed_json/segments/e6b4bacb-a530-472c-8a4f-cfdd6d463762/part_2/006653.json,43.6805167,-92.9735543,0.9727652403079083,83.11,69.94818652849742,65.80310880829016,48.09917355371901,50.48209366391184,64.68,0.9357205387769374,0.8971096546210118,2025-07-07 11:38:49.000
/media/vsi-dev/Lacie_2/mndot_workzone_project/Toyota/campaign_0f13274e-1e23-415d-8a6c-56f06a60a20a-Toyota_Prius_-_Austin_-_1/campaign/processed_json/segments/e6b4bacb-a530-472c-8a4f-cfdd6d463762/part_2/006654.json,43.6805167,-92.9735543,0.9771525479278598,84.49,70.98445595854922,66.83937823834198,67.36914600550963,51.460055096418735,68.23,0.9120037252135146,0.898879865521017,2025-07-07 11:38:49.036
/media/vsi-dev/Lacie_2/mndot_workzone_project/Toyota/campaign_0f13274e-1e23-415d-8a6c-56f06a60a20a-Toyota_Prius_-_Austin_-_1/campaign/processed_json/segments/e6b4bacb-a530-472c-8a4f-cfdd6d463762/part_2/006655.json,43.6805167,-92.9735543,0.988813044611233,85.34,70.98445595854922,67.87564766839378,68.26446280991736,53.980716253443525,69.07,0.9130474933884365,0.9024169075340983,2025-07-07 11:38:49.068
/media/vsi-dev/Lacie_2/mndot_workzone_project/Toyota/campaign_0f13274e-1e23-415d-8a6c-56f06a60a20a-Toyota_Prius_-_Austin_-_1/campaign/processed_json/segments/e6b4bacb-a530-472c-8a4f-cfdd6d463762/part_2/006656.json,43.6805167,-92.9735543,0.9856539001953453,85.02,70.98445595854922,66.83937823834198,68.65013774104683,52.93388429752066,68.65,0.9120162933502276,0.9015618542308329,2025-07-07 11:38:49.106
/media/vsi-dev/Lacie_2/mndot_workzone_project/Toyota/campaign_0f13274e-1e23-415d-8a6c-56f06a60a20a-Toyota_Prius_-_Austin_-_1/campaign/processed_json/segments/e6b4bacb-a530-472c-8a4f-cfdd6d463762/part_2/006657.json,43.6805167,-92.9735543,0.9811670975774323,83.74,68.9119170984456,66.83937823834198,48.89807162534435,54.11845730027548,65.35,0.9330998090671655,0.9018009056222873,2025-07-07 11:38:49.145
/media/vsi-dev/Lacie_2/mndot_workzone_project/Toyota/campaign_0f13274e-1e23-415d-8a6c-56f06a60a20a-Toyota_Prius_-_Austin_-_1/campaign/processed_json/segments/e6b4bacb-a530-472c-8a4f-cfdd6d463762/part_2/006658.json,43.6805167,-92.9735543,0.9872815715902905,81.91,69.94818652849742,67.87564766839378,68.19559228650137,0.0,60.65,0.9119356348632387,0.9035749227900081,2025-07-07 11:38:49.176
/media/vsi-dev/Lacie_2/mndot_workzone_project/Toyota/campaign_0f13274e-1e23-415d-8a6c-56f06a60a20a-Toyota_Prius_-_Austin_-_1/campaign/processed_json/segments/e6b4bacb-a530-472c-8a4f-cfdd6d463762/part_2/006659.json,43.6805167,-92.9735543,0.9872815715902905,84.48,70.98445595854922,66.83937823834198,52.314049586776854,54.228650137741056,66.52,0.9339914345797513,0.903947859926819,2025-07-07 11:38:49.205
/media/vsi-dev/Lacie_2/mndot_workzone_project/Toyota/campaign_0f13274e-1e23-415d-8a6c-56f06a60a20a-Toyota_Prius_-_Austin_-_1/campaign/processed_json/segments/e6b4bacb-a530-472c-8a4f-cfdd6d463762/part_2/006660.json,43.6805167,-92.9735543,0.9848041402180955,84.25,70.98445595854922,67.87564766839378,47.21763085399449,54.76584022038568,66.15,0.9368889194041048,0.9025581507756565,2025-07-07 11:38:49.244
/media/vsi-dev/Lacie_2/mndot_workzone_project/Toyota/campaign_0f13274e-1e23-415d-8a6c-56f06a60a20a-Toyota_Prius_-_Austin_-_1/campaign/processed_json/segments/e6b4bacb-a530-472c-8a4f-cfdd6d463762/part_2/006661.json,43.6805167,-92.9735543,0.9704334030551546,82.3,70.46632124352331,67.87564766839378,41.5564738292011,29.449035812672175,61.58,0.9407722924498872,0.9442049500343785,2025-07-07 11:38:49.282
/media/vsi-dev/Lacie_2/mndot_workzone_project/Toyota/campaign_0f13274e-1e23-415d-8a6c-56f06a60a20a-Toyota_Prius_-_Austin_-_1/campaign/processed_json/segments/e6b4bacb-a530-472c-8a4f-cfdd6d463762/part_2/006662.json,43.6805167,-92.9735543,0.9998000199986667,82.61,70.98445595854922,67.35751295336787,70.22038567493112,0.0,61.12,0.9131241706397953,0.9034237810975402,2025-07-07 11:38:49.307
/media/vsi-dev/Lacie_2/mndot_workzone_project/Toyota/campaign_0f13274e-1e23-415d-8a6c-56f06a60a20a-Toyota_Prius_-_Austin_-_1/campaign/processed_json/segments/e6b4bacb-a530-472c-8a4f-cfdd6d463762/part_2/006663.json,43.6805167,-92.9735543,0.988813044611233,84.71,70.98445595854922,67.87564766839378,52.548209366391184,56.17079889807163,67.12,0.9307487951966681,0.9004563890139123,2025-07-07 11:38:49.342
/media/vsi-dev/Lacie_2/mndot_workzone_project/Toyota/campaign_0f13274e-1e23-415d-8a6c-56f06a60a20a-Toyota_Prius_-_Austin_-_1/campaign/processed_json/segments/e6b4bacb-a530-472c-8a4f-cfdd6d463762/part_2/006664.json,43.6805167,-92.9735543,0.9945026659478988,85.23,69.94818652849742,67.35751295336787,67.03856749311295,53.80165289256198,68.37,0.9095403514416098,0.9003466976172161,2025-07-07 11:38:49.373
/media/vsi-dev/Lacie_2/mndot_workzone_project/Toyota/campaign_0f13274e-1e23-415d-8a6c-56f06a60a20a-Toyota_Prius_-_Austin_-_1/campaign/processed_json/segments/e6b4bacb-a530-472c-8a4f-cfdd6d463762/part_2/006665.json,43.6805167,-92.9735543,0.9856539001953453,84.34,70.46632124352331,67.87564766839378,51.21212121212121,55.192837465564736,66.6,0.9258364497527064,0.901772207821437,2025-07-07 11:38:49.406
/media/vsi-dev/Lacie_2/mndot_workzone_project/Toyota/campaign_0f13274e-1e23-415d-8a6c-56f06a60a20a-Toyota_Prius_-_Austin_-_1/campaign/processed_json/segments/e6b4bacb-a530-472c-8a4f-cfdd6d463762/part_2/006666.json,43.6805167,-92.9735543,0.988813044611233,84.56,70.46632124352331,68.39378238341969,50.77134986225895,55.0137741046832,66.69,0.9344383598968595,0.8983884732985603,2025-07-07 11:38:49.445
/media/vsi-dev/Lacie_2/mndot_workzone_project/Toyota/campaign_0f13274e-1e23-415d-8a6c-56f06a60a20a-Toyota_Prius_-_Austin_-_1/campaign/processed_json/segments/e6b4bacb-a530-472c-8a4f-cfdd6d463762/part_2/006667.json,43.6805167,-92.9735543,0.9839305142725083,84.35,69.94818652849742,68.9119170984456,49.11845730027548,55.96418732782369,66.6,0.9351545765940307,0.9001200767041585,2025-07-07 11:38:49.472
/media/vsi-dev/Lacie_2/mndot_workzone_project/Toyota/campaign_0f13274e-1e23-415d-8a6c-56f06a60a20a-Toyota_Prius_-_Austin_-_1/campaign/processed_json/segments/e6b4bacb-a530-472c-8a4f-cfdd6d463762/part_2/006668.json,43.6805167,-92.9735543,0.9801986733067553,84.81,68.9119170984456,68.9119170984456,66.85950413223141,55.49586776859504,68.75,0.9096632478139183,0.9003181525075359,2025-07-07 11:38:49.508
/media/vsi-dev/Lacie_2/mndot_workzone_project/Toyota/campaign_0f13274e-1e23-415d-8a6c-56f06a60a20a-Toyota_Prius_-_Austin_-_1/campaign/processed_json/segments/e6b4bacb-a530-472c-8a4f-cfdd6d463762/part_2/006669.json,43.6805167,-92.9735543,0.9738967374550571,83.89,69.94818652849742,68.9119170984456,50.3168044077135,54.46280991735537,66.53,0.9344056454767117,0.8973905170571137,2025-07-07 11:38:49.538
/media/vsi-dev/Lacie_2/mndot_workzone_project/Toyota/campaign_0f13274e-1e23-415d-8a6c-56f06a60a20a-Toyota_Prius_-_Austin_-_1/campaign/processed_json/segments/e6b4bacb-a530-472c-8a4f-cfdd6d463762/part_2/006670.json,43.6805167,-92.9735543,0.9727652403079083,83.9,69.94818652849742,68.9119170984456,51.00550964187328,54.600550964187335,66.66,0.9335337497282193,0.899007057421927,2025-07-07 11:38:49.571
/media/vsi-dev/Lacie_2/mndot_workzone_project/Toyota/campaign_0f13274e-1e23-415d-8a6c-56f06a60a20a-Toyota_Prius_-_Austin_-_1/campaign/processed_json/segments/e6b4bacb-a530-472c-8a4f-cfdd6d463762/part_2/006671.json,43.6805167,-92.9735543,0.9727652403079083,82.7,69.94818652849742,67.35751295336787,51.52892561983471,27.479338842975203,62.45,0.932275390990707,0.9486462010447684,2025-07-07 11:38:49.614
/media/vsi-dev/Lacie_2/mndot_workzone_project/Toyota/campaign_0f13274e-1e23-415d-8a6c-56f06a60a20a-Toyota_Prius_-_Austin_-_1/campaign/processed_json/segments/e6b4bacb-a530-472c-8a4f-cfdd6d463762/part_2/006672.json,43.6805167,-92.9735543,0.9738967374550571,83.89,69.94818652849742,68.9119170984456,48.69146005509642,55.05509641873279,66.41,0.9367627453917726,0.9006673367337198,2025-07-07 11:38:49.645
/media/vsi-dev/Lacie_2/mndot_workzone_project/Toyota/campaign_0f13274e-1e23-415d-8a6c-56f06a60a20a-Toyota_Prius_-_Austin_-_1/campaign/processed_json/segments/e6b4bacb-a530-472c-8a4f-cfdd6d463762/part_2/006673.json,43.6805254,-92.9732685,0.9704334030551546,83.77,69.94818652849742,68.9119170984456,49.40771349862259,55.17906336088154,66.52,0.9343234987540261,0.9003902522871587,2025-07-07 11:38:49.670
/media/vsi-dev/Lacie_2/mndot_workzone_project/Toyota/campaign_0f13274e-1e23-415d-8a6c-56f06a60a20a-Toyota_Prius_-_Austin_-_1/campaign/processed_json/segments/e6b4bacb-a530-472c-8a4f-cfdd6d463762/part_2/006674.json,43.6805254,-92.9732685,0.9839305142725083,85.36,70.98445595854922,68.9119170984456,68.73278236914601,55.59228650137741,69.68,0.9122523085606756,0.9008268048177697,2025-07-07 11:38:49.703
/media/vsi-dev/Lacie_2/mndot_workzone_project/Toyota/campaign_0f13274e-1e23-415d-8a6c-56f06a60a20a-Toyota_Prius_-_Austin_-_1/campaign/processed_json/segments/e6b4bacb-a530-472c-8a4f-cfdd6d463762/part_2/006675.json,43.6805254,-92.9732685,0.9839305142725083,84.74,69.94818652849742,69.43005181347151,55.68870523415978,56.40495867768595,67.77,0.9273122584995754,0.900623777855387,2025-07-07 11:38:49.745
/media/vsi-dev/Lacie_2/mndot_workzone_project/Toyota/campaign_0f13274e-1e23-415d-8a6c-56f06a60a20a-Toyota_Prius_-_Austin_-_1/campaign/processed_json/segments/e6b4bacb-a530-472c-8a4f-cfdd6d463762/part_2/006676.json,43.6805254,-92.9732685,0.9821119255343636,85.18,69.94818652849742,68.9119170984456,69.90358126721763,55.192837465564736,69.48,0.9103419561203215,0.9004196394059926,2025-07-07 11:38:49.778
/media/vsi-dev/Lacie_2/mndot_workzone_project/Toyota/campaign_0f13274e-1e23-415d-8a6c-56f06a60a20a-Toyota_Prius_-_Austin_-_1/campaign/processed_json/segments/e6b4bacb-a530-472c-8a4f-cfdd6d463762/part_2/006677.json,43.6805254,-92.9732685,0.9801986733067553,84.22,69.94818652849742,68.9119170984456,49.77961432506887,55.99173553719008,66.69,0.9339874960182698,0.9001055776807448,2025-07-07 11:38:49.804
/media/vsi-dev/Lacie_2/mndot_workzone_project/Toyota/campaign_0f13274e-1e23-415d-8a6c-56f06a60a20a-Toyota_Prius_-_Austin_-_1/campaign/processed_json/segments/e6b4bacb-a530-472c-8a4f-cfdd6d463762/part_2/006678.json,43.6805254,-92.9732685,0.9771525479278598,83.73,68.9119170984456,68.9119170984456,47.24517906336088,54.3801652892562,65.76,0.9356911935225621,0.8979826096371988,2025-07-07 11:38:49.846
/media/vsi-dev/Lacie_2/mndot_workzone_project/Toyota/campaign_0f13274e-1e23-415d-8a6c-56f06a60a20a-Toyota_Prius_-_Austin_-_1/campaign/processed_json/segments/e6b4bacb-a530-472c-8a4f-cfdd6d463762/part_2/006679.json,43.6805254,-92.9732685,0.9704334030551546,83.58,68.9119170984456,69.94818652849742,47.31404958677686,54.228650137741056,66.06,0.9361550479959986,0.8980713486587055,2025-07-07 11:38:49.871
/media/vsi-dev/Lacie_2/mndot_workzone_project/Toyota/campaign_0f13274e-1e23-415d-8a6c-56f06a60a20a-Toyota_Prius_-_Austin_-_1/campaign/processed_json/segments/e6b4bacb-a530-472c-8a4f-cfdd6d463762/part_2/006680.json,43.6805254,-92.9732685,0.9771525479278598,83.86,68.9119170984456,69.94818652849742,46.41873278236915,54.28374655647383,65.96,0.9381572468045954,0.9004966161002633,2025-07-07 11:38:49.905
/media/vsi-dev/Lacie_2/mndot_workzone_project/Toyota/campaign_0f13274e-1e23-415d-8a6c-56f06a60a20a-Toyota_Prius_-_Austin_-_1/campaign/processed_json/segments/e6b4bacb-a530-472c-8a4f-cfdd6d463762/part_2/006681.json,43.6805254,-92.9732685,0.9801986733067553,81.75,69.94818652849742,69.94818652849742,67.01101928374655,0.0,61.08,0.9105684162619526,0.9009015568794466,2025-07-07 11:38:49.939
/media/vsi-dev/Lacie_2/mndot_workzone_project/Toyota/campaign_0f13274e-1e23-415d-8a6c-56f06a60a20a-Toyota_Prius_-_Austin_-_1/campaign/processed_json/segments/e6b4bacb-a530-472c-8a4f-cfdd6d463762/part_2/006682.json,43.6805254,-92.9732685,0.988813044611233,85.39,69.94818652849742,69.94818652849742,69.11845730027548,53.278236914600555,69.37,0.912001326269107,0.8968386485482177,2025-07-07 11:38:49.973
/media/vsi-dev/Lacie_2/mndot_workzone_project/Toyota/campaign_0f13274e-1e23-415d-8a6c-56f06a60a20a-Toyota_Prius_-_Austin_-_1/campaign/processed_json/segments/e6b4bacb-a530-472c-8a4f-cfdd6d463762/part_2/006683.json,43.6805254,-92.9732685,0.9760904721403703,83.92,69.43005181347151,69.94818652849742,46.96969696969697,54.50413223140495,66.23,0.9386271162572721,0.9000123260897855,2025-07-07 11:38:50.005
/media/vsi-dev/Lacie_2/mndot_workzone_project/Toyota/campaign_0f13274e-1e23-415d-8a6c-56f06a60a20a-Toyota_Prius_-_Austin_-_1/campaign/processed_json/segments/e6b4bacb-a530-472c-8a4f-cfdd6d463762/part_2/006684.json,43.6805254,-92.9732685,0.9760904721403703,84.01,68.9119170984456,69.94818652849742,51.997245179063356,54.049586776859506,66.71,0.9323600390038126,0.8956900664269912,2025-07-07 11:38:50.035
/media/vsi-dev/Lacie_2/mndot_workzone_project/Toyota/campaign_0f13274e-1e23-415d-8a6c-56f06a60a20a-Toyota_Prius_-_Austin_-_1/campaign/processed_json/segments/e6b4bacb-a530-472c-8a4f-cfdd6d463762/part_2/006685.json,43.6805254,-92.9732685,0.9692207345544688,83.63,69.94818652849742,69.94818652849742,45.37190082644628,54.87603305785124,66.2,0.9402891834613412,0.8975069735436956,2025-07-07 11:38:50.074
/media/vsi-dev/Lacie_2/mndot_workzone_project/Toyota/campaign_0f13274e-1e23-415d-8a6c-56f06a60a20a-Toyota_Prius_-_Austin_-_1/campaign/processed_json/segments/e6b4bacb-a530-472c-8a4f-cfdd6d463762/part_2/006686.json,43.6805254,-92.9732685,0.9781913242622373,84.19,68.9119170984456,69.94818652849742,52.20385674931129,55.33057851239669,66.93,0.9337676093264955,0.8955259950801777,2025-07-07 11:38:50.108
/media/vsi-dev/Lacie_2/mndot_workzone_project/Toyota/campaign_0f13274e-1e23-415d-8a6c-56f06a60a20a-Toyota_Prius_-_Austin_-_1/campaign/processed_json/segments/e6b4bacb-a530-472c-8a4f-cfdd6d463762/part_2/006687.json,43.6805254,-92.9732685,0.9811670975774323,85.0,68.9119170984456,69.94818652849742,68.60881542699725,55.23415977961432,69.26,0.9086067611449431,0.8959267356276592,2025-07-07 11:38:50.143
/media/vsi-dev/Lacie_2/mndot_workzone_project/Toyota/campaign_0f13274e-1e23-415d-8a6c-56f06a60a20a-Toyota_Prius_-_Austin_-_1/campaign/processed_json/segments/e6b4bacb-a530-472c-8a4f-cfdd6d463762/part_2/006688.json,43.6805254,-92.9732685,0.9848041402180955,84.34,68.9119170984456,70.46632124352331,50.90909090909091,53.939393939393945,66.68,0.9322733491672843,0.8952396879176779,2025-07-07 11:38:50.179
/media/vsi-dev/Lacie_2/mndot_workzone_project/Toyota/campaign_0f13274e-1e23-415d-8a6c-56f06a60a20a-Toyota_Prius_-_Austin_-_1/campaign/processed_json/segments/e6b4bacb-a530-472c-8a4f-cfdd6d463762/part_2/006689.json,43.6805254,-92.9732685,0.9848041402180955,85.31,68.9119170984456,69.94818652849742,67.72727272727272,57.71349862258953,69.53,0.9085542396644082,0.9019709330938082,2025-07-07 11:38:50.220
/media/vsi-dev/Lacie_2/mndot_workzone_project/Toyota/campaign_0f13274e-1e23-415d-8a6c-56f06a60a20a-Toyota_Prius_-_Austin_-_1/campaign/processed_json/segments/e6b4bacb-a530-472c-8a4f-cfdd6d463762/part_2/006690.json,43.6805254,-92.9732685,0.9781913242622373,84.5,67.87564766839378,69.43005181347151,68.40220385674931,52.46556473829202,68.34,0.9096800487992509,0.8944393521853654,2025-07-07 11:38:50.244
/media/vsi-dev/Lacie_2/mndot_workzone_project/Toyota/campaign_0f13274e-1e23-415d-8a6c-56f06a60a20a-Toyota_Prius_-_Austin_-_1/campaign/processed_json/segments/e6b4bacb-a530-472c-8a4f-cfdd6d463762/part_2/006691.json,43.6805254,-92.9732685,0.9811670975774323,84.78,67.87564766839378,69.94818652849742,68.78787878787878,53.78787878787878,68.75,0.9088271697568997,0.894541695285932,2025-07-07 11:38:50.280
/media/vsi-dev/Lacie_2/mndot_workzone_project/Toyota/campaign_0f13274e-1e23-415d-8a6c-56f06a60a20a-Toyota_Prius_-_Austin_-_1/campaign/processed_json/segments/e6b4bacb-a530-472c-8a4f-cfdd6d463762/part_2/006692.json,43.6805254,-92.9732685,0.9781913242622373,84.02,68.9119170984456,69.94818652849742,49.62809917355372,54.31129476584022,66.41,0.9365045704615873,0.8964019655945686,2025-07-07 11:38:50.310
/media/vsi-dev/Lacie_2/mndot_workzone_project/Toyota/campaign_0f13274e-1e23-415d-8a6c-56f06a60a20a-Toyota_Prius_-_Austin_-_1/campaign/processed_json/segments/e6b4bacb-a530-472c-8a4f-cfdd6d463762/part_2/006693.json,43.6805254,-92.9732685,0.9880593620427125,82.03,69.43005181347151,69.94818652849742,69.26997245179064,0.0,61.22,0.9076153889485781,0.8946535083619618,2025-07-07 11:38:50.343
/media/vsi-dev/Lacie_2/mndot_workzone_project/Toyota/campaign_0f13274e-1e23-415d-8a6c-56f06a60a20a-Toyota_Prius_-_Austin_-_1/campaign/processed_json/segments/e6b4bacb-a530-472c-8a4f-cfdd6d463762/part_2/006694.json,43.6805254,-92.9732685,0.9856539001953453,84.48,68.9119170984456,70.98445595854922,49.11845730027548,55.48209366391185,66.82,0.9359318761202879,0.8966276376955313,2025-07-07 11:38:50.380
/media/vsi-dev/Lacie_2/mndot_workzone_project/Toyota/campaign_0f13274e-1e23-415d-8a6c-56f06a60a20a-Toyota_Prius_-_Austin_-_1/campaign/processed_json/segments/e6b4bacb-a530-472c-8a4f-cfdd6d463762/part_2/006695.json,43.6805254,-92.9732685,0.9880593620427125,84.43,67.87564766839378,70.98445595854922,47.5068870523416,56.28099173553719,66.4,0.9367410825880935,0.897868671895766,2025-07-07 11:38:50.404
/media/vsi-dev/Lacie_2/mndot_workzone_project/Toyota/campaign_0f13274e-1e23-415d-8a6c-56f06a60a20a-Toyota_Prius_-_Austin_-_1/campaign/processed_json/segments/e6b4bacb-a530-472c-8a4f-cfdd6d463762/part_2/006696.json,43.6805254,-92.9732685,0.9781913242622373,83.91,67.87564766839378,70.98445595854922,50.509641873278234,52.94765840220386,66.31,0.9338471060418515,0.8919715913654691,2025-07-07 11:38:50.436
/media/vsi-dev/Lacie_2/mndot_workzone_project/Toyota/campaign_0f13274e-1e23-415d-8a6c-56f06a60a20a-Toyota_Prius_-_Austin_-_1/campaign/processed_json/segments/e6b4bacb-a530-472c-8a4f-cfdd6d463762/part_2/006697.json,43.6805254,-92.9732685,0.9839305142725083,83.74,66.83937823834198,70.46632124352331,46.99724517906336,52.74104683195592,65.29,0.9334012962724887,0.893151536650092,2025-07-07 11:38:50.464
/media/vsi-dev/Lacie_2/mndot_workzone_project/Toyota/campaign_0f13274e-1e23-415d-8a6c-56f06a60a20a-Toyota_Prius_-_Austin_-_1/campaign/processed_json/segments/e6b4bacb-a530-472c-8a4f-cfdd6d463762/part_2/006698.json,43.6805254,-92.9732685,0.9848041402180955,83.0,62.69430051813472,69.94818652849742,40.44077134986226,53.994490358126725,63.14,0.9391292628755251,0.8964772606427929,2025-07-07 11:38:50.499
/media/vsi-dev/Lacie_2/mndot_workzone_project/Toyota/campaign_0f13274e-1e23-415d-8a6c-56f06a60a20a-Toyota_Prius_-_Austin_-_1/campaign/processed_json/segments/e6b4bacb-a530-472c-8a4f-cfdd6d463762/part_2/006699.json,43.6805254,-92.9732685,0.9848041402180955,84.07,67.35751295336787,69.94818652849742,49.903581267217625,54.11845730027548,65.95,0.9340763467926478,0.8959917212369297,2025-07-07 11:38:50.535
/media/vsi-dev/Lacie_2/mndot_workzone_project/Toyota/campaign_0f13274e-1e23-415d-8a6c-56f06a60a20a-Toyota_Prius_-_Austin_-_1/campaign/processed_json/segments/e6b4bacb-a530-472c-8a4f-cfdd6d463762/part_2/006700.json,43.6805254,-92.9732685,0.9902478635182347,84.46,67.35751295336787,70.98445595854922,47.27272727272727,56.17079889807163,66.2,0.9374791806104839,0.8993174999628286,2025-07-07 11:38:50.572
/media/vsi-dev/Lacie_2/mndot_workzone_project/Toyota/campaign_0f13274e-1e23-415d-8a6c-56f06a60a20a-Toyota_Prius_-_Austin_-_1/campaign/processed_json/segments/e6b4bacb-a530-472c-8a4f-cfdd6d463762/part_2/006701.json,43.6805254,-92.9732685,0.9856539001953453,84.28,67.87564766839378,70.98445595854922,48.36088154269972,56.33608815426997,66.49,0.9269415467330546,0.8988738751217047,2025-07-07 11:38:50.602
/media/vsi-dev/Lacie_2/mndot_workzone_project/Toyota/campaign_0f13274e-1e23-415d-8a6c-56f06a60a20a-Toyota_Prius_-_Austin_-_1/campaign/processed_json/segments/e6b4bacb-a530-472c-8a4f-cfdd6d463762/part_2/006702.json,43.6805254,-92.9732685,0.9839305142725083,83.79,66.32124352331607,69.94818652849742,48.49862258953168,53.939393939393945,65.39,0.9342219108480139,0.8936134121356841,2025-07-07 11:38:50.636
/media/vsi-dev/Lacie_2/mndot_workzone_project/Toyota/campaign_0f13274e-1e23-415d-8a6c-56f06a60a20a-Toyota_Prius_-_Austin_-_1/campaign/processed_json/segments/e6b4bacb-a530-472c-8a4f-cfdd6d463762/part_2/006703.json,43.6805337,-92.9729861,0.9902478635182347,85.17,67.87564766839378,69.94818652849742,68.69146005509641,55.00000000000001,68.9,0.9051616947467086,0.8947860137625079,2025-07-07 11:38:50.670
/media/vsi-dev/Lacie_2/mndot_workzone_project/Toyota/campaign_0f13274e-1e23-415d-8a6c-56f06a60a20a-Toyota_Prius_-_Austin_-_1/campaign/processed_json/segments/e6b4bacb-a530-472c-8a4f-cfdd6d463762/part_2/006704.json,43.6805337,-92.9729861,0.9839305142725083,83.75,64.76683937823834,69.94818652849742,51.680440771349865,54.62809917355372,65.46,0.9256071273998384,0.8950988679662213,2025-07-07 11:38:50.714
/media/vsi-dev/Lacie_2/mndot_workzone_project/Toyota/campaign_0f13274e-1e23-415d-8a6c-56f06a60a20a-Toyota_Prius_-_Austin_-_1/campaign/processed_json/segments/e6b4bacb-a530-472c-8a4f-cfdd6d463762/part_2/006705.json,43.6805337,-92.9729861,0.9839305142725083,83.54,63.212435233160626,70.98445595854922,47.13498622589532,55.70247933884298,64.81,0.9272192371065942,0.8985134008287713,2025-07-07 11:38:50.738
/media/vsi-dev/Lacie_2/mndot_workzone_project/Toyota/campaign_0f13274e-1e23-415d-8a6c-56f06a60a20a-Toyota_Prius_-_Austin_-_1/campaign/processed_json/segments/e6b4bacb-a530-472c-8a4f-cfdd6d463762/part_2/006706.json,43.6805337,-92.9729861,0.988813044611233,84.49,66.83937823834198,70.98445595854922,51.58402203856749,56.01928374655647,66.63,0.9296000756940664,0.8991503413758452,2025-07-07 11:38:50.771
/media/vsi-dev/Lacie_2/mndot_workzone_project/Toyota/campaign_0f13274e-1e23-415d-8a6c-56f06a60a20a-Toyota_Prius_-_Austin_-_1/campaign/processed_json/segments/e6b4bacb-a530-472c-8a4f-cfdd6d463762/part_2/006707.json,43.6805337,-92.9729861,0.9801986733067553,81.96,63.212435233160626,68.9119170984456,46.721763085399445,25.977961432506884,59.93,0.9300555996445974,0.9483141585577334,2025-07-07 11:38:50.805
/media/vsi-dev/Lacie_2/mndot_workzone_project/Toyota/campaign_0f13274e-1e23-415d-8a6c-56f06a60a20a-Toyota_Prius_-_Austin_-_1/campaign/processed_json/segments/e6b4bacb-a530-472c-8a4f-cfdd6d463762/part_2/006708.json,43.6805337,-92.9729861,0.9872815715902905,84.02,62.17616580310881,69.94818652849742,63.374655647382916,54.77961432506887,66.35,0.9017598892192773,0.8967278641114689,2025-07-07 11:38:50.844
/media/vsi-dev/Lacie_2/mndot_workzone_project/Toyota/campaign_0f13274e-1e23-415d-8a6c-56f06a60a20a-Toyota_Prius_-_Austin_-_1/campaign/processed_json/segments/e6b4bacb-a530-472c-8a4f-cfdd6d463762/part_2/006709.json,43.6805337,-92.9729861,0.9880593620427125,84.26,63.212435233160626,69.94818652849742,64.73829201101928,54.62809917355372,66.85,0.9047097353222315,0.8952031283272658,2025-07-07 11:38:50.877
/media/vsi-dev/Lacie_2/mndot_workzone_project/Toyota/campaign_0f13274e-1e23-415d-8a6c-56f06a60a20a-Toyota_Prius_-_Austin_-_1/campaign/processed_json/segments/e6b4bacb-a530-472c-8a4f-cfdd6d463762/part_2/006710.json,43.6805337,-92.9729861,0.9872815715902905,84.43,64.24870466321244,69.94818652849742,65.39944903581268,54.79338842975206,67.3,0.9049497760107623,0.8971938172868057,2025-07-07 11:38:50.905
/media/vsi-dev/Lacie_2/mndot_workzone_project/Toyota/campaign_0f13274e-1e23-415d-8a6c-56f06a60a20a-Toyota_Prius_-_Austin_-_1/campaign/processed_json/segments/e6b4bacb-a530-472c-8a4f-cfdd6d463762/part_2/006711.json,43.6805337,-92.9729861,0.9848041402180955,83.71,64.76683937823834,69.94818652849742,47.8099173553719,55.619834710743795,65.07,0.9315101023843303,0.8970015515406511,2025-07-07 11:38:50.941
/media/vsi-dev/Lacie_2/mndot_workzone_project/Toyota/campaign_0f13274e-1e23-415d-8a6c-56f06a60a20a-Toyota_Prius_-_Austin_-_1/campaign/processed_json/segments/e6b4bacb-a530-472c-8a4f-cfdd6d463762/part_2/006712.json,43.6805337,-92.9729861,0.9872815715902905,84.72,65.28497409326425,69.94818652849742,66.94214876033058,55.674931129476576,67.98,0.9060174905720177,0.8974585176610594,2025-07-07 11:38:50.971
/media/vsi-dev/Lacie_2/mndot_workzone_project/Toyota/campaign_0f13274e-1e23-415d-8a6c-56f06a60a20a-Toyota_Prius_-_Austin_-_1/campaign/processed_json/segments/e6b4bacb-a530-472c-8a4f-cfdd6d463762/part_2/006713.json,43.6805337,-92.9729861,0.9872815715902905,84.54,64.76683937823834,68.9119170984456,67.09366391184572,55.66115702479338,67.53,0.9062574331719264,0.8972948619239144,2025-07-07 11:38:51.007
/media/vsi-dev/Lacie_2/mndot_workzone_project/Toyota/campaign_0f13274e-1e23-415d-8a6c-56f06a60a20a-Toyota_Prius_-_Austin_-_1/campaign/processed_json/segments/e6b4bacb-a530-472c-8a4f-cfdd6d463762/part_2/006714.json,43.6805337,-92.9729861,0.9781913242622373,83.65,62.17616580310881,69.94818652849742,63.88429752066116,54.46280991735537,66.37,0.9016668759209748,0.8953206694741487,2025-07-07 11:38:51.038
/media/vsi-dev/Lacie_2/mndot_workzone_project/Toyota/campaign_0f13274e-1e23-415d-8a6c-56f06a60a20a-Toyota_Prius_-_Austin_-_1/campaign/processed_json/segments/e6b4bacb-a530-472c-8a4f-cfdd6d463762/part_2/006715.json,43.6805337,-92.9729861,0.9821119255343636,84.2,63.730569948186535,69.94818652849742,66.61157024793388,53.925619834710744,67.2,0.9069256240155196,0.8964210578549844,2025-07-07 11:38:51.080
/media/vsi-dev/Lacie_2/mndot_workzone_project/Toyota/campaign_0f13274e-1e23-415d-8a6c-56f06a60a20a-Toyota_Prius_-_Austin_-_1/campaign/processed_json/segments/e6b4bacb-a530-472c-8a4f-cfdd6d463762/part_2/006716.json,43.6805337,-92.9729861,0.9801986733067553,83.39,63.730569948186535,69.94818652849742,48.388429752066116,54.87603305785124,64.74,0.9327922851721644,0.8959643173240238,2025-07-07 11:38:51.104
/media/vsi-dev/Lacie_2/mndot_workzone_project/Toyota/campaign_0f13274e-1e23-415d-8a6c-56f06a60a20a-Toyota_Prius_-_Austin_-_1/campaign/processed_json/segments/e6b4bacb-a530-472c-8a4f-cfdd6d463762/part_2/006717.json,43.6805337,-92.9729861,0.9848041402180955,83.24,61.13989637305699,69.94818652849742,47.68595041322314,55.88154269972452,63.99,0.9259272015021429,0.8987840532394388,2025-07-07 11:38:51.145
/media/vsi-dev/Lacie_2/mndot_workzone_project/Toyota/campaign_0f13274e-1e23-415d-8a6c-56f06a60a20a-Toyota_Prius_-_Austin_-_1/campaign/processed_json/segments/e6b4bacb-a530-472c-8a4f-cfdd6d463762/part_2/006718.json,43.6805337,-92.9729861,0.988813044611233,83.45,58.549222797927456,69.43005181347151,62.61707988980716,53.815426997245176,64.84,0.8996903921028591,0.8961495404861852,2025-07-07 11:38:51.174
/media/vsi-dev/Lacie_2/mndot_workzone_project/Toyota/campaign_0f13274e-1e23-415d-8a6c-56f06a60a20a-Toyota_Prius_-_Austin_-_1/campaign/processed_json/segments/e6b4bacb-a530-472c-8a4f-cfdd6d463762/part_2/006719.json,43.6805337,-92.9729861,0.9872815715902905,83.0,58.549222797927456,68.9119170984456,50.358126721763085,56.19834710743802,63.31,0.91988156510068,0.8983046690208145,2025-07-07 11:38:51.208
/media/vsi-dev/Lacie_2/mndot_workzone_project/Toyota/campaign_0f13274e-1e23-415d-8a6c-56f06a60a20a-Toyota_Prius_-_Austin_-_1/campaign/processed_json/segments/e6b4bacb-a530-472c-8a4f-cfdd6d463762/part_2/006720.json,43.6805337,-92.9729861,0.9856539001953453,82.95,61.13989637305699,68.9119170984456,46.65289256198347,53.7465564738292,63.2,0.9288598311238375,0.8955681016354118,2025-07-07 11:38:51.247
/media/vsi-dev/Lacie_2/mndot_workzone_project/Toyota/campaign_0f13274e-1e23-415d-8a6c-56f06a60a20a-Toyota_Prius_-_Austin_-_1/campaign/processed_json/segments/e6b4bacb-a530-472c-8a4f-cfdd6d463762/part_2/006721.json,43.6805337,-92.9729861,0.9811670975774323,82.66,58.549222797927456,69.94818652849742,48.484848484848484,54.98622589531681,63.15,0.9194286963080659,0.8961445065526402,2025-07-07 11:38:51.269
/media/vsi-dev/Lacie_2/mndot_workzone_project/Toyota/campaign_0f13274e-1e23-415d-8a6c-56f06a60a20a-Toyota_Prius_-_Austin_-_1/campaign/processed_json/segments/e6b4bacb-a530-472c-8a4f-cfdd6d463762/part_2/006722.json,43.6805337,-92.9729861,0.9856539001953453,83.07,60.62176165803109,69.94818652849742,44.79338842975207,55.48209366391185,63.36,0.9313105596230871,0.8985291093178337,2025-07-07 11:38:51.302
/media/vsi-dev/Lacie_2/mndot_workzone_project/Toyota/campaign_0f13274e-1e23-415d-8a6c-56f06a60a20a-Toyota_Prius_-_Austin_-_1/campaign/processed_json/segments/e6b4bacb-a530-472c-8a4f-cfdd6d463762/part_2/006723.json,43.6805337,-92.9729861,0.9934093144689159,83.99,59.58549222797927,69.94818652849742,61.887052341597794,56.76308539944903,65.65,0.9002842100425374,0.8989852531843945,2025-07-07 11:38:51.336
/media/vsi-dev/Lacie_2/mndot_workzone_project/Toyota/campaign_0f13274e-1e23-415d-8a6c-56f06a60a20a-Toyota_Prius_-_Austin_-_1/campaign/processed_json/segments/e6b4bacb-a530-472c-8a4f-cfdd6d463762/part_2/006724.json,43.6805337,-92.9729861,0.9909288930014639,83.92,59.58549222797927,69.94818652849742,61.81818181818181,57.07988980716253,65.7,0.8993682578613754,0.9007454084209691,2025-07-07 11:38:51.371
/media/vsi-dev/Lacie_2/mndot_workzone_project/Toyota/campaign_0f13274e-1e23-415d-8a6c-56f06a60a20a-Toyota_Prius_-_Austin_-_1/campaign/processed_json/segments/e6b4bacb-a530-472c-8a4f-cfdd6d463762/part_2/006725.json,43.6805337,-92.9729861,0.9872815715902905,83.1,56.476683937823836,69.94818652849742,57.42424242424242,57.382920110192835,64.13,0.8945083579463299,0.9010418354861869,2025-07-07 11:38:51.407
/media/vsi-dev/Lacie_2/mndot_workzone_project/Toyota/campaign_0f13274e-1e23-415d-8a6c-56f06a60a20a-Toyota_Prius_-_Austin_-_1/campaign/processed_json/segments/e6b4bacb-a530-472c-8a4f-cfdd6d463762/part_2/006726.json,43.6805337,-92.9729861,0.9856539001953453,82.47,56.994818652849744,69.94818652849742,44.807162534435264,54.97245179063361,62.14,0.9212162792183283,0.8976731501137386,2025-07-07 11:38:51.443
/media/vsi-dev/Lacie_2/mndot_workzone_project/Toyota/campaign_0f13274e-1e23-415d-8a6c-56f06a60a20a-Toyota_Prius_-_Austin_-_1/campaign/processed_json/segments/e6b4bacb-a530-472c-8a4f-cfdd6d463762/part_2/006727.json,43.6805337,-92.9729861,0.9856539001953453,83.59,59.58549222797927,69.94818652849742,61.04683195592286,56.432506887052334,65.47,0.8997602966867244,0.8982224014287565,2025-07-07 11:38:51.473
/media/vsi-dev/Lacie_2/mndot_workzone_project/Toyota/campaign_0f13274e-1e23-415d-8a6c-56f06a60a20a-Toyota_Prius_-_Austin_-_1/campaign/processed_json/segments/e6b4bacb-a530-472c-8a4f-cfdd6d463762/part_2/006728.json,43.6805337,-92.9729861,0.9856539001953453,82.88,58.549222797927456,69.94818652849742,46.65289256198347,55.84022038567493,63.04,0.9248381595764408,0.8986249535139365,2025-07-07 11:38:51.513
/media/vsi-dev/Lacie_2/mndot_workzone_project/Toyota/campaign_0f13274e-1e23-415d-8a6c-56f06a60a20a-Toyota_Prius_-_Austin_-_1/campaign/processed_json/segments/e6b4bacb-a530-472c-8a4f-cfdd6d463762/part_2/006729.json,43.6805337,-92.9729861,0.9902478635182347,83.43,57.51295336787565,69.94818652849742,60.13774104683196,56.10192837465565,64.65,0.8971625332654358,0.8985123795043466,2025-07-07 11:38:51.538
/media/vsi-dev/Lacie_2/mndot_workzone_project/Toyota/campaign_0f13274e-1e23-415d-8a6c-56f06a60a20a-Toyota_Prius_-_Austin_-_1/campaign/processed_json/segments/e6b4bacb-a530-472c-8a4f-cfdd6d463762/part_2/006730.json,43.6805337,-92.9729861,0.9945026659478988,84.09,59.58549222797927,70.46632124352331,61.81818181818181,56.69421487603306,65.79,0.8994646720859346,0.8998348532803807,2025-07-07 11:38:51.576
/media/vsi-dev/Lacie_2/mndot_workzone_project/Toyota/campaign_0f13274e-1e23-415d-8a6c-56f06a60a20a-Toyota_Prius_-_Austin_-_1/campaign/processed_json/segments/e6b4bacb-a530-472c-8a4f-cfdd6d463762/part_2/006731.json,43.6805337,-92.9729861,0.9909288930014639,83.89,59.58549222797927,69.94818652849742,61.66666666666667,57.25895316804408,65.69,0.8980065848479661,0.8992921498425736,2025-07-07 11:38:51.615
/media/vsi-dev/Lacie_2/mndot_workzone_project/Toyota/campaign_0f13274e-1e23-415d-8a6c-56f06a60a20a-Toyota_Prius_-_Austin_-_1/campaign/processed_json/segments/e6b4bacb-a530-472c-8a4f-cfdd6d463762/part_2/006732.json,43.6805337,-92.9729861,0.9880593620427125,82.85,58.03108808290155,69.94818652849742,48.84297520661157,54.600550964187335,62.98,0.9168423784327373,0.8967665920066009,2025-07-07 11:38:51.649
/media/vsi-dev/Lacie_2/mndot_workzone_project/Toyota/campaign_0f13274e-1e23-415d-8a6c-56f06a60a20a-Toyota_Prius_-_Austin_-_1/campaign/processed_json/segments/e6b4bacb-a530-472c-8a4f-cfdd6d463762/part_2/006733.json,43.680541,-92.9727065,0.988813044611233,82.99,59.58549222797927,69.94818652849742,45.05509641873278,55.06887052341598,63.0,0.9264828484423245,0.8971423225224511,2025-07-07 11:38:51.671
/media/vsi-dev/Lacie_2/mndot_workzone_project/Toyota/campaign_0f13274e-1e23-415d-8a6c-56f06a60a20a-Toyota_Prius_-_Austin_-_1/campaign/processed_json/segments/e6b4bacb-a530-472c-8a4f-cfdd6d463762/part_2/006734.json,43.680541,-92.9727065,0.9928258579038134,83.86,59.58549222797927,69.94818652849742,61.74931129476584,55.49586776859504,65.43,0.8993172546937882,0.8982026803554849,2025-07-07 11:38:51.707
/media/vsi-dev/Lacie_2/mndot_workzone_project/Toyota/campaign_0f13274e-1e23-415d-8a6c-56f06a60a20a-Toyota_Prius_-_Austin_-_1/campaign/processed_json/segments/e6b4bacb-a530-472c-8a4f-cfdd6d463762/part_2/006735.json,43.680541,-92.9727065,0.9954976660309716,84.71,63.212435233160626,69.94818652849742,65.23415977961432,56.17079889807163,67.17,0.904175081843698,0.8985263021803205,2025-07-07 11:38:51.740
/media/vsi-dev/Lacie_2/mndot_workzone_project/Toyota/campaign_0f13274e-1e23-415d-8a6c-56f06a60a20a-Toyota_Prius_-_Austin_-_1/campaign/processed_json/segments/e6b4bacb-a530-472c-8a4f-cfdd6d463762/part_2/006736.json,43.680541,-92.9727065,0.9934093144689159,83.24,60.10362694300518,69.94818652849742,45.64738292011019,55.44077134986226,63.28,0.9217261757140269,0.8978779187982395,2025-07-07 11:38:51.794
/media/vsi-dev/Lacie_2/mndot_workzone_project/Toyota/campaign_0f13274e-1e23-415d-8a6c-56f06a60a20a-Toyota_Prius_-_Austin_-_1/campaign/processed_json/segments/e6b4bacb-a530-472c-8a4f-cfdd6d463762/part_2/006737.json,43.680541,-92.9727065,0.9950124791926823,83.68,62.69430051813472,69.94818652849742,45.192837465564736,56.85950413223141,64.2,0.9216529182927853,0.8984288433735772,2025-07-07 11:38:51.803
/media/vsi-dev/Lacie_2/mndot_workzone_project/Toyota/campaign_0f13274e-1e23-415d-8a6c-56f06a60a20a-Toyota_Prius_-_Austin_-_1/campaign/processed_json/segments/e6b4bacb-a530-472c-8a4f-cfdd6d463762/part_2/006738.json,43.680541,-92.9727065,0.9909288930014639,83.24,60.62176165803109,69.94818652849742,46.239669421487605,54.476584022038566,63.4,0.9277821045747235,0.8965646119513986,2025-07-07 11:38:51.832
/media/vsi-dev/Lacie_2/mndot_workzone_project/Toyota/campaign_0f13274e-1e23-415d-8a6c-56f06a60a20a-Toyota_Prius_-_Austin_-_1/campaign/processed_json/segments/e6b4bacb-a530-472c-8a4f-cfdd6d463762/part_2/006739.json,43.680541,-92.9727065,0.9928258579038134,85.43,67.87564766839378,69.94818652849742,70.31680440771349,54.54545454545454,69.11,0.9110787713655605,0.8959412084200523,2025-07-07 11:38:51.872
/media/vsi-dev/Lacie_2/mndot_workzone_project/Toyota/campaign_0f13274e-1e23-415d-8a6c-56f06a60a20a-Toyota_Prius_-_Austin_-_1/campaign/processed_json/segments/e6b4bacb-a530-472c-8a4f-cfdd6d463762/part_2/006740.json,43.680541,-92.9727065,0.9954976660309716,85.32,66.83937823834198,69.94818652849742,69.11845730027548,54.51790633608815,68.61,0.9096210513708367,0.8963393049938881,2025-07-07 11:38:51.906
/media/vsi-dev/Lacie_2/mndot_workzone_project/Toyota/campaign_0f13274e-1e23-415d-8a6c-56f06a60a20a-Toyota_Prius_-_Austin_-_1/campaign/processed_json/segments/e6b4bacb-a530-472c-8a4f-cfdd6d463762/part_2/006741.json,43.680541,-92.9727065,0.9848041402180955,83.52,63.730569948186535,69.94818652849742,47.85123966942149,55.26170798898071,64.7,0.9297092601945371,0.89542911050699,2025-07-07 11:38:51.937
/media/vsi-dev/Lacie_2/mndot_workzone_project/Toyota/campaign_0f13274e-1e23-415d-8a6c-56f06a60a20a-Toyota_Prius_-_Austin_-_1/campaign/processed_json/segments/e6b4bacb-a530-472c-8a4f-cfdd6d463762/part_2/006742.json,43.680541,-92.9727065,0.9996875488230391,83.03,66.83937823834198,69.94818652849742,38.93939393939394,55.509641873278234,63.94,0.8506372679480673,0.8963972031220321,2025-07-07 11:38:51.971
/media/vsi-dev/Lacie_2/mndot_workzone_project/Toyota/campaign_0f13274e-1e23-415d-8a6c-56f06a60a20a-Toyota_Prius_-_Austin_-_1/campaign/processed_json/segments/e6b4bacb-a530-472c-8a4f-cfdd6d463762/part_2/006743.json,43.680541,-92.9727065,0.9771525479278598,81.77,63.212435233160626,68.9119170984456,44.531680440771346,27.27272727272727,59.79,0.9321004460732165,0.9443417290442673,2025-07-07 11:38:52.007
/media/vsi-dev/Lacie_2/mndot_workzone_project/Toyota/campaign_0f13274e-1e23-415d-8a6c-56f06a60a20a-Toyota_Prius_-_Austin_-_1/campaign/processed_json/segments/e6b4bacb-a530-472c-8a4f-cfdd6d463762/part_2/006744.json,43.680541,-92.9727065,0.9928258579038134,84.46,62.69430051813472,70.46632124352331,62.94765840220386,56.03305785123966,66.81,0.9029357953292532,0.8996315736290883,2025-07-07 11:38:52.039
/media/vsi-dev/Lacie_2/mndot_workzone_project/Toyota/campaign_0f13274e-1e23-415d-8a6c-56f06a60a20a-Toyota_Prius_-_Austin_-_1/campaign/processed_json/segments/e6b4bacb-a530-472c-8a4f-cfdd6d463762/part_2/006745.json,43.680541,-92.9727065,0.988813044611233,83.79,64.76683937823834,69.94818652849742,47.658402203856745,55.15151515151515,64.96,0.9307313615875183,0.8943936295836394,2025-07-07 11:38:52.073
/media/vsi-dev/Lacie_2/mndot_workzone_project/Toyota/campaign_0f13274e-1e23-415d-8a6c-56f06a60a20a-Toyota_Prius_-_Austin_-_1/campaign/processed_json/segments/e6b4bacb-a530-472c-8a4f-cfdd6d463762/part_2/006746.json,43.680541,-92.9727065,0.9968051145430329,83.98,61.13989637305699,69.94818652849742,58.429752066115704,56.03305785123966,65.46,0.8956812448326094,0.8968070424010881,2025-07-07 11:38:52.101
/media/vsi-dev/Lacie_2/mndot_workzone_project/Toyota/campaign_0f13274e-1e23-415d-8a6c-56f06a60a20a-Toyota_Prius_-_Austin_-_1/campaign/processed_json/segments/e6b4bacb-a530-472c-8a4f-cfdd6d463762/part_2/006747.json,43.680541,-92.9727065,0.9909288930014639,83.42,62.17616580310881,69.94818652849742,45.22038567493113,55.6060606060606,63.88,0.9277147404385347,0.8957671712340018,2025-07-07 11:38:52.137
/media/vsi-dev/Lacie_2/mndot_workzone_project/Toyota/campaign_0f13274e-1e23-415d-8a6c-56f06a60a20a-Toyota_Prius_-_Austin_-_1/campaign/processed_json/segments/e6b4bacb-a530-472c-8a4f-cfdd6d463762/part_2/006748.json,43.680541,-92.9727065,0.9902478635182347,83.58,62.17616580310881,69.94818652849742,47.561983471074385,55.757575757575765,64.27,0.9304321745949056,0.8962678648603531,2025-07-07 11:38:52.171
/media/vsi-dev/Lacie_2/mndot_workzone_project/Toyota/campaign_0f13274e-1e23-415d-8a6c-56f06a60a20a-Toyota_Prius_-_Austin_-_1/campaign/processed_json/segments/e6b4bacb-a530-472c-8a4f-cfdd6d463762/part_2/006749.json,43.680541,-92.9727065,0.9902478635182347,84.16,65.80310880829016,69.94818652849742,51.14325068870523,54.39393939393939,65.69,0.9317826266163931,0.8958388673817411,2025-07-07 11:38:52.203
/media/vsi-dev/Lacie_2/mndot_workzone_project/Toyota/campaign_0f13274e-1e23-415d-8a6c-56f06a60a20a-Toyota_Prius_-_Austin_-_1/campaign/processed_json/segments/e6b4bacb-a530-472c-8a4f-cfdd6d463762/part_2/006750.json,43.680541,-92.9727065,0.9934093144689159,84.42,62.17616580310881,69.94818652849742,64.42148760330578,55.9366391184573,66.69,0.9023343981554192,0.8979976821031315,2025-07-07 11:38:52.240
/media/vsi-dev/Lacie_2/mndot_workzone_project/Toyota/campaign_0f13274e-1e23-415d-8a6c-56f06a60a20a-Toyota_Prius_-_Austin_-_1/campaign/processed_json/segments/e6b4bacb-a530-472c-8a4f-cfdd6d463762/part_2/006751.json,43.680541,-92.9727065,0.988813044611233,83.53,62.69430051813472,69.94818652849742,49.57300275482094,53.89807162534436,64.42,0.9259771657814069,0.8946612288121523,2025-07-07 11:38:52.269
/media/vsi-dev/Lacie_2/mndot_workzone_project/Toyota/campaign_0f13274e-1e23-415d-8a6c-56f06a60a20a-Toyota_Prius_-_Austin_-_1/campaign/processed_json/segments/e6b4bacb-a530-472c-8a4f-cfdd6d463762/part_2/006752.json,43.680541,-92.9727065,0.9945026659478988,85.13,66.32124352331607,69.94818652849742,69.00826446280992,54.228650137741056,68.37,0.9061897468969901,0.8940455505246901,2025-07-07 11:38:52.306
/media/vsi-dev/Lacie_2/mndot_workzone_project/Toyota/campaign_0f13274e-1e23-415d-8a6c-56f06a60a20a-Toyota_Prius_-_Austin_-_1/campaign/processed_json/segments/e6b4bacb-a530-472c-8a4f-cfdd6d463762/part_2/006753.json,43.680541,-92.9727065,0.9934093144689159,84.64,63.730569948186535,69.94818652849742,67.52066115702479,53.84297520661156,67.3,0.9031393955050546,0.8950485059139888,2025-07-07 11:38:52.340
/media/vsi-dev/Lacie_2/mndot_workzone_project/Toyota/campaign_0f13274e-1e23-415d-8a6c-56f06a60a20a-Toyota_Prius_-_Austin_-_1/campaign/processed_json/segments/e6b4bacb-a530-472c-8a4f-cfdd6d463762/part_2/006754.json,43.680541,-92.9727065,0.988813044611233,83.68,65.80310880829016,68.9119170984456,46.96969696969697,53.4435261707989,64.62,0.9339156196270887,0.8944265864700482,2025-07-07 11:38:52.372
/media/vsi-dev/Lacie_2/mndot_workzone_project/Toyota/campaign_0f13274e-1e23-415d-8a6c-56f06a60a20a-Toyota_Prius_-_Austin_-_1/campaign/processed_json/segments/e6b4bacb-a530-472c-8a4f-cfdd6d463762/part_2/006755.json,43.680541,-92.9727065,0.9954976660309716,84.64,63.212435233160626,69.94818652849742,68.89807162534434,53.278236914600555,67.24,0.9016996528044531,0.8904955265231347,2025-07-07 11:38:52.411
/media/vsi-dev/Lacie_2/mndot_workzone_project/Toyota/campaign_0f13274e-1e23-415d-8a6c-56f06a60a20a-Toyota_Prius_-_Austin_-_1/campaign/processed_json/segments/e6b4bacb-a530-472c-8a4f-cfdd6d463762/part_2/006756.json,43.680541,-92.9727065,0.9968051145430329,84.8,63.212435233160626,69.94818652849742,69.25619834710743,53.95316804407714,67.41,0.9023609952318118,0.8943814320701073,2025-07-07 11:38:52.437
/media/vsi-dev/Lacie_2/mndot_workzone_project/Toyota/campaign_0f13274e-1e23-415d-8a6c-56f06a60a20a-Toyota_Prius_-_Austin_-_1/campaign/processed_json/segments/e6b4bacb-a530-472c-8a4f-cfdd6d463762/part_2/006757.json,43.680541,-92.9727065,0.9934093144689159,83.71,59.58549222797927,68.9119170984456,65.48209366391184,52.74104683195592,65.22,0.8959016041901632,0.8922351051277042,2025-07-07 11:38:52.475
/media/vsi-dev/Lacie_2/mndot_workzone_project/Toyota/campaign_0f13274e-1e23-415d-8a6c-56f06a60a20a-Toyota_Prius_-_Austin_-_1/campaign/processed_json/segments/e6b4bacb-a530-472c-8a4f-cfdd6d463762/part_2/006758.json,43.680541,-92.9727065,0.9902478635182347,83.37,62.69430051813472,68.9119170984456,47.78236914600551,53.264462809917354,63.76,0.9324679895504878,0.8926603736698822,2025-07-07 11:38:52.508
/media/vsi-dev/Lacie_2/mndot_workzone_project/Toyota/campaign_0f13274e-1e23-415d-8a6c-56f06a60a20a-Toyota_Prius_-_Austin_-_1/campaign/processed_json/segments/e6b4bacb-a530-472c-8a4f-cfdd6d463762/part_2/006759.json,43.680541,-92.9727065,0.9902478635182347,83.41,61.13989637305699,68.9119170984456,52.87878787878788,52.63085399449036,63.95,0.926388084890572,0.8954504223482397,2025-07-07 11:38:52.543
/media/vsi-dev/Lacie_2/mndot_workzone_project/Toyota/campaign_0f13274e-1e23-415d-8a6c-56f06a60a20a-Toyota_Prius_-_Austin_-_1/campaign/processed_json/segments/e6b4bacb-a530-472c-8a4f-cfdd6d463762/part_2/006760.json,43.680541,-92.9727065,0.9950124791926823,84.5,62.17616580310881,69.43005181347151,69.84848484848484,52.02479338842976,66.76,0.9055258313815987,0.8939994920014753,2025-07-07 11:38:52.572
/media/vsi-dev/Lacie_2/mndot_workzone_project/Toyota/campaign_0f13274e-1e23-415d-8a6c-56f06a60a20a-Toyota_Prius_-_Austin_-_1/campaign/processed_json/segments/e6b4bacb-a530-472c-8a4f-cfdd6d463762/part_2/006761.json,43.680541,-92.9727065,0.9954976660309716,84.1,60.62176165803109,68.9119170984456,68.36088154269973,51.460055096418735,65.81,0.9056184299229182,0.8901347484619344,2025-07-07 11:38:52.607
/media/vsi-dev/Lacie_2/mndot_workzone_project/Toyota/campaign_0f13274e-1e23-415d-8a6c-56f06a60a20a-Toyota_Prius_-_Austin_-_1/campaign/processed_json/segments/e6b4bacb-a530-472c-8a4f-cfdd6d463762/part_2/006762.json,43.680541,-92.9727065,0.9922179382602435,84.1,62.69430051813472,68.9119170984456,66.40495867768595,51.58402203856749,66.15,0.9032410902963277,0.8916529234044961,2025-07-07 11:38:52.640
/media/vsi-dev/Lacie_2/mndot_workzone_project/Toyota/campaign_0f13274e-1e23-415d-8a6c-56f06a60a20a-Toyota_Prius_-_Austin_-_1/campaign/processed_json/segments/e6b4bacb-a530-472c-8a4f-cfdd6d463762/part_2/006763.json,43.6805453,-92.972429,0.9902478635182347,82.53,59.58549222797927,68.39378238341969,63.71900826446281,28.1267217630854,61.36,0.9017895937097256,0.9358164371029464,2025-07-07 11:38:52.678
/media/vsi-dev/Lacie_2/mndot_workzone_project/Toyota/campaign_0f13274e-1e23-415d-8a6c-56f06a60a20a-Toyota_Prius_-_Austin_-_1/campaign/processed_json/segments/e6b4bacb-a530-472c-8a4f-cfdd6d463762/part_2/006764.json,43.6805453,-92.972429,0.9880593620427125,83.68,60.62176165803109,68.9119170984456,67.82369146005509,51.11570247933884,65.65,0.9021805319964291,0.8879516531244063,2025-07-07 11:38:52.705
/media/vsi-dev/Lacie_2/mndot_workzone_project/Toyota/campaign_0f13274e-1e23-415d-8a6c-56f06a60a20a-Toyota_Prius_-_Austin_-_1/campaign/processed_json/segments/e6b4bacb-a530-472c-8a4f-cfdd6d463762/part_2/006765.json,43.6805453,-92.972429,0.9848041402180955,82.91,60.10362694300518,69.94818652849742,51.570247933884296,51.14325068870523,63.48,0.9236551811268714,0.888467643118305,2025-07-07 11:38:52.735
/media/vsi-dev/Lacie_2/mndot_workzone_project/Toyota/campaign_0f13274e-1e23-415d-8a6c-56f06a60a20a-Toyota_Prius_-_Austin_-_1/campaign/processed_json/segments/e6b4bacb-a530-472c-8a4f-cfdd6d463762/part_2/006766.json,43.6805453,-92.972429,0.9928258579038134,83.64,59.067357512953365,69.94818652849742,65.52341597796143,51.06060606060606,65.13,0.8996963293733768,0.8879774030366281,2025-07-07 11:38:52.766
/media/vsi-dev/Lacie_2/mndot_workzone_project/Toyota/campaign_0f13274e-1e23-415d-8a6c-56f06a60a20a-Toyota_Prius_-_Austin_-_1/campaign/processed_json/segments/e6b4bacb-a530-472c-8a4f-cfdd6d463762/part_2/006767.json,43.6805453,-92.972429,0.9902478635182347,81.89,59.067357512953365,68.39378238341969,58.26446280991735,26.019283746556475,60.02,0.8905649405746415,0.9365047851896816,2025-07-07 11:38:52.805
/media/vsi-dev/Lacie_2/mndot_workzone_project/Toyota/campaign_0f13274e-1e23-415d-8a6c-56f06a60a20a-Toyota_Prius_-_Austin_-_1/campaign/processed_json/segments/e6b4bacb-a530-472c-8a4f-cfdd6d463762/part_2/006768.json,43.6805453,-92.972429,0.9934093144689159,83.41,59.58549222797927,68.9119170984456,64.06336088154269,49.77961432506887,64.55,0.8992498989623982,0.8864620114095102,2025-07-07 11:38:52.833
/media/vsi-dev/Lacie_2/mndot_workzone_project/Toyota/campaign_0f13274e-1e23-415d-8a6c-56f06a60a20a-Toyota_Prius_-_Austin_-_1/campaign/processed_json/segments/e6b4bacb-a530-472c-8a4f-cfdd6d463762/part_2/006769.json,43.6805453,-92.972429,0.9922179382602435,83.89,61.13989637305699,68.9119170984456,69.46280991735537,49.65564738292011,65.82,0.9032877888470419,0.8842113446218413,2025-07-07 11:38:52.866
/media/vsi-dev/Lacie_2/mndot_workzone_project/Toyota/campaign_0f13274e-1e23-415d-8a6c-56f06a60a20a-Toyota_Prius_-_Austin_-_1/campaign/processed_json/segments/e6b4bacb-a530-472c-8a4f-cfdd6d463762/part_2/006770.json,43.6805453,-92.972429,0.9880593620427125,82.82,56.476683937823836,68.9119170984456,64.82093663911846,49.94490358126722,63.73,0.8965860064884617,0.8837649312932851,2025-07-07 11:38:52.908
/media/vsi-dev/Lacie_2/mndot_workzone_project/Toyota/campaign_0f13274e-1e23-415d-8a6c-56f06a60a20a-Toyota_Prius_-_Austin_-_1/campaign/processed_json/segments/e6b4bacb-a530-472c-8a4f-cfdd6d463762/part_2/006771.json,43.6805453,-92.972429,0.9856539001953453,83.57,63.730569948186535,69.94818652849742,54.57300275482093,50.55096418732782,64.95,0.9306077882490846,0.885659920841638,2025-07-07 11:38:52.935
/media/vsi-dev/Lacie_2/mndot_workzone_project/Toyota/campaign_0f13274e-1e23-415d-8a6c-56f06a60a20a-Toyota_Prius_-_Austin_-_1/campaign/processed_json/segments/e6b4bacb-a530-472c-8a4f-cfdd6d463762/part_2/006772.json,43.6805453,-92.972429,0.9848041402180955,82.79,62.17616580310881,69.43005181347151,46.074380165289256,49.73829201101928,62.96,0.9384097912306473,0.8833651428132299,2025-07-07 11:38:52.972
/media/vsi-dev/Lacie_2/mndot_workzone_project/Toyota/campaign_0f13274e-1e23-415d-8a6c-56f06a60a20a-Toyota_Prius_-_Austin_-_1/campaign/processed_json/segments/e6b4bacb-a530-472c-8a4f-cfdd6d463762/part_2/006773.json,43.6805453,-92.972429,0.9954976660309716,84.4,62.17616580310881,70.46632124352331,72.47933884297521,47.83746556473829,66.78,0.9053573639362105,0.8816445324376662,2025-07-07 11:38:53.012
/media/vsi-dev/Lacie_2/mndot_workzone_project/Toyota/campaign_0f13274e-1e23-415d-8a6c-56f06a60a20a-Toyota_Prius_-_Austin_-_1/campaign/processed_json/segments/e6b4bacb-a530-472c-8a4f-cfdd6d463762/part_2/006774.json,43.6805453,-92.972429,0.9909288930014639,84.45,64.24870466321244,69.94818652849742,73.56749311294766,47.96143250688705,67.41,0.9050790103566917,0.8801959593042279,2025-07-07 11:38:53.041
/media/vsi-dev/Lacie_2/mndot_workzone_project/Toyota/campaign_0f13274e-1e23-415d-8a6c-56f06a60a20a-Toyota_Prius_-_Austin_-_1/campaign/processed_json/segments/e6b4bacb-a530-472c-8a4f-cfdd6d463762/part_2/006775.json,43.6805453,-92.972429,0.9909288930014639,84.49,63.730569948186535,69.94818652849742,75.82644628099173,47.451790633608816,67.52,0.9075345316584079,0.8769896868091045,2025-07-07 11:38:53.095
/media/vsi-dev/Lacie_2/mndot_workzone_project/Toyota/campaign_0f13274e-1e23-415d-8a6c-56f06a60a20a-Toyota_Prius_-_Austin_-_1/campaign/processed_json/segments/e6b4bacb-a530-472c-8a4f-cfdd6d463762/part_2/006776.json,43.6805453,-92.972429,0.9928258579038134,84.54,62.69430051813472,69.94818652849742,77.35537190082644,48.044077134986225,67.51,0.9072074442570968,0.87507922137143,2025-07-07 11:38:53.106
/media/vsi-dev/Lacie_2/mndot_workzone_project/Toyota/campaign_0f13274e-1e23-415d-8a6c-56f06a60a20a-Toyota_Prius_-_Austin_-_1/campaign/processed_json/segments/e6b4bacb-a530-472c-8a4f-cfdd6d463762/part_2/006777.json,43.6805453,-92.972429,0.9872815715902905,83.39,63.730569948186535,72.53886010362694,48.4573002754821,47.617079889807165,64.37,0.941083984835318,0.8735225909106465,2025-07-07 11:38:53.144
/media/vsi-dev/Lacie_2/mndot_workzone_project/Toyota/campaign_0f13274e-1e23-415d-8a6c-56f06a60a20a-Toyota_Prius_-_Austin_-_1/campaign/processed_json/segments/e6b4bacb-a530-472c-8a4f-cfdd6d463762/part_2/006778.json,43.6805453,-92.972429,0.9928258579038134,84.99,65.80310880829016,72.53886010362694,74.58677685950413,47.79614325068871,68.75,0.904566961413749,0.8732363249026609,2025-07-07 11:38:53.190
/media/vsi-dev/Lacie_2/mndot_workzone_project/Toyota/campaign_0f13274e-1e23-415d-8a6c-56f06a60a20a-Toyota_Prius_-_Austin_-_1/campaign/processed_json/segments/e6b4bacb-a530-472c-8a4f-cfdd6d463762/part_2/006779.json,43.6805453,-92.972429,0.9909288930014639,83.62,61.13989637305699,72.02072538860104,57.75482093663912,48.209366391184574,64.86,0.9304359662428315,0.873243777141817,2025-07-07 11:38:53.200
/media/vsi-dev/Lacie_2/mndot_workzone_project/Toyota/campaign_0f13274e-1e23-415d-8a6c-56f06a60a20a-Toyota_Prius_-_Austin_-_1/campaign/processed_json/segments/e6b4bacb-a530-472c-8a4f-cfdd6d463762/part_2/006780.json,43.6805453,-92.972429,0.9909288930014639,83.07,62.17616580310881,72.02072538860104,47.38292011019284,46.37741046831956,63.37,0.937923019160761,0.870742469909094,2025-07-07 11:38:53.247
/media/vsi-dev/Lacie_2/mndot_workzone_project/Toyota/campaign_0f13274e-1e23-415d-8a6c-56f06a60a20a-Toyota_Prius_-_Austin_-_1/campaign/processed_json/segments/e6b4bacb-a530-472c-8a4f-cfdd6d463762/part_2/006781.json,43.6805453,-92.972429,0.988813044611233,83.6,63.212435233160626,72.02072538860104,59.21487603305785,45.0,65.19,0.9319430765162889,0.8648052428963166,2025-07-07 11:38:53.272
/media/vsi-dev/Lacie_2/mndot_workzone_project/Toyota/campaign_0f13274e-1e23-415d-8a6c-56f06a60a20a-Toyota_Prius_-_Austin_-_1/campaign/processed_json/segments/e6b4bacb-a530-472c-8a4f-cfdd6d463762/part_2/006782.json,43.6805453,-92.972429,0.9928258579038134,84.78,63.212435233160626,73.05699481865285,78.56749311294766,45.48209366391184,68.35,0.9112892097043255,0.8617135125525227,2025-07-07 11:38:53.299
/media/vsi-dev/Lacie_2/mndot_workzone_project/Toyota/campaign_0f13274e-1e23-415d-8a6c-56f06a60a20a-Toyota_Prius_-_Austin_-_1/campaign/processed_json/segments/e6b4bacb-a530-472c-8a4f-cfdd6d463762/part_2/006783.json,43.6805453,-92.972429,0.9954976660309716,84.74,63.730569948186535,73.05699481865285,75.3168044077135,45.137741046831955,67.97,0.9093198342645235,0.8640984091425443,2025-07-07 11:38:53.332
/media/vsi-dev/Lacie_2/mndot_workzone_project/Toyota/campaign_0f13274e-1e23-415d-8a6c-56f06a60a20a-Toyota_Prius_-_Austin_-_1/campaign/processed_json/segments/e6b4bacb-a530-472c-8a4f-cfdd6d463762/part_2/006784.json,43.6805453,-92.972429,0.9998875063278877,84.74,63.730569948186535,72.02072538860104,74.57300275482093,45.3030303030303,67.57,0.9065735359926396,0.8655325918813499,2025-07-07 11:38:53.370
/media/vsi-dev/Lacie_2/mndot_workzone_project/Toyota/campaign_0f13274e-1e23-415d-8a6c-56f06a60a20a-Toyota_Prius_-_Austin_-_1/campaign/processed_json/segments/e6b4bacb-a530-472c-8a4f-cfdd6d463762/part_2/006785.json,43.6805453,-92.972429,0.9978897297577275,84.92,63.730569948186535,72.53886010362694,78.53994490358127,45.70247933884298,68.35,0.9052015928458489,0.8608775023022117,2025-07-07 11:38:53.402
/media/vsi-dev/Lacie_2/mndot_workzone_project/Toyota/campaign_0f13274e-1e23-415d-8a6c-56f06a60a20a-Toyota_Prius_-_Austin_-_1/campaign/processed_json/segments/e6b4bacb-a530-472c-8a4f-cfdd6d463762/part_2/006786.json,43.6805453,-92.972429,0.9902478635182347,83.28,63.212435233160626,72.02072538860104,55.84022038567493,43.870523415977964,64.47,0.9303769725907834,0.8581008817129623,2025-07-07 11:38:53.439
/media/vsi-dev/Lacie_2/mndot_workzone_project/Toyota/campaign_0f13274e-1e23-415d-8a6c-56f06a60a20a-Toyota_Prius_-_Austin_-_1/campaign/processed_json/segments/e6b4bacb-a530-472c-8a4f-cfdd6d463762/part_2/006787.json,43.6805453,-92.972429,0.9856539001953453,83.58,65.80310880829016,73.05699481865285,59.46280991735537,43.08539944903581,65.93,0.9295570444682802,0.8484837668536482,2025-07-07 11:38:53.477
/media/vsi-dev/Lacie_2/mndot_workzone_project/Toyota/campaign_0f13274e-1e23-415d-8a6c-56f06a60a20a-Toyota_Prius_-_Austin_-_1/campaign/processed_json/segments/e6b4bacb-a530-472c-8a4f-cfdd6d463762/part_2/006788.json,43.6805453,-92.972429,0.988813044611233,83.69,63.212435233160626,72.02072538860104,72.46556473829202,43.25068870523416,66.66,0.9003121208857762,0.8470525409599764,2025-07-07 11:38:53.504
/media/vsi-dev/Lacie_2/mndot_workzone_project/Toyota/campaign_0f13274e-1e23-415d-8a6c-56f06a60a20a-Toyota_Prius_-_Austin_-_1/campaign/processed_json/segments/e6b4bacb-a530-472c-8a4f-cfdd6d463762/part_2/006789.json,43.6805453,-92.972429,0.9922179382602435,83.78,64.24870466321244,72.02072538860104,66.84573002754821,42.03856749311295,66.05,0.9225416687623107,0.8449779431339746,2025-07-07 11:38:53.542
/media/vsi-dev/Lacie_2/mndot_workzone_project/Toyota/campaign_0f13274e-1e23-415d-8a6c-56f06a60a20a-Toyota_Prius_-_Austin_-_1/campaign/processed_json/segments/e6b4bacb-a530-472c-8a4f-cfdd6d463762/part_2/006790.json,43.6805453,-92.972429,0.9856539001953453,83.51,65.80310880829016,72.02072538860104,60.303030303030305,42.94765840220386,65.73,0.9311685930776001,0.8478290522276399,2025-07-07 11:38:53.575
/media/vsi-dev/Lacie_2/mndot_workzone_project/Toyota/campaign_0f13274e-1e23-415d-8a6c-56f06a60a20a-Toyota_Prius_-_Austin_-_1/campaign/processed_json/segments/e6b4bacb-a530-472c-8a4f-cfdd6d463762/part_2/006791.json,43.6805453,-92.972429,0.9934093144689159,84.09,63.212435233160626,70.98445595854922,78.11294765840219,41.790633608815426,67.02,0.9075015231182462,0.8474834147272019,2025-07-07 11:38:53.604
/media/vsi-dev/Lacie_2/mndot_workzone_project/Toyota/campaign_0f13274e-1e23-415d-8a6c-56f06a60a20a-Toyota_Prius_-_Austin_-_1/campaign/processed_json/segments/e6b4bacb-a530-472c-8a4f-cfdd6d463762/part_2/006792.json,43.6805453,-92.972429,0.9821119255343636,80.64,60.62176165803109,64.24870466321244,52.837465564738295,15.165289256198347,56.95,0.932901415055666,0.9250671174896644,2025-07-07 11:38:53.648
/media/vsi-dev/Lacie_2/mndot_workzone_project/Toyota/campaign_0f13274e-1e23-415d-8a6c-56f06a60a20a-Toyota_Prius_-_Austin_-_1/campaign/processed_json/segments/e6b4bacb-a530-472c-8a4f-cfdd6d463762/part_2/006793.json,43.680548,-92.9721528,0.9856539001953453,82.54,62.17616580310881,70.98445595854922,61.349862258953166,39.09090909090909,63.81,0.9267003828269272,0.8327331781479437,2025-07-07 11:38:53.673
/media/vsi-dev/Lacie_2/mndot_workzone_project/Toyota/campaign_0f13274e-1e23-415d-8a6c-56f06a60a20a-Toyota_Prius_-_Austin_-_1/campaign/processed_json/segments/e6b4bacb-a530-472c-8a4f-cfdd6d463762/part_2/006794.json,43.680548,-92.9721528,0.9880593620427125,82.19,63.212435233160626,61.13989637305699,82.96143250688705,11.721763085399449,60.7,0.9080981086457486,0.9309640002502365,2025-07-07 11:38:53.701
/media/vsi-dev/Lacie_2/mndot_workzone_project/Toyota/campaign_0f13274e-1e23-415d-8a6c-56f06a60a20a-Toyota_Prius_-_Austin_-_1/campaign/processed_json/segments/e6b4bacb-a530-472c-8a4f-cfdd6d463762/part_2/006795.json,43.680548,-92.9721528,0,44.81,65.80310880829016,72.53886010362694,59.738292011019276,41.63911845730028,65.93,0.9355810208656323,0.9082706856344569,2025-07-07 11:38:53.743
/media/vsi-dev/Lacie_2/mndot_workzone_project/Toyota/campaign_0f13274e-1e23-415d-8a6c-56f06a60a20a-Toyota_Prius_-_Austin_-_1/campaign/processed_json/segments/e6b4bacb-a530-472c-8a4f-cfdd6d463762/part_2/006796.json,43.680548,-92.9721528,0.9928258579038134,83.98,63.730569948186535,70.98445595854922,85.24793388429752,37.94765840220386,67.52,0.9094366646658302,0.8162426220172696,2025-07-07 11:38:53.769
/media/vsi-dev/Lacie_2/mndot_workzone_project/Toyota/campaign_0f13274e-1e23-415d-8a6c-56f06a60a20a-Toyota_Prius_-_Austin_-_1/campaign/processed_json/segments/e6b4bacb-a530-472c-8a4f-cfdd6d463762/part_2/006797.json,43.680548,-92.9721528,0.9880593620427125,82.67,65.80310880829016,60.10362694300518,88.33333333333333,12.052341597796143,62.0,0.9106675826923081,0.9237440034901959,2025-07-07 11:38:53.805
/media/vsi-dev/Lacie_2/mndot_workzone_project/Toyota/campaign_0f13274e-1e23-415d-8a6c-56f06a60a20a-Toyota_Prius_-_Austin_-_1/campaign/processed_json/segments/e6b4bacb-a530-472c-8a4f-cfdd6d463762/part_2/006798.json,43.680548,-92.9721528,0,45.22,65.80310880829016,73.05699481865285,68.20936639118457,42.713498622589526,67.42,0.9168378359736107,0.9085826824313322,2025-07-07 11:38:53.835
/media/vsi-dev/Lacie_2/mndot_workzone_project/Toyota/campaign_0f13274e-1e23-415d-8a6c-56f06a60a20a-Toyota_Prius_-_Austin_-_1/campaign/processed_json/segments/e6b4bacb-a530-472c-8a4f-cfdd6d463762/part_2/006799.json,43.680548,-92.9721528,0.988813044611233,83.56,67.87564766839378,70.98445595854922,72.8374655647383,36.8870523415978,66.77,0.933913509554893,0.7961230603405964,2025-07-07 11:38:53.871
/media/vsi-dev/Lacie_2/mndot_workzone_project/Toyota/campaign_0f13274e-1e23-415d-8a6c-56f06a60a20a-Toyota_Prius_-_Austin_-_1/campaign/processed_json/segments/e6b4bacb-a530-472c-8a4f-cfdd6d463762/part_2/006800.json,43.680548,-92.9721528,0.9945026659478988,83.96,63.212435233160626,70.46632124352331,91.63911845730027,35.88154269972452,67.77,0.9158947248702667,0.7910837484093463,2025-07-07 11:38:53.904
/media/vsi-dev/Lacie_2/mndot_workzone_project/Toyota/campaign_0f13274e-1e23-415d-8a6c-56f06a60a20a-Toyota_Prius_-_Austin_-_1/campaign/processed_json/segments/e6b4bacb-a530-472c-8a4f-cfdd6d463762/part_2/006801.json,43.680548,-92.9721528,0.9954976660309716,84.12,64.24870466321244,69.43005181347151,94.18732782369146,35.647382920110196,68.11,0.9165913323631989,0.7892052316925052,2025-07-07 11:38:53.959
/media/vsi-dev/Lacie_2/mndot_workzone_project/Toyota/campaign_0f13274e-1e23-415d-8a6c-56f06a60a20a-Toyota_Prius_-_Austin_-_1/campaign/processed_json/segments/e6b4bacb-a530-472c-8a4f-cfdd6d463762/part_2/006802.json,43.680548,-92.9721528,0.9928258579038134,82.46,61.13989637305699,69.94818652849742,71.73553719008264,35.592286501377416,64.0,0.9341539559344424,0.7806804159856284,2025-07-07 11:38:53.974
/media/vsi-dev/Lacie_2/mndot_workzone_project/Toyota/campaign_0f13274e-1e23-415d-8a6c-56f06a60a20a-Toyota_Prius_-_Austin_-_1/campaign/processed_json/segments/e6b4bacb-a530-472c-8a4f-cfdd6d463762/part_2/006803.json,43.680548,-92.9721528,0.9989880124051737,83.83,66.83937823834198,68.9119170984456,87.60330578512396,34.655647382920115,67.5,0.9148803529411188,0.7724610693304491,2025-07-07 11:38:54.008
/media/vsi-dev/Lacie_2/mndot_workzone_project/Toyota/campaign_0f13274e-1e23-415d-8a6c-56f06a60a20a-Toyota_Prius_-_Austin_-_1/campaign/processed_json/segments/e6b4bacb-a530-472c-8a4f-cfdd6d463762/part_2/006804.json,43.680548,-92.9721528,0,44.43,60.10362694300518,73.05699481865285,66.92837465564739,40.97796143250689,65.29,0.9274846862352504,0.9040475628871429,2025-07-07 11:38:54.044
/media/vsi-dev/Lacie_2/mndot_workzone_project/Toyota/campaign_0f13274e-1e23-415d-8a6c-56f06a60a20a-Toyota_Prius_-_Austin_-_1/campaign/processed_json/segments/e6b4bacb-a530-472c-8a4f-cfdd6d463762/part_2/006805.json,43.680548,-92.9721528,0.9922179382602435,82.52,66.83937823834198,69.94818652849742,74.22865013774104,33.41597796143251,65.5,0.9290408224776266,0.7336807273872723,2025-07-07 11:38:54.068
/media/vsi-dev/Lacie_2/mndot_workzone_project/Toyota/campaign_0f13274e-1e23-415d-8a6c-56f06a60a20a-Toyota_Prius_-_Austin_-_1/campaign/processed_json/segments/e6b4bacb-a530-472c-8a4f-cfdd6d463762/part_2/006806.json,43.680548,-92.9721528,0,44.88,64.76683937823834,72.02072538860104,68.84297520661157,37.121212121212125,66.14,0.9310012149837747,0.9110708736865043,2025-07-07 11:38:54.108
/media/vsi-dev/Lacie_2/mndot_workzone_project/Toyota/campaign_0f13274e-1e23-415d-8a6c-56f06a60a20a-Toyota_Prius_-_Austin_-_1/campaign/processed_json/segments/e6b4bacb-a530-472c-8a4f-cfdd6d463762/part_2/006807.json,43.680548,-92.9721528,0,4.74,0.0,0.0,74.02203856749311,4.90358126721763,11.84,0,0,2025-07-07 11:38:54.139
/media/vsi-dev/Lacie_2/mndot_workzone_project/Toyota/campaign_0f13274e-1e23-415d-8a6c-56f06a60a20a-Toyota_Prius_-_Austin_-_1/campaign/processed_json/segments/e6b4bacb-a530-472c-8a4f-cfdd6d463762/part_2/006808.json,43.680548,-92.9721528,0,4.22,0.0,0.0,65.75757575757576,4.6143250688705235,10.56,0,0,2025-07-07 11:38:54.171
/media/vsi-dev/Lacie_2/mndot_workzone_project/Toyota/campaign_0f13274e-1e23-415d-8a6c-56f06a60a20a-Toyota_Prius_-_Austin_-_1/campaign/processed_json/segments/e6b4bacb-a530-472c-8a4f-cfdd6d463762/part_2/006809.json,43.680548,-92.9721528,0,44.63,65.28497409326425,73.05699481865285,59.09090909090909,38.56749311294766,65.39,0.9360412722682414,0.9114903371164328,2025-07-07 11:38:54.204
/media/vsi-dev/Lacie_2/mndot_workzone_project/Toyota/campaign_0f13274e-1e23-415d-8a6c-56f06a60a20a-Toyota_Prius_-_Austin_-_1/campaign/processed_json/segments/e6b4bacb-a530-472c-8a4f-cfdd6d463762/part_2/006810.json,43.680548,-92.9721528,0.988813044611233,80.67,62.17616580310881,67.87564766839378,88.49862258953168,31.528925619834713,64.65,0.9086247592723369,0.6169497624615934,2025-07-07 11:38:54.245
/media/vsi-dev/Lacie_2/mndot_workzone_project/Toyota/campaign_0f13274e-1e23-415d-8a6c-56f06a60a20a-Toyota_Prius_-_Austin_-_1/campaign/processed_json/segments/e6b4bacb-a530-472c-8a4f-cfdd6d463762/part_2/006811.json,43.680548,-92.9721528,0,44.38,64.76683937823834,72.02072538860104,65.0413223140496,31.68044077134986,64.78,0.9338109963560104,0.9125265640028959,2025-07-07 11:38:54.275
/media/vsi-dev/Lacie_2/mndot_workzone_project/Toyota/campaign_0f13274e-1e23-415d-8a6c-56f06a60a20a-Toyota_Prius_-_Austin_-_1/campaign/processed_json/segments/e6b4bacb-a530-472c-8a4f-cfdd6d463762/part_2/006812.json,43.680548,-92.9721528,0,44.77,65.80310880829016,72.02072538860104,68.63636363636364,32.438016528925615,65.74,0.9344453297961658,0.9125029459512428,2025-07-07 11:38:54.306
/media/vsi-dev/Lacie_2/mndot_workzone_project/Toyota/campaign_0f13274e-1e23-415d-8a6c-56f06a60a20a-Toyota_Prius_-_Austin_-_1/campaign/processed_json/segments/e6b4bacb-a530-472c-8a4f-cfdd6d463762/part_2/006813.json,43.680548,-92.9721528,0,46.05,64.24870466321244,72.53886010362694,92.72727272727272,36.03305785123967,69.48,0.9118492782363742,0.9138007997672497,2025-07-07 11:38:54.337
/media/vsi-dev/Lacie_2/mndot_workzone_project/Toyota/campaign_0f13274e-1e23-415d-8a6c-56f06a60a20a-Toyota_Prius_-_Austin_-_1/campaign/processed_json/segments/e6b4bacb-a530-472c-8a4f-cfdd6d463762/part_2/006814.json,43.680548,-92.9721528,0,46.15,64.76683937823834,71.50259067357513,94.94490358126721,36.225895316804404,69.69,0.9120783193654961,0.914933356575813,2025-07-07 11:38:54.367
/media/vsi-dev/Lacie_2/mndot_workzone_project/Toyota/campaign_0f13274e-1e23-415d-8a6c-56f06a60a20a-Toyota_Prius_-_Austin_-_1/campaign/processed_json/segments/e6b4bacb-a530-472c-8a4f-cfdd6d463762/part_2/006815.json,43.680548,-92.9721528,0,44.61,63.212435233160626,71.50259067357513,67.63085399449037,36.955922865013775,65.34,0.9322700858951323,0.9146761164437329,2025-07-07 11:38:54.409
/media/vsi-dev/Lacie_2/mndot_workzone_project/Toyota/campaign_0f13274e-1e23-415d-8a6c-56f06a60a20a-Toyota_Prius_-_Austin_-_1/campaign/processed_json/segments/e6b4bacb-a530-472c-8a4f-cfdd6d463762/part_2/006816.json,43.680548,-92.9721528,0,40.69,65.80310880829016,71.50259067357513,1.7355371900826446,36.170798898071624,56.02,0.9134108096391591,0.9148711169856403,2025-07-07 11:38:54.433
/media/vsi-dev/Lacie_2/mndot_workzone_project/Toyota/campaign_0f13274e-1e23-415d-8a6c-56f06a60a20a-Toyota_Prius_-_Austin_-_1/campaign/processed_json/segments/e6b4bacb-a530-472c-8a4f-cfdd6d463762/part_2/006817.json,43.680548,-92.9721528,0,45.25,65.80310880829016,69.94818652849742,78.60881542699725,35.027548209366394,67.0,0.9286135928753235,0.9166089762547179,2025-07-07 11:38:54.474
/media/vsi-dev/Lacie_2/mndot_workzone_project/Toyota/campaign_0f13274e-1e23-415d-8a6c-56f06a60a20a-Toyota_Prius_-_Austin_-_1/campaign/processed_json/segments/e6b4bacb-a530-472c-8a4f-cfdd6d463762/part_2/006818.json,43.680548,-92.9721528,0,40.07,64.76683937823834,69.43005181347151,0.27548209366391185,34.00826446280992,54.53,0.9078833678914578,0.9175976390204552,2025-07-07 11:38:54.508
/media/vsi-dev/Lacie_2/mndot_workzone_project/Toyota/campaign_0f13274e-1e23-415d-8a6c-56f06a60a20a-Toyota_Prius_-_Austin_-_1/campaign/processed_json/segments/e6b4bacb-a530-472c-8a4f-cfdd6d463762/part_2/006819.json,43.680548,-92.9721528,0,45.73,64.76683937823834,72.02072538860104,81.96969696969697,36.37741046831956,68.04,0.9340947895176764,0.9168228197520295,2025-07-07 11:38:54.544
/media/vsi-dev/Lacie_2/mndot_workzone_project/Toyota/campaign_0f13274e-1e23-415d-8a6c-56f06a60a20a-Toyota_Prius_-_Austin_-_1/campaign/processed_json/segments/e6b4bacb-a530-472c-8a4f-cfdd6d463762/part_2/006820.json,43.680548,-92.9721528,0,40.67,64.24870466321244,72.02072538860104,1.2534435261707988,36.59779614325069,55.75,0.9196064037950682,0.9177258474172625,2025-07-07 11:38:54.574
/media/vsi-dev/Lacie_2/mndot_workzone_project/Toyota/campaign_0f13274e-1e23-415d-8a6c-56f06a60a20a-Toyota_Prius_-_Austin_-_1/campaign/processed_json/segments/e6b4bacb-a530-472c-8a4f-cfdd6d463762/part_2/006821.json,43.680548,-92.9721528,0,46.54,61.13989637305699,71.50259067357513,38.00275482093664,100.0,69.8,0.9449085543183097,0.9166661186748002,2025-07-07 11:38:54.616
/media/vsi-dev/Lacie_2/mndot_workzone_project/Toyota/campaign_0f13274e-1e23-415d-8a6c-56f06a60a20a-Toyota_Prius_-_Austin_-_1/campaign/processed_json/segments/e6b4bacb-a530-472c-8a4f-cfdd6d463762/part_2/006822.json,43.680548,-92.9721528,0,46.16,65.28497409326425,70.98445595854922,87.72727272727273,38.41597796143251,69.07,0.9352763074436768,0.9179687898774308,2025-07-07 11:38:54.648
/media/vsi-dev/Lacie_2/mndot_workzone_project/Toyota/campaign_0f13274e-1e23-415d-8a6c-56f06a60a20a-Toyota_Prius_-_Austin_-_1/campaign/processed_json/segments/e6b4bacb-a530-472c-8a4f-cfdd6d463762/part_2/006823.json,43.680548,-92.9721528,0,40.65,65.28497409326425,70.98445595854922,0.7024793388429752,38.52617079889807,55.91,0.9097624999553581,0.9186034275744246,2025-07-07 11:38:54.672
/media/vsi-dev/Lacie_2/mndot_workzone_project/Toyota/campaign_0f13274e-1e23-415d-8a6c-56f06a60a20a-Toyota_Prius_-_Austin_-_1/campaign/processed_json/segments/e6b4bacb-a530-472c-8a4f-cfdd6d463762/part_2/006824.json,43.6805418,-92.9718757,0,40.21,63.212435233160626,69.43005181347151,1.1983471074380165,37.58953168044077,54.76,0.9095320908424964,0.9206050252881303,2025-07-07 11:38:54.703
/media/vsi-dev/Lacie_2/mndot_workzone_project/Toyota/campaign_0f13274e-1e23-415d-8a6c-56f06a60a20a-Toyota_Prius_-_Austin_-_1/campaign/processed_json/segments/e6b4bacb-a530-472c-8a4f-cfdd6d463762/part_2/006825.json,43.6805418,-92.9718757,0,44.93,63.212435233160626,69.43005181347151,73.4435261707989,39.57300275482093,66.01,0.9344313223259713,0.9180649823744934,2025-07-07 11:38:54.738
/media/vsi-dev/Lacie_2/mndot_workzone_project/Toyota/campaign_0f13274e-1e23-415d-8a6c-56f06a60a20a-Toyota_Prius_-_Austin_-_1/campaign/processed_json/segments/e6b4bacb-a530-472c-8a4f-cfdd6d463762/part_2/006826.json,43.6805418,-92.9718757,0,46.35,63.212435233160626,68.9119170984456,40.027548209366394,100.0,69.85,0.9218754001242694,0.9192550548604405,2025-07-07 11:38:54.764
/media/vsi-dev/Lacie_2/mndot_workzone_project/Toyota/campaign_0f13274e-1e23-415d-8a6c-56f06a60a20a-Toyota_Prius_-_Austin_-_1/campaign/processed_json/segments/e6b4bacb-a530-472c-8a4f-cfdd6d463762/part_2/006827.json,43.6805418,-92.9718757,0,45.51,63.212435233160626,71.50259067357513,77.53443526170798,41.63911845730028,67.54,0.9299009389171546,0.9192062509418076,2025-07-07 11:38:54.798
/media/vsi-dev/Lacie_2/mndot_workzone_project/Toyota/campaign_0f13274e-1e23-415d-8a6c-56f06a60a20a-Toyota_Prius_-_Austin_-_1/campaign/processed_json/segments/e6b4bacb-a530-472c-8a4f-cfdd6d463762/part_2/006828.json,43.6805418,-92.9718757,0,44.96,62.17616580310881,69.94818652849742,75.17906336088154,42.24517906336088,66.44,0.9176264398956038,0.9210952486958609,2025-07-07 11:38:54.836
/media/vsi-dev/Lacie_2/mndot_workzone_project/Toyota/campaign_0f13274e-1e23-415d-8a6c-56f06a60a20a-Toyota_Prius_-_Austin_-_1/campaign/processed_json/segments/e6b4bacb-a530-472c-8a4f-cfdd6d463762/part_2/006829.json,43.6805418,-92.9718757,0,46.45,61.13989637305699,69.94818652849742,42.41046831955923,100.0,69.93,0.9277319168694976,0.9203606052370915,2025-07-07 11:38:54.867
/media/vsi-dev/Lacie_2/mndot_workzone_project/Toyota/campaign_0f13274e-1e23-415d-8a6c-56f06a60a20a-Toyota_Prius_-_Austin_-_1/campaign/processed_json/segments/e6b4bacb-a530-472c-8a4f-cfdd6d463762/part_2/006830.json,43.6805418,-92.9718757,0,46.26,61.13989637305699,68.9119170984456,40.509641873278234,100.0,69.35,0.9303106425066867,0.9216045436793391,2025-07-07 11:38:54.901
/media/vsi-dev/Lacie_2/mndot_workzone_project/Toyota/campaign_0f13274e-1e23-415d-8a6c-56f06a60a20a-Toyota_Prius_-_Austin_-_1/campaign/processed_json/segments/e6b4bacb-a530-472c-8a4f-cfdd6d463762/part_2/006831.json,43.6805418,-92.9718757,0,47.05,64.24870466321244,70.98445595854922,43.429752066115704,100.0,71.34,0.9351099775622279,0.9166647214273564,2025-07-07 11:38:54.942
/media/vsi-dev/Lacie_2/mndot_workzone_project/Toyota/campaign_0f13274e-1e23-415d-8a6c-56f06a60a20a-Toyota_Prius_-_Austin_-_1/campaign/processed_json/segments/e6b4bacb-a530-472c-8a4f-cfdd6d463762/part_2/006832.json,43.6805418,-92.9718757,0,45.14,63.730569948186535,70.46632124352331,67.89256198347108,45.068870523415974,66.48,0.9357243293083093,0.9186814809851498,2025-07-07 11:38:54.970
/media/vsi-dev/Lacie_2/mndot_workzone_project/Toyota/campaign_0f13274e-1e23-415d-8a6c-56f06a60a20a-Toyota_Prius_-_Austin_-_1/campaign/processed_json/segments/e6b4bacb-a530-472c-8a4f-cfdd6d463762/part_2/006833.json,43.6805418,-92.9718757,0,47.2,64.24870466321244,69.94818652849742,46.48760330578512,100.0,71.53,0.9383554459772456,0.9207432566336752,2025-07-07 11:38:55.006
/media/vsi-dev/Lacie_2/mndot_workzone_project/Toyota/campaign_0f13274e-1e23-415d-8a6c-56f06a60a20a-Toyota_Prius_-_Austin_-_1/campaign/processed_json/segments/e6b4bacb-a530-472c-8a4f-cfdd6d463762/part_2/006834.json,43.6805418,-92.9718757,0,47.18,63.212435233160626,70.98445595854922,46.37741046831956,100.0,71.5,0.9369391590561666,0.920890104110754,2025-07-07 11:38:55.040
/media/vsi-dev/Lacie_2/mndot_workzone_project/Toyota/campaign_0f13274e-1e23-415d-8a6c-56f06a60a20a-Toyota_Prius_-_Austin_-_1/campaign/processed_json/segments/e6b4bacb-a530-472c-8a4f-cfdd6d463762/part_2/006835.json,43.6805418,-92.9718757,0,46.78,63.730569948186535,68.39378238341969,44.03581267217631,100.0,70.53,0.9355427280824986,0.9209529344347412,2025-07-07 11:38:55.068
/media/vsi-dev/Lacie_2/mndot_workzone_project/Toyota/campaign_0f13274e-1e23-415d-8a6c-56f06a60a20a-Toyota_Prius_-_Austin_-_1/campaign/processed_json/segments/e6b4bacb-a530-472c-8a4f-cfdd6d463762/part_2/006836.json,43.6805418,-92.9718757,0,46.87,64.76683937823834,69.94818652849742,46.666666666666664,100.0,71.54,0.9089100780337003,0.916781539585404,2025-07-07 11:38:55.115
/media/vsi-dev/Lacie_2/mndot_workzone_project/Toyota/campaign_0f13274e-1e23-415d-8a6c-56f06a60a20a-Toyota_Prius_-_Austin_-_1/campaign/processed_json/segments/e6b4bacb-a530-472c-8a4f-cfdd6d463762/part_2/006837.json,43.6805418,-92.9718757,0,47.23,64.76683937823834,69.94818652849742,46.99724517906336,100.0,71.73,0.934762035537233,0.9193177446535881,2025-07-07 11:38:55.134
/media/vsi-dev/Lacie_2/mndot_workzone_project/Toyota/campaign_0f13274e-1e23-415d-8a6c-56f06a60a20a-Toyota_Prius_-_Austin_-_1/campaign/processed_json/segments/e6b4bacb-a530-472c-8a4f-cfdd6d463762/part_2/006838.json,43.6805418,-92.9718757,0,46.84,62.17616580310881,70.98445595854922,45.0,100.0,70.93,0.9281010985280095,0.9191930001272764,2025-07-07 11:38:55.170
/media/vsi-dev/Lacie_2/mndot_workzone_project/Toyota/campaign_0f13274e-1e23-415d-8a6c-56f06a60a20a-Toyota_Prius_-_Austin_-_1/campaign/processed_json/segments/e6b4bacb-a530-472c-8a4f-cfdd6d463762/part_2/006839.json,43.6805418,-92.9718757,0.9864797311051822,85.62,70.98445595854922,69.43005181347151,51.2396694214876,99.14600550964188,73.14,0.7697979165728218,0.921175583106924,2025-07-07 11:38:55.204
/media/vsi-dev/Lacie_2/mndot_workzone_project/Toyota/campaign_0f13274e-1e23-415d-8a6c-56f06a60a20a-Toyota_Prius_-_Austin_-_1/campaign/processed_json/segments/e6b4bacb-a530-472c-8a4f-cfdd6d463762/part_2/006840.json,43.6805418,-92.9718757,0.9864797311051822,84.92,70.98445595854922,69.43005181347151,33.37465564738292,97.92011019283746,70.46,0.8059917293583672,0.9217100256712613,2025-07-07 11:38:55.239
/media/vsi-dev/Lacie_2/mndot_workzone_project/Toyota/campaign_0f13274e-1e23-415d-8a6c-56f06a60a20a-Toyota_Prius_-_Austin_-_1/campaign/processed_json/segments/e6b4bacb-a530-472c-8a4f-cfdd6d463762/part_2/006841.json,43.6805418,-92.9718757,0,47.2,62.17616580310881,70.98445595854922,51.694214876033065,100.0,71.92,0.9262302519746974,0.9171158303522704,2025-07-07 11:38:55.274
/media/vsi-dev/Lacie_2/mndot_workzone_project/Toyota/campaign_0f13274e-1e23-415d-8a6c-56f06a60a20a-Toyota_Prius_-_Austin_-_1/campaign/processed_json/segments/e6b4bacb-a530-472c-8a4f-cfdd6d463762/part_2/006842.json,43.6805418,-92.9718757,0,47.03,60.62176165803109,70.98445595854922,54.07713498622589,98.7603305785124,71.6,0.9198789713499701,0.91897773882912,2025-07-07 11:38:55.310
/media/vsi-dev/Lacie_2/mndot_workzone_project/Toyota/campaign_0f13274e-1e23-415d-8a6c-56f06a60a20a-Toyota_Prius_-_Austin_-_1/campaign/processed_json/segments/e6b4bacb-a530-472c-8a4f-cfdd6d463762/part_2/006843.json,43.6805418,-92.9718757,0,47.77,64.76683937823834,70.98445595854922,56.473829201101935,99.69696969696969,73.36,0.9252796659302328,0.9173890143120828,2025-07-07 11:38:55.338
/media/vsi-dev/Lacie_2/mndot_workzone_project/Toyota/campaign_0f13274e-1e23-415d-8a6c-56f06a60a20a-Toyota_Prius_-_Austin_-_1/campaign/processed_json/segments/e6b4bacb-a530-472c-8a4f-cfdd6d463762/part_2/006844.json,43.6805418,-92.9718757,0,46.96,60.62176165803109,69.94818652849742,57.190082644628106,95.71625344352617,71.32,0.9242616323625283,0.9190382826640093,2025-07-07 11:38:55.375
/media/vsi-dev/Lacie_2/mndot_workzone_project/Toyota/campaign_0f13274e-1e23-415d-8a6c-56f06a60a20a-Toyota_Prius_-_Austin_-_1/campaign/processed_json/segments/e6b4bacb-a530-472c-8a4f-cfdd6d463762/part_2/006845.json,43.6805418,-92.9718757,0.9750051752984179,82.71,72.02072538860104,65.28497409326425,58.719008264462815,46.18457300275482,65.65,0.797444935617727,0.9472536310861155,2025-07-07 11:38:55.408
/media/vsi-dev/Lacie_2/mndot_workzone_project/Toyota/campaign_0f13274e-1e23-415d-8a6c-56f06a60a20a-Toyota_Prius_-_Austin_-_1/campaign/processed_json/segments/e6b4bacb-a530-472c-8a4f-cfdd6d463762/part_2/006846.json,43.6805418,-92.9718757,0.9671229642340717,85.68,70.98445595854922,69.94818652849742,59.29752066115702,99.6831955922865,74.69,0.9120509388298361,0.8002226712842032,2025-07-07 11:38:55.443
/media/vsi-dev/Lacie_2/mndot_workzone_project/Toyota/campaign_0f13274e-1e23-415d-8a6c-56f06a60a20a-Toyota_Prius_-_Austin_-_1/campaign/processed_json/segments/e6b4bacb-a530-472c-8a4f-cfdd6d463762/part_2/006847.json,43.6805418,-92.9718757,0,47.14,64.76683937823834,69.94818652849742,54.862258953168045,98.34710743801654,72.47,0.9006358934676744,0.9149421032739571,2025-07-07 11:38:55.477
/media/vsi-dev/Lacie_2/mndot_workzone_project/Toyota/campaign_0f13274e-1e23-415d-8a6c-56f06a60a20a-Toyota_Prius_-_Austin_-_1/campaign/processed_json/segments/e6b4bacb-a530-472c-8a4f-cfdd6d463762/part_2/006848.json,43.6805418,-92.9718757,0,47.36,63.730569948186535,70.46632124352331,57.31404958677686,97.09366391184572,72.58,0.915322115530621,0.9169846568830173,2025-07-07 11:38:55.508
/media/vsi-dev/Lacie_2/mndot_workzone_project/Toyota/campaign_0f13274e-1e23-415d-8a6c-56f06a60a20a-Toyota_Prius_-_Austin_-_1/campaign/processed_json/segments/e6b4bacb-a530-472c-8a4f-cfdd6d463762/part_2/006849.json,43.6805418,-92.9718757,0.9594810979945789,85.44,70.98445595854922,70.98445595854922,62.53443526170799,98.27823691460054,75.2,0.7814282813580968,0.9166376214374661,2025-07-07 11:38:55.543
/media/vsi-dev/Lacie_2/mndot_workzone_project/Toyota/campaign_0f13274e-1e23-415d-8a6c-56f06a60a20a-Toyota_Prius_-_Austin_-_1/campaign/processed_json/segments/e6b4bacb-a530-472c-8a4f-cfdd6d463762/part_2/006850.json,43.6805418,-92.9718757,0.9522663216679552,85.26,72.02072538860104,70.46632124352331,66.08815426997245,93.33333333333333,75.2,0.7878234077308915,0.9211139841051341,2025-07-07 11:38:55.573
/media/vsi-dev/Lacie_2/mndot_workzone_project/Toyota/campaign_0f13274e-1e23-415d-8a6c-56f06a60a20a-Toyota_Prius_-_Austin_-_1/campaign/processed_json/segments/e6b4bacb-a530-472c-8a4f-cfdd6d463762/part_2/006851.json,43.6805418,-92.9718757,0.9419984747842526,85.46,72.02072538860104,70.98445595854922,69.366391184573,100.0,76.83,0.7956751045734916,0.9090345670832218,2025-07-07 11:38:55.605
/media/vsi-dev/Lacie_2/mndot_workzone_project/Toyota/campaign_0f13274e-1e23-415d-8a6c-56f06a60a20a-Toyota_Prius_-_Austin_-_1/campaign/processed_json/segments/e6b4bacb-a530-472c-8a4f-cfdd6d463762/part_2/006852.json,43.6805418,-92.9718757,0.946385782404204,82.55,72.02072538860104,68.9119170984456,70.22038567493112,43.65013774104683,68.09,0.7973818958099784,0.9488563604927941,2025-07-07 11:38:55.642
/media/vsi-dev/Lacie_2/mndot_workzone_project/Toyota/campaign_0f13274e-1e23-415d-8a6c-56f06a60a20a-Toyota_Prius_-_Austin_-_1/campaign/processed_json/segments/e6b4bacb-a530-472c-8a4f-cfdd6d463762/part_2/006853.json,43.6805338,-92.9715883,0,47.94,62.17616580310881,71.50259067357513,65.73002754820936,100.0,74.11,0.9192189691900116,0.9103295113885388,2025-07-07 11:38:55.674
/media/vsi-dev/Lacie_2/mndot_workzone_project/Toyota/campaign_0f13274e-1e23-415d-8a6c-56f06a60a20a-Toyota_Prius_-_Austin_-_1/campaign/processed_json/segments/e6b4bacb-a530-472c-8a4f-cfdd6d463762/part_2/006854.json,43.6805338,-92.9715883,0.9098212978406863,84.1,72.02072538860104,72.02072538860104,72.1763085399449,97.28650137741047,77.07,0.7735573836757399,0.9147985944181279,2025-07-07 11:38:55.718
/media/vsi-dev/Lacie_2/mndot_workzone_project/Toyota/campaign_0f13274e-1e23-415d-8a6c-56f06a60a20a-Toyota_Prius_-_Austin_-_1/campaign/processed_json/segments/e6b4bacb-a530-472c-8a4f-cfdd6d463762/part_2/006855.json,43.6805338,-92.9715883,0.8960031013838995,84.07,72.53886010362694,72.02072538860104,76.8732782369146,97.7961432506887,78.07,0.7827235287437024,0.9171918870067874,2025-07-07 11:38:55.736
/media/vsi-dev/Lacie_2/mndot_workzone_project/Toyota/campaign_0f13274e-1e23-415d-8a6c-56f06a60a20a-Toyota_Prius_-_Austin_-_1/campaign/processed_json/segments/e6b4bacb-a530-472c-8a4f-cfdd6d463762/part_2/006856.json,43.6805338,-92.9715883,0.8789586192395166,83.12,70.98445595854922,72.02072538860104,44.93112947658402,100.0,73.85,0.9298773475021687,0.9123760147787096,2025-07-07 11:38:55.777
/media/vsi-dev/Lacie_2/mndot_workzone_project/Toyota/campaign_0f13274e-1e23-415d-8a6c-56f06a60a20a-Toyota_Prius_-_Austin_-_1/campaign/processed_json/segments/e6b4bacb-a530-472c-8a4f-cfdd6d463762/part_2/006857.json,43.6805338,-92.9715883,0.8646643351015912,83.11,72.02072538860104,72.02072538860104,84.73829201101928,97.05234159779614,78.95,0.7777832755772861,0.9169579483731034,2025-07-07 11:38:55.808
/media/vsi-dev/Lacie_2/mndot_workzone_project/Toyota/campaign_0f13274e-1e23-415d-8a6c-56f06a60a20a-Toyota_Prius_-_Austin_-_1/campaign/processed_json/segments/e6b4bacb-a530-472c-8a4f-cfdd6d463762/part_2/006858.json,43.6805338,-92.9715883,0.8427744204551945,82.3,72.02072538860104,72.02072538860104,59.51790633608815,96.44628099173553,75.75,0.9105089326305909,0.9180486174815086,2025-07-07 11:38:55.838
/media/vsi-dev/Lacie_2/mndot_workzone_project/Toyota/campaign_0f13274e-1e23-415d-8a6c-56f06a60a20a-Toyota_Prius_-_Austin_-_1/campaign/processed_json/segments/e6b4bacb-a530-472c-8a4f-cfdd6d463762/part_2/006859.json,43.6805338,-92.9715883,0.8382003466785403,80.8,70.46632124352331,72.02072538860104,35.17906336088154,94.60055096418732,71.54,0.9450979294343199,0.9200431657075059,2025-07-07 11:38:55.870
/media/vsi-dev/Lacie_2/mndot_workzone_project/Toyota/campaign_0f13274e-1e23-415d-8a6c-56f06a60a20a-Toyota_Prius_-_Austin_-_1/campaign/processed_json/segments/e6b4bacb-a530-472c-8a4f-cfdd6d463762/part_2/006860.json,43.6805338,-92.9715883,0.8192918265687916,79.54,72.02072538860104,70.46632124352331,89.25619834710744,56.41873278236914,73.32,0.795751536597463,0.9480449261538334,2025-07-07 11:38:55.903
/media/vsi-dev/Lacie_2/mndot_workzone_project/Toyota/campaign_0f13274e-1e23-415d-8a6c-56f06a60a20a-Toyota_Prius_-_Austin_-_1/campaign/processed_json/segments/e6b4bacb-a530-472c-8a4f-cfdd6d463762/part_2/006861.json,43.6805338,-92.9715883,0.8241082512010138,79.84,69.94818652849742,72.02072538860104,32.09366391184573,94.42148760330579,70.84,0.9339796766587932,0.9195015852964261,2025-07-07 11:38:55.938
/media/vsi-dev/Lacie_2/mndot_workzone_project/Toyota/campaign_0f13274e-1e23-415d-8a6c-56f06a60a20a-Toyota_Prius_-_Austin_-_1/campaign/processed_json/segments/e6b4bacb-a530-472c-8a4f-cfdd6d463762/part_2/006862.json,43.6805338,-92.9715883,0.8288659980788864,80.09,70.98445595854922,72.02072538860104,33.85674931129476,94.366391184573,71.34,0.9209148818589906,0.9192876557547834,2025-07-07 11:38:55.974
/media/vsi-dev/Lacie_2/mndot_workzone_project/Toyota/campaign_0f13274e-1e23-415d-8a6c-56f06a60a20a-Toyota_Prius_-_Austin_-_1/campaign/processed_json/segments/e6b4bacb-a530-472c-8a4f-cfdd6d463762/part_2/006863.json,43.6805338,-92.9715883,0.8312224667140967,80.35,70.46632124352331,72.02072538860104,36.666666666666664,94.62809917355372,71.66,0.9264272271556846,0.9177624668902924,2025-07-07 11:38:56.010
/media/vsi-dev/Lacie_2/mndot_workzone_project/Toyota/campaign_0f13274e-1e23-415d-8a6c-56f06a60a20a-Toyota_Prius_-_Austin_-_1/campaign/processed_json/segments/e6b4bacb-a530-472c-8a4f-cfdd6d463762/part_2/006864.json,43.6805338,-92.9715883,0.7814301186637779,79.62,72.53886010362694,70.98445595854922,100.0,94.32506887052342,80.32,0.7065407293702227,0.9170963207374391,2025-07-07 11:38:56.042
/media/vsi-dev/Lacie_2/mndot_workzone_project/Toyota/campaign_0f13274e-1e23-415d-8a6c-56f06a60a20a-Toyota_Prius_-_Austin_-_1/campaign/processed_json/segments/e6b4bacb-a530-472c-8a4f-cfdd6d463762/part_2/006865.json,43.6805338,-92.9715883,0.8561093262802978,81.4,69.94818652849742,70.98445595854922,38.05785123966942,95.19283746556474,71.54,0.9387084327890791,0.9153969937368195,2025-07-07 11:38:56.079
/media/vsi-dev/Lacie_2/mndot_workzone_project/Toyota/campaign_0f13274e-1e23-415d-8a6c-56f06a60a20a-Toyota_Prius_-_Austin_-_1/campaign/processed_json/segments/e6b4bacb-a530-472c-8a4f-cfdd6d463762/part_2/006866.json,43.6805338,-92.9715883,0.8828788608730731,78.2,61.13989637305699,70.46632124352331,35.509641873278234,40.3168044077135,60.25,0.9304527682715401,0.9475358325479551,2025-07-07 11:38:56.103
/media/vsi-dev/Lacie_2/mndot_workzone_project/Toyota/campaign_0f13274e-1e23-415d-8a6c-56f06a60a20a-Toyota_Prius_-_Austin_-_1/campaign/processed_json/segments/e6b4bacb-a530-472c-8a4f-cfdd6d463762/part_2/006867.json,43.6805338,-92.9715883,0.8582737235416023,83.33,72.02072538860104,72.02072538860104,66.51515151515152,96.51515151515152,76.81,0.9093188290785618,0.918297189894045,2025-07-07 11:38:56.139
/media/vsi-dev/Lacie_2/mndot_workzone_project/Toyota/campaign_0f13274e-1e23-415d-8a6c-56f06a60a20a-Toyota_Prius_-_Austin_-_1/campaign/processed_json/segments/e6b4bacb-a530-472c-8a4f-cfdd6d463762/part_2/006868.json,43.6805338,-92.9715883,0.8646643351015912,83.71,72.02072538860104,71.50259067357513,68.47107438016529,98.69146005509641,77.24,0.9061458570379458,0.9165708725601507,2025-07-07 11:38:56.171
/media/vsi-dev/Lacie_2/mndot_workzone_project/Toyota/campaign_0f13274e-1e23-415d-8a6c-56f06a60a20a-Toyota_Prius_-_Austin_-_1/campaign/processed_json/segments/e6b4bacb-a530-472c-8a4f-cfdd6d463762/part_2/006869.json,43.6805338,-92.9715883,0.8729403123495402,84.01,72.02072538860104,70.98445595854922,68.91184573002754,100.0,77.32,0.9057901220330922,0.9109335094875524,2025-07-07 11:38:56.206
/media/vsi-dev/Lacie_2/mndot_workzone_project/Toyota/campaign_0f13274e-1e23-415d-8a6c-56f06a60a20a-Toyota_Prius_-_Austin_-_1/campaign/processed_json/segments/e6b4bacb-a530-472c-8a4f-cfdd6d463762/part_2/006870.json,43.6805338,-92.9715883,0.8960031013838995,82.37,72.02072538860104,69.94818652849742,66.85950413223141,53.36088154269972,69.91,0.9054435914378983,0.9513818083606131,2025-07-07 11:38:56.244
/media/vsi-dev/Lacie_2/mndot_workzone_project/Toyota/campaign_0f13274e-1e23-415d-8a6c-56f06a60a20a-Toyota_Prius_-_Austin_-_1/campaign/processed_json/segments/e6b4bacb-a530-472c-8a4f-cfdd6d463762/part_2/006871.json,43.6805338,-92.9715883,0.9013357268358717,82.72,72.53886010362694,69.94818652849742,66.34986225895317,55.564738292011015,70.3,0.9042572160678022,0.9499837063513071,2025-07-07 11:38:56.275
/media/vsi-dev/Lacie_2/mndot_workzone_project/Toyota/campaign_0f13274e-1e23-415d-8a6c-56f06a60a20a-Toyota_Prius_-_Austin_-_1/campaign/processed_json/segments/e6b4bacb-a530-472c-8a4f-cfdd6d463762/part_2/006872.json,43.6805338,-92.9715883,0.9030733854201334,82.64,72.02072538860104,70.46632124352331,64.80716253443526,54.807162534435264,69.96,0.9041358773380861,0.949640563376615,2025-07-07 11:38:56.309
/media/vsi-dev/Lacie_2/mndot_workzone_project/Toyota/campaign_0f13274e-1e23-415d-8a6c-56f06a60a20a-Toyota_Prius_-_Austin_-_1/campaign/processed_json/segments/e6b4bacb-a530-472c-8a4f-cfdd6d463762/part_2/006873.json,43.6805338,-92.9715883,0.9030733854201334,82.52,72.02072538860104,70.46632124352331,65.08264462809917,51.749311294765846,69.56,0.9047949597579219,0.9526214369436,2025-07-07 11:38:56.347
/media/vsi-dev/Lacie_2/mndot_workzone_project/Toyota/campaign_0f13274e-1e23-415d-8a6c-56f06a60a20a-Toyota_Prius_-_Austin_-_1/campaign/processed_json/segments/e6b4bacb-a530-472c-8a4f-cfdd6d463762/part_2/006874.json,43.6805338,-92.9715883,0.8867242421519161,84.18,72.02072538860104,69.94818652849742,64.42148760330578,100.0,76.34,0.9044734087245563,0.9128141499090385,2025-07-07 11:38:56.373
/media/vsi-dev/Lacie_2/mndot_workzone_project/Toyota/campaign_0f13274e-1e23-415d-8a6c-56f06a60a20a-Toyota_Prius_-_Austin_-_1/campaign/processed_json/segments/e6b4bacb-a530-472c-8a4f-cfdd6d463762/part_2/006875.json,43.6805338,-92.9715883,0.8867242421519161,84.34,72.02072538860104,70.98445595854922,65.15151515151516,100.0,76.76,0.9047826461684525,0.9119372629743129,2025-07-07 11:38:56.404
/media/vsi-dev/Lacie_2/mndot_workzone_project/Toyota/campaign_0f13274e-1e23-415d-8a6c-56f06a60a20a-Toyota_Prius_-_Austin_-_1/campaign/processed_json/segments/e6b4bacb-a530-472c-8a4f-cfdd6d463762/part_2/006876.json,43.6805338,-92.9715883,0.9098212978406863,82.59,71.50259067357513,68.9119170984456,64.20110192837465,54.10468319559229,69.14,0.903861822531745,0.9499088183947991,2025-07-07 11:38:56.440
/media/vsi-dev/Lacie_2/mndot_workzone_project/Toyota/campaign_0f13274e-1e23-415d-8a6c-56f06a60a20a-Toyota_Prius_-_Austin_-_1/campaign/processed_json/segments/e6b4bacb-a530-472c-8a4f-cfdd6d463762/part_2/006877.json,43.6805338,-92.9715883,0.8941860990368143,84.37,70.98445595854922,70.98445595854922,63.67768595041322,100.0,76.2,0.9035899239620693,0.908736828356846,2025-07-07 11:38:56.471
/media/vsi-dev/Lacie_2/mndot_workzone_project/Toyota/campaign_0f13274e-1e23-415d-8a6c-56f06a60a20a-Toyota_Prius_-_Austin_-_1/campaign/processed_json/segments/e6b4bacb-a530-472c-8a4f-cfdd6d463762/part_2/006878.json,43.6805338,-92.9715883,0.8960031013838995,84.62,72.02072538860104,70.98445595854922,64.26997245179064,100.0,76.61,0.9034325282643167,0.9097824978310696,2025-07-07 11:38:56.505
/media/vsi-dev/Lacie_2/mndot_workzone_project/Toyota/campaign_0f13274e-1e23-415d-8a6c-56f06a60a20a-Toyota_Prius_-_Austin_-_1/campaign/processed_json/segments/e6b4bacb-a530-472c-8a4f-cfdd6d463762/part_2/006879.json,43.6805338,-92.9715883,0.8941860990368143,84.47,72.02072538860104,70.98445595854922,62.823691460055095,100.0,76.4,0.9031415625879209,0.9109835366158671,2025-07-07 11:38:56.540
/media/vsi-dev/Lacie_2/mndot_workzone_project/Toyota/campaign_0f13274e-1e23-415d-8a6c-56f06a60a20a-Toyota_Prius_-_Austin_-_1/campaign/processed_json/segments/e6b4bacb-a530-472c-8a4f-cfdd6d463762/part_2/006880.json,43.6805338,-92.9715883,0.8923495808629801,84.34,72.02072538860104,70.98445595854922,62.8099173553719,100.0,76.37,0.9031699800036219,0.9068821784552726,2025-07-07 11:38:56.575
/media/vsi-dev/Lacie_2/mndot_workzone_project/Toyota/campaign_0f13274e-1e23-415d-8a6c-56f06a60a20a-Toyota_Prius_-_Austin_-_1/campaign/processed_json/segments/e6b4bacb-a530-472c-8a4f-cfdd6d463762/part_2/006881.json,43.6805338,-92.9715883,0.8867242421519161,84.05,72.02072538860104,69.94818652849742,62.94765840220386,100.0,76.1,0.9052133805097685,0.9086560813001876,2025-07-07 11:38:56.606
/media/vsi-dev/Lacie_2/mndot_workzone_project/Toyota/campaign_0f13274e-1e23-415d-8a6c-56f06a60a20a-Toyota_Prius_-_Austin_-_1/campaign/processed_json/segments/e6b4bacb-a530-472c-8a4f-cfdd6d463762/part_2/006882.json,43.6805338,-92.9715883,0.8828788608730731,83.78,70.98445595854922,69.94818652849742,63.09917355371901,100.0,75.81,0.9046279566894073,0.909138074076193,2025-07-07 11:38:56.663
/media/vsi-dev/Lacie_2/mndot_workzone_project/Toyota/campaign_0f13274e-1e23-415d-8a6c-56f06a60a20a-Toyota_Prius_-_Austin_-_1/campaign/processed_json/segments/e6b4bacb-a530-472c-8a4f-cfdd6d463762/part_2/006883.json,43.6805338,-92.9715883,0.8789586192395166,83.71,71.50259067357513,69.94818652849742,63.51239669421488,100.0,76.03,0.9041367358912351,0.9098148256677931,2025-07-07 11:38:56.680
/media/vsi-dev/Lacie_2/mndot_workzone_project/Toyota/campaign_0f13274e-1e23-415d-8a6c-56f06a60a20a-Toyota_Prius_-_Austin_-_1/campaign/processed_json/segments/e6b4bacb-a530-472c-8a4f-cfdd6d463762/part_2/006884.json,43.680524,-92.9712956,0.8923495808629801,82.93,69.43005181347151,70.98445595854922,37.09366391184573,100.0,71.92,0.9382792954501935,0.9084583099117776,2025-07-07 11:38:56.707
/media/vsi-dev/Lacie_2/mndot_workzone_project/Toyota/campaign_0f13274e-1e23-415d-8a6c-56f06a60a20a-Toyota_Prius_-_Austin_-_1/campaign/processed_json/segments/e6b4bacb-a530-472c-8a4f-cfdd6d463762/part_2/006885.json,43.680524,-92.9712956,0.8789586192395166,83.82,72.02072538860104,70.98445595854922,63.209366391184574,100.0,76.43,0.9039806363730677,0.9047416537491522,2025-07-07 11:38:56.738
/media/vsi-dev/Lacie_2/mndot_workzone_project/Toyota/campaign_0f13274e-1e23-415d-8a6c-56f06a60a20a-Toyota_Prius_-_Austin_-_1/campaign/processed_json/segments/e6b4bacb-a530-472c-8a4f-cfdd6d463762/part_2/006886.json,43.680524,-92.9712956,0.8708979863383584,83.48,72.02072538860104,70.98445595854922,62.8099173553719,100.0,76.37,0.9035194058339826,0.9057218222679067,2025-07-07 11:38:56.780
/media/vsi-dev/Lacie_2/mndot_workzone_project/Toyota/campaign_0f13274e-1e23-415d-8a6c-56f06a60a20a-Toyota_Prius_-_Austin_-_1/campaign/processed_json/segments/e6b4bacb-a530-472c-8a4f-cfdd6d463762/part_2/006887.json,43.680524,-92.9712956,0.8708979863383584,83.61,71.50259067357513,72.02072538860104,62.837465564738295,100.0,76.56,0.9036396833210804,0.9108983955236969,2025-07-07 11:38:56.808
/media/vsi-dev/Lacie_2/mndot_workzone_project/Toyota/campaign_0f13274e-1e23-415d-8a6c-56f06a60a20a-Toyota_Prius_-_Austin_-_1/campaign/processed_json/segments/e6b4bacb-a530-472c-8a4f-cfdd6d463762/part_2/006888.json,43.680524,-92.9712956,0.8582737235416023,83.07,72.02072538860104,72.02072538860104,62.85123966942149,100.0,76.67,0.9048381967978096,0.901844232508926,2025-07-07 11:38:56.840
/media/vsi-dev/Lacie_2/mndot_workzone_project/Toyota/campaign_0f13274e-1e23-415d-8a6c-56f06a60a20a-Toyota_Prius_-_Austin_-_1/campaign/processed_json/segments/e6b4bacb-a530-472c-8a4f-cfdd6d463762/part_2/006889.json,43.680524,-92.9712956,0.8539280806651333,82.8,72.02072538860104,70.98445595854922,63.209366391184574,100.0,76.42,0.9043971789409914,0.9030364498660524,2025-07-07 11:38:56.874
/media/vsi-dev/Lacie_2/mndot_workzone_project/Toyota/campaign_0f13274e-1e23-415d-8a6c-56f06a60a20a-Toyota_Prius_-_Austin_-_1/campaign/processed_json/segments/e6b4bacb-a530-472c-8a4f-cfdd6d463762/part_2/006890.json,43.680524,-92.9712956,0.8539280806651333,82.78,72.02072538860104,70.98445595854922,63.112947658402206,100.0,76.4,0.9038933439666252,0.9025863124111099,2025-07-07 11:38:56.901
/media/vsi-dev/Lacie_2/mndot_workzone_project/Toyota/campaign_0f13274e-1e23-415d-8a6c-56f06a60a20a-Toyota_Prius_-_Austin_-_1/campaign/processed_json/segments/e6b4bacb-a530-472c-8a4f-cfdd6d463762/part_2/006891.json,43.680524,-92.9712956,0.8539280806651333,82.69,72.02072538860104,70.46632124352331,63.58126721763085,100.0,76.29,0.9029089260933931,0.8982857612998405,2025-07-07 11:38:56.937
/media/vsi-dev/Lacie_2/mndot_workzone_project/Toyota/campaign_0f13274e-1e23-415d-8a6c-56f06a60a20a-Toyota_Prius_-_Austin_-_1/campaign/processed_json/segments/e6b4bacb-a530-472c-8a4f-cfdd6d463762/part_2/006892.json,43.680524,-92.9712956,0.8625513760420268,82.05,71.50259067357513,70.46632124352331,42.57575757575758,100.0,73.13,0.9339070925965466,0.8959002451714854,2025-07-07 11:38:56.972
/media/vsi-dev/Lacie_2/mndot_workzone_project/Toyota/campaign_0f13274e-1e23-415d-8a6c-56f06a60a20a-Toyota_Prius_-_Austin_-_1/campaign/processed_json/segments/e6b4bacb-a530-472c-8a4f-cfdd6d463762/part_2/006893.json,43.680524,-92.9712956,0.8582737235416023,81.81,70.98445595854922,69.94818652849742,41.40495867768595,100.0,72.69,0.9345572451937256,0.9059503793021346,2025-07-07 11:38:57.006
/media/vsi-dev/Lacie_2/mndot_workzone_project/Toyota/campaign_0f13274e-1e23-415d-8a6c-56f06a60a20a-Toyota_Prius_-_Austin_-_1/campaign/processed_json/segments/e6b4bacb-a530-472c-8a4f-cfdd6d463762/part_2/006894.json,43.680524,-92.9712956,0.8404952725400838,81.81,69.94818652849742,69.94818652849742,62.61707988980716,100.0,75.38,0.9011722725115606,0.9025862514693951,2025-07-07 11:38:57.040
/media/vsi-dev/Lacie_2/mndot_workzone_project/Toyota/campaign_0f13274e-1e23-415d-8a6c-56f06a60a20a-Toyota_Prius_-_Austin_-_1/campaign/processed_json/segments/e6b4bacb-a530-472c-8a4f-cfdd6d463762/part_2/006895.json,43.680524,-92.9712956,0.8539280806651333,81.43,69.94818652849742,69.94818652849742,41.03305785123967,100.0,72.3,0.9331407117916612,0.9024837055960738,2025-07-07 11:38:57.075
/media/vsi-dev/Lacie_2/mndot_workzone_project/Toyota/campaign_0f13274e-1e23-415d-8a6c-56f06a60a20a-Toyota_Prius_-_Austin_-_1/campaign/processed_json/segments/e6b4bacb-a530-472c-8a4f-cfdd6d463762/part_2/006896.json,43.680524,-92.9712956,0.8335637864859301,81.7,70.98445595854922,69.94818652849742,62.61707988980716,100.0,75.71,0.9013790080741445,0.905491340437792,2025-07-07 11:38:57.106
/media/vsi-dev/Lacie_2/mndot_workzone_project/Toyota/campaign_0f13274e-1e23-415d-8a6c-56f06a60a20a-Toyota_Prius_-_Austin_-_1/campaign/processed_json/segments/e6b4bacb-a530-472c-8a4f-cfdd6d463762/part_2/006897.json,43.680524,-92.9712956,0.8335637864859301,81.74,70.98445595854922,70.46632124352331,62.4931129476584,100.0,75.84,0.9015835894385877,0.904402130727697,2025-07-07 11:38:57.144
/media/vsi-dev/Lacie_2/mndot_workzone_project/Toyota/campaign_0f13274e-1e23-415d-8a6c-56f06a60a20a-Toyota_Prius_-_Austin_-_1/campaign/processed_json/segments/e6b4bacb-a530-472c-8a4f-cfdd6d463762/part_2/006898.json,43.680524,-92.9712956,0.8312224667140967,81.42,69.94818652849742,69.94818652849742,62.32782369146006,100.0,75.34,0.9010825049503199,0.902677713773337,2025-07-07 11:38:57.175
/media/vsi-dev/Lacie_2/mndot_workzone_project/Toyota/campaign_0f13274e-1e23-415d-8a6c-56f06a60a20a-Toyota_Prius_-_Austin_-_1/campaign/processed_json/segments/e6b4bacb-a530-472c-8a4f-cfdd6d463762/part_2/006899.json,43.680524,-92.9712956,0.84951564671164,81.03,69.43005181347151,68.9119170984456,41.52892561983471,100.0,71.88,0.9328626826689348,0.8971307106321798,2025-07-07 11:38:57.203
/media/vsi-dev/Lacie_2/mndot_workzone_project/Toyota/campaign_0f13274e-1e23-415d-8a6c-56f06a60a20a-Toyota_Prius_-_Austin_-_1/campaign/processed_json/segments/e6b4bacb-a530-472c-8a4f-cfdd6d463762/part_2/006900.json,43.680524,-92.9712956,0.8625513760420268,79.82,68.9119170984456,68.39378238341969,43.429752066115704,61.90082644628099,66.37,0.9292694667553963,0.9472757893176624,2025-07-07 11:38:57.243
/media/vsi-dev/Lacie_2/mndot_workzone_project/Toyota/campaign_0f13274e-1e23-415d-8a6c-56f06a60a20a-Toyota_Prius_-_Austin_-_1/campaign/processed_json/segments/e6b4bacb-a530-472c-8a4f-cfdd6d463762/part_2/006901.json,43.680524,-92.9712956,0.8427744204551945,80.84,68.9119170984456,68.9119170984456,43.429752066115704,100.0,72.02,0.9310815811266218,0.900836059169638,2025-07-07 11:38:57.272
/media/vsi-dev/Lacie_2/mndot_workzone_project/Toyota/campaign_0f13274e-1e23-415d-8a6c-56f06a60a20a-Toyota_Prius_-_Austin_-_1/campaign/processed_json/segments/e6b4bacb-a530-472c-8a4f-cfdd6d463762/part_2/006902.json,43.680524,-92.9712956,0.8472847617229605,81.03,68.9119170984456,68.9119170984456,43.980716253443525,100.0,72.09,0.9311944473665474,0.8985992696760335,2025-07-07 11:38:57.316
/media/vsi-dev/Lacie_2/mndot_workzone_project/Toyota/campaign_0f13274e-1e23-415d-8a6c-56f06a60a20a-Toyota_Prius_-_Austin_-_1/campaign/processed_json/segments/e6b4bacb-a530-472c-8a4f-cfdd6d463762/part_2/006903.json,43.680524,-92.9712956,0.8427744204551945,74.94,68.9119170984456,67.87564766839378,43.099173553719005,0.24793388429752067,56.79,0.9338658658245915,0.9173110293650683,2025-07-07 11:38:57.340
/media/vsi-dev/Lacie_2/mndot_workzone_project/Toyota/campaign_0f13274e-1e23-415d-8a6c-56f06a60a20a-Toyota_Prius_-_Austin_-_1/campaign/processed_json/segments/e6b4bacb-a530-472c-8a4f-cfdd6d463762/part_2/006904.json,43.680524,-92.9712956,0.8404952725400838,81.0,68.9119170984456,68.9119170984456,43.52617079889807,100.0,72.14,0.9336522320221754,0.9183417250653337,2025-07-07 11:38:57.369
/media/vsi-dev/Lacie_2/mndot_workzone_project/Toyota/campaign_0f13274e-1e23-415d-8a6c-56f06a60a20a-Toyota_Prius_-_Austin_-_1/campaign/processed_json/segments/e6b4bacb-a530-472c-8a4f-cfdd6d463762/part_2/006905.json,43.680524,-92.9712956,0.8667598534822673,79.38,68.9119170984456,68.39378238341969,64.82093663911846,39.28374655647383,65.97,0.9002916318723145,0.931646403180085,2025-07-07 11:38:57.404
/media/vsi-dev/Lacie_2/mndot_workzone_project/Toyota/campaign_0f13274e-1e23-415d-8a6c-56f06a60a20a-Toyota_Prius_-_Austin_-_1/campaign/processed_json/segments/e6b4bacb-a530-472c-8a4f-cfdd6d463762/part_2/006906.json,43.680524,-92.9712956,0.8335637864859301,81.54,68.9119170984456,68.9119170984456,64.79338842975207,100.0,75.14,0.9001264076764235,0.914492614184411,2025-07-07 11:38:57.442
/media/vsi-dev/Lacie_2/mndot_workzone_project/Toyota/campaign_0f13274e-1e23-415d-8a6c-56f06a60a20a-Toyota_Prius_-_Austin_-_1/campaign/processed_json/segments/e6b4bacb-a530-472c-8a4f-cfdd6d463762/part_2/006907.json,43.680524,-92.9712956,0.8667598534822673,82.06,68.9119170984456,68.9119170984456,45.358126721763085,100.0,72.37,0.9319457573645554,0.9126619801183693,2025-07-07 11:38:57.477
/media/vsi-dev/Lacie_2/mndot_workzone_project/Toyota/campaign_0f13274e-1e23-415d-8a6c-56f06a60a20a-Toyota_Prius_-_Austin_-_1/campaign/processed_json/segments/e6b4bacb-a530-472c-8a4f-cfdd6d463762/part_2/006908.json,43.680524,-92.9712956,0.84951564671164,81.15,68.39378238341969,68.9119170984456,45.53719008264463,100.0,72.17,0.9318353950526469,0.8985145420190075,2025-07-07 11:38:57.502
/media/vsi-dev/Lacie_2/mndot_workzone_project/Toyota/campaign_0f13274e-1e23-415d-8a6c-56f06a60a20a-Toyota_Prius_-_Austin_-_1/campaign/processed_json/segments/e6b4bacb-a530-472c-8a4f-cfdd6d463762/part_2/006909.json,43.680524,-92.9712956,0.8404952725400838,80.67,68.39378238341969,68.9119170984456,45.289256198347104,100.0,72.09,0.9324529844986943,0.8892516613847127,2025-07-07 11:38:57.540
/media/vsi-dev/Lacie_2/mndot_workzone_project/Toyota/campaign_0f13274e-1e23-415d-8a6c-56f06a60a20a-Toyota_Prius_-_Austin_-_1/campaign/processed_json/segments/e6b4bacb-a530-472c-8a4f-cfdd6d463762/part_2/006910.json,43.680524,-92.9712956,0.8217072931464026,80.87,67.87564766839378,68.9119170984456,66.34986225895317,100.0,74.99,0.9049266131275319,0.8957665916258561,2025-07-07 11:38:57.576
/media/vsi-dev/Lacie_2/mndot_workzone_project/Toyota/campaign_0f13274e-1e23-415d-8a6c-56f06a60a20a-Toyota_Prius_-_Austin_-_1/campaign/processed_json/segments/e6b4bacb-a530-472c-8a4f-cfdd6d463762/part_2/006911.json,43.680524,-92.9712956,0.8217072931464026,81.07,68.9119170984456,68.9119170984456,65.52341597796143,100.0,75.23,0.9067012954159237,0.9042135006797498,2025-07-07 11:38:57.607
/media/vsi-dev/Lacie_2/mndot_workzone_project/Toyota/campaign_0f13274e-1e23-415d-8a6c-56f06a60a20a-Toyota_Prius_-_Austin_-_1/campaign/processed_json/segments/e6b4bacb-a530-472c-8a4f-cfdd6d463762/part_2/006912.json,43.680524,-92.9712956,0.8312224667140967,80.5,67.87564766839378,68.9119170984456,46.30853994490358,100.0,72.17,0.9312350831750963,0.9066036054061678,2025-07-07 11:38:57.647
/media/vsi-dev/Lacie_2/mndot_workzone_project/Toyota/campaign_0f13274e-1e23-415d-8a6c-56f06a60a20a-Toyota_Prius_-_Austin_-_1/campaign/processed_json/segments/e6b4bacb-a530-472c-8a4f-cfdd6d463762/part_2/006913.json,43.6805097,-92.9709915,0.8312224667140967,81.28,67.87564766839378,68.9119170984456,65.22038567493112,100.0,74.86,0.905294664619549,0.9035122689404477,2025-07-07 11:38:57.674
/media/vsi-dev/Lacie_2/mndot_workzone_project/Toyota/campaign_0f13274e-1e23-415d-8a6c-56f06a60a20a-Toyota_Prius_-_Austin_-_1/campaign/processed_json/segments/e6b4bacb-a530-472c-8a4f-cfdd6d463762/part_2/006914.json,43.6805097,-92.9709915,0.8241082512010138,79.92,67.87564766839378,68.9119170984456,47.85123966942149,100.0,72.24,0.9282950844240051,0.877457931290547,2025-07-07 11:38:57.706
/media/vsi-dev/Lacie_2/mndot_workzone_project/Toyota/campaign_0f13274e-1e23-415d-8a6c-56f06a60a20a-Toyota_Prius_-_Austin_-_1/campaign/processed_json/segments/e6b4bacb-a530-472c-8a4f-cfdd6d463762/part_2/006915.json,43.6805097,-92.9709915,0.7943750580993651,78.62,67.87564766839378,68.9119170984456,46.019283746556475,100.0,71.97,0.9308062728263081,0.8746534392204759,2025-07-07 11:38:57.735
/media/vsi-dev/Lacie_2/mndot_workzone_project/Toyota/campaign_0f13274e-1e23-415d-8a6c-56f06a60a20a-Toyota_Prius_-_Austin_-_1/campaign/processed_json/segments/e6b4bacb-a530-472c-8a4f-cfdd6d463762/part_2/006916.json,43.6805097,-92.9709915,0.8335637864859301,81.37,68.9119170984456,68.9119170984456,64.40771349862258,95.0413223140496,74.4,0.9081048698743761,0.9190787094616675,2025-07-07 11:38:57.772
/media/vsi-dev/Lacie_2/mndot_workzone_project/Toyota/campaign_0f13274e-1e23-415d-8a6c-56f06a60a20a-Toyota_Prius_-_Austin_-_1/campaign/processed_json/segments/e6b4bacb-a530-472c-8a4f-cfdd6d463762/part_2/006917.json,43.6805097,-92.9709915,0.8241082512010138,80.06,67.35751295336787,68.9119170984456,46.019283746556475,96.21212121212122,71.47,0.93182793120302,0.9185379728652494,2025-07-07 11:38:57.809
/media/vsi-dev/Lacie_2/mndot_workzone_project/Toyota/campaign_0f13274e-1e23-415d-8a6c-56f06a60a20a-Toyota_Prius_-_Austin_-_1/campaign/processed_json/segments/e6b4bacb-a530-472c-8a4f-cfdd6d463762/part_2/006918.json,43.6805097,-92.9709915,0.8192918265687916,80.33,67.87564766839378,68.9119170984456,54.6831955922865,96.32231404958678,72.89,0.9208118741196485,0.9198634394632923,2025-07-07 11:38:57.850
/media/vsi-dev/Lacie_2/mndot_workzone_project/Toyota/campaign_0f13274e-1e23-415d-8a6c-56f06a60a20a-Toyota_Prius_-_Austin_-_1/campaign/processed_json/segments/e6b4bacb-a530-472c-8a4f-cfdd6d463762/part_2/006919.json,43.6805097,-92.9709915,0.8192918265687916,74.58,68.9119170984456,68.9119170984456,49.82093663911846,0.7575757575757576,58.2,0.9317722354312146,0.9210779588359461,2025-07-07 11:38:57.874
/media/vsi-dev/Lacie_2/mndot_workzone_project/Toyota/campaign_0f13274e-1e23-415d-8a6c-56f06a60a20a-Toyota_Prius_-_Austin_-_1/campaign/processed_json/segments/e6b4bacb-a530-472c-8a4f-cfdd6d463762/part_2/006920.json,43.6805097,-92.9709915,0.8288659980788864,74.06,66.32124352331607,68.9119170984456,39.21487603305785,0.0,55.75,0.939598880777819,0.9205408384656658,2025-07-07 11:38:57.906
/media/vsi-dev/Lacie_2/mndot_workzone_project/Toyota/campaign_0f13274e-1e23-415d-8a6c-56f06a60a20a-Toyota_Prius_-_Austin_-_1/campaign/processed_json/segments/e6b4bacb-a530-472c-8a4f-cfdd6d463762/part_2/006921.json,43.6805097,-92.9709915,0.8094881183402464,79.57,67.87564766839378,67.87564766839378,48.62258953168045,95.9504132231405,71.67,0.9321008071293275,0.9205695789702304,2025-07-07 11:38:57.937
/media/vsi-dev/Lacie_2/mndot_workzone_project/Toyota/campaign_0f13274e-1e23-415d-8a6c-56f06a60a20a-Toyota_Prius_-_Austin_-_1/campaign/processed_json/segments/e6b4bacb-a530-472c-8a4f-cfdd6d463762/part_2/006922.json,43.6805097,-92.9709915,0.8144180153000155,79.54,66.32124352331607,67.87564766839378,49.22865013774105,95.3030303030303,71.18,0.9282797989416829,0.9204072057335412,2025-07-07 11:38:57.971
/media/vsi-dev/Lacie_2/mndot_workzone_project/Toyota/campaign_0f13274e-1e23-415d-8a6c-56f06a60a20a-Toyota_Prius_-_Austin_-_1/campaign/processed_json/segments/e6b4bacb-a530-472c-8a4f-cfdd6d463762/part_2/006923.json,43.6805097,-92.9709915,0.8192918265687916,80.46,66.83937823834198,67.87564766839378,65.81267217630854,94.49035812672176,73.59,0.9051120989500014,0.9200139208098007,2025-07-07 11:38:58.004
/media/vsi-dev/Lacie_2/mndot_workzone_project/Toyota/campaign_0f13274e-1e23-415d-8a6c-56f06a60a20a-Toyota_Prius_-_Austin_-_1/campaign/processed_json/segments/e6b4bacb-a530-472c-8a4f-cfdd6d463762/part_2/006924.json,43.6805097,-92.9709915,0,37.73,63.212435233160626,67.87564766839378,0.6749311294765841,14.242424242424242,50.36,0.9202279259481374,0.8386851369771153,2025-07-07 11:38:58.035
/media/vsi-dev/Lacie_2/mndot_workzone_project/Toyota/campaign_0f13274e-1e23-415d-8a6c-56f06a60a20a-Toyota_Prius_-_Austin_-_1/campaign/processed_json/segments/e6b4bacb-a530-472c-8a4f-cfdd6d463762/part_2/006925.json,43.6805097,-92.9709915,0,39.26,62.69430051813472,67.87564766839378,13.057851239669422,15.02754820936639,52.51,0.90867368815885,0.9168866802152918,2025-07-07 11:38:58.070
/media/vsi-dev/Lacie_2/mndot_workzone_project/Toyota/campaign_0f13274e-1e23-415d-8a6c-56f06a60a20a-Toyota_Prius_-_Austin_-_1/campaign/processed_json/segments/e6b4bacb-a530-472c-8a4f-cfdd6d463762/part_2/006926.json,43.6805097,-92.9709915,0,43.19,63.212435233160626,67.87564766839378,8.47107438016529,93.96694214876034,63.57,0.9202380785564593,0.8555470712492628,2025-07-07 11:38:58.104
/media/vsi-dev/Lacie_2/mndot_workzone_project/Toyota/campaign_0f13274e-1e23-415d-8a6c-56f06a60a20a-Toyota_Prius_-_Austin_-_1/campaign/processed_json/segments/e6b4bacb-a530-472c-8a4f-cfdd6d463762/part_2/006927.json,43.6805097,-92.9709915,0,37.44,63.212435233160626,67.87564766839378,3.884297520661157,4.931129476584022,49.47,0.919774451309853,0.8452117877924943,2025-07-07 11:38:58.137
/media/vsi-dev/Lacie_2/mndot_workzone_project/Toyota/campaign_0f13274e-1e23-415d-8a6c-56f06a60a20a-Toyota_Prius_-_Austin_-_1/campaign/processed_json/segments/e6b4bacb-a530-472c-8a4f-cfdd6d463762/part_2/006928.json,43.6805097,-92.9709915,0,37.85,63.730569948186535,67.87564766839378,1.6666666666666667,2.3829201101928374,49.18,0.8965132025471909,0.9209630774503059,2025-07-07 11:38:58.171
/media/vsi-dev/Lacie_2/mndot_workzone_project/Toyota/campaign_0f13274e-1e23-415d-8a6c-56f06a60a20a-Toyota_Prius_-_Austin_-_1/campaign/processed_json/segments/e6b4bacb-a530-472c-8a4f-cfdd6d463762/part_2/006929.json,43.6805097,-92.9709915,0.7943750580993651,78.28,66.83937823834198,67.87564766839378,41.900826446280995,93.95316804407715,70.04,0.9270761325856461,0.9215507162277744,2025-07-07 11:38:58.208
/media/vsi-dev/Lacie_2/mndot_workzone_project/Toyota/campaign_0f13274e-1e23-415d-8a6c-56f06a60a20a-Toyota_Prius_-_Austin_-_1/campaign/processed_json/segments/e6b4bacb-a530-472c-8a4f-cfdd6d463762/part_2/006930.json,43.6805097,-92.9709915,0,37.08,64.24870466321244,68.9119170984456,0.0,0.0,48.74,0.9173373381038544,0.8411096604799695,2025-07-07 11:38:58.248
/media/vsi-dev/Lacie_2/mndot_workzone_project/Toyota/campaign_0f13274e-1e23-415d-8a6c-56f06a60a20a-Toyota_Prius_-_Austin_-_1/campaign/processed_json/segments/e6b4bacb-a530-472c-8a4f-cfdd6d463762/part_2/006931.json,43.6805097,-92.9709915,0,43.1,60.62176165803109,67.87564766839378,4.655647382920111,93.25068870523417,62.32,0.8962696986831586,0.9208484530676658,2025-07-07 11:38:58.282
/media/vsi-dev/Lacie_2/mndot_workzone_project/Toyota/campaign_0f13274e-1e23-415d-8a6c-56f06a60a20a-Toyota_Prius_-_Austin_-_1/campaign/processed_json/segments/e6b4bacb-a530-472c-8a4f-cfdd6d463762/part_2/006932.json,43.6805097,-92.9709915,0,37.68,60.62176165803109,67.87564766839378,2.727272727272727,6.597796143250689,48.99,0.888190098639531,0.9204585782716753,2025-07-07 11:38:58.319
/media/vsi-dev/Lacie_2/mndot_workzone_project/Toyota/campaign_0f13274e-1e23-415d-8a6c-56f06a60a20a-Toyota_Prius_-_Austin_-_1/campaign/processed_json/segments/e6b4bacb-a530-472c-8a4f-cfdd6d463762/part_2/006933.json,43.6805097,-92.9709915,0,38.73,62.17616580310881,67.87564766839378,13.195592286501379,10.647382920110193,51.63,0.8869908767014626,0.9206527807589087,2025-07-07 11:38:58.343
/media/vsi-dev/Lacie_2/mndot_workzone_project/Toyota/campaign_0f13274e-1e23-415d-8a6c-56f06a60a20a-Toyota_Prius_-_Austin_-_1/campaign/processed_json/segments/e6b4bacb-a530-472c-8a4f-cfdd6d463762/part_2/006934.json,43.6805097,-92.9709915,0.7814301186637779,78.25,67.87564766839378,67.87564766839378,47.21763085399449,96.39118457300275,71.47,0.9277663478627904,0.9126154468175287,2025-07-07 11:38:58.373
/media/vsi-dev/Lacie_2/mndot_workzone_project/Toyota/campaign_0f13274e-1e23-415d-8a6c-56f06a60a20a-Toyota_Prius_-_Austin_-_1/campaign/processed_json/segments/e6b4bacb-a530-472c-8a4f-cfdd6d463762/part_2/006935.json,43.6805097,-92.9709915,0,43.42,63.212435233160626,68.39378238341969,10.09641873278237,88.80165289256199,63.36,0.8904434403771984,0.9172434611707366,2025-07-07 11:38:58.405
/media/vsi-dev/Lacie_2/mndot_workzone_project/Toyota/campaign_0f13274e-1e23-415d-8a6c-56f06a60a20a-Toyota_Prius_-_Austin_-_1/campaign/processed_json/segments/e6b4bacb-a530-472c-8a4f-cfdd6d463762/part_2/006936.json,43.6805097,-92.9709915,0,43.32,62.17616580310881,67.87564766839378,7.741046831955922,92.13498622589532,63.05,0.8887236640620947,0.9211797564257802,2025-07-07 11:38:58.439
/media/vsi-dev/Lacie_2/mndot_workzone_project/Toyota/campaign_0f13274e-1e23-415d-8a6c-56f06a60a20a-Toyota_Prius_-_Austin_-_1/campaign/processed_json/segments/e6b4bacb-a530-472c-8a4f-cfdd6d463762/part_2/006937.json,43.6805097,-92.9709915,0,42.93,64.24870466321244,67.87564766839378,10.082644628099173,92.28650137741047,63.71,0.8238077913430895,0.9204947516850918,2025-07-07 11:38:58.474
/media/vsi-dev/Lacie_2/mndot_workzone_project/Toyota/campaign_0f13274e-1e23-415d-8a6c-56f06a60a20a-Toyota_Prius_-_Austin_-_1/campaign/processed_json/segments/e6b4bacb-a530-472c-8a4f-cfdd6d463762/part_2/006938.json,43.6805097,-92.9709915,0,37.88,62.17616580310881,67.87564766839378,0.4132231404958678,11.887052341597796,49.83,0.8803482145135398,0.9141441180768385,2025-07-07 11:38:58.503
/media/vsi-dev/Lacie_2/mndot_workzone_project/Toyota/campaign_0f13274e-1e23-415d-8a6c-56f06a60a20a-Toyota_Prius_-_Austin_-_1/campaign/processed_json/segments/e6b4bacb-a530-472c-8a4f-cfdd6d463762/part_2/006939.json,43.6805097,-92.9709915,0.7655067816057636,71.48,66.32124352331607,67.87564766839378,46.088154269972456,0.6473829201101928,56.42,0.9095658323742056,0.9200438718445918,2025-07-07 11:38:58.540
/media/vsi-dev/Lacie_2/mndot_workzone_project/Toyota/campaign_0f13274e-1e23-415d-8a6c-56f06a60a20a-Toyota_Prius_-_Austin_-_1/campaign/processed_json/segments/e6b4bacb-a530-472c-8a4f-cfdd6d463762/part_2/006940.json,43.6805097,-92.9709915,0.762813968492111,77.95,66.83937823834198,67.87564766839378,60.12396694214877,93.92561983471074,72.7,0.9150795288685842,0.9207265641339192,2025-07-07 11:38:58.571
/media/vsi-dev/Lacie_2/mndot_workzone_project/Toyota/campaign_0f13274e-1e23-415d-8a6c-56f06a60a20a-Toyota_Prius_-_Austin_-_1/campaign/processed_json/segments/e6b4bacb-a530-472c-8a4f-cfdd6d463762/part_2/006941.json,43.6805097,-92.9709915,0,37.07,65.80310880829016,67.87564766839378,0.0,9.421487603305785,50.04,0.7833512857750137,0.9217815595634314,2025-07-07 11:38:58.607
/media/vsi-dev/Lacie_2/mndot_workzone_project/Toyota/campaign_0f13274e-1e23-415d-8a6c-56f06a60a20a-Toyota_Prius_-_Austin_-_1/campaign/processed_json/segments/e6b4bacb-a530-472c-8a4f-cfdd6d463762/part_2/006942.json,43.6805097,-92.9709915,0,39.27,62.17616580310881,67.87564766839378,17.713498622589533,14.297520661157026,52.88,0.8923109047225729,0.91989415732058,2025-07-07 11:38:58.652
/media/vsi-dev/Lacie_2/mndot_workzone_project/Toyota/campaign_0f13274e-1e23-415d-8a6c-56f06a60a20a-Toyota_Prius_-_Austin_-_1/campaign/processed_json/segments/e6b4bacb-a530-472c-8a4f-cfdd6d463762/part_2/006943.json,43.680493,-92.9706854,0.8094881183402464,79.81,66.83937823834198,67.87564766839378,66.8870523415978,89.51790633608815,72.99,0.9056571850047759,0.9179299874297441,2025-07-07 11:38:58.673
/media/vsi-dev/Lacie_2/mndot_workzone_project/Toyota/campaign_0f13274e-1e23-415d-8a6c-56f06a60a20a-Toyota_Prius_-_Austin_-_1/campaign/processed_json/segments/e6b4bacb-a530-472c-8a4f-cfdd6d463762/part_2/006944.json,43.680493,-92.9706854,0.8192918265687916,78.74,65.80310880829016,66.83937823834198,43.539944903581265,87.07988980716253,68.64,0.9320815579736272,0.918718438507476,2025-07-07 11:38:58.726
/media/vsi-dev/Lacie_2/mndot_workzone_project/Toyota/campaign_0f13274e-1e23-415d-8a6c-56f06a60a20a-Toyota_Prius_-_Austin_-_1/campaign/processed_json/segments/e6b4bacb-a530-472c-8a4f-cfdd6d463762/part_2/006945.json,43.680493,-92.9706854,0,37.26,65.80310880829016,67.87564766839378,1.143250688705234,10.46831955922865,50.4,0.7930662102986036,0.9170641213265941,2025-07-07 11:38:58.743
/media/vsi-dev/Lacie_2/mndot_workzone_project/Toyota/campaign_0f13274e-1e23-415d-8a6c-56f06a60a20a-Toyota_Prius_-_Austin_-_1/campaign/processed_json/segments/e6b4bacb-a530-472c-8a4f-cfdd6d463762/part_2/006946.json,43.680493,-92.9706854,0,42.09,64.76683937823834,66.83937823834198,9.490358126721764,86.08815426997245,62.39,0.7955780953294854,0.9177694129337735,2025-07-07 11:38:58.774
/media/vsi-dev/Lacie_2/mndot_workzone_project/Toyota/campaign_0f13274e-1e23-415d-8a6c-56f06a60a20a-Toyota_Prius_-_Austin_-_1/campaign/processed_json/segments/e6b4bacb-a530-472c-8a4f-cfdd6d463762/part_2/006947.json,43.680493,-92.9706854,0,42.48,59.58549222797927,66.83937823834198,13.168044077134985,86.44628099173553,61.76,0.8599666849794796,0.9171734736832687,2025-07-07 11:38:58.805
/media/vsi-dev/Lacie_2/mndot_workzone_project/Toyota/campaign_0f13274e-1e23-415d-8a6c-56f06a60a20a-Toyota_Prius_-_Austin_-_1/campaign/processed_json/segments/e6b4bacb-a530-472c-8a4f-cfdd6d463762/part_2/006948.json,43.680493,-92.9706854,0,37.49,62.17616580310881,66.83937823834198,1.418732782369146,8.140495867768594,49.07,0.868149906521065,0.9176689508534464,2025-07-07 11:38:58.839
/media/vsi-dev/Lacie_2/mndot_workzone_project/Toyota/campaign_0f13274e-1e23-415d-8a6c-56f06a60a20a-Toyota_Prius_-_Austin_-_1/campaign/processed_json/segments/e6b4bacb-a530-472c-8a4f-cfdd6d463762/part_2/006949.json,43.680493,-92.9706854,0.9130719307768873,71.95,31.606217616580313,65.80310880829016,33.319559228650135,4.820936639118457,43.88,0.8689781792119898,0.9183341049134492,2025-07-07 11:38:58.875
/media/vsi-dev/Lacie_2/mndot_workzone_project/Toyota/campaign_0f13274e-1e23-415d-8a6c-56f06a60a20a-Toyota_Prius_-_Austin_-_1/campaign/processed_json/segments/e6b4bacb-a530-472c-8a4f-cfdd6d463762/part_2/006950.json,43.680493,-92.9706854,0,38.25,63.212435233160626,66.83937823834198,15.730027548209366,2.933884297520661,50.78,0.8748793043395627,0.9190176887002222,2025-07-07 11:38:58.913
/media/vsi-dev/Lacie_2/mndot_workzone_project/Toyota/campaign_0f13274e-1e23-415d-8a6c-56f06a60a20a-Toyota_Prius_-_Austin_-_1/campaign/processed_json/segments/e6b4bacb-a530-472c-8a4f-cfdd6d463762/part_2/006951.json,43.680493,-92.9706854,0.8941860990368143,82.24,64.76683937823834,66.83937823834198,53.209366391184574,89.93112947658403,70.16,0.9191031677966747,0.9213101877560985,2025-07-07 11:38:58.939
/media/vsi-dev/Lacie_2/mndot_workzone_project/Toyota/campaign_0f13274e-1e23-415d-8a6c-56f06a60a20a-Toyota_Prius_-_Austin_-_1/campaign/processed_json/segments/e6b4bacb-a530-472c-8a4f-cfdd6d463762/part_2/006952.json,43.680493,-92.9706854,0,41.15,65.80310880829016,66.83937823834198,1.5426997245179064,88.93939393939394,61.62,0.9203865281597532,0.7298276246534403,2025-07-07 11:38:58.975
/media/vsi-dev/Lacie_2/mndot_workzone_project/Toyota/campaign_0f13274e-1e23-415d-8a6c-56f06a60a20a-Toyota_Prius_-_Austin_-_1/campaign/processed_json/segments/e6b4bacb-a530-472c-8a4f-cfdd6d463762/part_2/006953.json,43.680493,-92.9706854,0.8789586192395166,81.61,64.76683937823834,65.80310880829016,56.432506887052334,89.33884297520662,70.22,0.9176925105956117,0.9187690372673066,2025-07-07 11:38:59.003
/media/vsi-dev/Lacie_2/mndot_workzone_project/Toyota/campaign_0f13274e-1e23-415d-8a6c-56f06a60a20a-Toyota_Prius_-_Austin_-_1/campaign/processed_json/segments/e6b4bacb-a530-472c-8a4f-cfdd6d463762/part_2/006954.json,43.680493,-92.9706854,0.8667598534822673,81.38,64.76683937823834,66.83937823834198,60.38567493112947,88.99449035812673,71.04,0.9097153357340766,0.9196922758261632,2025-07-07 11:38:59.036
/media/vsi-dev/Lacie_2/mndot_workzone_project/Toyota/campaign_0f13274e-1e23-415d-8a6c-56f06a60a20a-Toyota_Prius_-_Austin_-_1/campaign/processed_json/segments/e6b4bacb-a530-472c-8a4f-cfdd6d463762/part_2/006955.json,43.680493,-92.9706854,0.8667598534822673,81.2,65.80310880829016,66.83937823834198,62.20385674931129,83.34710743801654,70.74,0.9093189855192909,0.9142555742259462,2025-07-07 11:38:59.073
/media/vsi-dev/Lacie_2/mndot_workzone_project/Toyota/campaign_0f13274e-1e23-415d-8a6c-56f06a60a20a-Toyota_Prius_-_Austin_-_1/campaign/processed_json/segments/e6b4bacb-a530-472c-8a4f-cfdd6d463762/part_2/006956.json,43.680493,-92.9706854,0.8382003466785403,80.58,66.83937823834198,66.83937823834198,63.58126721763085,87.86501377410468,71.96,0.9076658091163402,0.9195162244071627,2025-07-07 11:38:59.103
/media/vsi-dev/Lacie_2/mndot_workzone_project/Toyota/campaign_0f13274e-1e23-415d-8a6c-56f06a60a20a-Toyota_Prius_-_Austin_-_1/campaign/processed_json/segments/e6b4bacb-a530-472c-8a4f-cfdd6d463762/part_2/006957.json,43.680493,-92.9706854,0.8288659980788864,79.83,64.76683937823834,66.83937823834198,62.53443526170799,87.75482093663912,71.14,0.9028209473811103,0.919341899315947,2025-07-07 11:38:59.137
/media/vsi-dev/Lacie_2/mndot_workzone_project/Toyota/campaign_0f13274e-1e23-415d-8a6c-56f06a60a20a-Toyota_Prius_-_Austin_-_1/campaign/processed_json/segments/e6b4bacb-a530-472c-8a4f-cfdd6d463762/part_2/006958.json,43.680493,-92.9706854,0.8427744204551945,79.44,64.24870466321244,65.80310880829016,46.570247933884296,86.36363636363636,68.18,0.9273756950636352,0.918091460324521,2025-07-07 11:38:59.169
/media/vsi-dev/Lacie_2/mndot_workzone_project/Toyota/campaign_0f13274e-1e23-415d-8a6c-56f06a60a20a-Toyota_Prius_-_Austin_-_1/campaign/processed_json/segments/e6b4bacb-a530-472c-8a4f-cfdd6d463762/part_2/006959.json,43.680493,-92.9706854,0.8427744204551945,78.98,62.69430051813472,65.80310880829016,41.59779614325069,86.47382920110192,67.0,0.9295589437051088,0.917843364073789,2025-07-07 11:38:59.206
/media/vsi-dev/Lacie_2/mndot_workzone_project/Toyota/campaign_0f13274e-1e23-415d-8a6c-56f06a60a20a-Toyota_Prius_-_Austin_-_1/campaign/processed_json/segments/e6b4bacb-a530-472c-8a4f-cfdd6d463762/part_2/006960.json,43.680493,-92.9706854,0.8404952725400838,79.21,63.212435233160626,65.80310880829016,46.32231404958678,86.80440771349862,67.89,0.9260037110731443,0.9176074824397611,2025-07-07 11:38:59.243
/media/vsi-dev/Lacie_2/mndot_workzone_project/Toyota/campaign_0f13274e-1e23-415d-8a6c-56f06a60a20a-Toyota_Prius_-_Austin_-_1/campaign/processed_json/segments/e6b4bacb-a530-472c-8a4f-cfdd6d463762/part_2/006961.json,43.680493,-92.9706854,0.8539280806651333,79.73,63.730569948186535,65.80310880829016,44.00826446280991,87.87878787878788,67.86,0.9258681386890344,0.9168822891076648,2025-07-07 11:38:59.272
/media/vsi-dev/Lacie_2/mndot_workzone_project/Toyota/campaign_0f13274e-1e23-415d-8a6c-56f06a60a20a-Toyota_Prius_-_Austin_-_1/campaign/processed_json/segments/e6b4bacb-a530-472c-8a4f-cfdd6d463762/part_2/006962.json,43.680493,-92.9706854,0.8288659980788864,79.44,63.730569948186535,64.76683937823834,63.36088154269972,86.95592286501378,70.2,0.9036303538662236,0.9166752171093473,2025-07-07 11:38:59.304
/media/vsi-dev/Lacie_2/mndot_workzone_project/Toyota/campaign_0f13274e-1e23-415d-8a6c-56f06a60a20a-Toyota_Prius_-_Austin_-_1/campaign/processed_json/segments/e6b4bacb-a530-472c-8a4f-cfdd6d463762/part_2/006963.json,43.680493,-92.9706854,0.8382003466785403,78.89,63.212435233160626,64.76683937823834,43.73278236914601,86.8870523415978,67.22,0.9304390291400016,0.916716536660758,2025-07-07 11:38:59.341
/media/vsi-dev/Lacie_2/mndot_workzone_project/Toyota/campaign_0f13274e-1e23-415d-8a6c-56f06a60a20a-Toyota_Prius_-_Austin_-_1/campaign/processed_json/segments/e6b4bacb-a530-472c-8a4f-cfdd6d463762/part_2/006964.json,43.680493,-92.9706854,0.8241082512010138,78.31,63.212435233160626,64.76683937823834,44.25619834710744,86.94214876033057,67.29,0.9260772843095941,0.9164432660812017,2025-07-07 11:38:59.377
/media/vsi-dev/Lacie_2/mndot_workzone_project/Toyota/campaign_0f13274e-1e23-415d-8a6c-56f06a60a20a-Toyota_Prius_-_Austin_-_1/campaign/processed_json/segments/e6b4bacb-a530-472c-8a4f-cfdd6d463762/part_2/006965.json,43.680493,-92.9706854,0.8561093262802978,79.09,63.212435233160626,64.76683937823834,44.54545454545455,78.63636363636364,66.08,0.932808184194326,0.9082593925098673,2025-07-07 11:38:59.412
/media/vsi-dev/Lacie_2/mndot_workzone_project/Toyota/campaign_0f13274e-1e23-415d-8a6c-56f06a60a20a-Toyota_Prius_-_Austin_-_1/campaign/processed_json/segments/e6b4bacb-a530-472c-8a4f-cfdd6d463762/part_2/006966.json,43.680493,-92.9706854,0.8472847617229605,79.54,63.730569948186535,64.76683937823834,49.0633608815427,86.32231404958678,68.07,0.9273632323174325,0.9143096899292772,2025-07-07 11:38:59.441
/media/vsi-dev/Lacie_2/mndot_workzone_project/Toyota/campaign_0f13274e-1e23-415d-8a6c-56f06a60a20a-Toyota_Prius_-_Austin_-_1/campaign/processed_json/segments/e6b4bacb-a530-472c-8a4f-cfdd6d463762/part_2/006967.json,43.680493,-92.9706854,0.8241082512010138,79.23,63.730569948186535,64.76683937823834,65.48209366391184,85.0,70.21,0.9030428794565061,0.9154058233235584,2025-07-07 11:38:59.473
/media/vsi-dev/Lacie_2/mndot_workzone_project/Toyota/campaign_0f13274e-1e23-415d-8a6c-56f06a60a20a-Toyota_Prius_-_Austin_-_1/campaign/processed_json/segments/e6b4bacb-a530-472c-8a4f-cfdd6d463762/part_2/006968.json,43.680493,-92.9706854,0.8335637864859301,78.47,63.730569948186535,64.76683937823834,39.73829201101928,84.79338842975207,66.49,0.9387159338314596,0.9143416035057129,2025-07-07 11:38:59.508
/media/vsi-dev/Lacie_2/mndot_workzone_project/Toyota/campaign_0f13274e-1e23-415d-8a6c-56f06a60a20a-Toyota_Prius_-_Austin_-_1/campaign/processed_json/segments/e6b4bacb-a530-472c-8a4f-cfdd6d463762/part_2/006969.json,43.680493,-92.9706854,0.8288659980788864,78.41,63.730569948186535,64.76683937823834,43.925619834710744,83.14049586776859,66.86,0.9356063419917824,0.9152272773050816,2025-07-07 11:38:59.539
/media/vsi-dev/Lacie_2/mndot_workzone_project/Toyota/campaign_0f13274e-1e23-415d-8a6c-56f06a60a20a-Toyota_Prius_-_Austin_-_1/campaign/processed_json/segments/e6b4bacb-a530-472c-8a4f-cfdd6d463762/part_2/006970.json,43.680493,-92.9706854,0.8288659980788864,78.29,63.212435233160626,64.76683937823834,43.07162534435262,82.86501377410468,66.54,0.9370377690289861,0.9148758942828633,2025-07-07 11:38:59.574
/media/vsi-dev/Lacie_2/mndot_workzone_project/Toyota/campaign_0f13274e-1e23-415d-8a6c-56f06a60a20a-Toyota_Prius_-_Austin_-_1/campaign/processed_json/segments/e6b4bacb-a530-472c-8a4f-cfdd6d463762/part_2/006971.json,43.680493,-92.9706854,0.8045034458876164,78.51,64.24870466321244,64.76683937823834,67.74104683195591,82.1900826446281,70.3,0.9057036708289681,0.9152971538652288,2025-07-07 11:38:59.603
/media/vsi-dev/Lacie_2/mndot_workzone_project/Toyota/campaign_0f13274e-1e23-415d-8a6c-56f06a60a20a-Toyota_Prius_-_Austin_-_1/campaign/processed_json/segments/e6b4bacb-a530-472c-8a4f-cfdd6d463762/part_2/006972.json,43.680493,-92.9706854,0.8019909806765484,77.37,63.212435233160626,63.730569948186535,50.179063360881536,82.02479338842976,67.13,0.9295479498793265,0.9142933066566504,2025-07-07 11:38:59.641
/media/vsi-dev/Lacie_2/mndot_workzone_project/Toyota/campaign_0f13274e-1e23-415d-8a6c-56f06a60a20a-Toyota_Prius_-_Austin_-_1/campaign/processed_json/segments/e6b4bacb-a530-472c-8a4f-cfdd6d463762/part_2/006973.json,43.6804776,-92.9703806,0.8144180153000155,77.33,62.17616580310881,63.730569948186535,43.112947658402206,81.50137741046832,65.7,0.9328171757328653,0.9146998197148333,2025-07-07 11:38:59.692
/media/vsi-dev/Lacie_2/mndot_workzone_project/Toyota/campaign_0f13274e-1e23-415d-8a6c-56f06a60a20a-Toyota_Prius_-_Austin_-_1/campaign/processed_json/segments/e6b4bacb-a530-472c-8a4f-cfdd6d463762/part_2/006974.json,43.6804776,-92.9703806,0.8094881183402464,77.63,60.62176165803109,63.730569948186535,59.15977961432507,81.5702479338843,67.53,0.9099612373052527,0.9136159006860468,2025-07-07 11:38:59.708
/media/vsi-dev/Lacie_2/mndot_workzone_project/Toyota/campaign_0f13274e-1e23-415d-8a6c-56f06a60a20a-Toyota_Prius_-_Austin_-_1/campaign/processed_json/segments/e6b4bacb-a530-472c-8a4f-cfdd6d463762/part_2/006975.json,43.6804776,-92.9703806,0.8241082512010138,77.63,62.17616580310881,63.730569948186535,46.41873278236915,78.4159779614325,65.69,0.9292708330127447,0.9095157878133675,2025-07-07 11:38:59.742
/media/vsi-dev/Lacie_2/mndot_workzone_project/Toyota/campaign_0f13274e-1e23-415d-8a6c-56f06a60a20a-Toyota_Prius_-_Austin_-_1/campaign/processed_json/segments/e6b4bacb-a530-472c-8a4f-cfdd6d463762/part_2/006976.json,43.6804776,-92.9703806,0.8045034458876164,77.81,62.17616580310881,63.730569948186535,63.93939393939394,81.32231404958678,68.65,0.9038052342070408,0.9132325768591862,2025-07-07 11:38:59.772
/media/vsi-dev/Lacie_2/mndot_workzone_project/Toyota/campaign_0f13274e-1e23-415d-8a6c-56f06a60a20a-Toyota_Prius_-_Austin_-_1/campaign/processed_json/segments/e6b4bacb-a530-472c-8a4f-cfdd6d463762/part_2/006977.json,43.6804776,-92.9703806,0.8217072931464026,78.23,60.62176165803109,63.212435233160626,63.25068870523416,82.12121212121211,68.03,0.9035279112241064,0.9112633524295587,2025-07-07 11:38:59.806
/media/vsi-dev/Lacie_2/mndot_workzone_project/Toyota/campaign_0f13274e-1e23-415d-8a6c-56f06a60a20a-Toyota_Prius_-_Austin_-_1/campaign/processed_json/segments/e6b4bacb-a530-472c-8a4f-cfdd6d463762/part_2/006978.json,43.6804776,-92.9703806,0.8288659980788864,78.47,60.62176165803109,63.212435233160626,64.0358126721763,81.29476584022038,68.01,0.899284683217773,0.9118282673841117,2025-07-07 11:38:59.840
/media/vsi-dev/Lacie_2/mndot_workzone_project/Toyota/campaign_0f13274e-1e23-415d-8a6c-56f06a60a20a-Toyota_Prius_-_Austin_-_1/campaign/processed_json/segments/e6b4bacb-a530-472c-8a4f-cfdd6d463762/part_2/006979.json,43.6804776,-92.9703806,0.8427744204551945,78.47,59.067357512953365,62.17616580310881,60.66115702479339,79.72451790633609,66.51,0.9039982305921695,0.911382807926048,2025-07-07 11:38:59.870
/media/vsi-dev/Lacie_2/mndot_workzone_project/Toyota/campaign_0f13274e-1e23-415d-8a6c-56f06a60a20a-Toyota_Prius_-_Austin_-_1/campaign/processed_json/segments/e6b4bacb-a530-472c-8a4f-cfdd6d463762/part_2/006980.json,43.6804776,-92.9703806,0.8427744204551945,78.32,58.549222797927456,62.69430051813472,58.278236914600555,79.86225895316804,66.17,0.9037095169896636,0.9108729979859798,2025-07-07 11:38:59.906
/media/vsi-dev/Lacie_2/mndot_workzone_project/Toyota/campaign_0f13274e-1e23-415d-8a6c-56f06a60a20a-Toyota_Prius_-_Austin_-_1/campaign/processed_json/segments/e6b4bacb-a530-472c-8a4f-cfdd6d463762/part_2/006981.json,43.6804776,-92.9703806,0.84951564671164,77.99,58.549222797927456,62.17616580310881,45.84022038567493,78.93939393939394,64.12,0.9265235110878017,0.9097757338946811,2025-07-07 11:38:59.945
/media/vsi-dev/Lacie_2/mndot_workzone_project/Toyota/campaign_0f13274e-1e23-415d-8a6c-56f06a60a20a-Toyota_Prius_-_Austin_-_1/campaign/processed_json/segments/e6b4bacb-a530-472c-8a4f-cfdd6d463762/part_2/006982.json,43.6804776,-92.9703806,0.8667598534822673,78.44,56.476683937823836,60.62176165803109,53.63636363636364,78.4297520661157,64.02,0.9069767798537989,0.9090849488490532,2025-07-07 11:38:59.976
/media/vsi-dev/Lacie_2/mndot_workzone_project/Toyota/campaign_0f13274e-1e23-415d-8a6c-56f06a60a20a-Toyota_Prius_-_Austin_-_1/campaign/processed_json/segments/e6b4bacb-a530-472c-8a4f-cfdd6d463762/part_2/006983.json,43.6804776,-92.9703806,0.8667598534822673,79.11,60.62176165803109,60.62176165803109,54.366391184573004,77.78236914600552,65.35,0.9200765992970896,0.9103187504125319,2025-07-07 11:39:00.019
/media/vsi-dev/Lacie_2/mndot_workzone_project/Toyota/campaign_0f13274e-1e23-415d-8a6c-56f06a60a20a-Toyota_Prius_-_Austin_-_1/campaign/processed_json/segments/e6b4bacb-a530-472c-8a4f-cfdd6d463762/part_2/006984.json,43.6804776,-92.9703806,0,38.97,62.17616580310881,61.13989637305699,0.0,59.862258953168045,54.55,0.804169759861906,0.9109240805507847,2025-07-07 11:39:00.036
/media/vsi-dev/Lacie_2/mndot_workzone_project/Toyota/campaign_0f13274e-1e23-415d-8a6c-56f06a60a20a-Toyota_Prius_-_Austin_-_1/campaign/processed_json/segments/e6b4bacb-a530-472c-8a4f-cfdd6d463762/part_2/006985.json,43.6804776,-92.9703806,0.8288659980788864,76.62,60.10362694300518,60.62176165803109,46.776859504132226,72.52066115702479,63.2,0.9129450384720663,0.9053106246998006,2025-07-07 11:39:00.074
/media/vsi-dev/Lacie_2/mndot_workzone_project/Toyota/campaign_0f13274e-1e23-415d-8a6c-56f06a60a20a-Toyota_Prius_-_Austin_-_1/campaign/processed_json/segments/e6b4bacb-a530-472c-8a4f-cfdd6d463762/part_2/006986.json,43.6804776,-92.9703806,0.9999875000781246,74.0,63.212435233160626,60.62176165803109,13.209366391184574,24.80716253443526,49.88,0.49445112838575733,0.9101569379292459,2025-07-07 11:39:00.111
/media/vsi-dev/Lacie_2/mndot_workzone_project/Toyota/campaign_0f13274e-1e23-415d-8a6c-56f06a60a20a-Toyota_Prius_-_Austin_-_1/campaign/processed_json/segments/e6b4bacb-a530-472c-8a4f-cfdd6d463762/part_2/006987.json,43.6804776,-92.9703806,0.8708979863383584,78.47,59.067357512953365,59.58549222797927,52.75482093663911,71.65289256198348,63.39,0.9216987985841104,0.9056609184449318,2025-07-07 11:39:00.133
/media/vsi-dev/Lacie_2/mndot_workzone_project/Toyota/campaign_0f13274e-1e23-415d-8a6c-56f06a60a20a-Toyota_Prius_-_Austin_-_1/campaign/processed_json/segments/e6b4bacb-a530-472c-8a4f-cfdd6d463762/part_2/006988.json,43.6804776,-92.9703806,0.899578042717765,79.91,58.549222797927456,59.58549222797927,55.16528925619835,74.86225895316805,64.09,0.9185382142099854,0.9103328505125688,2025-07-07 11:39:00.173
/media/vsi-dev/Lacie_2/mndot_workzone_project/Toyota/campaign_0f13274e-1e23-415d-8a6c-56f06a60a20a-Toyota_Prius_-_Austin_-_1/campaign/processed_json/segments/e6b4bacb-a530-472c-8a4f-cfdd6d463762/part_2/006989.json,43.6804776,-92.9703806,0.888618520157934,80.21,59.58549222797927,59.58549222797927,69.58677685950413,74.77961432506886,66.45,0.8992043941616238,0.9092993945903786,2025-07-07 11:39:00.214
/media/vsi-dev/Lacie_2/mndot_workzone_project/Toyota/campaign_0f13274e-1e23-415d-8a6c-56f06a60a20a-Toyota_Prius_-_Austin_-_1/campaign/processed_json/segments/e6b4bacb-a530-472c-8a4f-cfdd6d463762/part_2/006990.json,43.6804776,-92.9703806,0.888618520157934,79.97,58.549222797927456,59.58549222797927,67.8099173553719,74.64187327823691,65.85,0.8993270820435786,0.9096075802711516,2025-07-07 11:39:00.242
/media/vsi-dev/Lacie_2/mndot_workzone_project/Toyota/campaign_0f13274e-1e23-415d-8a6c-56f06a60a20a-Toyota_Prius_-_Austin_-_1/campaign/processed_json/segments/e6b4bacb-a530-472c-8a4f-cfdd6d463762/part_2/006991.json,43.6804776,-92.9703806,0.8789586192395166,79.11,58.549222797927456,59.58549222797927,55.950413223140494,74.06336088154269,64.1,0.9219330811090374,0.9095475857537666,2025-07-07 11:39:00.277
/media/vsi-dev/Lacie_2/mndot_workzone_project/Toyota/campaign_0f13274e-1e23-415d-8a6c-56f06a60a20a-Toyota_Prius_-_Austin_-_1/campaign/processed_json/segments/e6b4bacb-a530-472c-8a4f-cfdd6d463762/part_2/006992.json,43.6804776,-92.9703806,0.8729403123495402,79.14,58.549222797927456,58.549222797927456,67.1625344352617,73.47107438016529,65.28,0.9022401599564771,0.9086122142073751,2025-07-07 11:39:00.303
/media/vsi-dev/Lacie_2/mndot_workzone_project/Toyota/campaign_0f13274e-1e23-415d-8a6c-56f06a60a20a-Toyota_Prius_-_Austin_-_1/campaign/processed_json/segments/e6b4bacb-a530-472c-8a4f-cfdd6d463762/part_2/006993.json,43.6804776,-92.9703806,0.8144180153000155,76.73,58.03108808290155,59.58549222797927,65.6060606060606,72.96143250688705,65.12,0.9013290171768958,0.9091003362219442,2025-07-07 11:39:00.347
/media/vsi-dev/Lacie_2/mndot_workzone_project/Toyota/campaign_0f13274e-1e23-415d-8a6c-56f06a60a20a-Toyota_Prius_-_Austin_-_1/campaign/processed_json/segments/e6b4bacb-a530-472c-8a4f-cfdd6d463762/part_2/006994.json,43.6804776,-92.9703806,0.8144180153000155,76.4,58.549222797927456,58.549222797927456,57.7961432506887,72.98898071625345,63.88,0.9193625205066587,0.9079140653857644,2025-07-07 11:39:00.378
/media/vsi-dev/Lacie_2/mndot_workzone_project/Toyota/campaign_0f13274e-1e23-415d-8a6c-56f06a60a20a-Toyota_Prius_-_Austin_-_1/campaign/processed_json/segments/e6b4bacb-a530-472c-8a4f-cfdd6d463762/part_2/006995.json,43.6804776,-92.9703806,0.7969266204272145,76.0,58.549222797927456,58.549222797927456,73.29201101928375,68.14049586776859,65.34,0.897807862523519,0.9006619573387962,2025-07-07 11:39:00.406
/media/vsi-dev/Lacie_2/mndot_workzone_project/Toyota/campaign_0f13274e-1e23-415d-8a6c-56f06a60a20a-Toyota_Prius_-_Austin_-_1/campaign/processed_json/segments/e6b4bacb-a530-472c-8a4f-cfdd6d463762/part_2/006996.json,43.6804776,-92.9703806,0.8119599958542288,76.15,58.03108808290155,57.51295336787565,57.438016528925615,73.00275482093664,63.39,0.9249425828377285,0.9063409382974326,2025-07-07 11:39:00.442
/media/vsi-dev/Lacie_2/mndot_workzone_project/Toyota/campaign_0f13274e-1e23-415d-8a6c-56f06a60a20a-Toyota_Prius_-_Austin_-_1/campaign/processed_json/segments/e6b4bacb-a530-472c-8a4f-cfdd6d463762/part_2/006997.json,43.6804776,-92.9703806,0.7491933457491512,74.74,57.51295336787565,58.03108808290155,80.49586776859505,72.93388429752066,66.72,0.9011387359160965,0.9072044905507625,2025-07-07 11:39:00.481
/media/vsi-dev/Lacie_2/mndot_workzone_project/Toyota/campaign_0f13274e-1e23-415d-8a6c-56f06a60a20a-Toyota_Prius_-_Austin_-_1/campaign/processed_json/segments/e6b4bacb-a530-472c-8a4f-cfdd6d463762/part_2/006998.json,43.6804776,-92.9703806,0.7601104896715555,74.98,58.549222797927456,58.549222797927456,83.40220385674931,64.53168044077135,66.34,0.9023212907844468,0.9019543518860971,2025-07-07 11:39:00.506
/media/vsi-dev/Lacie_2/mndot_workzone_project/Toyota/campaign_0f13274e-1e23-415d-8a6c-56f06a60a20a-Toyota_Prius_-_Austin_-_1/campaign/processed_json/segments/e6b4bacb-a530-472c-8a4f-cfdd6d463762/part_2/006999.json,43.6804776,-92.9703806,0.762813968492111,73.86,57.51295336787565,59.58549222797927,60.88154269972452,63.36088154269972,62.87,0.9241018038404012,0.8959176061859719,2025-07-07 11:39:00.547
/media/vsi-dev/Lacie_2/mndot_workzone_project/Toyota/campaign_0f13274e-1e23-415d-8a6c-56f06a60a20a-Toyota_Prius_-_Austin_-_1/campaign/processed_json/segments/e6b4bacb-a530-472c-8a4f-cfdd6d463762/part_2/007000.json,43.6804776,-92.9703806,0.762813968492111,74.45,56.476683937823836,59.067357512953365,62.69972451790634,71.68044077134986,63.99,0.9261905926092413,0.9077552521478803,2025-07-07 11:39:00.576
/media/vsi-dev/Lacie_2/mndot_workzone_project/Toyota/campaign_0f13274e-1e23-415d-8a6c-56f06a60a20a-Toyota_Prius_-_Austin_-_1/campaign/processed_json/segments/e6b4bacb-a530-472c-8a4f-cfdd6d463762/part_2/007001.json,43.6804776,-92.9703806,0.7491933457491512,74.67,56.476683937823836,58.549222797927456,81.5426997245179,71.41873278236915,66.5,0.9035614870677864,0.9070335749977454,2025-07-07 11:39:00.607
/media/vsi-dev/Lacie_2/mndot_workzone_project/Toyota/campaign_0f13274e-1e23-415d-8a6c-56f06a60a20a-Toyota_Prius_-_Austin_-_1/campaign/processed_json/segments/e6b4bacb-a530-472c-8a4f-cfdd6d463762/part_2/007002.json,43.6804776,-92.9703806,0.773519517314818,74.73,56.476683937823836,58.549222797927456,61.28099173553719,71.48760330578511,63.6,0.9283849130978109,0.906994411186532,2025-07-07 11:39:00.639
/media/vsi-dev/Lacie_2/mndot_workzone_project/Toyota/campaign_0f13274e-1e23-415d-8a6c-56f06a60a20a-Toyota_Prius_-_Austin_-_1/campaign/processed_json/segments/e6b4bacb-a530-472c-8a4f-cfdd6d463762/part_2/007003.json,43.6804776,-92.9703806,0.773519517314818,75.05,57.51295336787565,58.549222797927456,65.68870523415978,71.15702479338843,64.5,0.9252125937561049,0.9059778453266565,2025-07-07 11:39:00.672
/media/vsi-dev/Lacie_2/mndot_workzone_project/Toyota/campaign_0f13274e-1e23-415d-8a6c-56f06a60a20a-Toyota_Prius_-_Austin_-_1/campaign/processed_json/segments/e6b4bacb-a530-472c-8a4f-cfdd6d463762/part_2/007004.json,43.68046,-92.9700807,0.7655067816057636,74.91,55.44041450777202,58.549222797927456,79.3801652892562,70.71625344352617,65.71,0.8951303783458892,0.9050260180649086,2025-07-07 11:39:00.711
/media/vsi-dev/Lacie_2/mndot_workzone_project/Toyota/campaign_0f13274e-1e23-415d-8a6c-56f06a60a20a-Toyota_Prius_-_Austin_-_1/campaign/processed_json/segments/e6b4bacb-a530-472c-8a4f-cfdd6d463762/part_2/007005.json,43.68046,-92.9700807,0.7708597267131799,75.02,55.44041450777202,58.549222797927456,78.44352617079889,68.62258953168045,65.29,0.9024076672080493,0.9048980747757527,2025-07-07 11:39:00.738
/media/vsi-dev/Lacie_2/mndot_workzone_project/Toyota/campaign_0f13274e-1e23-415d-8a6c-56f06a60a20a-Toyota_Prius_-_Austin_-_1/campaign/processed_json/segments/e6b4bacb-a530-472c-8a4f-cfdd6d463762/part_2/007006.json,43.68046,-92.9700807,0.7708597267131799,74.86,53.8860103626943,60.10362694300518,75.2892561983471,68.77410468319559,64.85,0.9028855379302887,0.9060231647537487,2025-07-07 11:39:00.771
/media/vsi-dev/Lacie_2/mndot_workzone_project/Toyota/campaign_0f13274e-1e23-415d-8a6c-56f06a60a20a-Toyota_Prius_-_Austin_-_1/campaign/processed_json/segments/e6b4bacb-a530-472c-8a4f-cfdd6d463762/part_2/007007.json,43.68046,-92.9700807,0.754672220216645,74.36,54.40414507772021,59.067357512953365,78.49862258953169,68.49862258953168,65.15,0.9046680680500105,0.9070535112169185,2025-07-07 11:39:00.809
/media/vsi-dev/Lacie_2/mndot_workzone_project/Toyota/campaign_0f13274e-1e23-415d-8a6c-56f06a60a20a-Toyota_Prius_-_Austin_-_1/campaign/processed_json/segments/e6b4bacb-a530-472c-8a4f-cfdd6d463762/part_2/007008.json,43.68046,-92.9700807,0,41.53,72.02072538860104,58.549222797927456,32.93388429752066,69.76584022038568,62.78,0.9060051597265822,0.7357955491296794,2025-07-07 11:39:00.845
/media/vsi-dev/Lacie_2/mndot_workzone_project/Toyota/campaign_0f13274e-1e23-415d-8a6c-56f06a60a20a-Toyota_Prius_-_Austin_-_1/campaign/processed_json/segments/e6b4bacb-a530-472c-8a4f-cfdd6d463762/part_2/007009.json,43.68046,-92.9700807,0.7126860334510969,72.59,56.994818652849744,59.067357512953365,63.85674931129477,70.38567493112947,64.16,0.9341127365260131,0.9078128191139829,2025-07-07 11:39:00.875
/media/vsi-dev/Lacie_2/mndot_workzone_project/Toyota/campaign_0f13274e-1e23-415d-8a6c-56f06a60a20a-Toyota_Prius_-_Austin_-_1/campaign/processed_json/segments/e6b4bacb-a530-472c-8a4f-cfdd6d463762/part_2/007010.json,43.68046,-92.9700807,0.7011781645432069,72.5,54.40414507772021,58.549222797927456,82.1900826446281,70.73002754820936,65.88,0.903458043666316,0.9069102181034048,2025-07-07 11:39:00.908
/media/vsi-dev/Lacie_2/mndot_workzone_project/Toyota/campaign_0f13274e-1e23-415d-8a6c-56f06a60a20a-Toyota_Prius_-_Austin_-_1/campaign/processed_json/segments/e6b4bacb-a530-472c-8a4f-cfdd6d463762/part_2/007011.json,43.68046,-92.9700807,0.7011781645432069,72.85,54.92227979274611,58.549222797927456,87.90633608815426,71.79063360881543,67.0,0.8940121999317264,0.9061427568641361,2025-07-07 11:39:00.934
/media/vsi-dev/Lacie_2/mndot_workzone_project/Toyota/campaign_0f13274e-1e23-415d-8a6c-56f06a60a20a-Toyota_Prius_-_Austin_-_1/campaign/processed_json/segments/e6b4bacb-a530-472c-8a4f-cfdd6d463762/part_2/007012.json,43.68046,-92.9700807,0.7069465435098791,72.99,55.44041450777202,58.549222797927456,84.0909090909091,71.69421487603306,66.6,0.9001413666192957,0.9071438333286441,2025-07-07 11:39:00.975
/media/vsi-dev/Lacie_2/mndot_workzone_project/Toyota/campaign_0f13274e-1e23-415d-8a6c-56f06a60a20a-Toyota_Prius_-_Austin_-_1/campaign/processed_json/segments/e6b4bacb-a530-472c-8a4f-cfdd6d463762/part_2/007013.json,43.68046,-92.9700807,0.7126860334510969,73.07,55.44041450777202,59.067357512953365,80.49586776859505,71.66666666666667,66.21,0.8991220907284512,0.9082930938762248,2025-07-07 11:39:01.005
/media/vsi-dev/Lacie_2/mndot_workzone_project/Toyota/campaign_0f13274e-1e23-415d-8a6c-56f06a60a20a-Toyota_Prius_-_Austin_-_1/campaign/processed_json/segments/e6b4bacb-a530-472c-8a4f-cfdd6d463762/part_2/007014.json,43.68046,-92.9700807,0.7240728364653515,73.42,54.40414507772021,59.58549222797927,79.00826446280992,71.92837465564739,65.89,0.9021606027476334,0.9080540114071581,2025-07-07 11:39:01.049
/media/vsi-dev/Lacie_2/mndot_workzone_project/Toyota/campaign_0f13274e-1e23-415d-8a6c-56f06a60a20a-Toyota_Prius_-_Austin_-_1/campaign/processed_json/segments/e6b4bacb-a530-472c-8a4f-cfdd6d463762/part_2/007015.json,43.68046,-92.9700807,0.7297173913599336,73.63,55.44041450777202,58.549222797927456,80.68870523415977,70.79889807162535,65.95,0.9001693442661303,0.9060282590334066,2025-07-07 11:39:01.094
/media/vsi-dev/Lacie_2/mndot_workzone_project/Toyota/campaign_0f13274e-1e23-415d-8a6c-56f06a60a20a-Toyota_Prius_-_Austin_-_1/campaign/processed_json/segments/e6b4bacb-a530-472c-8a4f-cfdd6d463762/part_2/007016.json,43.68046,-92.9700807,0.7519377727182122,73.31,54.92227979274611,58.549222797927456,61.267217630854,67.57575757575758,62.49,0.9206845448715358,0.9027938367654441,2025-07-07 11:39:01.104
/media/vsi-dev/Lacie_2/mndot_workzone_project/Toyota/campaign_0f13274e-1e23-415d-8a6c-56f06a60a20a-Toyota_Prius_-_Austin_-_1/campaign/processed_json/segments/e6b4bacb-a530-472c-8a4f-cfdd6d463762/part_2/007017.json,43.68046,-92.9700807,0.754672220216645,73.38,54.40414507772021,57.51295336787565,63.18181818181819,69.0358126721763,62.5,0.9160549220770393,0.9027881328082646,2025-07-07 11:39:01.136
/media/vsi-dev/Lacie_2/mndot_workzone_project/Toyota/campaign_0f13274e-1e23-415d-8a6c-56f06a60a20a-Toyota_Prius_-_Austin_-_1/campaign/processed_json/segments/e6b4bacb-a530-472c-8a4f-cfdd6d463762/part_2/007018.json,43.68046,-92.9700807,0.7353275419603107,74.21,55.95854922279793,58.03108808290155,93.77410468319559,68.23691460055097,67.41,0.8805156245316208,0.9027439813948739,2025-07-07 11:39:01.167
/media/vsi-dev/Lacie_2/mndot_workzone_project/Toyota/campaign_0f13274e-1e23-415d-8a6c-56f06a60a20a-Toyota_Prius_-_Austin_-_1/campaign/processed_json/segments/e6b4bacb-a530-472c-8a4f-cfdd6d463762/part_2/007019.json,43.68046,-92.9700807,0.8045034458876164,75.26,54.40414507772021,58.549222797927456,58.40220385674931,68.56749311294766,62.06,0.9236989148824267,0.9021885697004246,2025-07-07 11:39:01.199
/media/vsi-dev/Lacie_2/mndot_workzone_project/Toyota/campaign_0f13274e-1e23-415d-8a6c-56f06a60a20a-Toyota_Prius_-_Austin_-_1/campaign/processed_json/segments/e6b4bacb-a530-472c-8a4f-cfdd6d463762/part_2/007020.json,43.68046,-92.9700807,0.8192918265687916,76.46,56.476683937823836,58.549222797927456,65.12396694214875,68.51239669421487,63.66,0.9200728012369725,0.9021770202177887,2025-07-07 11:39:01.238
/media/vsi-dev/Lacie_2/mndot_workzone_project/Toyota/campaign_0f13274e-1e23-415d-8a6c-56f06a60a20a-Toyota_Prius_-_Austin_-_1/campaign/processed_json/segments/e6b4bacb-a530-472c-8a4f-cfdd6d463762/part_2/007021.json,43.68046,-92.9700807,0.7761679594611407,76.19,55.44041450777202,59.067357512953365,100.0,68.69146005509641,68.52,0.8709986670724504,0.9027583691346303,2025-07-07 11:39:01.266
/media/vsi-dev/Lacie_2/mndot_workzone_project/Toyota/campaign_0f13274e-1e23-415d-8a6c-56f06a60a20a-Toyota_Prius_-_Austin_-_1/campaign/processed_json/segments/e6b4bacb-a530-472c-8a4f-cfdd6d463762/part_2/007022.json,43.68046,-92.9700807,0.7969266204272145,77.19,56.476683937823836,59.067357512953365,100.0,69.33884297520662,68.93,0.8714184253665495,0.9025394199802261,2025-07-07 11:39:01.301
/media/vsi-dev/Lacie_2/mndot_workzone_project/Toyota/campaign_0f13274e-1e23-415d-8a6c-56f06a60a20a-Toyota_Prius_-_Austin_-_1/campaign/processed_json/segments/e6b4bacb-a530-472c-8a4f-cfdd6d463762/part_2/007023.json,43.68046,-92.9700807,0.8404952725400838,77.47,55.95854922279793,59.58549222797927,63.787878787878796,69.75206611570248,63.85,0.9248372909238011,0.906278669486654,2025-07-07 11:39:01.341
/media/vsi-dev/Lacie_2/mndot_workzone_project/Toyota/campaign_0f13274e-1e23-415d-8a6c-56f06a60a20a-Toyota_Prius_-_Austin_-_1/campaign/processed_json/segments/e6b4bacb-a530-472c-8a4f-cfdd6d463762/part_2/007024.json,43.68046,-92.9700807,0.8241082512010138,77.84,55.44041450777202,59.58549222797927,85.52341597796143,71.06060606060606,67.03,0.8987952319130033,0.9074505757581194,2025-07-07 11:39:01.376
/media/vsi-dev/Lacie_2/mndot_workzone_project/Toyota/campaign_0f13274e-1e23-415d-8a6c-56f06a60a20a-Toyota_Prius_-_Austin_-_1/campaign/processed_json/segments/e6b4bacb-a530-472c-8a4f-cfdd6d463762/part_2/007025.json,43.68046,-92.9700807,0.8192918265687916,77.76,56.476683937823836,59.58549222797927,84.6831955922865,71.04683195592287,67.23,0.9008872394014193,0.908811549560985,2025-07-07 11:39:01.400
/media/vsi-dev/Lacie_2/mndot_workzone_project/Toyota/campaign_0f13274e-1e23-415d-8a6c-56f06a60a20a-Toyota_Prius_-_Austin_-_1/campaign/processed_json/segments/e6b4bacb-a530-472c-8a4f-cfdd6d463762/part_2/007026.json,43.68046,-92.9700807,0.8192918265687916,76.96,56.476683937823836,59.58549222797927,64.21487603305785,72.27272727272728,64.49,0.9290430054664317,0.9103110620397981,2025-07-07 11:39:01.438
/media/vsi-dev/Lacie_2/mndot_workzone_project/Toyota/campaign_0f13274e-1e23-415d-8a6c-56f06a60a20a-Toyota_Prius_-_Austin_-_1/campaign/processed_json/segments/e6b4bacb-a530-472c-8a4f-cfdd6d463762/part_2/007027.json,43.68046,-92.9700807,0.754672220216645,75.67,55.95854922279793,59.58549222797927,93.1267217630854,73.31955922865014,68.64,0.8926170753176959,0.9101907547852731,2025-07-07 11:39:01.471
/media/vsi-dev/Lacie_2/mndot_workzone_project/Toyota/campaign_0f13274e-1e23-415d-8a6c-56f06a60a20a-Toyota_Prius_-_Austin_-_1/campaign/processed_json/segments/e6b4bacb-a530-472c-8a4f-cfdd6d463762/part_2/007028.json,43.68046,-92.9700807,0.762813968492111,75.97,56.994818652849744,60.62176165803109,85.06887052341597,74.51790633608816,68.29,0.9035308468074663,0.910688377688886,2025-07-07 11:39:01.503
/media/vsi-dev/Lacie_2/mndot_workzone_project/Toyota/campaign_0f13274e-1e23-415d-8a6c-56f06a60a20a-Toyota_Prius_-_Austin_-_1/campaign/processed_json/segments/e6b4bacb-a530-472c-8a4f-cfdd6d463762/part_2/007029.json,43.68046,-92.9700807,0.773519517314818,75.89,57.51295336787565,62.17616580310881,67.8374655647383,74.82093663911846,66.48,0.9222990815929376,0.9132937073541625,2025-07-07 11:39:01.535
/media/vsi-dev/Lacie_2/mndot_workzone_project/Toyota/campaign_0f13274e-1e23-415d-8a6c-56f06a60a20a-Toyota_Prius_-_Austin_-_1/campaign/processed_json/segments/e6b4bacb-a530-472c-8a4f-cfdd6d463762/part_2/007030.json,43.68046,-92.9700807,0.7708597267131799,75.93,57.51295336787565,62.17616580310881,83.69146005509643,66.99724517906336,67.55,0.9056596581446382,0.9016360042123069,2025-07-07 11:39:01.577
/media/vsi-dev/Lacie_2/mndot_workzone_project/Toyota/campaign_0f13274e-1e23-415d-8a6c-56f06a60a20a-Toyota_Prius_-_Austin_-_1/campaign/processed_json/segments/e6b4bacb-a530-472c-8a4f-cfdd6d463762/part_2/007031.json,43.68046,-92.9700807,0.7655067816057636,76.36,58.549222797927456,62.17616580310881,82.42424242424242,74.69696969696969,68.88,0.9065537601381228,0.9121405377051689,2025-07-07 11:39:01.607
/media/vsi-dev/Lacie_2/mndot_workzone_project/Toyota/campaign_0f13274e-1e23-415d-8a6c-56f06a60a20a-Toyota_Prius_-_Austin_-_1/campaign/processed_json/segments/e6b4bacb-a530-472c-8a4f-cfdd6d463762/part_2/007032.json,43.68046,-92.9700807,0.754672220216645,75.28,58.549222797927456,62.17616580310881,66.06060606060606,76.00550964187327,66.73,0.9267369790232953,0.9130295170081811,2025-07-07 11:39:01.643
/media/vsi-dev/Lacie_2/mndot_workzone_project/Toyota/campaign_0f13274e-1e23-415d-8a6c-56f06a60a20a-Toyota_Prius_-_Austin_-_1/campaign/processed_json/segments/e6b4bacb-a530-472c-8a4f-cfdd6d463762/part_2/007033.json,43.6804408,-92.9697916,0.762813968492111,75.71,59.58549222797927,62.17616580310881,66.33608815426997,76.19834710743801,67.09,0.9225452784406701,0.9135131013370119,2025-07-07 11:39:01.677
/media/vsi-dev/Lacie_2/mndot_workzone_project/Toyota/campaign_0f13274e-1e23-415d-8a6c-56f06a60a20a-Toyota_Prius_-_Austin_-_1/campaign/processed_json/segments/e6b4bacb-a530-472c-8a4f-cfdd6d463762/part_2/007034.json,43.6804408,-92.9697916,0.7409019083508704,75.81,59.58549222797927,63.212435233160626,82.4931129476584,77.30027548209367,69.91,0.9065297541040092,0.9146548713918855,2025-07-07 11:39:01.707
/media/vsi-dev/Lacie_2/mndot_workzone_project/Toyota/campaign_0f13274e-1e23-415d-8a6c-56f06a60a20a-Toyota_Prius_-_Austin_-_1/campaign/processed_json/segments/e6b4bacb-a530-472c-8a4f-cfdd6d463762/part_2/007035.json,43.6804408,-92.9697916,0.762813968492111,75.59,59.58549222797927,63.212435233160626,61.5426997245179,78.1542699724518,66.94,0.9165238192005116,0.9133160305660841,2025-07-07 11:39:01.739
/media/vsi-dev/Lacie_2/mndot_workzone_project/Toyota/campaign_0f13274e-1e23-415d-8a6c-56f06a60a20a-Toyota_Prius_-_Austin_-_1/campaign/processed_json/segments/e6b4bacb-a530-472c-8a4f-cfdd6d463762/part_2/007036.json,43.6804408,-92.9697916,0.762813968492111,75.75,59.58549222797927,62.17616580310881,78.88429752066116,69.61432506887051,67.85,0.9056529257138541,0.9044390950810953,2025-07-07 11:39:01.779
/media/vsi-dev/Lacie_2/mndot_workzone_project/Toyota/campaign_0f13274e-1e23-415d-8a6c-56f06a60a20a-Toyota_Prius_-_Austin_-_1/campaign/processed_json/segments/e6b4bacb-a530-472c-8a4f-cfdd6d463762/part_2/007037.json,43.6804408,-92.9697916,0.7708597267131799,77.05,62.17616580310881,62.17616580310881,81.5702479338843,75.9641873278237,70.04,0.9070459503796614,0.9129265005106066,2025-07-07 11:39:01.811
/media/vsi-dev/Lacie_2/mndot_workzone_project/Toyota/campaign_0f13274e-1e23-415d-8a6c-56f06a60a20a-Toyota_Prius_-_Austin_-_1/campaign/processed_json/segments/e6b4bacb-a530-472c-8a4f-cfdd6d463762/part_2/007038.json,43.6804408,-92.9697916,0.773519517314818,77.01,61.13989637305699,62.17616580310881,79.39393939393939,77.38292011019283,69.62,0.9083604968137172,0.9138035842543415,2025-07-07 11:39:01.836
/media/vsi-dev/Lacie_2/mndot_workzone_project/Toyota/campaign_0f13274e-1e23-415d-8a6c-56f06a60a20a-Toyota_Prius_-_Austin_-_1/campaign/processed_json/segments/e6b4bacb-a530-472c-8a4f-cfdd6d463762/part_2/007039.json,43.6804408,-92.9697916,0.7708597267131799,77.32,62.17616580310881,63.212435233160626,79.28374655647383,79.42148760330579,70.56,0.9100175987380705,0.9166226884020481,2025-07-07 11:39:01.871
/media/vsi-dev/Lacie_2/mndot_workzone_project/Toyota/campaign_0f13274e-1e23-415d-8a6c-56f06a60a20a-Toyota_Prius_-_Austin_-_1/campaign/processed_json/segments/e6b4bacb-a530-472c-8a4f-cfdd6d463762/part_2/007040.json,43.6804408,-92.9697916,0.7761679594611407,77.68,62.17616580310881,63.212435233160626,80.31680440771349,80.66115702479338,70.9,0.910343599380674,0.9169918611058824,2025-07-07 11:39:01.909
/media/vsi-dev/Lacie_2/mndot_workzone_project/Toyota/campaign_0f13274e-1e23-415d-8a6c-56f06a60a20a-Toyota_Prius_-_Austin_-_1/campaign/processed_json/segments/e6b4bacb-a530-472c-8a4f-cfdd6d463762/part_2/007041.json,43.6804408,-92.9697916,0.773519517314818,76.7,60.62176165803109,63.730569948186535,63.925619834710744,80.42699724517907,68.2,0.9286008284755738,0.9190153878438956,2025-07-07 11:39:01.938
/media/vsi-dev/Lacie_2/mndot_workzone_project/Toyota/campaign_0f13274e-1e23-415d-8a6c-56f06a60a20a-Toyota_Prius_-_Austin_-_1/campaign/processed_json/segments/e6b4bacb-a530-472c-8a4f-cfdd6d463762/part_2/007042.json,43.6804408,-92.9697916,0.7943750580993651,77.58,60.62176165803109,63.730569948186535,62.42424242424243,81.94214876033058,68.22,0.932317893191357,0.9194265392637399,2025-07-07 11:39:01.972
/media/vsi-dev/Lacie_2/mndot_workzone_project/Toyota/campaign_0f13274e-1e23-415d-8a6c-56f06a60a20a-Toyota_Prius_-_Austin_-_1/campaign/processed_json/segments/e6b4bacb-a530-472c-8a4f-cfdd6d463762/part_2/007043.json,43.6804408,-92.9697916,0.7814301186637779,78.18,62.17616580310881,63.730569948186535,79.86225895316804,84.44903581267218,71.57,0.9105682499090131,0.9193671386210385,2025-07-07 11:39:02.009
/media/vsi-dev/Lacie_2/mndot_workzone_project/Toyota/campaign_0f13274e-1e23-415d-8a6c-56f06a60a20a-Toyota_Prius_-_Austin_-_1/campaign/processed_json/segments/e6b4bacb-a530-472c-8a4f-cfdd6d463762/part_2/007044.json,43.6804408,-92.9697916,0.7943750580993651,77.81,62.17616580310881,64.24870466321244,60.02754820936639,83.67768595041323,68.75,0.9331080572028922,0.9206228568913967,2025-07-07 11:39:02.043
/media/vsi-dev/Lacie_2/mndot_workzone_project/Toyota/campaign_0f13274e-1e23-415d-8a6c-56f06a60a20a-Toyota_Prius_-_Austin_-_1/campaign/processed_json/segments/e6b4bacb-a530-472c-8a4f-cfdd6d463762/part_2/007045.json,43.6804408,-92.9697916,0.773519517314818,77.69,62.17616580310881,63.730569948186535,77.43801652892563,84.00826446280992,71.14,0.9098395805942096,0.919575793533181,2025-07-07 11:39:02.079
/media/vsi-dev/Lacie_2/mndot_workzone_project/Toyota/campaign_0f13274e-1e23-415d-8a6c-56f06a60a20a-Toyota_Prius_-_Austin_-_1/campaign/processed_json/segments/e6b4bacb-a530-472c-8a4f-cfdd6d463762/part_2/007046.json,43.6804408,-92.9697916,0.773519517314818,77.44,62.69430051813472,63.730569948186535,73.51239669421487,83.89807162534436,70.66,0.9048020325435701,0.9183949705995031,2025-07-07 11:39:02.109
/media/vsi-dev/Lacie_2/mndot_workzone_project/Toyota/campaign_0f13274e-1e23-415d-8a6c-56f06a60a20a-Toyota_Prius_-_Austin_-_1/campaign/processed_json/segments/e6b4bacb-a530-472c-8a4f-cfdd6d463762/part_2/007047.json,43.6804408,-92.9697916,0.7708597267131799,76.45,60.62176165803109,64.76683937823834,61.11570247933884,80.44077134986226,68.05,0.924199225234329,0.9152975898500049,2025-07-07 11:39:02.148
/media/vsi-dev/Lacie_2/mndot_workzone_project/Toyota/campaign_0f13274e-1e23-415d-8a6c-56f06a60a20a-Toyota_Prius_-_Austin_-_1/campaign/processed_json/segments/e6b4bacb-a530-472c-8a4f-cfdd6d463762/part_2/007048.json,43.6804408,-92.9697916,0.773519517314818,77.27,60.62176165803109,63.730569948186535,74.22865013774104,84.3801652892562,70.22,0.9052653570414744,0.918710993798681,2025-07-07 11:39:02.172
/media/vsi-dev/Lacie_2/mndot_workzone_project/Toyota/campaign_0f13274e-1e23-415d-8a6c-56f06a60a20a-Toyota_Prius_-_Austin_-_1/campaign/processed_json/segments/e6b4bacb-a530-472c-8a4f-cfdd6d463762/part_2/007049.json,43.6804408,-92.9697916,0.7761679594611407,77.76,62.69430051813472,64.24870466321244,75.49586776859503,83.98071625344352,71.13,0.9072449495191726,0.9187780831153383,2025-07-07 11:39:02.208
/media/vsi-dev/Lacie_2/mndot_workzone_project/Toyota/campaign_0f13274e-1e23-415d-8a6c-56f06a60a20a-Toyota_Prius_-_Austin_-_1/campaign/processed_json/segments/e6b4bacb-a530-472c-8a4f-cfdd6d463762/part_2/007050.json,43.6804408,-92.9697916,0.7655067816057636,77.09,62.17616580310881,63.730569948186535,73.00275482093664,84.55922865013774,70.54,0.9065890298144386,0.919236655716252,2025-07-07 11:39:02.245
/media/vsi-dev/Lacie_2/mndot_workzone_project/Toyota/campaign_0f13274e-1e23-415d-8a6c-56f06a60a20a-Toyota_Prius_-_Austin_-_1/campaign/processed_json/segments/e6b4bacb-a530-472c-8a4f-cfdd6d463762/part_2/007051.json,43.6804408,-92.9697916,0.754672220216645,77.06,63.212435233160626,64.76683937823834,73.63636363636363,86.03305785123968,71.48,0.9076780394239149,0.9201154555506907,2025-07-07 11:39:02.276
/media/vsi-dev/Lacie_2/mndot_workzone_project/Toyota/campaign_0f13274e-1e23-415d-8a6c-56f06a60a20a-Toyota_Prius_-_Austin_-_1/campaign/processed_json/segments/e6b4bacb-a530-472c-8a4f-cfdd6d463762/part_2/007052.json,43.6804408,-92.9697916,0.7491933457491512,76.88,62.69430051813472,64.76683937823834,74.0495867768595,87.21763085399449,71.57,0.9072336235763434,0.921189683599935,2025-07-07 11:39:02.304
/media/vsi-dev/Lacie_2/mndot_workzone_project/Toyota/campaign_0f13274e-1e23-415d-8a6c-56f06a60a20a-Toyota_Prius_-_Austin_-_1/campaign/processed_json/segments/e6b4bacb-a530-472c-8a4f-cfdd6d463762/part_2/007053.json,43.6804408,-92.9697916,0.7436752414101351,77.09,63.730569948186535,65.80310880829016,74.94490358126723,88.7190082644628,72.57,0.90899346987107,0.9228082767256286,2025-07-07 11:39:02.342
/media/vsi-dev/Lacie_2/mndot_workzone_project/Toyota/campaign_0f13274e-1e23-415d-8a6c-56f06a60a20a-Toyota_Prius_-_Austin_-_1/campaign/processed_json/segments/e6b4bacb-a530-472c-8a4f-cfdd6d463762/part_2/007054.json,43.6804408,-92.9697916,0.7409019083508704,77.48,64.76683937823834,66.83937823834198,75.09641873278237,92.34159779614325,73.77,0.9096675412438486,0.9243830551937208,2025-07-07 11:39:02.371
/media/vsi-dev/Lacie_2/mndot_workzone_project/Toyota/campaign_0f13274e-1e23-415d-8a6c-56f06a60a20a-Toyota_Prius_-_Austin_-_1/campaign/processed_json/segments/e6b4bacb-a530-472c-8a4f-cfdd6d463762/part_2/007055.json,43.6804408,-92.9697916,0.7325268534506645,76.85,63.730569948186535,66.83937823834198,73.23691460055096,91.47382920110194,73.04,0.9080407017765451,0.9249184904353176,2025-07-07 11:39:02.404
/media/vsi-dev/Lacie_2/mndot_workzone_project/Toyota/campaign_0f13274e-1e23-415d-8a6c-56f06a60a20a-Toyota_Prius_-_Austin_-_1/campaign/processed_json/segments/e6b4bacb-a530-472c-8a4f-cfdd6d463762/part_2/007056.json,43.6804408,-92.9697916,0.7297173913599336,77.03,64.76683937823834,67.35751295336787,73.80165289256199,92.86501377410468,73.8,0.9075491200394565,0.9241077822886706,2025-07-07 11:39:02.438
/media/vsi-dev/Lacie_2/mndot_workzone_project/Toyota/campaign_0f13274e-1e23-415d-8a6c-56f06a60a20a-Toyota_Prius_-_Austin_-_1/campaign/processed_json/segments/e6b4bacb-a530-472c-8a4f-cfdd6d463762/part_2/007057.json,43.6804408,-92.9697916,0.7297173913599336,76.83,64.76683937823834,67.87564766839378,68.91184573002754,94.88980716253444,73.49,0.9009168257349371,0.923706402183569,2025-07-07 11:39:02.475
/media/vsi-dev/Lacie_2/mndot_workzone_project/Toyota/campaign_0f13274e-1e23-415d-8a6c-56f06a60a20a-Toyota_Prius_-_Austin_-_1/campaign/processed_json/segments/e6b4bacb-a530-472c-8a4f-cfdd6d463762/part_2/007058.json,43.6804408,-92.9697916,0.7353275419603107,75.82,64.76683937823834,66.83937823834198,52.57575757575758,87.60330578512396,69.76,0.9315705908298312,0.9183813461521495,2025-07-07 11:39:02.504
/media/vsi-dev/Lacie_2/mndot_workzone_project/Toyota/campaign_0f13274e-1e23-415d-8a6c-56f06a60a20a-Toyota_Prius_-_Austin_-_1/campaign/processed_json/segments/e6b4bacb-a530-472c-8a4f-cfdd6d463762/part_2/007059.json,43.6804408,-92.9697916,0.7212380886762987,76.35,64.76683937823834,66.83937823834198,70.88154269972452,91.80440771349862,73.03,0.9054299027715298,0.9229428504605013,2025-07-07 11:39:02.540
/media/vsi-dev/Lacie_2/mndot_workzone_project/Toyota/campaign_0f13274e-1e23-415d-8a6c-56f06a60a20a-Toyota_Prius_-_Austin_-_1/campaign/processed_json/segments/e6b4bacb-a530-472c-8a4f-cfdd6d463762/part_2/007060.json,43.6804408,-92.9697916,0.7297173913599336,76.89,64.76683937823834,67.87564766839378,69.93112947658402,94.02203856749311,73.53,0.9052303513326732,0.923851037929091,2025-07-07 11:39:02.577
/media/vsi-dev/Lacie_2/mndot_workzone_project/Toyota/campaign_0f13274e-1e23-415d-8a6c-56f06a60a20a-Toyota_Prius_-_Austin_-_1/campaign/processed_json/segments/e6b4bacb-a530-472c-8a4f-cfdd6d463762/part_2/007061.json,43.6804408,-92.9697916,0.7436752414101351,76.62,63.730569948186535,67.87564766839378,51.98347107438016,95.41322314049587,70.86,0.9293753158278587,0.9240236564771267,2025-07-07 11:39:02.608
/media/vsi-dev/Lacie_2/mndot_workzone_project/Toyota/campaign_0f13274e-1e23-415d-8a6c-56f06a60a20a-Toyota_Prius_-_Austin_-_1/campaign/processed_json/segments/e6b4bacb-a530-472c-8a4f-cfdd6d463762/part_2/007062.json,43.6804408,-92.9697916,0.762813968492111,77.26,63.212435233160626,68.9119170984456,45.75757575757576,98.20936639118457,70.5,0.9299376352682809,0.9245353478655515,2025-07-07 11:39:02.639
/media/vsi-dev/Lacie_2/mndot_workzone_project/Toyota/campaign_0f13274e-1e23-415d-8a6c-56f06a60a20a-Toyota_Prius_-_Austin_-_1/campaign/processed_json/segments/e6b4bacb-a530-472c-8a4f-cfdd6d463762/part_2/007063.json,43.6804185,-92.9695128,0.7409019083508704,77.29,63.730569948186535,68.9119170984456,67.96143250688705,95.08264462809917,73.4,0.904332997578127,0.9248495202035553,2025-07-07 11:39:02.674
/media/vsi-dev/Lacie_2/mndot_workzone_project/Toyota/campaign_0f13274e-1e23-415d-8a6c-56f06a60a20a-Toyota_Prius_-_Austin_-_1/campaign/processed_json/segments/e6b4bacb-a530-472c-8a4f-cfdd6d463762/part_2/007064.json,43.6804185,-92.9695128,0.7325268534506645,76.99,63.730569948186535,68.9119170984456,67.7961432506887,95.84022038567494,73.48,0.9038317787207484,0.9253882103035866,2025-07-07 11:39:02.702
/media/vsi-dev/Lacie_2/mndot_workzone_project/Toyota/campaign_0f13274e-1e23-415d-8a6c-56f06a60a20a-Toyota_Prius_-_Austin_-_1/campaign/processed_json/segments/e6b4bacb-a530-472c-8a4f-cfdd6d463762/part_2/007065.json,43.6804185,-92.9695128,0.7212380886762987,76.74,64.76683937823834,68.9119170984456,67.82369146005509,97.13498622589532,73.99,0.9033872174920429,0.9258621994018642,2025-07-07 11:39:02.737
/media/vsi-dev/Lacie_2/mndot_workzone_project/Toyota/campaign_0f13274e-1e23-415d-8a6c-56f06a60a20a-Toyota_Prius_-_Austin_-_1/campaign/processed_json/segments/e6b4bacb-a530-472c-8a4f-cfdd6d463762/part_2/007066.json,43.6804185,-92.9695128,0.7409019083508704,76.62,63.212435233160626,68.9119170984456,49.6831955922865,98.31955922865014,71.11,0.9280125207711586,0.9255654409498338,2025-07-07 11:39:02.773
/media/vsi-dev/Lacie_2/mndot_workzone_project/Toyota/campaign_0f13274e-1e23-415d-8a6c-56f06a60a20a-Toyota_Prius_-_Austin_-_1/campaign/processed_json/segments/e6b4bacb-a530-472c-8a4f-cfdd6d463762/part_2/007067.json,43.6804185,-92.9695128,0.7126860334510969,76.49,65.80310880829016,68.9119170984456,67.23140495867769,97.4931129476584,74.26,0.902318048713664,0.925204548712431,2025-07-07 11:39:02.808
/media/vsi-dev/Lacie_2/mndot_workzone_project/Toyota/campaign_0f13274e-1e23-415d-8a6c-56f06a60a20a-Toyota_Prius_-_Austin_-_1/campaign/processed_json/segments/e6b4bacb-a530-472c-8a4f-cfdd6d463762/part_2/007068.json,43.6804185,-92.9695128,0.7353275419603107,76.28,63.212435233160626,69.94818652849742,46.99724517906336,98.65013774104683,71.03,0.9211455395979159,0.9248005411426885,2025-07-07 11:39:02.842
/media/vsi-dev/Lacie_2/mndot_workzone_project/Toyota/campaign_0f13274e-1e23-415d-8a6c-56f06a60a20a-Toyota_Prius_-_Austin_-_1/campaign/processed_json/segments/e6b4bacb-a530-472c-8a4f-cfdd6d463762/part_2/007069.json,43.6804185,-92.9695128,0.7601104896715555,76.9,63.730569948186535,69.94818652849742,47.451790633608816,90.67493112947659,70.06,0.9284514296393448,0.918391419078429,2025-07-07 11:39:02.879
/media/vsi-dev/Lacie_2/mndot_workzone_project/Toyota/campaign_0f13274e-1e23-415d-8a6c-56f06a60a20a-Toyota_Prius_-_Austin_-_1/campaign/processed_json/segments/e6b4bacb-a530-472c-8a4f-cfdd6d463762/part_2/007070.json,43.6804185,-92.9695128,0.7601104896715555,77.13,63.212435233160626,68.9119170984456,47.57575757575758,96.68044077134986,70.53,0.9273911759319212,0.9244362895595023,2025-07-07 11:39:02.905
/media/vsi-dev/Lacie_2/mndot_workzone_project/Toyota/campaign_0f13274e-1e23-415d-8a6c-56f06a60a20a-Toyota_Prius_-_Austin_-_1/campaign/processed_json/segments/e6b4bacb-a530-472c-8a4f-cfdd6d463762/part_2/007071.json,43.6804185,-92.9695128,0.7519377727182122,76.75,60.62176165803109,69.94818652849742,47.768595041322314,99.7107438016529,70.52,0.9230079330139058,0.9230237856626798,2025-07-07 11:39:02.937
/media/vsi-dev/Lacie_2/mndot_workzone_project/Toyota/campaign_0f13274e-1e23-415d-8a6c-56f06a60a20a-Toyota_Prius_-_Austin_-_1/campaign/processed_json/segments/e6b4bacb-a530-472c-8a4f-cfdd6d463762/part_2/007072.json,43.6804185,-92.9695128,0.7098199856330962,76.29,64.76683937823834,69.43005181347151,65.81267217630854,99.62809917355372,74.19,0.8986685701006702,0.9234095822492613,2025-07-07 11:39:02.971
/media/vsi-dev/Lacie_2/mndot_workzone_project/Toyota/campaign_0f13274e-1e23-415d-8a6c-56f06a60a20a-Toyota_Prius_-_Austin_-_1/campaign/processed_json/segments/e6b4bacb-a530-472c-8a4f-cfdd6d463762/part_2/007073.json,43.6804185,-92.9695128,0.7212380886762987,75.81,63.212435233160626,69.94818652849742,45.64738292011019,100.0,71.06,0.9290881907029783,0.9244775839316944,2025-07-07 11:39:03.005
/media/vsi-dev/Lacie_2/mndot_workzone_project/Toyota/campaign_0f13274e-1e23-415d-8a6c-56f06a60a20a-Toyota_Prius_-_Austin_-_1/campaign/processed_json/segments/e6b4bacb-a530-472c-8a4f-cfdd6d463762/part_2/007074.json,43.6804185,-92.9695128,0.6866398445471458,76.16,67.87564766839378,71.50259067357513,67.58953168044077,100.0,76.08,0.9013424635951187,0.925273368518505,2025-07-07 11:39:03.043
/media/vsi-dev/Lacie_2/mndot_workzone_project/Toyota/campaign_0f13274e-1e23-415d-8a6c-56f06a60a20a-Toyota_Prius_-_Austin_-_1/campaign/processed_json/segments/e6b4bacb-a530-472c-8a4f-cfdd6d463762/part_2/007075.json,43.6804185,-92.9695128,0.6866398445471458,74.54,63.212435233160626,72.02072538860104,41.955922865013775,100.0,71.17,0.9358765206367159,0.9251450470498255,2025-07-07 11:39:03.073
/media/vsi-dev/Lacie_2/mndot_workzone_project/Toyota/campaign_0f13274e-1e23-415d-8a6c-56f06a60a20a-Toyota_Prius_-_Austin_-_1/campaign/processed_json/segments/e6b4bacb-a530-472c-8a4f-cfdd6d463762/part_2/007076.json,43.6804185,-92.9695128,0.6953822715500352,75.16,63.212435233160626,72.02072538860104,48.51239669421488,100.0,72.1,0.9260113339625117,0.9249144481523487,2025-07-07 11:39:03.107
/media/vsi-dev/Lacie_2/mndot_workzone_project/Toyota/campaign_0f13274e-1e23-415d-8a6c-56f06a60a20a-Toyota_Prius_-_Austin_-_1/campaign/processed_json/segments/e6b4bacb-a530-472c-8a4f-cfdd6d463762/part_2/007077.json,43.6804185,-92.9695128,0.7098199856330962,76.85,66.83937823834198,71.50259067357513,66.14325068870524,100.0,75.55,0.8991467257355729,0.9250539891663409,2025-07-07 11:39:03.142
/media/vsi-dev/Lacie_2/mndot_workzone_project/Toyota/campaign_0f13274e-1e23-415d-8a6c-56f06a60a20a-Toyota_Prius_-_Austin_-_1/campaign/processed_json/segments/e6b4bacb-a530-472c-8a4f-cfdd6d463762/part_2/007078.json,43.6804185,-92.9695128,0.6895602369310992,76.39,68.39378238341969,72.02072538860104,67.47933884297521,100.0,76.37,0.9001159748762138,0.9254192145323845,2025-07-07 11:39:03.172
/media/vsi-dev/Lacie_2/mndot_workzone_project/Toyota/campaign_0f13274e-1e23-415d-8a6c-56f06a60a20a-Toyota_Prius_-_Austin_-_1/campaign/processed_json/segments/e6b4bacb-a530-472c-8a4f-cfdd6d463762/part_2/007079.json,43.6804185,-92.9695128,0.7011781645432069,74.4,60.62176165803109,70.98445595854922,40.56473829201102,100.0,69.79,0.9188225394346063,0.9249433301509188,2025-07-07 11:39:03.208
/media/vsi-dev/Lacie_2/mndot_workzone_project/Toyota/campaign_0f13274e-1e23-415d-8a6c-56f06a60a20a-Toyota_Prius_-_Austin_-_1/campaign/processed_json/segments/e6b4bacb-a530-472c-8a4f-cfdd6d463762/part_2/007080.json,43.6804185,-92.9695128,0.6778432162765209,75.44,66.83937823834198,71.50259067357513,64.50413223140495,100.0,75.29,0.8967604511013288,0.924731547868603,2025-07-07 11:39:03.245
/media/vsi-dev/Lacie_2/mndot_workzone_project/Toyota/campaign_0f13274e-1e23-415d-8a6c-56f06a60a20a-Toyota_Prius_-_Austin_-_1/campaign/processed_json/segments/e6b4bacb-a530-472c-8a4f-cfdd6d463762/part_2/007081.json,43.6804185,-92.9695128,0.6953822715500352,69.87,65.80310880829016,70.98445595854922,63.209366391184574,0.0,59.62,0.8963678865999309,0.924305271431133,2025-07-07 11:39:03.276
/media/vsi-dev/Lacie_2/mndot_workzone_project/Toyota/campaign_0f13274e-1e23-415d-8a6c-56f06a60a20a-Toyota_Prius_-_Austin_-_1/campaign/processed_json/segments/e6b4bacb-a530-472c-8a4f-cfdd6d463762/part_2/007082.json,43.6804185,-92.9695128,0.7069465435098791,68.99,61.13989637305699,71.50259067357513,43.705234159779614,0.013774104683195591,55.59,0.9228703219563582,0.9246946235639979,2025-07-07 11:39:03.306
/media/vsi-dev/Lacie_2/mndot_workzone_project/Toyota/campaign_0f13274e-1e23-415d-8a6c-56f06a60a20a-Toyota_Prius_-_Austin_-_1/campaign/processed_json/segments/e6b4bacb-a530-472c-8a4f-cfdd6d463762/part_2/007083.json,43.6804185,-92.9695128,0.7126860334510969,75.18,61.13989637305699,70.98445595854922,43.95316804407713,100.0,70.47,0.9230551568932363,0.9250246149427046,2025-07-07 11:39:03.337
/media/vsi-dev/Lacie_2/mndot_workzone_project/Toyota/campaign_0f13274e-1e23-415d-8a6c-56f06a60a20a-Toyota_Prius_-_Austin_-_1/campaign/processed_json/segments/e6b4bacb-a530-472c-8a4f-cfdd6d463762/part_2/007084.json,43.6804185,-92.9695128,0.7098199856330962,75.06,60.10362694300518,73.05699481865285,41.26721763085399,100.0,70.39,0.9261074800141629,0.9252379699013511,2025-07-07 11:39:03.380
/media/vsi-dev/Lacie_2/mndot_workzone_project/Toyota/campaign_0f13274e-1e23-415d-8a6c-56f06a60a20a-Toyota_Prius_-_Austin_-_1/campaign/processed_json/segments/e6b4bacb-a530-472c-8a4f-cfdd6d463762/part_2/007085.json,43.6804185,-92.9695128,0.718395257301337,77.16,68.39378238341969,72.02072538860104,63.25068870523416,100.0,75.69,0.8920591517229568,0.9228126542787729,2025-07-07 11:39:03.404
/media/vsi-dev/Lacie_2/mndot_workzone_project/Toyota/campaign_0f13274e-1e23-415d-8a6c-56f06a60a20a-Toyota_Prius_-_Austin_-_1/campaign/processed_json/segments/e6b4bacb-a530-472c-8a4f-cfdd6d463762/part_2/007086.json,43.6804185,-92.9695128,0.7240728364653515,69.67,60.10362694300518,73.05699481865285,40.371900826446286,0.7300275482093663,55.39,0.9291213491867006,0.9254993319984678,2025-07-07 11:39:03.435
/media/vsi-dev/Lacie_2/mndot_workzone_project/Toyota/campaign_0f13274e-1e23-415d-8a6c-56f06a60a20a-Toyota_Prius_-_Austin_-_1/campaign/processed_json/segments/e6b4bacb-a530-472c-8a4f-cfdd6d463762/part_2/007087.json,43.6804185,-92.9695128,0.7126860334510969,77.11,67.35751295336787,72.53886010362694,65.50964187327824,100.0,75.91,0.8975309754392199,0.9259678856178767,2025-07-07 11:39:03.471
/media/vsi-dev/Lacie_2/mndot_workzone_project/Toyota/campaign_0f13274e-1e23-415d-8a6c-56f06a60a20a-Toyota_Prius_-_Austin_-_1/campaign/processed_json/segments/e6b4bacb-a530-472c-8a4f-cfdd6d463762/part_2/007088.json,43.6804185,-92.9695128,0.6866398445471458,76.36,67.35751295336787,74.61139896373057,66.18457300275482,100.0,76.64,0.8987542588825695,0.9254186948197964,2025-07-07 11:39:03.504
/media/vsi-dev/Lacie_2/mndot_workzone_project/Toyota/campaign_0f13274e-1e23-415d-8a6c-56f06a60a20a-Toyota_Prius_-_Austin_-_1/campaign/processed_json/segments/e6b4bacb-a530-472c-8a4f-cfdd6d463762/part_2/007089.json,43.6804185,-92.9695128,0.6982835714577984,76.66,67.35751295336787,73.05699481865285,66.11570247933885,100.0,76.17,0.8998641679995618,0.9262324581707799,2025-07-07 11:39:03.535
/media/vsi-dev/Lacie_2/mndot_workzone_project/Toyota/campaign_0f13274e-1e23-415d-8a6c-56f06a60a20a-Toyota_Prius_-_Austin_-_1/campaign/processed_json/segments/e6b4bacb-a530-472c-8a4f-cfdd6d463762/part_2/007090.json,43.6804185,-92.9695128,0.674899757550713,75.9,67.35751295336787,74.61139896373057,65.70247933884298,100.0,76.58,0.9004227953744653,0.9266874535120153,2025-07-07 11:39:03.569
/media/vsi-dev/Lacie_2/mndot_workzone_project/Toyota/campaign_0f13274e-1e23-415d-8a6c-56f06a60a20a-Toyota_Prius_-_Austin_-_1/campaign/processed_json/segments/e6b4bacb-a530-472c-8a4f-cfdd6d463762/part_2/007091.json,43.6804185,-92.9695128,0.674899757550713,75.81,67.87564766839378,74.61139896373057,63.88429752066116,100.0,76.45,0.896656672384575,0.9266303883907412,2025-07-07 11:39:03.604
/media/vsi-dev/Lacie_2/mndot_workzone_project/Toyota/campaign_0f13274e-1e23-415d-8a6c-56f06a60a20a-Toyota_Prius_-_Austin_-_1/campaign/processed_json/segments/e6b4bacb-a530-472c-8a4f-cfdd6d463762/part_2/007092.json,43.6804185,-92.9695128,0.6660380099723792,75.57,67.87564766839378,74.61139896373057,65.55096418732782,100.0,76.7,0.8980788887364458,0.9268794825810859,2025-07-07 11:39:03.634
/media/vsi-dev/Lacie_2/mndot_workzone_project/Toyota/campaign_0f13274e-1e23-415d-8a6c-56f06a60a20a-Toyota_Prius_-_Austin_-_1/campaign/processed_json/segments/e6b4bacb-a530-472c-8a4f-cfdd6d463762/part_2/007093.json,43.6804185,-92.9695128,0.6571327532561833,75.13,67.87564766839378,74.61139896373057,64.64187327823691,100.0,76.55,0.8966324783000389,0.9257497456589439,2025-07-07 11:39:03.679
/media/vsi-dev/Lacie_2/mndot_workzone_project/Toyota/campaign_0f13274e-1e23-415d-8a6c-56f06a60a20a-Toyota_Prius_-_Austin_-_1/campaign/processed_json/segments/e6b4bacb-a530-472c-8a4f-cfdd6d463762/part_2/007094.json,43.6803844,-92.9692478,0.6422062809201782,74.62,68.9119170984456,74.61139896373057,64.25619834710744,100.0,76.8,0.8958090257906292,0.9257867034262605,2025-07-07 11:39:03.706
/media/vsi-dev/Lacie_2/mndot_workzone_project/Toyota/campaign_0f13274e-1e23-415d-8a6c-56f06a60a20a-Toyota_Prius_-_Austin_-_1/campaign/processed_json/segments/e6b4bacb-a530-472c-8a4f-cfdd6d463762/part_2/007095.json,43.6803844,-92.9692478,0.6511739856666923,72.93,60.10362694300518,75.12953367875647,41.33608815426997,100.0,71.01,0.9220156918502476,0.9261485444821623,2025-07-07 11:39:03.740
/media/vsi-dev/Lacie_2/mndot_workzone_project/Toyota/campaign_0f13274e-1e23-415d-8a6c-56f06a60a20a-Toyota_Prius_-_Austin_-_1/campaign/processed_json/segments/e6b4bacb-a530-472c-8a4f-cfdd6d463762/part_2/007096.json,43.6803844,-92.9692478,0.6241808649622274,73.74,67.87564766839378,74.61139896373057,63.746556473829195,100.0,76.41,0.8950938076478259,0.9260158289820661,2025-07-07 11:39:03.775
/media/vsi-dev/Lacie_2/mndot_workzone_project/Toyota/campaign_0f13274e-1e23-415d-8a6c-56f06a60a20a-Toyota_Prius_-_Austin_-_1/campaign/processed_json/segments/e6b4bacb-a530-472c-8a4f-cfdd6d463762/part_2/007097.json,43.6803844,-92.9692478,0.6392098295052284,74.45,67.87564766839378,75.12953367875647,64.25619834710744,100.0,76.65,0.8960903748996033,0.9263790224578309,2025-07-07 11:39:03.804
/media/vsi-dev/Lacie_2/mndot_workzone_project/Toyota/campaign_0f13274e-1e23-415d-8a6c-56f06a60a20a-Toyota_Prius_-_Austin_-_1/campaign/processed_json/segments/e6b4bacb-a530-472c-8a4f-cfdd6d463762/part_2/007098.json,43.6803844,-92.9692478,0.6302011365209306,74.06,67.87564766839378,75.12953367875647,63.705234159779614,100.0,76.57,0.8955914148658448,0.9269527933313324,2025-07-07 11:39:03.841
/media/vsi-dev/Lacie_2/mndot_workzone_project/Toyota/campaign_0f13274e-1e23-415d-8a6c-56f06a60a20a-Toyota_Prius_-_Austin_-_1/campaign/processed_json/segments/e6b4bacb-a530-472c-8a4f-cfdd6d463762/part_2/007099.json,43.6803844,-92.9692478,0.6211668753736896,73.8,68.39378238341969,75.12953367875647,64.42148760330578,100.0,76.83,0.8951771030730884,0.9271348108268594,2025-07-07 11:39:03.878
/media/vsi-dev/Lacie_2/mndot_workzone_project/Toyota/campaign_0f13274e-1e23-415d-8a6c-56f06a60a20a-Toyota_Prius_-_Austin_-_1/campaign/processed_json/segments/e6b4bacb-a530-472c-8a4f-cfdd6d463762/part_2/007100.json,43.6803844,-92.9692478,0.6211668753736896,73.77,67.87564766839378,75.12953367875647,65.0,100.0,76.76,0.895234566345753,0.9265767488109662,2025-07-07 11:39:03.903
/media/vsi-dev/Lacie_2/mndot_workzone_project/Toyota/campaign_0f13274e-1e23-415d-8a6c-56f06a60a20a-Toyota_Prius_-_Austin_-_1/campaign/processed_json/segments/e6b4bacb-a530-472c-8a4f-cfdd6d463762/part_2/007101.json,43.6803844,-92.9692478,0.6060648488480872,73.15,67.87564766839378,75.12953367875647,64.42148760330578,100.0,76.68,0.8968604643589504,0.9265828797893361,2025-07-07 11:39:03.939
/media/vsi-dev/Lacie_2/mndot_workzone_project/Toyota/campaign_0f13274e-1e23-415d-8a6c-56f06a60a20a-Toyota_Prius_-_Austin_-_1/campaign/processed_json/segments/e6b4bacb-a530-472c-8a4f-cfdd6d463762/part_2/007102.json,43.6803844,-92.9692478,0.6090889964145837,73.07,66.83937823834198,75.12953367875647,63.443526170798904,100.0,76.22,0.8950629327517979,0.9268144500050862,2025-07-07 11:39:03.975
/media/vsi-dev/Lacie_2/mndot_workzone_project/Toyota/campaign_0f13274e-1e23-415d-8a6c-56f06a60a20a-Toyota_Prius_-_Austin_-_1/campaign/processed_json/segments/e6b4bacb-a530-472c-8a4f-cfdd6d463762/part_2/007103.json,43.6803844,-92.9692478,0.6090889964145837,72.83,66.32124352331607,75.12953367875647,61.03305785123967,100.0,75.69,0.8928171639264219,0.926699035749753,2025-07-07 11:39:04.024
/media/vsi-dev/Lacie_2/mndot_workzone_project/Toyota/campaign_0f13274e-1e23-415d-8a6c-56f06a60a20a-Toyota_Prius_-_Austin_-_1/campaign/processed_json/segments/e6b4bacb-a530-472c-8a4f-cfdd6d463762/part_2/007104.json,43.6803844,-92.9692478,0.618150532664574,73.12,66.32124352331607,75.12953367875647,61.887052341597794,99.15977961432507,75.66,0.8940643216247282,0.919252843306402,2025-07-07 11:39:04.041
/media/vsi-dev/Lacie_2/mndot_workzone_project/Toyota/campaign_0f13274e-1e23-415d-8a6c-56f06a60a20a-Toyota_Prius_-_Austin_-_1/campaign/processed_json/segments/e6b4bacb-a530-472c-8a4f-cfdd6d463762/part_2/007105.json,43.6803844,-92.9692478,0.6211668753736896,73.36,66.32124352331607,75.12953367875647,61.63911845730028,100.0,75.78,0.8931736453383322,0.927008511189062,2025-07-07 11:39:04.077
/media/vsi-dev/Lacie_2/mndot_workzone_project/Toyota/campaign_0f13274e-1e23-415d-8a6c-56f06a60a20a-Toyota_Prius_-_Austin_-_1/campaign/processed_json/segments/e6b4bacb-a530-472c-8a4f-cfdd6d463762/part_2/007106.json,43.6803844,-92.9692478,0.6332070929827366,73.61,65.28497409326425,75.12953367875647,60.08264462809917,100.0,75.23,0.8923076488167231,0.9266352330562247,2025-07-07 11:39:04.111
/media/vsi-dev/Lacie_2/mndot_workzone_project/Toyota/campaign_0f13274e-1e23-415d-8a6c-56f06a60a20a-Toyota_Prius_-_Austin_-_1/campaign/processed_json/segments/e6b4bacb-a530-472c-8a4f-cfdd6d463762/part_2/007107.json,43.6803844,-92.9692478,0.6571327532561833,72.33,55.95854922279793,75.12953367875647,36.239669421487605,100.0,68.99,0.9170536674638532,0.9277049584060848,2025-07-07 11:39:04.135
/media/vsi-dev/Lacie_2/mndot_workzone_project/Toyota/campaign_0f13274e-1e23-415d-8a6c-56f06a60a20a-Toyota_Prius_-_Austin_-_1/campaign/processed_json/segments/e6b4bacb-a530-472c-8a4f-cfdd6d463762/part_2/007108.json,43.6803844,-92.9692478,0.6778432162765209,72.04,50.259067357512954,74.61139896373057,28.994490358126722,100.0,66.06,0.9230313271628507,0.9273664370130535,2025-07-07 11:39:04.170
/media/vsi-dev/Lacie_2/mndot_workzone_project/Toyota/campaign_0f13274e-1e23-415d-8a6c-56f06a60a20a-Toyota_Prius_-_Austin_-_1/campaign/processed_json/segments/e6b4bacb-a530-472c-8a4f-cfdd6d463762/part_2/007109.json,43.6803844,-92.9692478,0.674899757550713,75.3,66.83937823834198,74.61139896373057,58.63636363636363,100.0,75.32,0.8904815106063286,0.9269944207135674,2025-07-07 11:39:04.215
/media/vsi-dev/Lacie_2/mndot_workzone_project/Toyota/campaign_0f13274e-1e23-415d-8a6c-56f06a60a20a-Toyota_Prius_-_Austin_-_1/campaign/processed_json/segments/e6b4bacb-a530-472c-8a4f-cfdd6d463762/part_2/007110.json,43.6803844,-92.9692478,0.6778432162765209,75.26,66.32124352331607,74.61139896373057,57.30027548209367,100.0,74.96,0.8888730045229122,0.9274623994916867,2025-07-07 11:39:04.243
/media/vsi-dev/Lacie_2/mndot_workzone_project/Toyota/campaign_0f13274e-1e23-415d-8a6c-56f06a60a20a-Toyota_Prius_-_Austin_-_1/campaign/processed_json/segments/e6b4bacb-a530-472c-8a4f-cfdd6d463762/part_2/007111.json,43.6803844,-92.9692478,0.6866398445471458,75.71,66.83937823834198,74.61139896373057,57.878787878787875,100.0,75.2,0.889118883704606,0.9277858477505287,2025-07-07 11:39:04.277
/media/vsi-dev/Lacie_2/mndot_workzone_project/Toyota/campaign_0f13274e-1e23-415d-8a6c-56f06a60a20a-Toyota_Prius_-_Austin_-_1/campaign/processed_json/segments/e6b4bacb-a530-472c-8a4f-cfdd6d463762/part_2/007112.json,43.6803844,-92.9692478,0.7011781645432069,76.12,66.83937823834198,73.05699481865285,58.07162534435262,100.0,74.76,0.888892464092815,0.9276127346665136,2025-07-07 11:39:04.303
/media/vsi-dev/Lacie_2/mndot_workzone_project/Toyota/campaign_0f13274e-1e23-415d-8a6c-56f06a60a20a-Toyota_Prius_-_Austin_-_1/campaign/processed_json/segments/e6b4bacb-a530-472c-8a4f-cfdd6d463762/part_2/007113.json,43.6803844,-92.9692478,0.6982835714577984,75.8,65.80310880829016,72.53886010362694,57.906336088154276,100.0,74.27,0.888582584391346,0.9274600828136991,2025-07-07 11:39:04.340
/media/vsi-dev/Lacie_2/mndot_workzone_project/Toyota/campaign_0f13274e-1e23-415d-8a6c-56f06a60a20a-Toyota_Prius_-_Austin_-_1/campaign/processed_json/segments/e6b4bacb-a530-472c-8a4f-cfdd6d463762/part_2/007114.json,43.6803844,-92.9692478,0.6953822715500352,75.57,65.80310880829016,72.02072538860104,57.162534435261705,100.0,74.0,0.8878189207648157,0.9280291295740359,2025-07-07 11:39:04.372
/media/vsi-dev/Lacie_2/mndot_workzone_project/Toyota/campaign_0f13274e-1e23-415d-8a6c-56f06a60a20a-Toyota_Prius_-_Austin_-_1/campaign/processed_json/segments/e6b4bacb-a530-472c-8a4f-cfdd6d463762/part_2/007115.json,43.6803844,-92.9692478,0.6807811637638808,75.2,66.32124352331607,72.53886010362694,58.29201101928375,100.0,74.49,0.8878420124199325,0.9290759746905615,2025-07-07 11:39:04.405
/media/vsi-dev/Lacie_2/mndot_workzone_project/Toyota/campaign_0f13274e-1e23-415d-8a6c-56f06a60a20a-Toyota_Prius_-_Austin_-_1/campaign/processed_json/segments/e6b4bacb-a530-472c-8a4f-cfdd6d463762/part_2/007116.json,43.6803844,-92.9692478,0.6778432162765209,75.02,65.80310880829016,72.02072538860104,58.70523415977962,100.0,74.26,0.8906132451222244,0.9298131839413831,2025-07-07 11:39:04.438
/media/vsi-dev/Lacie_2/mndot_workzone_project/Toyota/campaign_0f13274e-1e23-415d-8a6c-56f06a60a20a-Toyota_Prius_-_Austin_-_1/campaign/processed_json/segments/e6b4bacb-a530-472c-8a4f-cfdd6d463762/part_2/007117.json,43.6803844,-92.9692478,0.674899757550713,74.99,65.28497409326425,73.05699481865285,58.84297520661157,100.0,74.44,0.8910430077678786,0.9310066970722387,2025-07-07 11:39:04.469
/media/vsi-dev/Lacie_2/mndot_workzone_project/Toyota/campaign_0f13274e-1e23-415d-8a6c-56f06a60a20a-Toyota_Prius_-_Austin_-_1/campaign/processed_json/segments/e6b4bacb-a530-472c-8a4f-cfdd6d463762/part_2/007118.json,43.6803844,-92.9692478,0.6807811637638808,72.73,54.40414507772021,72.53886010362694,33.96694214876033,100.0,67.44,0.9209466977572519,0.9310361516286569,2025-07-07 11:39:04.502
/media/vsi-dev/Lacie_2/mndot_workzone_project/Toyota/campaign_0f13274e-1e23-415d-8a6c-56f06a60a20a-Toyota_Prius_-_Austin_-_1/campaign/processed_json/segments/e6b4bacb-a530-472c-8a4f-cfdd6d463762/part_2/007119.json,43.6803844,-92.9692478,0.6511739856666923,74.09,66.32124352331607,72.02072538860104,59.807162534435264,100.0,74.58,0.8905436675125511,0.9302266657064342,2025-07-07 11:39:04.536
/media/vsi-dev/Lacie_2/mndot_workzone_project/Toyota/campaign_0f13274e-1e23-415d-8a6c-56f06a60a20a-Toyota_Prius_-_Austin_-_1/campaign/processed_json/segments/e6b4bacb-a530-472c-8a4f-cfdd6d463762/part_2/007120.json,43.6803844,-92.9692478,0.6451992345182813,73.98,66.32124352331607,73.05699481865285,59.683195592286495,100.0,74.88,0.8905475261168205,0.9312710514861913,2025-07-07 11:39:04.573
/media/vsi-dev/Lacie_2/mndot_workzone_project/Toyota/campaign_0f13274e-1e23-415d-8a6c-56f06a60a20a-Toyota_Prius_-_Austin_-_1/campaign/processed_json/segments/e6b4bacb-a530-472c-8a4f-cfdd6d463762/part_2/007121.json,43.6803844,-92.9692478,0.6392098295052284,73.5,66.32124352331607,72.02072538860104,58.484848484848484,100.0,74.37,0.8884767578352963,0.9296612506579476,2025-07-07 11:39:04.605
/media/vsi-dev/Lacie_2/mndot_workzone_project/Toyota/campaign_0f13274e-1e23-415d-8a6c-56f06a60a20a-Toyota_Prius_-_Austin_-_1/campaign/processed_json/segments/e6b4bacb-a530-472c-8a4f-cfdd6d463762/part_2/007122.json,43.6803844,-92.9692478,0.6392098295052284,73.75,66.32124352331607,74.61139896373057,57.68595041322314,100.0,75.02,0.8875951472521264,0.9301691123953482,2025-07-07 11:39:04.635
/media/vsi-dev/Lacie_2/mndot_workzone_project/Toyota/campaign_0f13274e-1e23-415d-8a6c-56f06a60a20a-Toyota_Prius_-_Austin_-_1/campaign/processed_json/segments/e6b4bacb-a530-472c-8a4f-cfdd6d463762/part_2/007123.json,43.6803486,-92.9689979,0.6392098295052284,73.36,65.80310880829016,73.05699481865285,55.81267217630854,100.0,74.11,0.8853287522606961,0.9298287329759934,2025-07-07 11:39:04.685
/media/vsi-dev/Lacie_2/mndot_workzone_project/Toyota/campaign_0f13274e-1e23-415d-8a6c-56f06a60a20a-Toyota_Prius_-_Austin_-_1/campaign/processed_json/segments/e6b4bacb-a530-472c-8a4f-cfdd6d463762/part_2/007124.json,43.6803486,-92.9689979,0.6241808649622274,73.03,65.80310880829016,74.61139896373057,57.02479338842975,100.0,74.76,0.8861398007566285,0.9301607068850328,2025-07-07 11:39:04.711
/media/vsi-dev/Lacie_2/mndot_workzone_project/Toyota/campaign_0f13274e-1e23-415d-8a6c-56f06a60a20a-Toyota_Prius_-_Austin_-_1/campaign/processed_json/segments/e6b4bacb-a530-472c-8a4f-cfdd6d463762/part_2/007125.json,43.6803486,-92.9689979,0.6422062809201782,73.44,65.28497409326425,74.09326424870466,54.88980716253443,100.0,74.1,0.8821290192340322,0.9291852199318336,2025-07-07 11:39:04.745
/media/vsi-dev/Lacie_2/mndot_workzone_project/Toyota/campaign_0f13274e-1e23-415d-8a6c-56f06a60a20a-Toyota_Prius_-_Austin_-_1/campaign/processed_json/segments/e6b4bacb-a530-472c-8a4f-cfdd6d463762/part_2/007126.json,43.6803486,-92.9689979,0.6541554507860972,73.88,64.76683937823834,73.05699481865285,56.80440771349863,100.0,73.94,0.8852074023865794,0.9289718102665534,2025-07-07 11:39:04.771
/media/vsi-dev/Lacie_2/mndot_workzone_project/Toyota/campaign_0f13274e-1e23-415d-8a6c-56f06a60a20a-Toyota_Prius_-_Austin_-_1/campaign/processed_json/segments/e6b4bacb-a530-472c-8a4f-cfdd6d463762/part_2/007127.json,43.6803486,-92.9689979,0.6778432162765209,74.73,65.80310880829016,73.05699481865285,54.00826446280992,100.0,73.81,0.8808152094813586,0.9287278297895573,2025-07-07 11:39:04.806
/media/vsi-dev/Lacie_2/mndot_workzone_project/Toyota/campaign_0f13274e-1e23-415d-8a6c-56f06a60a20a-Toyota_Prius_-_Austin_-_1/campaign/processed_json/segments/e6b4bacb-a530-472c-8a4f-cfdd6d463762/part_2/007128.json,43.6803486,-92.9689979,0.6807811637638808,74.7,63.730569948186535,73.05699481865285,54.61432506887053,100.0,73.3,0.8858601485084704,0.9291001796372284,2025-07-07 11:39:04.840
/media/vsi-dev/Lacie_2/mndot_workzone_project/Toyota/campaign_0f13274e-1e23-415d-8a6c-56f06a60a20a-Toyota_Prius_-_Austin_-_1/campaign/processed_json/segments/e6b4bacb-a530-472c-8a4f-cfdd6d463762/part_2/007129.json,43.6803486,-92.9689979,0.6953822715500352,75.4,64.76683937823834,72.53886010362694,55.53719008264463,100.0,73.6,0.8859923996851318,0.9289538626464251,2025-07-07 11:39:04.881
/media/vsi-dev/Lacie_2/mndot_workzone_project/Toyota/campaign_0f13274e-1e23-415d-8a6c-56f06a60a20a-Toyota_Prius_-_Austin_-_1/campaign/processed_json/segments/e6b4bacb-a530-472c-8a4f-cfdd6d463762/part_2/007130.json,43.6803486,-92.9689979,0.7011781645432069,75.48,62.69430051813472,74.09326424870466,54.29752066115703,100.0,73.25,0.8841636858798726,0.9295053454894218,2025-07-07 11:39:04.908
/media/vsi-dev/Lacie_2/mndot_workzone_project/Toyota/campaign_0f13274e-1e23-415d-8a6c-56f06a60a20a-Toyota_Prius_-_Austin_-_1/campaign/processed_json/segments/e6b4bacb-a530-472c-8a4f-cfdd6d463762/part_2/007131.json,43.6803486,-92.9689979,0.7069465435098791,75.94,64.76683937823834,73.05699481865285,55.04132231404959,100.0,73.7,0.8874096245260874,0.9310651942887915,2025-07-07 11:39:04.947
/media/vsi-dev/Lacie_2/mndot_workzone_project/Toyota/campaign_0f13274e-1e23-415d-8a6c-56f06a60a20a-Toyota_Prius_-_Austin_-_1/campaign/processed_json/segments/e6b4bacb-a530-472c-8a4f-cfdd6d463762/part_2/007132.json,43.6803486,-92.9689979,0.718395257301337,76.33,63.730569948186535,74.09326424870466,54.02203856749311,100.0,73.54,0.886409499667858,0.9310472262721405,2025-07-07 11:39:04.978
/media/vsi-dev/Lacie_2/mndot_workzone_project/Toyota/campaign_0f13274e-1e23-415d-8a6c-56f06a60a20a-Toyota_Prius_-_Austin_-_1/campaign/processed_json/segments/e6b4bacb-a530-472c-8a4f-cfdd6d463762/part_2/007133.json,43.6803486,-92.9689979,0.7098199856330962,75.93,64.76683937823834,73.05699481865285,53.319559228650135,100.0,73.43,0.8860433187239013,0.9305755831380804,2025-07-07 11:39:05.003
/media/vsi-dev/Lacie_2/mndot_workzone_project/Toyota/campaign_0f13274e-1e23-415d-8a6c-56f06a60a20a-Toyota_Prius_-_Austin_-_1/campaign/processed_json/segments/e6b4bacb-a530-472c-8a4f-cfdd6d463762/part_2/007134.json,43.6803486,-92.9689979,0.7126860334510969,75.98,64.76683937823834,73.05699481865285,53.498622589531685,100.0,73.42,0.8843559774312737,0.9262014740181649,2025-07-07 11:39:05.038
/media/vsi-dev/Lacie_2/mndot_workzone_project/Toyota/campaign_0f13274e-1e23-415d-8a6c-56f06a60a20a-Toyota_Prius_-_Austin_-_1/campaign/processed_json/segments/e6b4bacb-a530-472c-8a4f-cfdd6d463762/part_2/007135.json,43.6803486,-92.9689979,0.7126860334510969,75.86,63.730569948186535,73.05699481865285,53.085399449035805,100.0,73.06,0.8828914314407568,0.9295574424139457,2025-07-07 11:39:05.074
/media/vsi-dev/Lacie_2/mndot_workzone_project/Toyota/campaign_0f13274e-1e23-415d-8a6c-56f06a60a20a-Toyota_Prius_-_Austin_-_1/campaign/processed_json/segments/e6b4bacb-a530-472c-8a4f-cfdd6d463762/part_2/007136.json,43.6803486,-92.9689979,0.7098199856330962,75.9,65.28497409326425,72.53886010362694,53.278236914600555,100.0,73.41,0.8836361021318654,0.9304455738842403,2025-07-07 11:39:05.109
/media/vsi-dev/Lacie_2/mndot_workzone_project/Toyota/campaign_0f13274e-1e23-415d-8a6c-56f06a60a20a-Toyota_Prius_-_Austin_-_1/campaign/processed_json/segments/e6b4bacb-a530-472c-8a4f-cfdd6d463762/part_2/007137.json,43.6803486,-92.9689979,0.7011781645432069,75.6,65.28497409326425,73.05699481865285,53.126721763085406,100.0,73.54,0.8830000440877657,0.9310076658813955,2025-07-07 11:39:05.140
/media/vsi-dev/Lacie_2/mndot_workzone_project/Toyota/campaign_0f13274e-1e23-415d-8a6c-56f06a60a20a-Toyota_Prius_-_Austin_-_1/campaign/processed_json/segments/e6b4bacb-a530-472c-8a4f-cfdd6d463762/part_2/007138.json,43.6803486,-92.9689979,0.6953822715500352,75.3,64.76683937823834,73.05699481865285,52.96143250688705,100.0,73.36,0.883471563943496,0.9306654048249865,2025-07-07 11:39:05.180
/media/vsi-dev/Lacie_2/mndot_workzone_project/Toyota/campaign_0f13274e-1e23-415d-8a6c-56f06a60a20a-Toyota_Prius_-_Austin_-_1/campaign/processed_json/segments/e6b4bacb-a530-472c-8a4f-cfdd6d463762/part_2/007139.json,43.6803486,-92.9689979,0.6953822715500352,75.52,66.32124352331607,73.05699481865285,53.03030303030303,100.0,73.85,0.884949400492962,0.9319679372453376,2025-07-07 11:39:05.201
/media/vsi-dev/Lacie_2/mndot_workzone_project/Toyota/campaign_0f13274e-1e23-415d-8a6c-56f06a60a20a-Toyota_Prius_-_Austin_-_1/campaign/processed_json/segments/e6b4bacb-a530-472c-8a4f-cfdd6d463762/part_2/007140.json,43.6803486,-92.9689979,0.6778432162765209,74.8,66.32124352331607,73.05699481865285,53.044077134986225,100.0,73.84,0.8835150515104729,0.931118396786166,2025-07-07 11:39:05.247
/media/vsi-dev/Lacie_2/mndot_workzone_project/Toyota/campaign_0f13274e-1e23-415d-8a6c-56f06a60a20a-Toyota_Prius_-_Austin_-_1/campaign/processed_json/segments/e6b4bacb-a530-472c-8a4f-cfdd6d463762/part_2/007141.json,43.6803486,-92.9689979,0.6660380099723792,74.44,65.28497409326425,74.61139896373057,53.498622589531685,100.0,74.08,0.8845938153661398,0.9318258500606021,2025-07-07 11:39:05.275
/media/vsi-dev/Lacie_2/mndot_workzone_project/Toyota/campaign_0f13274e-1e23-415d-8a6c-56f06a60a20a-Toyota_Prius_-_Austin_-_1/campaign/processed_json/segments/e6b4bacb-a530-472c-8a4f-cfdd6d463762/part_2/007142.json,43.6803486,-92.9689979,0.6541554507860972,73.98,65.28497409326425,74.61139896373057,53.608815426997246,100.0,74.1,0.8853010499964342,0.9318696690798203,2025-07-07 11:39:05.306
/media/vsi-dev/Lacie_2/mndot_workzone_project/Toyota/campaign_0f13274e-1e23-415d-8a6c-56f06a60a20a-Toyota_Prius_-_Austin_-_1/campaign/processed_json/segments/e6b4bacb-a530-472c-8a4f-cfdd6d463762/part_2/007143.json,43.6803486,-92.9689979,0.6511739856666923,73.77,65.28497409326425,74.09326424870466,53.53994490358127,100.0,73.92,0.8846090631861865,0.9310036634266053,2025-07-07 11:39:05.341
/media/vsi-dev/Lacie_2/mndot_workzone_project/Toyota/campaign_0f13274e-1e23-415d-8a6c-56f06a60a20a-Toyota_Prius_-_Austin_-_1/campaign/processed_json/segments/e6b4bacb-a530-472c-8a4f-cfdd6d463762/part_2/007144.json,43.6803486,-92.9689979,0.6392098295052284,73.2,64.76683937823834,74.09326424870466,53.03030303030303,100.0,73.69,0.8840493272394108,0.9312597453260442,2025-07-07 11:39:05.370
/media/vsi-dev/Lacie_2/mndot_workzone_project/Toyota/campaign_0f13274e-1e23-415d-8a6c-56f06a60a20a-Toyota_Prius_-_Austin_-_1/campaign/processed_json/segments/e6b4bacb-a530-472c-8a4f-cfdd6d463762/part_2/007145.json,43.6803486,-92.9689979,0.6241808649622274,72.52,64.76683937823834,74.61139896373057,51.04683195592287,100.0,73.54,0.882154280872195,0.9318180211852931,2025-07-07 11:39:05.413
/media/vsi-dev/Lacie_2/mndot_workzone_project/Toyota/campaign_0f13274e-1e23-415d-8a6c-56f06a60a20a-Toyota_Prius_-_Austin_-_1/campaign/processed_json/segments/e6b4bacb-a530-472c-8a4f-cfdd6d463762/part_2/007146.json,43.6803486,-92.9689979,0.618150532664574,72.46,65.28497409326425,74.61139896373057,52.63085399449036,100.0,73.94,0.8844544611836518,0.9317201638512052,2025-07-07 11:39:05.439
/media/vsi-dev/Lacie_2/mndot_workzone_project/Toyota/campaign_0f13274e-1e23-415d-8a6c-56f06a60a20a-Toyota_Prius_-_Austin_-_1/campaign/processed_json/segments/e6b4bacb-a530-472c-8a4f-cfdd6d463762/part_2/007147.json,43.6803486,-92.9689979,0.6121114327148165,72.26,65.80310880829016,74.61139896373057,52.451790633608816,100.0,74.07,0.8843614236726668,0.9308575730340884,2025-07-07 11:39:05.472
/media/vsi-dev/Lacie_2/mndot_workzone_project/Toyota/campaign_0f13274e-1e23-415d-8a6c-56f06a60a20a-Toyota_Prius_-_Austin_-_1/campaign/processed_json/segments/e6b4bacb-a530-472c-8a4f-cfdd6d463762/part_2/007148.json,43.6803486,-92.9689979,0.6392098295052284,72.62,66.32124352331607,74.61139896373057,53.223140495867774,82.89256198347107,71.85,0.8842408854364842,0.9469704146954123,2025-07-07 11:39:05.505
/media/vsi-dev/Lacie_2/mndot_workzone_project/Toyota/campaign_0f13274e-1e23-415d-8a6c-56f06a60a20a-Toyota_Prius_-_Austin_-_1/campaign/processed_json/segments/e6b4bacb-a530-472c-8a4f-cfdd6d463762/part_2/007149.json,43.6803486,-92.9689979,0.5939543150103064,71.41,65.28497409326425,74.61139896373057,52.01101928374655,100.0,73.83,0.882950904570848,0.9293005556836451,2025-07-07 11:39:05.544
/media/vsi-dev/Lacie_2/mndot_workzone_project/Toyota/campaign_0f13274e-1e23-415d-8a6c-56f06a60a20a-Toyota_Prius_-_Austin_-_1/campaign/processed_json/segments/e6b4bacb-a530-472c-8a4f-cfdd6d463762/part_2/007150.json,43.6803486,-92.9689979,0.5939543150103064,71.63,66.32124352331607,75.12953367875647,52.25895316804407,100.0,74.34,0.8847414659643771,0.9292447544355963,2025-07-07 11:39:05.572
/media/vsi-dev/Lacie_2/mndot_workzone_project/Toyota/campaign_0f13274e-1e23-415d-8a6c-56f06a60a20a-Toyota_Prius_-_Austin_-_1/campaign/processed_json/segments/e6b4bacb-a530-472c-8a4f-cfdd6d463762/part_2/007151.json,43.6803486,-92.9689979,0.5848611692020563,70.59,63.730569948186535,73.05699481865285,50.88154269972451,100.0,72.72,0.8818004696381727,0.9288130001586228,2025-07-07 11:39:05.613
/media/vsi-dev/Lacie_2/mndot_workzone_project/Toyota/campaign_0f13274e-1e23-415d-8a6c-56f06a60a20a-Toyota_Prius_-_Austin_-_1/campaign/processed_json/segments/e6b4bacb-a530-472c-8a4f-cfdd6d463762/part_2/007152.json,43.6803486,-92.9689979,0.5939543150103064,70.93,63.730569948186535,73.05699481865285,50.71625344352617,100.0,72.69,0.8817058189726897,0.9280998145139503,2025-07-07 11:39:05.649
/media/vsi-dev/Lacie_2/mndot_workzone_project/Toyota/campaign_0f13274e-1e23-415d-8a6c-56f06a60a20a-Toyota_Prius_-_Austin_-_1/campaign/processed_json/segments/e6b4bacb-a530-472c-8a4f-cfdd6d463762/part_2/007153.json,43.6803242,-92.968761,0.5939543150103064,70.93,64.76683937823834,73.05699481865285,49.6694214876033,100.0,72.82,0.8767696145296161,0.927863651512963,2025-07-07 11:39:05.678
/media/vsi-dev/Lacie_2/mndot_workzone_project/Toyota/campaign_0f13274e-1e23-415d-8a6c-56f06a60a20a-Toyota_Prius_-_Austin_-_1/campaign/processed_json/segments/e6b4bacb-a530-472c-8a4f-cfdd6d463762/part_2/007154.json,43.6803242,-92.968761,0.5818289981068211,64.76,64.76683937823834,74.61139896373057,50.90909090909091,0.0,58.5,0.8814091477953306,0.9277127045703971,2025-07-07 11:39:05.712
/media/vsi-dev/Lacie_2/mndot_workzone_project/Toyota/campaign_0f13274e-1e23-415d-8a6c-56f06a60a20a-Toyota_Prius_-_Austin_-_1/campaign/processed_json/segments/e6b4bacb-a530-472c-8a4f-cfdd6d463762/part_2/007155.json,43.6803242,-92.968761,0.5818289981068211,70.38,63.730569948186535,73.05699481865285,50.01377410468319,100.0,72.58,0.8802746679093871,0.9275210848472122,2025-07-07 11:39:05.744
/media/vsi-dev/Lacie_2/mndot_workzone_project/Toyota/campaign_0f13274e-1e23-415d-8a6c-56f06a60a20a-Toyota_Prius_-_Austin_-_1/campaign/processed_json/segments/e6b4bacb-a530-472c-8a4f-cfdd6d463762/part_2/007156.json,43.6803242,-92.968761,0.5757638941889776,64.12,63.730569948186535,73.05699481865285,49.62809917355372,0.0,57.52,0.880383588738028,0.9275836646380631,2025-07-07 11:39:05.772
/media/vsi-dev/Lacie_2/mndot_workzone_project/Toyota/campaign_0f13274e-1e23-415d-8a6c-56f06a60a20a-Toyota_Prius_-_Austin_-_1/campaign/processed_json/segments/e6b4bacb-a530-472c-8a4f-cfdd6d463762/part_2/007157.json,43.6803242,-92.968761,0.5757638941889776,70.21,64.24870466321244,73.05699481865285,50.48209366391184,100.0,72.79,0.8784106354649472,0.9276300350608132,2025-07-07 11:39:05.808
/media/vsi-dev/Lacie_2/mndot_workzone_project/Toyota/campaign_0f13274e-1e23-415d-8a6c-56f06a60a20a-Toyota_Prius_-_Austin_-_1/campaign/processed_json/segments/e6b4bacb-a530-472c-8a4f-cfdd6d463762/part_2/007158.json,43.6803242,-92.968761,0.566666614058604,63.97,65.28497409326425,72.53886010362694,50.71625344352617,0.7988980716253443,58.11,0.8790435931040244,0.9273755555989925,2025-07-07 11:39:05.840
/media/vsi-dev/Lacie_2/mndot_workzone_project/Toyota/campaign_0f13274e-1e23-415d-8a6c-56f06a60a20a-Toyota_Prius_-_Austin_-_1/campaign/processed_json/segments/e6b4bacb-a530-472c-8a4f-cfdd6d463762/part_2/007159.json,43.6803242,-92.968761,0.5515154746781574,63.48,64.76683937823834,74.09326424870466,50.358126721763085,1.2947658402203857,58.43,0.8778222998956183,0.9272378975332385,2025-07-07 11:39:05.879
/media/vsi-dev/Lacie_2/mndot_workzone_project/Toyota/campaign_0f13274e-1e23-415d-8a6c-56f06a60a20a-Toyota_Prius_-_Austin_-_1/campaign/processed_json/segments/e6b4bacb-a530-472c-8a4f-cfdd6d463762/part_2/007160.json,43.6803242,-92.968761,0.5363939877292888,62.65,64.24870466321244,73.05699481865285,49.10468319559229,1.955922865013774,57.87,0.8785206473504321,0.9256871931716487,2025-07-07 11:39:05.905
/media/vsi-dev/Lacie_2/mndot_workzone_project/Toyota/campaign_0f13274e-1e23-415d-8a6c-56f06a60a20a-Toyota_Prius_-_Austin_-_1/campaign/processed_json/segments/e6b4bacb-a530-472c-8a4f-cfdd6d463762/part_2/007161.json,43.6803242,-92.968761,0.5123057075755058,61.94,65.80310880829016,74.61139896373057,48.60881542699724,1.418732782369146,58.63,0.8743002068225648,0.9256120446519696,2025-07-07 11:39:05.947
/media/vsi-dev/Lacie_2/mndot_workzone_project/Toyota/campaign_0f13274e-1e23-415d-8a6c-56f06a60a20a-Toyota_Prius_-_Austin_-_1/campaign/processed_json/segments/e6b4bacb-a530-472c-8a4f-cfdd6d463762/part_2/007162.json,43.6803242,-92.968761,0.49138343083432423,60.71,64.24870466321244,73.05699481865285,48.63636363636364,0.6473829201101928,57.59,0.876428267422767,0.9254475066585249,2025-07-07 11:39:05.974
/media/vsi-dev/Lacie_2/mndot_workzone_project/Toyota/campaign_0f13274e-1e23-415d-8a6c-56f06a60a20a-Toyota_Prius_-_Austin_-_1/campaign/processed_json/segments/e6b4bacb-a530-472c-8a4f-cfdd6d463762/part_2/007163.json,43.6803242,-92.968761,0.4618370734687652,59.65,63.212435233160626,74.61139896373057,48.93939393939394,1.9146005509641875,57.97,0.875081117315961,0.9242467892017306,2025-07-07 11:39:06.003
/media/vsi-dev/Lacie_2/mndot_workzone_project/Toyota/campaign_0f13274e-1e23-415d-8a6c-56f06a60a20a-Toyota_Prius_-_Austin_-_1/campaign/processed_json/segments/e6b4bacb-a530-472c-8a4f-cfdd6d463762/part_2/007164.json,43.6803242,-92.968761,0.42993125671403976,58.55,64.24870466321244,74.61139896373057,49.531680440771346,2.396694214876033,58.44,0.8752603656616744,0.9227159350477058,2025-07-07 11:39:06.040
/media/vsi-dev/Lacie_2/mndot_workzone_project/Toyota/campaign_0f13274e-1e23-415d-8a6c-56f06a60a20a-Toyota_Prius_-_Austin_-_1/campaign/processed_json/segments/e6b4bacb-a530-472c-8a4f-cfdd6d463762/part_2/007165.json,43.6803242,-92.968761,0,0.0,0.0,0.0,0.0,0.0,0.0,0,0,2025-07-07 11:39:06.076
/media/vsi-dev/Lacie_2/mndot_workzone_project/Toyota/campaign_0f13274e-1e23-415d-8a6c-56f06a60a20a-Toyota_Prius_-_Austin_-_1/campaign/processed_json/segments/e6b4bacb-a530-472c-8a4f-cfdd6d463762/part_2/007166.json,43.6803242,-92.968761,0,0.0,0.0,0.0,0.0,0.0,0.0,0,0,2025-07-07 11:39:06.105
/media/vsi-dev/Lacie_2/mndot_workzone_project/Toyota/campaign_0f13274e-1e23-415d-8a6c-56f06a60a20a-Toyota_Prius_-_Austin_-_1/campaign/processed_json/segments/e6b4bacb-a530-472c-8a4f-cfdd6d463762/part_2/007167.json,43.6803242,-92.968761,0.404389535383701,57.39,64.24870466321244,74.61139896373057,47.892561983471076,2.3829201101928374,58.17,0.8742937809245028,0.920604489885242,2025-07-07 11:39:06.146
/media/vsi-dev/Lacie_2/mndot_workzone_project/Toyota/campaign_0f13274e-1e23-415d-8a6c-56f06a60a20a-Toyota_Prius_-_Austin_-_1/campaign/processed_json/segments/e6b4bacb-a530-472c-8a4f-cfdd6d463762/part_2/007168.json,43.6803242,-92.968761,0.404389535383701,59.85,45.59585492227979,74.61139896373057,21.10192837465565,100.0,63.39,0.910893462330767,0.9209043247863617,2025-07-07 11:39:06.174
/media/vsi-dev/Lacie_2/mndot_workzone_project/Toyota/campaign_0f13274e-1e23-415d-8a6c-56f06a60a20a-Toyota_Prius_-_Austin_-_1/campaign/processed_json/segments/e6b4bacb-a530-472c-8a4f-cfdd6d463762/part_2/007169.json,43.6803242,-92.968761,0.3849244769017713,56.37,63.212435233160626,74.61139896373057,47.74104683195593,1.8044077134986225,57.72,0.8749942761358034,0.9134695815300496,2025-07-07 11:39:06.205
/media/vsi-dev/Lacie_2/mndot_workzone_project/Toyota/campaign_0f13274e-1e23-415d-8a6c-56f06a60a20a-Toyota_Prius_-_Austin_-_1/campaign/processed_json/segments/e6b4bacb-a530-472c-8a4f-cfdd6d463762/part_2/007170.json,43.6803242,-92.968761,0.3524660887263663,55.1,64.76683937823834,74.09326424870466,45.24793388429752,2.878787878787879,57.82,0.866939842749012,0.920706065027377,2025-07-07 11:39:06.242
/media/vsi-dev/Lacie_2/mndot_workzone_project/Toyota/campaign_0f13274e-1e23-415d-8a6c-56f06a60a20a-Toyota_Prius_-_Austin_-_1/campaign/processed_json/segments/e6b4bacb-a530-472c-8a4f-cfdd6d463762/part_2/007171.json,43.6803242,-92.968761,0.33410839860002334,54.54,63.212435233160626,74.61139896373057,48.78787878787879,2.727272727272727,58.05,0.8748225920987053,0.920824431969119,2025-07-07 11:39:06.278
/media/vsi-dev/Lacie_2/mndot_workzone_project/Toyota/campaign_0f13274e-1e23-415d-8a6c-56f06a60a20a-Toyota_Prius_-_Austin_-_1/campaign/processed_json/segments/e6b4bacb-a530-472c-8a4f-cfdd6d463762/part_2/007172.json,43.6803242,-92.968761,0.3136854172432532,53.81,63.730569948186535,75.12953367875647,48.00275482093664,2.975206611570248,58.28,0.8749947099047575,0.9196088964925715,2025-07-07 11:39:06.307
/media/vsi-dev/Lacie_2/mndot_workzone_project/Toyota/campaign_0f13274e-1e23-415d-8a6c-56f06a60a20a-Toyota_Prius_-_Austin_-_1/campaign/processed_json/segments/e6b4bacb-a530-472c-8a4f-cfdd6d463762/part_2/007173.json,43.6803242,-92.968761,0.3315224312430999,54.9,66.32124352331607,75.12953367875647,47.31404958677686,3.8567493112947657,59.11,0.8740771726415344,0.9258700848094726,2025-07-07 11:39:06.342
/media/vsi-dev/Lacie_2/mndot_workzone_project/Toyota/campaign_0f13274e-1e23-415d-8a6c-56f06a60a20a-Toyota_Prius_-_Austin_-_1/campaign/processed_json/segments/e6b4bacb-a530-472c-8a4f-cfdd6d463762/part_2/007174.json,43.6803242,-92.968761,0.3212725210597436,52.16,55.95854922279793,75.12953367875647,22.988980716253444,2.2176308539944904,52.3,0.9200289819951488,0.9192450519052687,2025-07-07 11:39:06.373
/media/vsi-dev/Lacie_2/mndot_workzone_project/Toyota/campaign_0f13274e-1e23-415d-8a6c-56f06a60a20a-Toyota_Prius_-_Austin_-_1/campaign/processed_json/segments/e6b4bacb-a530-472c-8a4f-cfdd6d463762/part_2/007175.json,43.6803242,-92.968761,0.29632566037963964,53.16,65.80310880829016,74.61139896373057,45.743801652892564,4.793388429752066,58.63,0.8669245346635512,0.9184049249491494,2025-07-07 11:39:06.412
/media/vsi-dev/Lacie_2/mndot_workzone_project/Toyota/campaign_0f13274e-1e23-415d-8a6c-56f06a60a20a-Toyota_Prius_-_Austin_-_1/campaign/processed_json/segments/e6b4bacb-a530-472c-8a4f-cfdd6d463762/part_2/007176.json,43.6803242,-92.968761,0.2914558885874107,52.73,64.24870466321244,74.61139896373057,45.3168044077135,5.0,58.12,0.8650507342274808,0.9170145430744311,2025-07-07 11:39:06.439
/media/vsi-dev/Lacie_2/mndot_workzone_project/Toyota/campaign_0f13274e-1e23-415d-8a6c-56f06a60a20a-Toyota_Prius_-_Austin_-_1/campaign/processed_json/segments/e6b4bacb-a530-472c-8a4f-cfdd6d463762/part_2/007177.json,43.6803242,-92.968761,0.29388570183469387,52.66,63.212435233160626,74.61139896373057,45.17906336088154,4.352617079889807,57.69,0.8660959175792701,0.9169994362967017,2025-07-07 11:39:06.474
/media/vsi-dev/Lacie_2/mndot_workzone_project/Toyota/campaign_0f13274e-1e23-415d-8a6c-56f06a60a20a-Toyota_Prius_-_Austin_-_1/campaign/processed_json/segments/e6b4bacb-a530-472c-8a4f-cfdd6d463762/part_2/007178.json,43.6803242,-92.968761,0.29632566037963964,53.07,63.730569948186535,74.61139896373057,46.349862258953166,4.958677685950414,58.17,0.8673460969843669,0.9271277724738205,2025-07-07 11:39:06.506
/media/vsi-dev/Lacie_2/mndot_workzone_project/Toyota/campaign_0f13274e-1e23-415d-8a6c-56f06a60a20a-Toyota_Prius_-_Austin_-_1/campaign/processed_json/segments/e6b4bacb-a530-472c-8a4f-cfdd6d463762/part_2/007179.json,43.6803242,-92.968761,0.2700511888336198,51.69,64.24870466321244,74.61139896373057,43.71900826446281,4.738292011019284,57.81,0.8609010162607347,0.9151683041748722,2025-07-07 11:39:06.541
/media/vsi-dev/Lacie_2/mndot_workzone_project/Toyota/campaign_0f13274e-1e23-415d-8a6c-56f06a60a20a-Toyota_Prius_-_Austin_-_1/campaign/processed_json/segments/e6b4bacb-a530-472c-8a4f-cfdd6d463762/part_2/007180.json,43.6803242,-92.968761,0.24950025094055406,50.98,63.212435233160626,74.61139896373057,46.666666666666664,4.517906336088155,57.94,0.868798205860491,0.9139817342457475,2025-07-07 11:39:06.574
/media/vsi-dev/Lacie_2/mndot_workzone_project/Toyota/campaign_0f13274e-1e23-415d-8a6c-56f06a60a20a-Toyota_Prius_-_Austin_-_1/campaign/processed_json/segments/e6b4bacb-a530-472c-8a4f-cfdd6d463762/part_2/007181.json,43.6803242,-92.968761,0.23628506970268748,50.42,62.69430051813472,74.61139896373057,47.43801652892562,3.5399449035812673,57.77,0.8726246404895543,0.9133418419616384,2025-07-07 11:39:06.606
/media/vsi-dev/Lacie_2/mndot_workzone_project/Toyota/campaign_0f13274e-1e23-415d-8a6c-56f06a60a20a-Toyota_Prius_-_Austin_-_1/campaign/processed_json/segments/e6b4bacb-a530-472c-8a4f-cfdd6d463762/part_2/007182.json,43.6803242,-92.968761,0.22557338589141795,50.12,62.69430051813472,74.61139896373057,48.595041322314046,4.366391184573002,58.07,0.8740523842912241,0.9125308649391075,2025-07-07 11:39:06.643
/media/vsi-dev/Lacie_2/mndot_workzone_project/Toyota/campaign_0f13274e-1e23-415d-8a6c-56f06a60a20a-Toyota_Prius_-_Austin_-_1/campaign/processed_json/segments/e6b4bacb-a530-472c-8a4f-cfdd6d463762/part_2/007183.json,43.6803242,-92.968761,0.2069887212287451,49.55,63.730569948186535,74.61139896373057,48.51239669421488,5.24793388429752,58.5,0.8753679035766896,0.9117096454891818,2025-07-07 11:39:06.685
/media/vsi-dev/Lacie_2/mndot_workzone_project/Toyota/campaign_0f13274e-1e23-415d-8a6c-56f06a60a20a-Toyota_Prius_-_Austin_-_1/campaign/processed_json/segments/e6b4bacb-a530-472c-8a4f-cfdd6d463762/part_2/007184.json,43.6803107,-92.968538,0.187396297561286,48.56,62.69430051813472,74.61139896373057,47.58953168044077,5.0550964187327825,58.02,0.874848922394869,0.9110404953189083,2025-07-07 11:39:06.710
/media/vsi-dev/Lacie_2/mndot_workzone_project/Toyota/campaign_0f13274e-1e23-415d-8a6c-56f06a60a20a-Toyota_Prius_-_Austin_-_1/campaign/processed_json/segments/e6b4bacb-a530-472c-8a4f-cfdd6d463762/part_2/007185.json,43.6803107,-92.968538,0.19509943231485874,48.96,62.17616580310881,75.12953367875647,47.71349862258953,4.559228650137741,58.01,0.8747176464280548,0.9203267474439196,2025-07-07 11:39:06.739
/media/vsi-dev/Lacie_2/mndot_workzone_project/Toyota/campaign_0f13274e-1e23-415d-8a6c-56f06a60a20a-Toyota_Prius_-_Austin_-_1/campaign/processed_json/segments/e6b4bacb-a530-472c-8a4f-cfdd6d463762/part_2/007186.json,43.6803107,-92.968538,0.16535638462013166,47.66,62.69430051813472,75.12953367875647,46.99724517906336,4.793388429752066,58.03,0.8721247314116238,0.9110281759120298,2025-07-07 11:39:06.775
/media/vsi-dev/Lacie_2/mndot_workzone_project/Toyota/campaign_0f13274e-1e23-415d-8a6c-56f06a60a20a-Toyota_Prius_-_Austin_-_1/campaign/processed_json/segments/e6b4bacb-a530-472c-8a4f-cfdd6d463762/part_2/007187.json,43.6803107,-92.968538,0.1515494776372822,47.33,65.28497409326425,75.12953367875647,46.005509641873275,5.606060606060606,58.75,0.8676266177121187,0.9095246692287238,2025-07-07 11:39:06.807
/media/vsi-dev/Lacie_2/mndot_workzone_project/Toyota/campaign_0f13274e-1e23-415d-8a6c-56f06a60a20a-Toyota_Prius_-_Austin_-_1/campaign/processed_json/segments/e6b4bacb-a530-472c-8a4f-cfdd6d463762/part_2/007188.json,43.6803107,-92.968538,0.14004382399940904,46.62,63.730569948186535,75.12953367875647,45.289256198347104,5.34435261707989,58.14,0.8674111081662744,0.9090659922629495,2025-07-07 11:39:06.845
/media/vsi-dev/Lacie_2/mndot_workzone_project/Toyota/campaign_0f13274e-1e23-415d-8a6c-56f06a60a20a-Toyota_Prius_-_Austin_-_1/campaign/processed_json/segments/e6b4bacb-a530-472c-8a4f-cfdd6d463762/part_2/007189.json,43.6803107,-92.968538,0,0.0,0.0,0.0,0.0,0.0,0.0,0,0,2025-07-07 11:39:06.877
/media/vsi-dev/Lacie_2/mndot_workzone_project/Toyota/campaign_0f13274e-1e23-415d-8a6c-56f06a60a20a-Toyota_Prius_-_Austin_-_1/campaign/processed_json/segments/e6b4bacb-a530-472c-8a4f-cfdd6d463762/part_2/007190.json,43.6803107,-92.968538,0.12303165371431715,46.04,65.28497409326425,74.61139896373057,44.862258953168045,5.922865013774105,58.46,0.8675577000391473,0.906155835129099,2025-07-07 11:39:06.904
/media/vsi-dev/Lacie_2/mndot_workzone_project/Toyota/campaign_0f13274e-1e23-415d-8a6c-56f06a60a20a-Toyota_Prius_-_Austin_-_1/campaign/processed_json/segments/e6b4bacb-a530-472c-8a4f-cfdd6d463762/part_2/007191.json,43.6803107,-92.968538,0.11716376555753485,45.8,65.28497409326425,74.61139896373057,44.82093663911846,5.922865013774105,58.45,0.8669065193535868,0.9064515256483953,2025-07-07 11:39:06.940
/media/vsi-dev/Lacie_2/mndot_workzone_project/Toyota/campaign_0f13274e-1e23-415d-8a6c-56f06a60a20a-Toyota_Prius_-_Austin_-_1/campaign/processed_json/segments/e6b4bacb-a530-472c-8a4f-cfdd6d463762/part_2/007192.json,43.6803107,-92.968538,0.11572295793870993,45.65,65.28497409326425,74.61139896373057,44.40771349862259,5.619834710743802,58.32,0.8650895933610552,0.9043979273925394,2025-07-07 11:39:07.004
/media/vsi-dev/Lacie_2/mndot_workzone_project/Toyota/campaign_0f13274e-1e23-415d-8a6c-56f06a60a20a-Toyota_Prius_-_Austin_-_1/campaign/processed_json/segments/e6b4bacb-a530-472c-8a4f-cfdd6d463762/part_2/007193.json,43.6803107,-92.968538,0.09153668782324474,44.7,65.28497409326425,74.61139896373057,44.97245179063361,5.716253443526171,58.41,0.8654104136976782,0.9015571959106382,2025-07-07 11:39:07.022
/media/vsi-dev/Lacie_2/mndot_workzone_project/Toyota/campaign_0f13274e-1e23-415d-8a6c-56f06a60a20a-Toyota_Prius_-_Austin_-_1/campaign/processed_json/segments/e6b4bacb-a530-472c-8a4f-cfdd6d463762/part_2/007194.json,43.6803107,-92.968538,0.09279520044671212,45.15,68.9119170984456,74.61139896373057,45.358126721763085,5.523415977961433,59.51,0.8644395946753607,0.8992119930913118,2025-07-07 11:39:07.045
/media/vsi-dev/Lacie_2/mndot_workzone_project/Toyota/campaign_0f13274e-1e23-415d-8a6c-56f06a60a20a-Toyota_Prius_-_Austin_-_1/campaign/processed_json/segments/e6b4bacb-a530-472c-8a4f-cfdd6d463762/part_2/007195.json,43.6803107,-92.968538,0.09279520044671212,45.22,68.39378238341969,74.61139896373057,46.36363636363636,5.771349862258953,59.56,0.8677828952305304,0.9002085972438598,2025-07-07 11:39:07.067
/media/vsi-dev/Lacie_2/mndot_workzone_project/Toyota/campaign_0f13274e-1e23-415d-8a6c-56f06a60a20a-Toyota_Prius_-_Austin_-_1/campaign/processed_json/segments/e6b4bacb-a530-472c-8a4f-cfdd6d463762/part_2/007196.json,43.6803107,-92.968538,0.08539024082844096,44.87,68.39378238341969,74.61139896373057,46.515151515151516,5.371900826446281,59.51,0.8682533883253593,0.8972802955159384,2025-07-07 11:39:07.106
/media/vsi-dev/Lacie_2/mndot_workzone_project/Toyota/campaign_0f13274e-1e23-415d-8a6c-56f06a60a20a-Toyota_Prius_-_Austin_-_1/campaign/processed_json/segments/e6b4bacb-a530-472c-8a4f-cfdd6d463762/part_2/007197.json,43.6803107,-92.968538,0.08181787274925906,44.32,66.83937823834198,74.61139896373057,45.67493112947658,4.765840220385675,58.77,0.8695310341143204,0.8846566579104037,2025-07-07 11:39:07.138
/media/vsi-dev/Lacie_2/mndot_workzone_project/Toyota/campaign_0f13274e-1e23-415d-8a6c-56f06a60a20a-Toyota_Prius_-_Austin_-_1/campaign/processed_json/segments/e6b4bacb-a530-472c-8a4f-cfdd6d463762/part_2/007198.json,43.6803107,-92.968538,0.07381223576534558,43.62,64.24870466321244,73.05699481865285,44.76584022038568,5.137741046831956,57.51,0.8680976370354346,0.8981302466061144,2025-07-07 11:39:07.183
/media/vsi-dev/Lacie_2/mndot_workzone_project/Toyota/campaign_0f13274e-1e23-415d-8a6c-56f06a60a20a-Toyota_Prius_-_Austin_-_1/campaign/processed_json/segments/e6b4bacb-a530-472c-8a4f-cfdd6d463762/part_2/007199.json,43.6803107,-92.968538,0.07718724187292668,43.96,62.69430051813472,74.61139896373057,43.45730027548209,6.460055096418733,57.6,0.8661881472703048,0.9173194110251836,2025-07-07 11:39:07.210
/media/vsi-dev/Lacie_2/mndot_workzone_project/Toyota/campaign_0f13274e-1e23-415d-8a6c-56f06a60a20a-Toyota_Prius_-_Austin_-_1/campaign/processed_json/segments/e6b4bacb-a530-472c-8a4f-cfdd6d463762/part_2/007200.json,43.6803107,-92.968538,0.054310111132026176,42.79,63.212435233160626,74.09326424870466,43.66391184573003,7.121212121212121,57.6,0.8650558249436067,0.8924365920601851,2025-07-07 11:39:07.242
/media/vsi-dev/Lacie_2/mndot_workzone_project/Toyota/campaign_0f13274e-1e23-415d-8a6c-56f06a60a20a-Toyota_Prius_-_Austin_-_1/campaign/processed_json/segments/e6b4bacb-a530-472c-8a4f-cfdd6d463762/part_2/007201.json,43.6803107,-92.968538,0,0.0,0.0,0.0,0.0,0.0,0.0,0,0,2025-07-07 11:39:07.269
/media/vsi-dev/Lacie_2/mndot_workzone_project/Toyota/campaign_0f13274e-1e23-415d-8a6c-56f06a60a20a-Toyota_Prius_-_Austin_-_1/campaign/processed_json/segments/e6b4bacb-a530-472c-8a4f-cfdd6d463762/part_2/007202.json,43.6803107,-92.968538,0.053369927908292106,42.77,64.24870466321244,73.05699481865285,43.95316804407713,6.680440771349862,57.59,0.8640487607392522,0.8960791946741351,2025-07-07 11:39:07.307
/media/vsi-dev/Lacie_2/mndot_workzone_project/Toyota/campaign_0f13274e-1e23-415d-8a6c-56f06a60a20a-Toyota_Prius_-_Austin_-_1/campaign/processed_json/segments/e6b4bacb-a530-472c-8a4f-cfdd6d463762/part_2/007203.json,43.6803107,-92.968538,0.05525864974570795,38.63,39.37823834196891,73.05699481865285,16.666666666666664,5.950413223140496,46.11,0.9021707531235547,0.8954855036093275,2025-07-07 11:39:07.339
/media/vsi-dev/Lacie_2/mndot_workzone_project/Toyota/campaign_0f13274e-1e23-415d-8a6c-56f06a60a20a-Toyota_Prius_-_Austin_-_1/campaign/processed_json/segments/e6b4bacb-a530-472c-8a4f-cfdd6d463762/part_2/007204.json,43.6803107,-92.968538,0,0.0,0.0,0.0,0.0,0.0,0.0,0,0,2025-07-07 11:39:07.372
/media/vsi-dev/Lacie_2/mndot_workzone_project/Toyota/campaign_0f13274e-1e23-415d-8a6c-56f06a60a20a-Toyota_Prius_-_Austin_-_1/campaign/processed_json/segments/e6b4bacb-a530-472c-8a4f-cfdd6d463762/part_2/007205.json,43.6803107,-92.968538,0.046143762997002416,43.01,66.32124352331607,73.05699481865285,43.69146005509642,7.09366391184573,58.34,0.8652098072711122,0.9174487141417582,2025-07-07 11:39:07.405
/media/vsi-dev/Lacie_2/mndot_workzone_project/Toyota/campaign_0f13274e-1e23-415d-8a6c-56f06a60a20a-Toyota_Prius_-_Austin_-_1/campaign/processed_json/segments/e6b4bacb-a530-472c-8a4f-cfdd6d463762/part_2/007206.json,43.6803107,-92.968538,0,0.0,0.0,0.0,0.0,0.0,0.0,0,0,2025-07-07 11:39:07.443
/media/vsi-dev/Lacie_2/mndot_workzone_project/Toyota/campaign_0f13274e-1e23-415d-8a6c-56f06a60a20a-Toyota_Prius_-_Austin_-_1/campaign/processed_json/segments/e6b4bacb-a530-472c-8a4f-cfdd6d463762/part_2/007207.json,43.6803107,-92.968538,0,0.0,0.0,0.0,0.0,0.0,0.0,0,0,2025-07-07 11:39:07.483
/media/vsi-dev/Lacie_2/mndot_workzone_project/Toyota/campaign_0f13274e-1e23-415d-8a6c-56f06a60a20a-Toyota_Prius_-_Austin_-_1/campaign/processed_json/segments/e6b4bacb-a530-472c-8a4f-cfdd6d463762/part_2/007208.json,43.6803107,-92.968538,0,0.0,0.0,0.0,0.0,0.0,0.0,0,0,2025-07-07 11:39:07.512
/media/vsi-dev/Lacie_2/mndot_workzone_project/Toyota/campaign_0f13274e-1e23-415d-8a6c-56f06a60a20a-Toyota_Prius_-_Austin_-_1/campaign/processed_json/segments/e6b4bacb-a530-472c-8a4f-cfdd6d463762/part_2/007209.json,43.6803107,-92.968538,0,0.0,0.0,0.0,0.0,0.0,0.0,0,0,2025-07-07 11:39:07.539
/media/vsi-dev/Lacie_2/mndot_workzone_project/Toyota/campaign_0f13274e-1e23-415d-8a6c-56f06a60a20a-Toyota_Prius_-_Austin_-_1/campaign/processed_json/segments/e6b4bacb-a530-472c-8a4f-cfdd6d463762/part_2/007210.json,43.6803107,-92.968538,0.03394579250757099,42.69,69.43005181347151,72.02072538860104,45.64738292011019,6.556473829201102,59.11,0.875711124889969,0.8933289232637323,2025-07-07 11:39:07.574
