json_path,latitude,longitude,Normalized_Lane_Width,Safety_Score,Left_Lookahead_Score,Right_Lookahead_Score,Left_Lane_Intensity_Score,Right_Lane_Intensity_Score,Lane_Visibility_Score,Left_Lane_Confidence,Right_Lane_Confidence,Local_Time
/media/vsi-dev/Lacie_2/mndot_workzone_project/Tesla/campaign_8348ccbe-b6ca-4be8-82ff-b4eba2616879-Tesla_-_Princeton_169_new/campaign/processed_json/segments/9b1c0b60-a317-4614-b1d3-ac66ae257922/part_3/010000.json,,,1,89.54,84.8684210526316,86.5131578947369,12.6038781163435,100,77.56,0.965304312186972,0.886452010980998,
/media/vsi-dev/Lacie_2/mndot_workzone_project/Tesla/campaign_8348ccbe-b6ca-4be8-82ff-b4eba2616879-Tesla_-_Princeton_169_new/campaign/processed_json/segments/9b1c0b60-a317-4614-b1d3-ac66ae257922/part_3/010001.json,,,0.999800019998667,89.05,84.5394736842105,85.5263157894737,8.03324099722992,100,76.46,0.964993677769656,0.882038424908784,
/media/vsi-dev/Lacie_2/mndot_workzone_project/Tesla/campaign_8348ccbe-b6ca-4be8-82ff-b4eba2616879-Tesla_-_Princeton_169_new/campaign/processed_json/segments/9b1c0b60-a317-4614-b1d3-ac66ae257922/part_3/010002.json,,,0.999200319914684,88.92,84.8684210526316,85.1973684210526,4.37673130193906,100,75.96,0.966778362542472,0.889863181824991,
/media/vsi-dev/Lacie_2/mndot_workzone_project/Tesla/campaign_8348ccbe-b6ca-4be8-82ff-b4eba2616879-Tesla_-_Princeton_169_new/campaign/processed_json/segments/9b1c0b60-a317-4614-b1d3-ac66ae257922/part_3/010003.json,,,0.999387687539834,88.5,84.2105263157895,85.5263157894737,1.32963988919668,100,75.32,0.966543406925592,0.872691343081745,
/media/vsi-dev/Lacie_2/mndot_workzone_project/Tesla/campaign_8348ccbe-b6ca-4be8-82ff-b4eba2616879-Tesla_-_Princeton_169_new/campaign/processed_json/segments/9b1c0b60-a317-4614-b1d3-ac66ae257922/part_3/010004.json,45.590385,-93.600553,0.998488643251663,88.97,84.2105263157895,85.5263157894737,8.72576177285319,100,76.45,0.963974136635714,0.880595741642496,
/media/vsi-dev/Lacie_2/mndot_workzone_project/Tesla/campaign_8348ccbe-b6ca-4be8-82ff-b4eba2616879-Tesla_-_Princeton_169_new/campaign/processed_json/segments/9b1c0b60-a317-4614-b1d3-ac66ae257922/part_3/010005.json,,,0.996805114543033,89.35,83.5526315789474,84.8684210526316,20,100,77.72,0.963823863620276,0.875444924278037,
/media/vsi-dev/Lacie_2/mndot_workzone_project/Tesla/campaign_8348ccbe-b6ca-4be8-82ff-b4eba2616879-Tesla_-_Princeton_169_new/campaign/processed_json/segments/9b1c0b60-a317-4614-b1d3-ac66ae257922/part_3/010006.json,,,0.990928893001464,88.94,84.2105263157895,85.1973684210526,21.8282548476454,86.4819944598338,76.43,0.963115358882544,0.909972094895245,
/media/vsi-dev/Lacie_2/mndot_workzone_project/Tesla/campaign_8348ccbe-b6ca-4be8-82ff-b4eba2616879-Tesla_-_Princeton_169_new/campaign/processed_json/segments/9b1c0b60-a317-4614-b1d3-ac66ae257922/part_3/010007.json,,,0.984804140218096,86.14,83.8815789473684,85.1973684210526,24.1828254847645,48.005540166205,70.77,0.962684009171477,0.881453147528881,
/media/vsi-dev/Lacie_2/mndot_workzone_project/Tesla/campaign_8348ccbe-b6ca-4be8-82ff-b4eba2616879-Tesla_-_Princeton_169_new/campaign/processed_json/segments/9b1c0b60-a317-4614-b1d3-ac66ae257922/part_3/010008.json,,,0.985653900195345,86.23,82.8947368421053,84.8684210526316,21.606648199446,52.5207756232687,70.71,0.963390628681046,0.888520558809173,
/media/vsi-dev/Lacie_2/mndot_workzone_project/Tesla/campaign_8348ccbe-b6ca-4be8-82ff-b4eba2616879-Tesla_-_Princeton_169_new/campaign/processed_json/segments/9b1c0b60-a317-4614-b1d3-ac66ae257922/part_3/010009.json,,,0.988813044611233,88.45,83.5526315789474,84.8684210526316,1.99445983379501,99.3905817174515,75.15,0.969216046718122,0.914879856094104,
/media/vsi-dev/Lacie_2/mndot_workzone_project/Tesla/campaign_8348ccbe-b6ca-4be8-82ff-b4eba2616879-Tesla_-_Princeton_169_new/campaign/processed_json/segments/9b1c0b60-a317-4614-b1d3-ac66ae257922/part_3/010010.json,,,0.983930514272508,89.1,84.2105263157895,84.8684210526316,13.9612188365651,100,77.24,0.966100583193686,0.918373434405518,
/media/vsi-dev/Lacie_2/mndot_workzone_project/Tesla/campaign_8348ccbe-b6ca-4be8-82ff-b4eba2616879-Tesla_-_Princeton_169_new/campaign/processed_json/segments/9b1c0b60-a317-4614-b1d3-ac66ae257922/part_3/010011.json,,,0.984804140218096,82.92,83.5526315789474,84.8684210526316,11.0803324099723,0,61.63,0.966895761038038,0.920682794152122,
/media/vsi-dev/Lacie_2/mndot_workzone_project/Tesla/campaign_8348ccbe-b6ca-4be8-82ff-b4eba2616879-Tesla_-_Princeton_169_new/campaign/processed_json/segments/9b1c0b60-a317-4614-b1d3-ac66ae257922/part_3/010012.json,,,0.988813044611233,83.26,84.2105263157895,85.5263157894737,11.7728531855956,0,62.12,0.966274578990748,0.919385853627261,
/media/vsi-dev/Lacie_2/mndot_workzone_project/Tesla/campaign_8348ccbe-b6ca-4be8-82ff-b4eba2616879-Tesla_-_Princeton_169_new/campaign/processed_json/segments/9b1c0b60-a317-4614-b1d3-ac66ae257922/part_3/010013.json,,,0.985653900195345,83.04,83.8815789473684,84.8684210526316,6.78670360110803,0,61.21,0.964933649598561,0.947696696499322,
/media/vsi-dev/Lacie_2/mndot_workzone_project/Tesla/campaign_8348ccbe-b6ca-4be8-82ff-b4eba2616879-Tesla_-_Princeton_169_new/campaign/processed_json/segments/9b1c0b60-a317-4614-b1d3-ac66ae257922/part_3/010014.json,,,0.983930514272508,83.02,83.8815789473684,84.8684210526316,7.42382271468144,0,61.31,0.965424670760628,0.947980765547018,
/media/vsi-dev/Lacie_2/mndot_workzone_project/Tesla/campaign_8348ccbe-b6ca-4be8-82ff-b4eba2616879-Tesla_-_Princeton_169_new/campaign/processed_json/segments/9b1c0b60-a317-4614-b1d3-ac66ae257922/part_3/010015.json,,,0.985653900195345,88.7,82.8947368421053,84.8684210526316,5.09695290858726,97.6731301939058,75.32,0.966325875542434,0.948100522718585,
/media/vsi-dev/Lacie_2/mndot_workzone_project/Tesla/campaign_8348ccbe-b6ca-4be8-82ff-b4eba2616879-Tesla_-_Princeton_169_new/campaign/processed_json/segments/9b1c0b60-a317-4614-b1d3-ac66ae257922/part_3/010016.json,,,0.983930514272508,83.46,83.8815789473684,84.8684210526316,15.0969529085873,0,62.45,0.964212466252844,0.947864431919424,
/media/vsi-dev/Lacie_2/mndot_workzone_project/Tesla/campaign_8348ccbe-b6ca-4be8-82ff-b4eba2616879-Tesla_-_Princeton_169_new/campaign/processed_json/segments/9b1c0b60-a317-4614-b1d3-ac66ae257922/part_3/010017.json,,,0.978191324262237,82.85,83.5526315789474,84.8684210526316,9.08587257617729,0,61.46,0.966221485202202,0.94762025943716,
/media/vsi-dev/Lacie_2/mndot_workzone_project/Tesla/campaign_8348ccbe-b6ca-4be8-82ff-b4eba2616879-Tesla_-_Princeton_169_new/campaign/processed_json/segments/9b1c0b60-a317-4614-b1d3-ac66ae257922/part_3/010018.json,,,0.984804140218096,89.75,82.8947368421053,85.5263157894737,20.8587257617729,99.1689750692521,78.09,0.96458300590087,0.947747097222793,
/media/vsi-dev/Lacie_2/mndot_workzone_project/Tesla/campaign_8348ccbe-b6ca-4be8-82ff-b4eba2616879-Tesla_-_Princeton_169_new/campaign/processed_json/segments/9b1c0b60-a317-4614-b1d3-ac66ae257922/part_3/010019.json,,,0.982111925534364,89.45,82.2368421052632,84.8684210526316,21.8836565096953,97.6731301939058,77.62,0.963960986234078,0.947773237896209,
/media/vsi-dev/Lacie_2/mndot_workzone_project/Tesla/campaign_8348ccbe-b6ca-4be8-82ff-b4eba2616879-Tesla_-_Princeton_169_new/campaign/processed_json/segments/9b1c0b60-a317-4614-b1d3-ac66ae257922/part_3/010020.json,,,0.980198673306755,88.6,82.2368421052632,84.8684210526316,7.81163434903047,98.0609418282548,75.59,0.968369333003624,0.947515963963209,
/media/vsi-dev/Lacie_2/mndot_workzone_project/Tesla/campaign_8348ccbe-b6ca-4be8-82ff-b4eba2616879-Tesla_-_Princeton_169_new/campaign/processed_json/segments/9b1c0b60-a317-4614-b1d3-ac66ae257922/part_3/010021.json,,,0.97715254792786,88.17,83.5526315789474,85.1973684210526,0,97.6731301939058,74.85,0.967433944704234,0.947361600294249,
/media/vsi-dev/Lacie_2/mndot_workzone_project/Tesla/campaign_8348ccbe-b6ca-4be8-82ff-b4eba2616879-Tesla_-_Princeton_169_new/campaign/processed_json/segments/9b1c0b60-a317-4614-b1d3-ac66ae257922/part_3/010022.json,,,0.980198673306755,88.19,81.5789473684211,84.8684210526316,0.470914127423823,99.5290858725762,74.52,0.970105465675971,0.947101987384376,
/media/vsi-dev/Lacie_2/mndot_workzone_project/Tesla/campaign_8348ccbe-b6ca-4be8-82ff-b4eba2616879-Tesla_-_Princeton_169_new/campaign/processed_json/segments/9b1c0b60-a317-4614-b1d3-ac66ae257922/part_3/010023.json,,,0.973896737455057,88.62,83.5526315789474,85.5263157894737,7.95013850415512,98.9750692520776,76.33,0.965709270424358,0.947212876029656,
/media/vsi-dev/Lacie_2/mndot_workzone_project/Tesla/campaign_8348ccbe-b6ca-4be8-82ff-b4eba2616879-Tesla_-_Princeton_169_new/campaign/processed_json/segments/9b1c0b60-a317-4614-b1d3-ac66ae257922/part_3/010024.json,,,0.97715254792786,88.61,82.2368421052632,85.5263157894737,10.1108033240997,97.0637119113573,75.97,0.965760810050442,0.947747478143967,
/media/vsi-dev/Lacie_2/mndot_workzone_project/Tesla/campaign_8348ccbe-b6ca-4be8-82ff-b4eba2616879-Tesla_-_Princeton_169_new/campaign/processed_json/segments/9b1c0b60-a317-4614-b1d3-ac66ae257922/part_3/010025.json,,,0.97715254792786,89.36,81.9078947368421,85.5263157894737,23.3518005540166,98.0332409972299,77.98,0.96054108318027,0.947928925079479,
/media/vsi-dev/Lacie_2/mndot_workzone_project/Tesla/campaign_8348ccbe-b6ca-4be8-82ff-b4eba2616879-Tesla_-_Princeton_169_new/campaign/processed_json/segments/9b1c0b60-a317-4614-b1d3-ac66ae257922/part_3/010026.json,,,0.981167097577432,92.53,82.2368421052632,85.5263157894737,78.2271468144044,95.8448753462604,85.9,0.944044663229371,0.948518404739904,
/media/vsi-dev/Lacie_2/mndot_workzone_project/Tesla/campaign_8348ccbe-b6ca-4be8-82ff-b4eba2616879-Tesla_-_Princeton_169_new/campaign/processed_json/segments/9b1c0b60-a317-4614-b1d3-ac66ae257922/part_3/010027.json,,,0.972765240307908,88.24,81.9078947368421,85.5263157894737,9.00277008310249,95.1246537396122,75.43,0.966691370619139,0.948673659796441,
/media/vsi-dev/Lacie_2/mndot_workzone_project/Tesla/campaign_8348ccbe-b6ca-4be8-82ff-b4eba2616879-Tesla_-_Princeton_169_new/campaign/processed_json/segments/9b1c0b60-a317-4614-b1d3-ac66ae257922/part_3/010028.json,,,0.978191324262237,88.18,82.8947368421053,85.5263157894737,0.637119113573407,97.0637119113573,74.76,0.966501808107776,0.9483517022018,
/media/vsi-dev/Lacie_2/mndot_workzone_project/Tesla/campaign_8348ccbe-b6ca-4be8-82ff-b4eba2616879-Tesla_-_Princeton_169_new/campaign/processed_json/segments/9b1c0b60-a317-4614-b1d3-ac66ae257922/part_3/010029.json,,,0.975005175298418,88.76,82.8947368421053,85.5263157894737,14.8199445983379,95.180055401662,76.59,0.964313906863577,0.948145744451515,
/media/vsi-dev/Lacie_2/mndot_workzone_project/Tesla/campaign_8348ccbe-b6ca-4be8-82ff-b4eba2616879-Tesla_-_Princeton_169_new/campaign/processed_json/segments/9b1c0b60-a317-4614-b1d3-ac66ae257922/part_3/010030.json,,,0.981167097577432,92.23,82.5657894736842,86.1842105263158,74.7368421052632,92.1883656509695,85.13,0.944805151316741,0.94841524683761,
/media/vsi-dev/Lacie_2/mndot_workzone_project/Tesla/campaign_8348ccbe-b6ca-4be8-82ff-b4eba2616879-Tesla_-_Princeton_169_new/campaign/processed_json/segments/9b1c0b60-a317-4614-b1d3-ac66ae257922/part_3/010031.json,,,0.978191324262237,88.56,81.9078947368421,86.1842105263158,11.2742382271468,93.5734072022161,75.72,0.965907352839863,0.948100432875915,
/media/vsi-dev/Lacie_2/mndot_workzone_project/Tesla/campaign_8348ccbe-b6ca-4be8-82ff-b4eba2616879-Tesla_-_Princeton_169_new/campaign/processed_json/segments/9b1c0b60-a317-4614-b1d3-ac66ae257922/part_3/010032.json,,,0.97715254792786,88.11,82.5657894736842,86.1842105263158,5.78947368421053,90.6648199445983,74.67,0.967034358829381,0.94849310638199,
/media/vsi-dev/Lacie_2/mndot_workzone_project/Tesla/campaign_8348ccbe-b6ca-4be8-82ff-b4eba2616879-Tesla_-_Princeton_169_new/campaign/processed_json/segments/9b1c0b60-a317-4614-b1d3-ac66ae257922/part_3/010033.json,,,0.973896737455057,87.97,79.9342105263158,86.1842105263158,7.97783933518006,93.9058171745152,74.69,0.966391394645482,0.947611751089475,
/media/vsi-dev/Lacie_2/mndot_workzone_project/Tesla/campaign_8348ccbe-b6ca-4be8-82ff-b4eba2616879-Tesla_-_Princeton_169_new/campaign/processed_json/segments/9b1c0b60-a317-4614-b1d3-ac66ae257922/part_3/010034.json,,,0.969233234476344,84.19,80.2631578947369,86.5131578947369,17.0083102493075,21.7174515235457,65.46,0.963221751348713,0.960154617918075,
/media/vsi-dev/Lacie_2/mndot_workzone_project/Tesla/campaign_8348ccbe-b6ca-4be8-82ff-b4eba2616879-Tesla_-_Princeton_169_new/campaign/processed_json/segments/9b1c0b60-a317-4614-b1d3-ac66ae257922/part_3/010035.json,,,0.988059362042712,89.11,80.2631578947369,85.5263157894737,18.2825484764543,95.0969529085873,76.28,0.959878867911544,0.947588472574768,
/media/vsi-dev/Lacie_2/mndot_workzone_project/Tesla/campaign_8348ccbe-b6ca-4be8-82ff-b4eba2616879-Tesla_-_Princeton_169_new/campaign/processed_json/segments/9b1c0b60-a317-4614-b1d3-ac66ae257922/part_3/010036.json,,,0.984804140218096,88.59,80.9210526315789,86.1842105263158,6.34349030470914,96.6204986149585,75.15,0.965829968948397,0.947974305421039,
/media/vsi-dev/Lacie_2/mndot_workzone_project/Tesla/campaign_8348ccbe-b6ca-4be8-82ff-b4eba2616879-Tesla_-_Princeton_169_new/campaign/processed_json/segments/9b1c0b60-a317-4614-b1d3-ac66ae257922/part_3/010037.json,,,0.98728157159029,89.26,80.9210526315789,86.8421052631579,14.2382271468144,97.3684210526316,76.63,0.963364681291277,0.948316217570282,
/media/vsi-dev/Lacie_2/mndot_workzone_project/Tesla/campaign_8348ccbe-b6ca-4be8-82ff-b4eba2616879-Tesla_-_Princeton_169_new/campaign/processed_json/segments/9b1c0b60-a317-4614-b1d3-ac66ae257922/part_3/010038.json,,,0.985653900195345,89.09,82.8947368421053,86.8421052631579,7.92243767313019,97.590027700831,76.32,0.965442924019194,0.948175283692698,
/media/vsi-dev/Lacie_2/mndot_workzone_project/Tesla/campaign_8348ccbe-b6ca-4be8-82ff-b4eba2616879-Tesla_-_Princeton_169_new/campaign/processed_json/segments/9b1c0b60-a317-4614-b1d3-ac66ae257922/part_3/010039.json,,,0.988813044611233,89.91,82.8947368421053,86.1842105263158,23.2409972299169,95.3739612188366,78.08,0.963991852573261,0.948642735090043,
/media/vsi-dev/Lacie_2/mndot_workzone_project/Tesla/campaign_8348ccbe-b6ca-4be8-82ff-b4eba2616879-Tesla_-_Princeton_169_new/campaign/processed_json/segments/9b1c0b60-a317-4614-b1d3-ac66ae257922/part_3/010040.json,,,0.988059362042712,89.98,82.5657894736842,85.8552631578947,25.3185595567867,97.8947368421053,78.53,0.956862093303694,0.948117258176519,
/media/vsi-dev/Lacie_2/mndot_workzone_project/Tesla/campaign_8348ccbe-b6ca-4be8-82ff-b4eba2616879-Tesla_-_Princeton_169_new/campaign/processed_json/segments/9b1c0b60-a317-4614-b1d3-ac66ae257922/part_3/010041.json,,,0.98728157159029,89.43,82.8947368421053,86.8421052631579,13.5457063711911,96.1495844875346,76.95,0.966768045757205,0.948856616651697,
/media/vsi-dev/Lacie_2/mndot_workzone_project/Tesla/campaign_8348ccbe-b6ca-4be8-82ff-b4eba2616879-Tesla_-_Princeton_169_new/campaign/processed_json/segments/9b1c0b60-a317-4614-b1d3-ac66ae257922/part_3/010042.json,,,0.988059362042712,89.57,82.5657894736842,86.1842105263158,15.1523545706371,98.6980609418283,77.27,0.965621531431187,0.947934258424035,
/media/vsi-dev/Lacie_2/mndot_workzone_project/Tesla/campaign_8348ccbe-b6ca-4be8-82ff-b4eba2616879-Tesla_-_Princeton_169_new/campaign/processed_json/segments/9b1c0b60-a317-4614-b1d3-ac66ae257922/part_3/010043.json,,,0.98728157159029,89.45,82.2368421052632,86.8421052631579,17.7839335180055,93.98891966759,77.06,0.964901927650865,0.94867160494009,
/media/vsi-dev/Lacie_2/mndot_workzone_project/Tesla/campaign_8348ccbe-b6ca-4be8-82ff-b4eba2616879-Tesla_-_Princeton_169_new/campaign/processed_json/segments/9b1c0b60-a317-4614-b1d3-ac66ae257922/part_3/010044.json,,,0.98728157159029,89.01,81.9078947368421,86.1842105263158,15.4293628808864,91.1634349030471,75.98,0.963589224774021,0.948650810153616,
/media/vsi-dev/Lacie_2/mndot_workzone_project/Tesla/campaign_8348ccbe-b6ca-4be8-82ff-b4eba2616879-Tesla_-_Princeton_169_new/campaign/processed_json/segments/9b1c0b60-a317-4614-b1d3-ac66ae257922/part_3/010045.json,,,0.983930514272508,88.72,79.9342105263158,86.1842105263158,16.1772853185596,91.8559556786704,75.6,0.963630626065208,0.948402038853662,
/media/vsi-dev/Lacie_2/mndot_workzone_project/Tesla/campaign_8348ccbe-b6ca-4be8-82ff-b4eba2616879-Tesla_-_Princeton_169_new/campaign/processed_json/segments/9b1c0b60-a317-4614-b1d3-ac66ae257922/part_3/010046.json,,,0.982111925534364,88.67,82.5657894736842,86.1842105263158,11.4127423822715,91.3573407202216,75.61,0.966046965825293,0.948416383807011,
/media/vsi-dev/Lacie_2/mndot_workzone_project/Tesla/campaign_8348ccbe-b6ca-4be8-82ff-b4eba2616879-Tesla_-_Princeton_169_new/campaign/processed_json/segments/9b1c0b60-a317-4614-b1d3-ac66ae257922/part_3/010047.json,,,0.983930514272508,88.58,81.5789473684211,86.1842105263158,8.72576177285319,93.0470914127424,75.17,0.967162772380821,0.94821441637536,
/media/vsi-dev/Lacie_2/mndot_workzone_project/Tesla/campaign_8348ccbe-b6ca-4be8-82ff-b4eba2616879-Tesla_-_Princeton_169_new/campaign/processed_json/segments/9b1c0b60-a317-4614-b1d3-ac66ae257922/part_3/010048.json,,,0.988059362042712,89.35,82.5657894736842,86.1842105263158,16.2049861495845,94.1274238227147,76.74,0.964795155694965,0.948051037469507,
/media/vsi-dev/Lacie_2/mndot_workzone_project/Tesla/campaign_8348ccbe-b6ca-4be8-82ff-b4eba2616879-Tesla_-_Princeton_169_new/campaign/processed_json/segments/9b1c0b60-a317-4614-b1d3-ac66ae257922/part_3/010049.json,,,0.985653900195345,88.39,82.2368421052632,85.5263157894737,4.57063711911357,92.7423822714681,74.51,0.967829100791585,0.948095577416579,
/media/vsi-dev/Lacie_2/mndot_workzone_project/Tesla/campaign_8348ccbe-b6ca-4be8-82ff-b4eba2616879-Tesla_-_Princeton_169_new/campaign/processed_json/segments/9b1c0b60-a317-4614-b1d3-ac66ae257922/part_3/010050.json,,,0.983930514272508,89.38,82.8947368421053,86.1842105263158,19.2520775623269,93.6842105263158,77.23,0.964397598105036,0.948421598400704,
/media/vsi-dev/Lacie_2/mndot_workzone_project/Tesla/campaign_8348ccbe-b6ca-4be8-82ff-b4eba2616879-Tesla_-_Princeton_169_new/campaign/processed_json/segments/9b1c0b60-a317-4614-b1d3-ac66ae257922/part_3/010051.json,,,0.982111925534364,88.51,82.2368421052632,86.1842105263158,7.97783933518006,92.409972299169,75.16,0.967467354890951,0.948442983055873,
/media/vsi-dev/Lacie_2/mndot_workzone_project/Tesla/campaign_8348ccbe-b6ca-4be8-82ff-b4eba2616879-Tesla_-_Princeton_169_new/campaign/processed_json/segments/9b1c0b60-a317-4614-b1d3-ac66ae257922/part_3/010052.json,,,0.988813044611233,93.23,83.8815789473684,86.1842105263158,82.2160664819945,93.9612188365651,86.9,0.943802255908992,0.947859373697269,
/media/vsi-dev/Lacie_2/mndot_workzone_project/Tesla/campaign_8348ccbe-b6ca-4be8-82ff-b4eba2616879-Tesla_-_Princeton_169_new/campaign/processed_json/segments/9b1c0b60-a317-4614-b1d3-ac66ae257922/part_3/010053.json,,,0.983930514272508,88.93,82.5657894736842,85.5263157894737,13.3518005540166,94.0720221606648,76.11,0.964582891443708,0.94831861536781,
/media/vsi-dev/Lacie_2/mndot_workzone_project/Tesla/campaign_8348ccbe-b6ca-4be8-82ff-b4eba2616879-Tesla_-_Princeton_169_new/campaign/processed_json/segments/9b1c0b60-a317-4614-b1d3-ac66ae257922/part_3/010054.json,,,0.982111925534364,93.45,83.8815789473684,85.8552631578947,100,92.7423822714681,89.1,0.904376342433919,0.948306801410686,
/media/vsi-dev/Lacie_2/mndot_workzone_project/Tesla/campaign_8348ccbe-b6ca-4be8-82ff-b4eba2616879-Tesla_-_Princeton_169_new/campaign/processed_json/segments/9b1c0b60-a317-4614-b1d3-ac66ae257922/part_3/010055.json,,,0.982111925534364,93.66,84.5394736842105,85.5263157894737,100,93.4072022160665,89.35,0.915524502874462,0.948514921271068,
/media/vsi-dev/Lacie_2/mndot_workzone_project/Tesla/campaign_8348ccbe-b6ca-4be8-82ff-b4eba2616879-Tesla_-_Princeton_169_new/campaign/processed_json/segments/9b1c0b60-a317-4614-b1d3-ac66ae257922/part_3/010056.json,,,0.97715254792786,88.96,80.5921052631579,85.8552631578947,22.8254847645429,94.2936288088643,77.03,0.957913468337419,0.948274850502516,
/media/vsi-dev/Lacie_2/mndot_workzone_project/Tesla/campaign_8348ccbe-b6ca-4be8-82ff-b4eba2616879-Tesla_-_Princeton_169_new/campaign/processed_json/segments/9b1c0b60-a317-4614-b1d3-ac66ae257922/part_3/010057.json,,,0.982111925534364,93.35,82.8947368421053,85.5263157894737,100,93.185595567867,88.78,0.906935679129955,0.948315817478018,
/media/vsi-dev/Lacie_2/mndot_workzone_project/Tesla/campaign_8348ccbe-b6ca-4be8-82ff-b4eba2616879-Tesla_-_Princeton_169_new/campaign/processed_json/segments/9b1c0b60-a317-4614-b1d3-ac66ae257922/part_3/010058.json,,,0.96264254894526,81.35,81.5789473684211,85.5263157894737,0,5.59556786703601,60.33,0.922295975784674,0.948572567105589,
/media/vsi-dev/Lacie_2/mndot_workzone_project/Tesla/campaign_8348ccbe-b6ca-4be8-82ff-b4eba2616879-Tesla_-_Princeton_169_new/campaign/processed_json/segments/9b1c0b60-a317-4614-b1d3-ac66ae257922/part_3/010059.json,,,0.980198673306755,87.43,65.4605263157895,85.5263157894737,31.6897506925208,92.8254847645429,73.4,0.937172525727818,0.948766130639863,
/media/vsi-dev/Lacie_2/mndot_workzone_project/Tesla/campaign_8348ccbe-b6ca-4be8-82ff-b4eba2616879-Tesla_-_Princeton_169_new/campaign/processed_json/segments/9b1c0b60-a317-4614-b1d3-ac66ae257922/part_3/010060.json,,,0.983930514272508,89.74,81.5789473684211,85.5263157894737,30.9141274238227,93.5734072022161,78.33,0.955629802881835,0.948995578490605,
/media/vsi-dev/Lacie_2/mndot_workzone_project/Tesla/campaign_8348ccbe-b6ca-4be8-82ff-b4eba2616879-Tesla_-_Princeton_169_new/campaign/processed_json/segments/9b1c0b60-a317-4614-b1d3-ac66ae257922/part_3/010061.json,,,0.981167097577432,92.93,83.8815789473684,85.8552631578947,91.7451523545706,95.3739612188366,88.19,0.892231168691716,0.94886136503782,
/media/vsi-dev/Lacie_2/mndot_workzone_project/Tesla/campaign_8348ccbe-b6ca-4be8-82ff-b4eba2616879-Tesla_-_Princeton_169_new/campaign/processed_json/segments/9b1c0b60-a317-4614-b1d3-ac66ae257922/part_3/010062.json,,,0.984804140218096,93.85,83.8815789473684,86.1842105263158,100,94.4875346260388,89.52,0.916052711205908,0.949090006373391,
/media/vsi-dev/Lacie_2/mndot_workzone_project/Tesla/campaign_8348ccbe-b6ca-4be8-82ff-b4eba2616879-Tesla_-_Princeton_169_new/campaign/processed_json/segments/9b1c0b60-a317-4614-b1d3-ac66ae257922/part_3/010063.json,,,0.960162127477808,91.42,83.8815789473684,85.5263157894737,84.016620498615,94.3490304709141,86.74,0.883329454444416,0.94889190120515,
/media/vsi-dev/Lacie_2/mndot_workzone_project/Tesla/campaign_8348ccbe-b6ca-4be8-82ff-b4eba2616879-Tesla_-_Princeton_169_new/campaign/processed_json/segments/9b1c0b60-a317-4614-b1d3-ac66ae257922/part_3/010064.json,,,0.954887134671689,86.89,82.2368421052632,86.5131578947369,0,92.5207756232687,74.04,0.958337296919086,0.94939775722104,
/media/vsi-dev/Lacie_2/mndot_workzone_project/Tesla/campaign_8348ccbe-b6ca-4be8-82ff-b4eba2616879-Tesla_-_Princeton_169_new/campaign/processed_json/segments/9b1c0b60-a317-4614-b1d3-ac66ae257922/part_3/010065.json,,,0.954887134671689,87.19,83.8815789473684,86.1842105263158,0,94.5706371191136,74.75,0.960458550682279,0.9488445515029,
/media/vsi-dev/Lacie_2/mndot_workzone_project/Tesla/campaign_8348ccbe-b6ca-4be8-82ff-b4eba2616879-Tesla_-_Princeton_169_new/campaign/processed_json/segments/9b1c0b60-a317-4614-b1d3-ac66ae257922/part_3/010066.json,,,0.951345160010708,89.23,82.8947368421053,86.1842105263158,47.1468144044321,95.6232686980609,81.44,0.911372873332011,0.948594050473139,
/media/vsi-dev/Lacie_2/mndot_workzone_project/Tesla/campaign_8348ccbe-b6ca-4be8-82ff-b4eba2616879-Tesla_-_Princeton_169_new/campaign/processed_json/segments/9b1c0b60-a317-4614-b1d3-ac66ae257922/part_3/010067.json,,,0.957292596519057,81.1,82.8947368421053,85.5263157894737,0,0,59.94,0.934912848109815,0.948414736914509,
/media/vsi-dev/Lacie_2/mndot_workzone_project/Tesla/campaign_8348ccbe-b6ca-4be8-82ff-b4eba2616879-Tesla_-_Princeton_169_new/campaign/processed_json/segments/9b1c0b60-a317-4614-b1d3-ac66ae257922/part_3/010068.json,,,0.975005175298418,81.93,81.5789473684211,85.5263157894737,0,1.16343490304709,59.81,0.952428122066292,0.947815289722446,
/media/vsi-dev/Lacie_2/mndot_workzone_project/Tesla/campaign_8348ccbe-b6ca-4be8-82ff-b4eba2616879-Tesla_-_Princeton_169_new/campaign/processed_json/segments/9b1c0b60-a317-4614-b1d3-ac66ae257922/part_3/010069.json,,,0.97715254792786,87.99,82.8947368421053,86.1842105263158,0,97.3407202216066,74.81,0.949296828773714,0.948645437313192,
/media/vsi-dev/Lacie_2/mndot_workzone_project/Tesla/campaign_8348ccbe-b6ca-4be8-82ff-b4eba2616879-Tesla_-_Princeton_169_new/campaign/processed_json/segments/9b1c0b60-a317-4614-b1d3-ac66ae257922/part_3/010070.json,,,0.983930514272508,88.71,78.6184210526316,85.8552631578947,14.0443213296399,97.7839335180055,75.66,0.960573888969119,0.948328215679131,
/media/vsi-dev/Lacie_2/mndot_workzone_project/Tesla/campaign_8348ccbe-b6ca-4be8-82ff-b4eba2616879-Tesla_-_Princeton_169_new/campaign/processed_json/segments/9b1c0b60-a317-4614-b1d3-ac66ae257922/part_3/010071.json,,,0.975005175298418,87.39,83.5526315789474,85.5263157894737,100,0,74.93,0.889224471494446,0.952562079488227,
/media/vsi-dev/Lacie_2/mndot_workzone_project/Tesla/campaign_8348ccbe-b6ca-4be8-82ff-b4eba2616879-Tesla_-_Princeton_169_new/campaign/processed_json/segments/9b1c0b60-a317-4614-b1d3-ac66ae257922/part_3/010072.json,,,0.978191324262237,87.99,81.9078947368421,86.1842105263158,0,96.398891966759,74.43,0.960207246743517,0.949030768872972,
/media/vsi-dev/Lacie_2/mndot_workzone_project/Tesla/campaign_8348ccbe-b6ca-4be8-82ff-b4eba2616879-Tesla_-_Princeton_169_new/campaign/processed_json/segments/9b1c0b60-a317-4614-b1d3-ac66ae257922/part_3/010073.json,,,0.984804140218096,82.52,83.5526315789474,86.1842105263158,0,0,60.4,0.946119422485728,0.950461432130117,
/media/vsi-dev/Lacie_2/mndot_workzone_project/Tesla/campaign_8348ccbe-b6ca-4be8-82ff-b4eba2616879-Tesla_-_Princeton_169_new/campaign/processed_json/segments/9b1c0b60-a317-4614-b1d3-ac66ae257922/part_3/010074.json,,,0.990247863518234,82.34,83.5526315789474,86.1842105263158,0,0,60.24,0.91267215987916,0.950531648011086,
/media/vsi-dev/Lacie_2/mndot_workzone_project/Tesla/campaign_8348ccbe-b6ca-4be8-82ff-b4eba2616879-Tesla_-_Princeton_169_new/campaign/processed_json/segments/9b1c0b60-a317-4614-b1d3-ac66ae257922/part_3/010075.json,,,0.982111925534364,83.82,82.2368421052632,86.1842105263158,0,34.0720221606648,64.92,0.905899546469321,0.95046415363933,
/media/vsi-dev/Lacie_2/mndot_workzone_project/Tesla/campaign_8348ccbe-b6ca-4be8-82ff-b4eba2616879-Tesla_-_Princeton_169_new/campaign/processed_json/segments/9b1c0b60-a317-4614-b1d3-ac66ae257922/part_3/010076.json,,,0.975005175298418,87.62,81.25,86.1842105263158,0,94.016620498615,73.87,0.957260327596735,0.950139736744214,
/media/vsi-dev/Lacie_2/mndot_workzone_project/Tesla/campaign_8348ccbe-b6ca-4be8-82ff-b4eba2616879-Tesla_-_Princeton_169_new/campaign/processed_json/segments/9b1c0b60-a317-4614-b1d3-ac66ae257922/part_3/010077.json,,,0.981167097577432,86.77,71.0526315789474,86.1842105263158,4.57063711911357,91.3296398891967,71.1,0.957780386022939,0.95026390268653,
/media/vsi-dev/Lacie_2/mndot_workzone_project/Tesla/campaign_8348ccbe-b6ca-4be8-82ff-b4eba2616879-Tesla_-_Princeton_169_new/campaign/processed_json/segments/9b1c0b60-a317-4614-b1d3-ac66ae257922/part_3/010078.json,,,0.988059362042712,91.77,81.5789473684211,86.1842105263158,67.1468144044321,89.196675900277,83.25,0.944431090535008,0.950144066214818,
/media/vsi-dev/Lacie_2/mndot_workzone_project/Tesla/campaign_8348ccbe-b6ca-4be8-82ff-b4eba2616879-Tesla_-_Princeton_169_new/campaign/processed_json/segments/9b1c0b60-a317-4614-b1d3-ac66ae257922/part_3/010079.json,,,0.988813044611233,88.97,80.9210526315789,86.1842105263158,18.6703601108033,88.1440443213296,75.72,0.963680199553441,0.94971811696599,
/media/vsi-dev/Lacie_2/mndot_workzone_project/Tesla/campaign_8348ccbe-b6ca-4be8-82ff-b4eba2616879-Tesla_-_Princeton_169_new/campaign/processed_json/segments/9b1c0b60-a317-4614-b1d3-ac66ae257922/part_3/010080.json,,,0.985653900195345,89.19,84.2105263157895,85.5263157894737,19.3905817174515,88.5041551246537,76.66,0.960905449047784,0.949448608148348,
/media/vsi-dev/Lacie_2/mndot_workzone_project/Tesla/campaign_8348ccbe-b6ca-4be8-82ff-b4eba2616879-Tesla_-_Princeton_169_new/campaign/processed_json/segments/9b1c0b60-a317-4614-b1d3-ac66ae257922/part_3/010081.json,,,0.984804140218096,88.5,83.8815789473684,86.8421052631579,4.09972299168975,89.4736842105263,74.84,0.967406579132942,0.949789994659612,
/media/vsi-dev/Lacie_2/mndot_workzone_project/Tesla/campaign_8348ccbe-b6ca-4be8-82ff-b4eba2616879-Tesla_-_Princeton_169_new/campaign/processed_json/segments/9b1c0b60-a317-4614-b1d3-ac66ae257922/part_3/010082.json,,,0.988813044611233,89.37,83.8815789473684,86.1842105263158,17.8670360110803,89.2520775623269,76.66,0.965458694299685,0.949955575028861,
/media/vsi-dev/Lacie_2/mndot_workzone_project/Tesla/campaign_8348ccbe-b6ca-4be8-82ff-b4eba2616879-Tesla_-_Princeton_169_new/campaign/processed_json/segments/9b1c0b60-a317-4614-b1d3-ac66ae257922/part_3/010083.json,,,0.990247863518234,89.72,82.5657894736842,85.8552631578947,26.6759002770083,89.1135734072022,77.46,0.962576621194282,0.950273393947739,
/media/vsi-dev/Lacie_2/mndot_workzone_project/Tesla/campaign_8348ccbe-b6ca-4be8-82ff-b4eba2616879-Tesla_-_Princeton_169_new/campaign/processed_json/segments/9b1c0b60-a317-4614-b1d3-ac66ae257922/part_3/010084.json,,,0.990928893001464,89.57,83.5526315789474,86.8421052631579,19.3074792243767,88.9473684210526,76.93,0.965145703679405,0.950489335649294,
/media/vsi-dev/Lacie_2/mndot_workzone_project/Tesla/campaign_8348ccbe-b6ca-4be8-82ff-b4eba2616879-Tesla_-_Princeton_169_new/campaign/processed_json/segments/9b1c0b60-a317-4614-b1d3-ac66ae257922/part_3/010085.json,,,0.99158560090355,88.72,81.5789473684211,86.8421052631579,7.00831024930748,90.6371191135734,74.75,0.965848587512978,0.950171713089722,
/media/vsi-dev/Lacie_2/mndot_workzone_project/Tesla/campaign_8348ccbe-b6ca-4be8-82ff-b4eba2616879-Tesla_-_Princeton_169_new/campaign/processed_json/segments/9b1c0b60-a317-4614-b1d3-ac66ae257922/part_3/010086.json,,,0.99158560090355,89.22,82.8947368421053,85.8552631578947,15.0138504155125,90.3047091412742,76,0.965880797172469,0.949677721302507,
/media/vsi-dev/Lacie_2/mndot_workzone_project/Tesla/campaign_8348ccbe-b6ca-4be8-82ff-b4eba2616879-Tesla_-_Princeton_169_new/campaign/processed_json/segments/9b1c0b60-a317-4614-b1d3-ac66ae257922/part_3/010087.json,,,0.990928893001464,89.57,84.2105263157895,86.8421052631579,17.7008310249307,89.1135734072022,76.92,0.965996864789119,0.950161876041845,
/media/vsi-dev/Lacie_2/mndot_workzone_project/Tesla/campaign_8348ccbe-b6ca-4be8-82ff-b4eba2616879-Tesla_-_Princeton_169_new/campaign/processed_json/segments/9b1c0b60-a317-4614-b1d3-ac66ae257922/part_3/010088.json,,,0.990247863518234,89.08,81.9078947368421,86.1842105263158,17.7285318559557,87.7562326869806,75.82,0.963645148979334,0.950336351625499,
/media/vsi-dev/Lacie_2/mndot_workzone_project/Tesla/campaign_8348ccbe-b6ca-4be8-82ff-b4eba2616879-Tesla_-_Princeton_169_new/campaign/processed_json/segments/9b1c0b60-a317-4614-b1d3-ac66ae257922/part_3/010089.json,,,0.993409314468916,91.93,73.0263157894737,86.1842105263158,87.4515235457064,87.8393351800554,83.46,0.931074384739531,0.950099852054021,
/media/vsi-dev/Lacie_2/mndot_workzone_project/Tesla/campaign_8348ccbe-b6ca-4be8-82ff-b4eba2616879-Tesla_-_Princeton_169_new/campaign/processed_json/segments/9b1c0b60-a317-4614-b1d3-ac66ae257922/part_3/010090.json,,,0.992825857903813,93.59,82.2368421052632,86.1842105263158,97.590027700831,87.3407202216066,87.67,0.931047388590112,0.950282712811168,
/media/vsi-dev/Lacie_2/mndot_workzone_project/Tesla/campaign_8348ccbe-b6ca-4be8-82ff-b4eba2616879-Tesla_-_Princeton_169_new/campaign/processed_json/segments/9b1c0b60-a317-4614-b1d3-ac66ae257922/part_3/010091.json,,,0.98728157159029,91.41,84.2105263157895,86.1842105263158,57.8116343490305,89.0581717451524,82.59,0.938683504340891,0.949778337035563,
/media/vsi-dev/Lacie_2/mndot_workzone_project/Tesla/campaign_8348ccbe-b6ca-4be8-82ff-b4eba2616879-Tesla_-_Princeton_169_new/campaign/processed_json/segments/9b1c0b60-a317-4614-b1d3-ac66ae257922/part_3/010092.json,,,0.958046279087577,81.97,84.2105263157895,86.1842105263158,0,17.2576177285319,62.94,0.896251556253452,0.950496730971904,
/media/vsi-dev/Lacie_2/mndot_workzone_project/Tesla/campaign_8348ccbe-b6ca-4be8-82ff-b4eba2616879-Tesla_-_Princeton_169_new/campaign/processed_json/segments/9b1c0b60-a317-4614-b1d3-ac66ae257922/part_3/010093.json,,,0.960162127477808,87.92,83.5526315789474,86.1842105263158,27.8116343490305,87.3407202216066,77.46,0.903191097873811,0.949879911200254,
/media/vsi-dev/Lacie_2/mndot_workzone_project/Tesla/campaign_8348ccbe-b6ca-4be8-82ff-b4eba2616879-Tesla_-_Princeton_169_new/campaign/processed_json/segments/9b1c0b60-a317-4614-b1d3-ac66ae257922/part_3/010094.json,,,0.959481097994579,89.41,84.2105263157895,85.8552631578947,49.3905817174515,87.617728531856,80.91,0.917116103171388,0.949834622378802,
/media/vsi-dev/Lacie_2/mndot_workzone_project/Tesla/campaign_8348ccbe-b6ca-4be8-82ff-b4eba2616879-Tesla_-_Princeton_169_new/campaign/processed_json/segments/9b1c0b60-a317-4614-b1d3-ac66ae257922/part_3/010095.json,,,0.950400332053776,86.98,83.5526315789474,85.5263157894737,9.94459833795014,87.0914127423823,74.8,0.954266994194989,0.949692824135249,
/media/vsi-dev/Lacie_2/mndot_workzone_project/Tesla/campaign_8348ccbe-b6ca-4be8-82ff-b4eba2616879-Tesla_-_Princeton_169_new/campaign/processed_json/segments/9b1c0b60-a317-4614-b1d3-ac66ae257922/part_3/010096.json,,,0.95403737469444,87.56,84.2105263157895,85.5263157894737,13.213296398892,88.808864265928,75.77,0.959928427544025,0.949065868395734,
/media/vsi-dev/Lacie_2/mndot_workzone_project/Tesla/campaign_8348ccbe-b6ca-4be8-82ff-b4eba2616879-Tesla_-_Princeton_169_new/campaign/processed_json/segments/9b1c0b60-a317-4614-b1d3-ac66ae257922/part_3/010097.json,,,0.954887134671689,86.43,81.5789473684211,85.8552631578947,0,88.0332409972299,72.96,0.95537407070725,0.949544179192252,
/media/vsi-dev/Lacie_2/mndot_workzone_project/Tesla/campaign_8348ccbe-b6ca-4be8-82ff-b4eba2616879-Tesla_-_Princeton_169_new/campaign/processed_json/segments/9b1c0b60-a317-4614-b1d3-ac66ae257922/part_3/010098.json,,,0.954887134671689,74.65,30.9210526315789,85.5263157894737,0,0,44.3,0.923671533950486,0.949727908592363,
/media/vsi-dev/Lacie_2/mndot_workzone_project/Tesla/campaign_8348ccbe-b6ca-4be8-82ff-b4eba2616879-Tesla_-_Princeton_169_new/campaign/processed_json/segments/9b1c0b60-a317-4614-b1d3-ac66ae257922/part_3/010099.json,,,0.952266321667955,74.55,29.6052631578947,85.5263157894737,0,0,43.98,0.937830410820237,0.949279150813672,
/media/vsi-dev/Lacie_2/mndot_workzone_project/Tesla/campaign_8348ccbe-b6ca-4be8-82ff-b4eba2616879-Tesla_-_Princeton_169_new/campaign/processed_json/segments/9b1c0b60-a317-4614-b1d3-ac66ae257922/part_3/010100.json,,,0.999887506327888,89.55,81.5789473684211,85.5263157894737,23.0470914127424,85.5678670360111,76,0.964856691028352,0.950141107669919,
/media/vsi-dev/Lacie_2/mndot_workzone_project/Tesla/campaign_8348ccbe-b6ca-4be8-82ff-b4eba2616879-Tesla_-_Princeton_169_new/campaign/processed_json/segments/9b1c0b60-a317-4614-b1d3-ac66ae257922/part_3/010101.json,,,0.999550101234814,88.26,83.5526315789474,85.1973684210526,0,87.5623268698061,73.25,0.947861973747123,0.949788188544967,
/media/vsi-dev/Lacie_2/mndot_workzone_project/Tesla/campaign_8348ccbe-b6ca-4be8-82ff-b4eba2616879-Tesla_-_Princeton_169_new/campaign/processed_json/segments/9b1c0b60-a317-4614-b1d3-ac66ae257922/part_3/010102.json,,,0.999550101234814,93.51,82.2368421052632,85.5263157894737,89.4459833795014,88.0609418282548,86.43,0.946617406397929,0.949378963746402,
/media/vsi-dev/Lacie_2/mndot_workzone_project/Tesla/campaign_8348ccbe-b6ca-4be8-82ff-b4eba2616879-Tesla_-_Princeton_169_new/campaign/processed_json/segments/9b1c0b60-a317-4614-b1d3-ac66ae257922/part_3/010103.json,,,0.999887506327888,89.35,79.2763157894737,85.5263157894737,24.6260387811634,85.5678670360111,75.54,0.963397343516255,0.95006100760711,
/media/vsi-dev/Lacie_2/mndot_workzone_project/Tesla/campaign_8348ccbe-b6ca-4be8-82ff-b4eba2616879-Tesla_-_Princeton_169_new/campaign/processed_json/segments/9b1c0b60-a317-4614-b1d3-ac66ae257922/part_3/010104.json,,,0.999987500078125,89.93,82.8947368421053,85.5263157894737,27.0637119113573,86.2326869806094,77.07,0.960961941551245,0.949702757162896,
/media/vsi-dev/Lacie_2/mndot_workzone_project/Tesla/campaign_8348ccbe-b6ca-4be8-82ff-b4eba2616879-Tesla_-_Princeton_169_new/campaign/processed_json/segments/9b1c0b60-a317-4614-b1d3-ac66ae257922/part_3/010105.json,,,1,89.85,82.2368421052632,85.5263157894737,25.4847645429363,88.0886426592798,76.91,0.959380208044544,0.948923455859308,
/media/vsi-dev/Lacie_2/mndot_workzone_project/Tesla/campaign_8348ccbe-b6ca-4be8-82ff-b4eba2616879-Tesla_-_Princeton_169_new/campaign/processed_json/segments/9b1c0b60-a317-4614-b1d3-ac66ae257922/part_3/010106.json,,,0.999887506327888,89.59,84.5394736842105,85.5263157894737,19.196675900277,85.6786703601108,76.29,0.958390186476262,0.949171017634801,
/media/vsi-dev/Lacie_2/mndot_workzone_project/Tesla/campaign_8348ccbe-b6ca-4be8-82ff-b4eba2616879-Tesla_-_Princeton_169_new/campaign/processed_json/segments/9b1c0b60-a317-4614-b1d3-ac66ae257922/part_3/010107.json,,,0.999987500078125,89.54,83.5526315789474,85.5263157894737,20.803324099723,85.2908587257618,76.17,0.957664236890442,0.949242506634975,
/media/vsi-dev/Lacie_2/mndot_workzone_project/Tesla/campaign_8348ccbe-b6ca-4be8-82ff-b4eba2616879-Tesla_-_Princeton_169_new/campaign/processed_json/segments/9b1c0b60-a317-4614-b1d3-ac66ae257922/part_3/010108.json,,,0.999887506327888,89.88,80.9210526315789,85.5263157894737,28.6980609418283,89.8060941828255,77.21,0.952431680873513,0.947881327358572,
/media/vsi-dev/Lacie_2/mndot_workzone_project/Tesla/campaign_8348ccbe-b6ca-4be8-82ff-b4eba2616879-Tesla_-_Princeton_169_new/campaign/processed_json/segments/9b1c0b60-a317-4614-b1d3-ac66ae257922/part_3/010109.json,,,0.999950001249979,89.55,82.5657894736842,85.5263157894737,24.792243767313,84.0997229916897,76.28,0.954167817088471,0.949477971181854,
/media/vsi-dev/Lacie_2/mndot_workzone_project/Tesla/campaign_8348ccbe-b6ca-4be8-82ff-b4eba2616879-Tesla_-_Princeton_169_new/campaign/processed_json/segments/9b1c0b60-a317-4614-b1d3-ac66ae257922/part_3/010110.json,,,0.999387687539834,93.88,82.8947368421053,85.1973684210526,100,85.4847645429363,87.67,0.934615096291618,0.949212817480401,
/media/vsi-dev/Lacie_2/mndot_workzone_project/Tesla/campaign_8348ccbe-b6ca-4be8-82ff-b4eba2616879-Tesla_-_Princeton_169_new/campaign/processed_json/segments/9b1c0b60-a317-4614-b1d3-ac66ae257922/part_3/010111.json,,,0.999950001249979,92.77,82.2368421052632,85.8552631578947,81.218836565097,86.8698060941828,85.02,0.927005827079651,0.949171113123498,
/media/vsi-dev/Lacie_2/mndot_workzone_project/Tesla/campaign_8348ccbe-b6ca-4be8-82ff-b4eba2616879-Tesla_-_Princeton_169_new/campaign/processed_json/segments/9b1c0b60-a317-4614-b1d3-ac66ae257922/part_3/010112.json,,,0.999887506327888,87.01,82.2368421052632,85.5263157894737,0,75.6232686980609,70.98,0.912743101413883,0.949483518795552,
/media/vsi-dev/Lacie_2/mndot_workzone_project/Tesla/campaign_8348ccbe-b6ca-4be8-82ff-b4eba2616879-Tesla_-_Princeton_169_new/campaign/processed_json/segments/9b1c0b60-a317-4614-b1d3-ac66ae257922/part_3/010113.json,,,1,87.49,84.2105263157895,86.1842105263158,0,76.6204986149585,71.96,0.921183945987912,0.949420170505819,
/media/vsi-dev/Lacie_2/mndot_workzone_project/Tesla/campaign_8348ccbe-b6ca-4be8-82ff-b4eba2616879-Tesla_-_Princeton_169_new/campaign/processed_json/segments/9b1c0b60-a317-4614-b1d3-ac66ae257922/part_3/010114.json,,,0.968920783299383,81.53,80.9210526315789,86.1842105263158,0,0,59.6,0.943110685335424,0.949755842241573,
/media/vsi-dev/Lacie_2/mndot_workzone_project/Tesla/campaign_8348ccbe-b6ca-4be8-82ff-b4eba2616879-Tesla_-_Princeton_169_new/campaign/processed_json/segments/9b1c0b60-a317-4614-b1d3-ac66ae257922/part_3/010115.json,,,0.997889729757728,84.22,81.25,85.5263157894737,0,43.6288088642659,65.61,0.856618008767477,0.949010554518903,
/media/vsi-dev/Lacie_2/mndot_workzone_project/Tesla/campaign_8348ccbe-b6ca-4be8-82ff-b4eba2616879-Tesla_-_Princeton_169_new/campaign/processed_json/segments/9b1c0b60-a317-4614-b1d3-ac66ae257922/part_3/010116.json,,,0.968620922016178,81.23,78.9473684210526,85.5263157894737,0,0,58.82,0.946929035129976,0.948822776221498,
/media/vsi-dev/Lacie_2/mndot_workzone_project/Tesla/campaign_8348ccbe-b6ca-4be8-82ff-b4eba2616879-Tesla_-_Princeton_169_new/campaign/processed_json/segments/9b1c0b60-a317-4614-b1d3-ac66ae257922/part_3/010117.json,,,0.969233234476344,81.28,78.9473684210526,85.5263157894737,0,0,58.83,0.948671775781447,0.948796080417883,
/media/vsi-dev/Lacie_2/mndot_workzone_project/Tesla/campaign_8348ccbe-b6ca-4be8-82ff-b4eba2616879-Tesla_-_Princeton_169_new/campaign/processed_json/segments/9b1c0b60-a317-4614-b1d3-ac66ae257922/part_3/010118.json,,,0.98728157159029,87.82,83.5526315789474,85.8552631578947,5.3185595567867,88.5872576177285,74.23,0.914912686181639,0.948652318500605,
/media/vsi-dev/Lacie_2/mndot_workzone_project/Tesla/campaign_8348ccbe-b6ca-4be8-82ff-b4eba2616879-Tesla_-_Princeton_169_new/campaign/processed_json/segments/9b1c0b60-a317-4614-b1d3-ac66ae257922/part_3/010119.json,,,0.984804140218096,88.04,78.2894736842105,86.5131578947369,10.8310249307479,90.0277008310249,74.08,0.953607706468509,0.948368904587253,
/media/vsi-dev/Lacie_2/mndot_workzone_project/Tesla/campaign_8348ccbe-b6ca-4be8-82ff-b4eba2616879-Tesla_-_Princeton_169_new/campaign/processed_json/segments/9b1c0b60-a317-4614-b1d3-ac66ae257922/part_3/010120.json,,,0.990247863518234,89.1,76.6447368421053,86.5131578947369,27.3961218836565,90.0277008310249,76.09,0.956640662009898,0.948633242046186,
/media/vsi-dev/Lacie_2/mndot_workzone_project/Tesla/campaign_8348ccbe-b6ca-4be8-82ff-b4eba2616879-Tesla_-_Princeton_169_new/campaign/processed_json/segments/9b1c0b60-a317-4614-b1d3-ac66ae257922/part_3/010121.json,,,0.992825857903813,88.91,77.3026315789474,86.1842105263158,21.8282548476454,89.1412742382271,75.24,0.961398888755396,0.948909466714476,
/media/vsi-dev/Lacie_2/mndot_workzone_project/Tesla/campaign_8348ccbe-b6ca-4be8-82ff-b4eba2616879-Tesla_-_Princeton_169_new/campaign/processed_json/segments/9b1c0b60-a317-4614-b1d3-ac66ae257922/part_3/010122.json,,,0.992825857903813,88.69,77.6315789473684,86.5131578947369,18.1717451523546,87.1468144044321,74.61,0.964194533900863,0.949334832602962,
/media/vsi-dev/Lacie_2/mndot_workzone_project/Tesla/campaign_8348ccbe-b6ca-4be8-82ff-b4eba2616879-Tesla_-_Princeton_169_new/campaign/processed_json/segments/9b1c0b60-a317-4614-b1d3-ac66ae257922/part_3/010123.json,,,0.988813044611233,88.43,82.2368421052632,85.5263157894737,8.9196675900277,87.6731301939058,74.38,0.963169941015033,0.949122442481003,
/media/vsi-dev/Lacie_2/mndot_workzone_project/Tesla/campaign_8348ccbe-b6ca-4be8-82ff-b4eba2616879-Tesla_-_Princeton_169_new/campaign/processed_json/segments/9b1c0b60-a317-4614-b1d3-ac66ae257922/part_3/010124.json,,,0.990247863518234,89.18,81.5789473684211,85.5263157894737,18.7257617728532,90.3601108033241,76.07,0.965937196672305,0.948358875002943,
/media/vsi-dev/Lacie_2/mndot_workzone_project/Tesla/campaign_8348ccbe-b6ca-4be8-82ff-b4eba2616879-Tesla_-_Princeton_169_new/campaign/processed_json/segments/9b1c0b60-a317-4614-b1d3-ac66ae257922/part_3/010125.json,,,0.99158560090355,88.91,81.25,85.8552631578947,13.7396121883657,89.612188365651,75.21,0.967458006041266,0.948563124904739,
/media/vsi-dev/Lacie_2/mndot_workzone_project/Tesla/campaign_8348ccbe-b6ca-4be8-82ff-b4eba2616879-Tesla_-_Princeton_169_new/campaign/processed_json/segments/9b1c0b60-a317-4614-b1d3-ac66ae257922/part_3/010126.json,,,0.990247863518234,89,79.6052631578947,86.1842105263158,21.5789473684211,88.1994459833795,75.75,0.960397672514693,0.949033778659828,
/media/vsi-dev/Lacie_2/mndot_workzone_project/Tesla/campaign_8348ccbe-b6ca-4be8-82ff-b4eba2616879-Tesla_-_Princeton_169_new/campaign/processed_json/segments/9b1c0b60-a317-4614-b1d3-ac66ae257922/part_3/010127.json,,,0.988813044611233,88.52,79.6052631578947,86.8421052631579,12.3268698060942,88.2825484764543,74.59,0.964057975172001,0.94888086066911,
/media/vsi-dev/Lacie_2/mndot_workzone_project/Tesla/campaign_8348ccbe-b6ca-4be8-82ff-b4eba2616879-Tesla_-_Princeton_169_new/campaign/processed_json/segments/9b1c0b60-a317-4614-b1d3-ac66ae257922/part_3/010128.json,,,0.99158560090355,89.44,82.2368421052632,86.1842105263158,20.6925207756233,89.1689750692521,76.58,0.965747066172322,0.948684832612522,
/media/vsi-dev/Lacie_2/mndot_workzone_project/Tesla/campaign_8348ccbe-b6ca-4be8-82ff-b4eba2616879-Tesla_-_Princeton_169_new/campaign/processed_json/segments/9b1c0b60-a317-4614-b1d3-ac66ae257922/part_3/010129.json,,,0.99158560090355,89.46,79.2763157894737,85.5263157894737,28.781163434903,89.3351800554017,76.71,0.962253985340486,0.948510456331655,
/media/vsi-dev/Lacie_2/mndot_workzone_project/Tesla/campaign_8348ccbe-b6ca-4be8-82ff-b4eba2616879-Tesla_-_Princeton_169_new/campaign/processed_json/segments/9b1c0b60-a317-4614-b1d3-ac66ae257922/part_3/010130.json,,,0.990928893001464,89.16,82.8947368421053,85.8552631578947,11.994459833795,92.5484764542936,75.89,0.968777247256547,0.948006998878914,
/media/vsi-dev/Lacie_2/mndot_workzone_project/Tesla/campaign_8348ccbe-b6ca-4be8-82ff-b4eba2616879-Tesla_-_Princeton_169_new/campaign/processed_json/segments/9b1c0b60-a317-4614-b1d3-ac66ae257922/part_3/010131.json,,,0.990247863518234,89.94,82.5657894736842,86.1842105263158,29.8891966759003,89.1135734072022,78.03,0.96310134053775,0.948524826448526,
/media/vsi-dev/Lacie_2/mndot_workzone_project/Tesla/campaign_8348ccbe-b6ca-4be8-82ff-b4eba2616879-Tesla_-_Princeton_169_new/campaign/processed_json/segments/9b1c0b60-a317-4614-b1d3-ac66ae257922/part_3/010132.json,,,0.993409314468916,89.87,81.9078947368421,85.5263157894737,30.5263157894737,88.0886426592798,77.57,0.961865812080477,0.948424739650049,
/media/vsi-dev/Lacie_2/mndot_workzone_project/Tesla/campaign_8348ccbe-b6ca-4be8-82ff-b4eba2616879-Tesla_-_Princeton_169_new/campaign/processed_json/segments/9b1c0b60-a317-4614-b1d3-ac66ae257922/part_3/010133.json,,,0.990247863518234,89.87,82.8947368421053,86.1842105263158,30.0554016620499,87.0083102493075,77.84,0.963236881861514,0.948985866611086,
/media/vsi-dev/Lacie_2/mndot_workzone_project/Tesla/campaign_8348ccbe-b6ca-4be8-82ff-b4eba2616879-Tesla_-_Princeton_169_new/campaign/processed_json/segments/9b1c0b60-a317-4614-b1d3-ac66ae257922/part_3/010134.json,,,0.994502665947899,92.67,81.5789473684211,85.5263157894737,79.5290858725762,88.9750692520776,84.88,0.946137040968965,0.948070269110649,
/media/vsi-dev/Lacie_2/mndot_workzone_project/Tesla/campaign_8348ccbe-b6ca-4be8-82ff-b4eba2616879-Tesla_-_Princeton_169_new/campaign/processed_json/segments/9b1c0b60-a317-4614-b1d3-ac66ae257922/part_3/010135.json,,,0.990247863518234,89.52,82.8947368421053,86.1842105263158,20.2770083102493,90.7479224376731,76.94,0.96583701120539,0.947666933697168,
/media/vsi-dev/Lacie_2/mndot_workzone_project/Tesla/campaign_8348ccbe-b6ca-4be8-82ff-b4eba2616879-Tesla_-_Princeton_169_new/campaign/processed_json/segments/9b1c0b60-a317-4614-b1d3-ac66ae257922/part_3/010136.json,,,0.990247863518234,88.75,82.2368421052632,85.5263157894737,9.19667590027701,91.3573407202216,74.98,0.966974520706906,0.947484034736394,
/media/vsi-dev/Lacie_2/mndot_workzone_project/Tesla/campaign_8348ccbe-b6ca-4be8-82ff-b4eba2616879-Tesla_-_Princeton_169_new/campaign/processed_json/segments/9b1c0b60-a317-4614-b1d3-ac66ae257922/part_3/010137.json,,,0.990928893001464,88.85,81.5789473684211,85.5263157894737,12.4376731301939,90.9972299168975,75.21,0.964932787235641,0.947701641852504,
/media/vsi-dev/Lacie_2/mndot_workzone_project/Tesla/campaign_8348ccbe-b6ca-4be8-82ff-b4eba2616879-Tesla_-_Princeton_169_new/campaign/processed_json/segments/9b1c0b60-a317-4614-b1d3-ac66ae257922/part_3/010138.json,,,0.988813044611233,88.45,83.5526315789474,86.1842105263158,0.858725761772853,91.4127423822715,74.34,0.969043467036333,0.947455915487138,
/media/vsi-dev/Lacie_2/mndot_workzone_project/Tesla/campaign_8348ccbe-b6ca-4be8-82ff-b4eba2616879-Tesla_-_Princeton_169_new/campaign/processed_json/segments/9b1c0b60-a317-4614-b1d3-ac66ae257922/part_3/010139.json,,,0.988813044611233,88.65,83.8815789473684,86.1842105263158,6.17728531855956,89.0858725761773,74.88,0.966637268676264,0.947864241778417,
/media/vsi-dev/Lacie_2/mndot_workzone_project/Tesla/campaign_8348ccbe-b6ca-4be8-82ff-b4eba2616879-Tesla_-_Princeton_169_new/campaign/processed_json/segments/9b1c0b60-a317-4614-b1d3-ac66ae257922/part_3/010140.json,,,0.99158560090355,89.43,80.9210526315789,85.5263157894737,28.0886426592798,86.1495844875346,76.63,0.963298003324953,0.948137310289865,
/media/vsi-dev/Lacie_2/mndot_workzone_project/Tesla/campaign_8348ccbe-b6ca-4be8-82ff-b4eba2616879-Tesla_-_Princeton_169_new/campaign/processed_json/segments/9b1c0b60-a317-4614-b1d3-ac66ae257922/part_3/010141.json,,,0.990928893001464,88.41,78.9473684210526,85.1973684210526,14.2936288088643,87.590027700831,74.09,0.965711822168232,0.947704994684565,
/media/vsi-dev/Lacie_2/mndot_workzone_project/Tesla/campaign_8348ccbe-b6ca-4be8-82ff-b4eba2616879-Tesla_-_Princeton_169_new/campaign/processed_json/segments/9b1c0b60-a317-4614-b1d3-ac66ae257922/part_3/010142.json,,,0.983930514272508,88.12,81.5789473684211,85.1973684210526,8.14404432132964,88.1994459833795,74.05,0.966459672843006,0.94749226988954,
/media/vsi-dev/Lacie_2/mndot_workzone_project/Tesla/campaign_8348ccbe-b6ca-4be8-82ff-b4eba2616879-Tesla_-_Princeton_169_new/campaign/processed_json/segments/9b1c0b60-a317-4614-b1d3-ac66ae257922/part_3/010143.json,,,0.984804140218096,89.07,82.2368421052632,85.5263157894737,21.6620498614958,88.5041551246537,76.41,0.96375806088204,0.947646614429035,
/media/vsi-dev/Lacie_2/mndot_workzone_project/Tesla/campaign_8348ccbe-b6ca-4be8-82ff-b4eba2616879-Tesla_-_Princeton_169_new/campaign/processed_json/segments/9b1c0b60-a317-4614-b1d3-ac66ae257922/part_3/010144.json,,,0.985653900195345,88.59,73.3552631578947,85.5263157894737,29.9445983379501,90.3601108033241,75.24,0.959165208888522,0.947223406332292,
/media/vsi-dev/Lacie_2/mndot_workzone_project/Tesla/campaign_8348ccbe-b6ca-4be8-82ff-b4eba2616879-Tesla_-_Princeton_169_new/campaign/processed_json/segments/9b1c0b60-a317-4614-b1d3-ac66ae257922/part_3/010145.json,,,0.981167097577432,89.22,81.9078947368421,85.5263157894737,24.1828254847645,91.4681440443213,77.14,0.964711429688736,0.947254053830571,
/media/vsi-dev/Lacie_2/mndot_workzone_project/Tesla/campaign_8348ccbe-b6ca-4be8-82ff-b4eba2616879-Tesla_-_Princeton_169_new/campaign/processed_json/segments/9b1c0b60-a317-4614-b1d3-ac66ae257922/part_3/010146.json,,,0.980198673306755,88.09,80.9210526315789,85.1973684210526,5.18005540166205,94.016620498615,74.3,0.969677567962832,0.946773247471282,
/media/vsi-dev/Lacie_2/mndot_workzone_project/Tesla/campaign_8348ccbe-b6ca-4be8-82ff-b4eba2616879-Tesla_-_Princeton_169_new/campaign/processed_json/segments/9b1c0b60-a317-4614-b1d3-ac66ae257922/part_3/010147.json,,,0.97715254792786,88.37,82.8947368421053,85.5263157894737,12.0498614958449,90,75.4,0.965404164762961,0.947128765322946,
/media/vsi-dev/Lacie_2/mndot_workzone_project/Tesla/campaign_8348ccbe-b6ca-4be8-82ff-b4eba2616879-Tesla_-_Princeton_169_new/campaign/processed_json/segments/9b1c0b60-a317-4614-b1d3-ac66ae257922/part_3/010148.json,,,0.969220734554469,84.28,82.2368421052632,85.5263157894737,23.0747922437673,15.0415512465374,65.67,0.961930841595584,0.961916393531785,
/media/vsi-dev/Lacie_2/mndot_workzone_project/Tesla/campaign_8348ccbe-b6ca-4be8-82ff-b4eba2616879-Tesla_-_Princeton_169_new/campaign/processed_json/segments/9b1c0b60-a317-4614-b1d3-ac66ae257922/part_3/010149.json,,,0.980198673306755,89.1,81.5789473684211,84.8684210526316,26.398891966759,90.0554016620499,76.96,0.963632645690669,0.947367475315133,
/media/vsi-dev/Lacie_2/mndot_workzone_project/Tesla/campaign_8348ccbe-b6ca-4be8-82ff-b4eba2616879-Tesla_-_Princeton_169_new/campaign/processed_json/segments/9b1c0b60-a317-4614-b1d3-ac66ae257922/part_3/010150.json,,,0.973896737455057,87.8,82.2368421052632,84.8684210526316,7.28531855955679,90.3601108033241,74.33,0.964072206026884,0.947153660469198,
/media/vsi-dev/Lacie_2/mndot_workzone_project/Tesla/campaign_8348ccbe-b6ca-4be8-82ff-b4eba2616879-Tesla_-_Princeton_169_new/campaign/processed_json/segments/9b1c0b60-a317-4614-b1d3-ac66ae257922/part_3/010151.json,,,0.97715254792786,88.96,80.2631578947369,84.8684210526316,30.6094182825485,88.6426592797784,76.97,0.961522845159516,0.947368034525191,
/media/vsi-dev/Lacie_2/mndot_workzone_project/Tesla/campaign_8348ccbe-b6ca-4be8-82ff-b4eba2616879-Tesla_-_Princeton_169_new/campaign/processed_json/segments/9b1c0b60-a317-4614-b1d3-ac66ae257922/part_3/010152.json,,,0.981167097577432,89.48,82.5657894736842,85.5263157894737,29.8891966759003,88.9473684210526,77.81,0.963090787333274,0.947790603709442,
/media/vsi-dev/Lacie_2/mndot_workzone_project/Tesla/campaign_8348ccbe-b6ca-4be8-82ff-b4eba2616879-Tesla_-_Princeton_169_new/campaign/processed_json/segments/9b1c0b60-a317-4614-b1d3-ac66ae257922/part_3/010153.json,,,0.983930514272508,89.1,82.5657894736842,85.5263157894737,17.9224376731302,92.0775623268698,76.5,0.966639260142307,0.947185726419808,
/media/vsi-dev/Lacie_2/mndot_workzone_project/Tesla/campaign_8348ccbe-b6ca-4be8-82ff-b4eba2616879-Tesla_-_Princeton_169_new/campaign/processed_json/segments/9b1c0b60-a317-4614-b1d3-ac66ae257922/part_3/010154.json,,,0.984804140218096,92.82,83.5526315789474,84.8684210526316,83.0470914127424,91.8836565096953,86.23,0.94630707659572,0.946871860941265,
/media/vsi-dev/Lacie_2/mndot_workzone_project/Tesla/campaign_8348ccbe-b6ca-4be8-82ff-b4eba2616879-Tesla_-_Princeton_169_new/campaign/processed_json/segments/9b1c0b60-a317-4614-b1d3-ac66ae257922/part_3/010155.json,,,0.982111925534364,88.89,81.25,84.8684210526316,21.4127423822715,90.803324099723,76.23,0.964553022992908,0.94711157905216,
/media/vsi-dev/Lacie_2/mndot_workzone_project/Tesla/campaign_8348ccbe-b6ca-4be8-82ff-b4eba2616879-Tesla_-_Princeton_169_new/campaign/processed_json/segments/9b1c0b60-a317-4614-b1d3-ac66ae257922/part_3/010156.json,,,0.98728157159029,89.3,81.5789473684211,85.1973684210526,21.6343490304709,92.7146814404432,76.74,0.964371979794826,0.946933976711535,
/media/vsi-dev/Lacie_2/mndot_workzone_project/Tesla/campaign_8348ccbe-b6ca-4be8-82ff-b4eba2616879-Tesla_-_Princeton_169_new/campaign/processed_json/segments/9b1c0b60-a317-4614-b1d3-ac66ae257922/part_3/010157.json,,,0.98728157159029,89.18,81.25,84.8684210526316,21.5235457063712,92.2160664819945,76.45,0.963470269009445,0.947568238332503,
/media/vsi-dev/Lacie_2/mndot_workzone_project/Tesla/campaign_8348ccbe-b6ca-4be8-82ff-b4eba2616879-Tesla_-_Princeton_169_new/campaign/processed_json/segments/9b1c0b60-a317-4614-b1d3-ac66ae257922/part_3/010158.json,,,0.98728157159029,89.52,82.2368421052632,84.8684210526316,23.1578947368421,94.0720221606648,77.27,0.9640701856075,0.947691862421144,
/media/vsi-dev/Lacie_2/mndot_workzone_project/Tesla/campaign_8348ccbe-b6ca-4be8-82ff-b4eba2616879-Tesla_-_Princeton_169_new/campaign/processed_json/segments/9b1c0b60-a317-4614-b1d3-ac66ae257922/part_3/010159.json,,,0.988059362042712,88.69,82.2368421052632,85.1973684210526,8.61495844875346,92.6315789473684,75,0.968706469844333,0.948147014117084,
/media/vsi-dev/Lacie_2/mndot_workzone_project/Tesla/campaign_8348ccbe-b6ca-4be8-82ff-b4eba2616879-Tesla_-_Princeton_169_new/campaign/processed_json/segments/9b1c0b60-a317-4614-b1d3-ac66ae257922/part_3/010160.json,,,0.984804140218096,88.62,82.2368421052632,84.8684210526316,11.994459833795,90.9972299168975,75.16,0.968060806243494,0.948108223623595,
/media/vsi-dev/Lacie_2/mndot_workzone_project/Tesla/campaign_8348ccbe-b6ca-4be8-82ff-b4eba2616879-Tesla_-_Princeton_169_new/campaign/processed_json/segments/9b1c0b60-a317-4614-b1d3-ac66ae257922/part_3/010161.json,,,0.988813044611233,89.98,82.5657894736842,85.5263157894737,28.6980609418283,93.5180055401662,78.31,0.96331793598954,0.947471322422975,
/media/vsi-dev/Lacie_2/mndot_workzone_project/Tesla/campaign_8348ccbe-b6ca-4be8-82ff-b4eba2616879-Tesla_-_Princeton_169_new/campaign/processed_json/segments/9b1c0b60-a317-4614-b1d3-ac66ae257922/part_3/010162.json,,,0.983930514272508,89.02,84.2105263157895,85.8552631578947,14.9030470914127,90.7756232686981,76.42,0.961750317398544,0.947436851344415,
/media/vsi-dev/Lacie_2/mndot_workzone_project/Tesla/campaign_8348ccbe-b6ca-4be8-82ff-b4eba2616879-Tesla_-_Princeton_169_new/campaign/processed_json/segments/9b1c0b60-a317-4614-b1d3-ac66ae257922/part_3/010163.json,,,0.98728157159029,89.92,82.5657894736842,85.5263157894737,30.3324099722992,91.7174515235457,78.29,0.963171772568596,0.94766336740389,
/media/vsi-dev/Lacie_2/mndot_workzone_project/Tesla/campaign_8348ccbe-b6ca-4be8-82ff-b4eba2616879-Tesla_-_Princeton_169_new/campaign/processed_json/segments/9b1c0b60-a317-4614-b1d3-ac66ae257922/part_3/010164.json,,,0.988813044611233,89.89,82.8947368421053,84.8684210526316,27.9778393351801,93.3240997229917,78.08,0.963750127697701,0.947172657337813,
/media/vsi-dev/Lacie_2/mndot_workzone_project/Tesla/campaign_8348ccbe-b6ca-4be8-82ff-b4eba2616879-Tesla_-_Princeton_169_new/campaign/processed_json/segments/9b1c0b60-a317-4614-b1d3-ac66ae257922/part_3/010165.json,,,0.990247863518234,89.24,82.5657894736842,84.8684210526316,17.0914127423823,92.2991689750693,76.21,0.967150388211715,0.947661226036625,
/media/vsi-dev/Lacie_2/mndot_workzone_project/Tesla/campaign_8348ccbe-b6ca-4be8-82ff-b4eba2616879-Tesla_-_Princeton_169_new/campaign/processed_json/segments/9b1c0b60-a317-4614-b1d3-ac66ae257922/part_3/010166.json,,,0.99158560090355,89.67,83.5526315789474,85.1973684210526,20.0554016620499,93.1024930747923,77.17,0.966069032533213,0.947748367651786,
/media/vsi-dev/Lacie_2/mndot_workzone_project/Tesla/campaign_8348ccbe-b6ca-4be8-82ff-b4eba2616879-Tesla_-_Princeton_169_new/campaign/processed_json/segments/9b1c0b60-a317-4614-b1d3-ac66ae257922/part_3/010167.json,,,0.99158560090355,89.37,81.9078947368421,84.8684210526316,18.5041551246537,93.6288088642659,76.42,0.966173352604355,0.947577011811912,
/media/vsi-dev/Lacie_2/mndot_workzone_project/Tesla/campaign_8348ccbe-b6ca-4be8-82ff-b4eba2616879-Tesla_-_Princeton_169_new/campaign/processed_json/segments/9b1c0b60-a317-4614-b1d3-ac66ae257922/part_3/010168.json,,,0.99158560090355,89.48,82.2368421052632,85.5263157894737,18.4210526315789,93.5457063711911,76.69,0.966332164867715,0.947551158589167,
/media/vsi-dev/Lacie_2/mndot_workzone_project/Tesla/campaign_8348ccbe-b6ca-4be8-82ff-b4eba2616879-Tesla_-_Princeton_169_new/campaign/processed_json/segments/9b1c0b60-a317-4614-b1d3-ac66ae257922/part_3/010169.json,,,0.99158560090355,89.39,82.8947368421053,85.5263157894737,18.3102493074792,90.7202216066482,76.45,0.966230046138683,0.948402793428478,
/media/vsi-dev/Lacie_2/mndot_workzone_project/Tesla/campaign_8348ccbe-b6ca-4be8-82ff-b4eba2616879-Tesla_-_Princeton_169_new/campaign/processed_json/segments/9b1c0b60-a317-4614-b1d3-ac66ae257922/part_3/010170.json,,,0.990247863518234,89.4,82.2368421052632,85.5263157894737,22.4653739612188,89.0581717451524,76.63,0.9655322481904,0.948341440103609,
/media/vsi-dev/Lacie_2/mndot_workzone_project/Tesla/campaign_8348ccbe-b6ca-4be8-82ff-b4eba2616879-Tesla_-_Princeton_169_new/campaign/processed_json/segments/9b1c0b60-a317-4614-b1d3-ac66ae257922/part_3/010171.json,,,0.993409314468916,89.4,81.9078947368421,85.5263157894737,20.2216066481994,89.8337950138504,76.31,0.965829694817277,0.948254809333518,
/media/vsi-dev/Lacie_2/mndot_workzone_project/Tesla/campaign_8348ccbe-b6ca-4be8-82ff-b4eba2616879-Tesla_-_Princeton_169_new/campaign/processed_json/segments/9b1c0b60-a317-4614-b1d3-ac66ae257922/part_3/010172.json,,,0.993409314468916,89.51,82.5657894736842,85.5263157894737,19.4459833795014,91.1080332409972,76.58,0.965874129671294,0.948341633455385,
/media/vsi-dev/Lacie_2/mndot_workzone_project/Tesla/campaign_8348ccbe-b6ca-4be8-82ff-b4eba2616879-Tesla_-_Princeton_169_new/campaign/processed_json/segments/9b1c0b60-a317-4614-b1d3-ac66ae257922/part_3/010173.json,,,0.995012479192682,93.11,82.5657894736842,85.5263157894737,80.3047091412742,93.0747922437673,85.91,0.946497992779835,0.947884368857497,
/media/vsi-dev/Lacie_2/mndot_workzone_project/Tesla/campaign_8348ccbe-b6ca-4be8-82ff-b4eba2616879-Tesla_-_Princeton_169_new/campaign/processed_json/segments/9b1c0b60-a317-4614-b1d3-ac66ae257922/part_3/010174.json,,,0.988813044611233,88.12,81.9078947368421,85.5263157894737,0.304709141274238,91.2465373961219,73.54,0.967285843579256,0.948356475826177,
/media/vsi-dev/Lacie_2/mndot_workzone_project/Tesla/campaign_8348ccbe-b6ca-4be8-82ff-b4eba2616879-Tesla_-_Princeton_169_new/campaign/processed_json/segments/9b1c0b60-a317-4614-b1d3-ac66ae257922/part_3/010175.json,,,0.98728157159029,89.01,82.5657894736842,85.5263157894737,13.2686980609418,93.3518005540166,75.98,0.964656174405038,0.947902926611343,
/media/vsi-dev/Lacie_2/mndot_workzone_project/Tesla/campaign_8348ccbe-b6ca-4be8-82ff-b4eba2616879-Tesla_-_Princeton_169_new/campaign/processed_json/segments/9b1c0b60-a317-4614-b1d3-ac66ae257922/part_3/010176.json,,,0.985653900195345,88.94,82.2368421052632,85.5263157894737,15.0138504155125,91.7728531855956,75.92,0.965917148553453,0.94838170677484,
/media/vsi-dev/Lacie_2/mndot_workzone_project/Tesla/campaign_8348ccbe-b6ca-4be8-82ff-b4eba2616879-Tesla_-_Princeton_169_new/campaign/processed_json/segments/9b1c0b60-a317-4614-b1d3-ac66ae257922/part_3/010177.json,,,0.98728157159029,89.17,83.5526315789474,85.5263157894737,17.0637119113573,90.1662049861496,76.37,0.964518848864432,0.948805700787532,
/media/vsi-dev/Lacie_2/mndot_workzone_project/Tesla/campaign_8348ccbe-b6ca-4be8-82ff-b4eba2616879-Tesla_-_Princeton_169_new/campaign/processed_json/segments/9b1c0b60-a317-4614-b1d3-ac66ae257922/part_3/010178.json,,,0.982111925534364,88.74,81.5789473684211,85.1973684210526,16.5650969529086,91.4404432132964,75.8,0.965281085951006,0.948218375708464,
/media/vsi-dev/Lacie_2/mndot_workzone_project/Tesla/campaign_8348ccbe-b6ca-4be8-82ff-b4eba2616879-Tesla_-_Princeton_169_new/campaign/processed_json/segments/9b1c0b60-a317-4614-b1d3-ac66ae257922/part_3/010179.json,,,0.984804140218096,88.79,81.9078947368421,85.5263157894737,14.8753462603878,90.803324099723,75.65,0.965348574118623,0.948462614561662,
/media/vsi-dev/Lacie_2/mndot_workzone_project/Tesla/campaign_8348ccbe-b6ca-4be8-82ff-b4eba2616879-Tesla_-_Princeton_169_new/campaign/processed_json/segments/9b1c0b60-a317-4614-b1d3-ac66ae257922/part_3/010180.json,,,0.988813044611233,88.91,80.9210526315789,85.5263157894737,14.4875346260388,92.4653739612188,75.55,0.965633037201151,0.948156142354565,
/media/vsi-dev/Lacie_2/mndot_workzone_project/Tesla/campaign_8348ccbe-b6ca-4be8-82ff-b4eba2616879-Tesla_-_Princeton_169_new/campaign/processed_json/segments/9b1c0b60-a317-4614-b1d3-ac66ae257922/part_3/010181.json,,,0.983930514272508,89.77,82.2368421052632,85.5263157894737,28.1163434903047,94.8199445983379,78.31,0.960789372239295,0.947792668230561,
/media/vsi-dev/Lacie_2/mndot_workzone_project/Tesla/campaign_8348ccbe-b6ca-4be8-82ff-b4eba2616879-Tesla_-_Princeton_169_new/campaign/processed_json/segments/9b1c0b60-a317-4614-b1d3-ac66ae257922/part_3/010182.json,,,0.980198673306755,89.34,81.9078947368421,84.8684210526316,25.5124653739612,94.3490304709141,77.56,0.962355271101888,0.947988722300867,
/media/vsi-dev/Lacie_2/mndot_workzone_project/Tesla/campaign_8348ccbe-b6ca-4be8-82ff-b4eba2616879-Tesla_-_Princeton_169_new/campaign/processed_json/segments/9b1c0b60-a317-4614-b1d3-ac66ae257922/part_3/010183.json,,,0.978191324262237,88.92,81.9078947368421,85.1973684210526,20.9418282548476,92.0775623268698,76.65,0.96428939462011,0.948606766163678,
/media/vsi-dev/Lacie_2/mndot_workzone_project/Tesla/campaign_8348ccbe-b6ca-4be8-82ff-b4eba2616879-Tesla_-_Princeton_169_new/campaign/processed_json/segments/9b1c0b60-a317-4614-b1d3-ac66ae257922/part_3/010184.json,,,0.980198673306755,89.04,81.5789473684211,85.1973684210526,23.5734072022161,90.9418282548477,76.77,0.963398254823714,0.948696163474675,
/media/vsi-dev/Lacie_2/mndot_workzone_project/Tesla/campaign_8348ccbe-b6ca-4be8-82ff-b4eba2616879-Tesla_-_Princeton_169_new/campaign/processed_json/segments/9b1c0b60-a317-4614-b1d3-ac66ae257922/part_3/010185.json,,,0.978191324262237,88.51,81.5789473684211,84.8684210526316,15.5124653739612,91.9113573407202,75.62,0.965304122344609,0.948374773756876,
/media/vsi-dev/Lacie_2/mndot_workzone_project/Tesla/campaign_8348ccbe-b6ca-4be8-82ff-b4eba2616879-Tesla_-_Princeton_169_new/campaign/processed_json/segments/9b1c0b60-a317-4614-b1d3-ac66ae257922/part_3/010186.json,,,0.97715254792786,88.93,81.5789473684211,84.8684210526316,24.9584487534626,90.6648199445983,76.83,0.962002245543892,0.948708692822726,
/media/vsi-dev/Lacie_2/mndot_workzone_project/Tesla/campaign_8348ccbe-b6ca-4be8-82ff-b4eba2616879-Tesla_-_Princeton_169_new/campaign/processed_json/segments/9b1c0b60-a317-4614-b1d3-ac66ae257922/part_3/010187.json,,,0.97715254792786,88.84,81.5789473684211,85.1973684210526,22.4930747922438,90.6925207756233,76.57,0.963957485101923,0.948542265138484,
/media/vsi-dev/Lacie_2/mndot_workzone_project/Tesla/campaign_8348ccbe-b6ca-4be8-82ff-b4eba2616879-Tesla_-_Princeton_169_new/campaign/processed_json/segments/9b1c0b60-a317-4614-b1d3-ac66ae257922/part_3/010188.json,,,0.970433403055154,87.95,81.5789473684211,85.8552631578947,8.64265927977839,91.994459833795,74.91,0.967973379032996,0.948537222780677,
/media/vsi-dev/Lacie_2/mndot_workzone_project/Tesla/campaign_8348ccbe-b6ca-4be8-82ff-b4eba2616879-Tesla_-_Princeton_169_new/campaign/processed_json/segments/9b1c0b60-a317-4614-b1d3-ac66ae257922/part_3/010189.json,,,0.97715254792786,88.87,81.9078947368421,85.5263157894737,20.3047091412742,91.9390581717451,76.63,0.964585598471096,0.94844269091097,
/media/vsi-dev/Lacie_2/mndot_workzone_project/Tesla/campaign_8348ccbe-b6ca-4be8-82ff-b4eba2616879-Tesla_-_Princeton_169_new/campaign/processed_json/segments/9b1c0b60-a317-4614-b1d3-ac66ae257922/part_3/010190.json,,,0.973896737455057,88.63,82.5657894736842,84.8684210526316,15.7063711911357,94.5706371191136,76.34,0.9663279212931,0.947694301131447,
/media/vsi-dev/Lacie_2/mndot_workzone_project/Tesla/campaign_8348ccbe-b6ca-4be8-82ff-b4eba2616879-Tesla_-_Princeton_169_new/campaign/processed_json/segments/9b1c0b60-a317-4614-b1d3-ac66ae257922/part_3/010191.json,,,0.975005175298418,88.67,82.2368421052632,85.1973684210526,15.7617728531856,94.404432132964,76.32,0.966124876579906,0.947755217768985,
/media/vsi-dev/Lacie_2/mndot_workzone_project/Tesla/campaign_8348ccbe-b6ca-4be8-82ff-b4eba2616879-Tesla_-_Princeton_169_new/campaign/processed_json/segments/9b1c0b60-a317-4614-b1d3-ac66ae257922/part_3/010192.json,,,0.978191324262237,88.92,82.2368421052632,85.1973684210526,18.9473684210526,93.4349030470914,76.65,0.965030179670164,0.948009672567986,
/media/vsi-dev/Lacie_2/mndot_workzone_project/Tesla/campaign_8348ccbe-b6ca-4be8-82ff-b4eba2616879-Tesla_-_Princeton_169_new/campaign/processed_json/segments/9b1c0b60-a317-4614-b1d3-ac66ae257922/part_3/010193.json,,,0.973896737455057,88.54,81.5789473684211,84.8684210526316,17.202216066482,93.7673130193906,76.14,0.964727638007891,0.947748186120734,
/media/vsi-dev/Lacie_2/mndot_workzone_project/Tesla/campaign_8348ccbe-b6ca-4be8-82ff-b4eba2616879-Tesla_-_Princeton_169_new/campaign/processed_json/segments/9b1c0b60-a317-4614-b1d3-ac66ae257922/part_3/010194.json,,,0.984804140218096,93.07,82.8947368421053,85.5263157894737,88.6703601108033,91.3296398891967,86.97,0.940555582924916,0.948264766096411,
/media/vsi-dev/Lacie_2/mndot_workzone_project/Tesla/campaign_8348ccbe-b6ca-4be8-82ff-b4eba2616879-Tesla_-_Princeton_169_new/campaign/processed_json/segments/9b1c0b60-a317-4614-b1d3-ac66ae257922/part_3/010195.json,,,0.973896737455057,88.54,81.5789473684211,85.5263157894737,15.7894736842105,93.7950138504155,76.14,0.965437318767617,0.947788656010008,
/media/vsi-dev/Lacie_2/mndot_workzone_project/Tesla/campaign_8348ccbe-b6ca-4be8-82ff-b4eba2616879-Tesla_-_Princeton_169_new/campaign/processed_json/segments/9b1c0b60-a317-4614-b1d3-ac66ae257922/part_3/010196.json,,,0.973896737455057,88.21,81.5789473684211,85.5263157894737,9.36288088642659,94.1828254847646,75.24,0.967723358032365,0.947804440242177,
/media/vsi-dev/Lacie_2/mndot_workzone_project/Tesla/campaign_8348ccbe-b6ca-4be8-82ff-b4eba2616879-Tesla_-_Princeton_169_new/campaign/processed_json/segments/9b1c0b60-a317-4614-b1d3-ac66ae257922/part_3/010197.json,,,0.975005175298418,88.61,81.9078947368421,85.5263157894737,12.9362880886427,96.2049861495845,76.17,0.966860860123177,0.947359831425258,
/media/vsi-dev/Lacie_2/mndot_workzone_project/Tesla/campaign_8348ccbe-b6ca-4be8-82ff-b4eba2616879-Tesla_-_Princeton_169_new/campaign/processed_json/segments/9b1c0b60-a317-4614-b1d3-ac66ae257922/part_3/010198.json,,,0.972765240307908,88.72,80.5921052631579,85.1973684210526,19.1689750692521,97.0360110803324,76.73,0.964469833004781,0.947022406834045,
/media/vsi-dev/Lacie_2/mndot_workzone_project/Tesla/campaign_8348ccbe-b6ca-4be8-82ff-b4eba2616879-Tesla_-_Princeton_169_new/campaign/processed_json/segments/9b1c0b60-a317-4614-b1d3-ac66ae257922/part_3/010199.json,,,0.973896737455057,88.4,82.8947368421053,86.1842105263158,6.56509695290859,97.202216066482,75.84,0.964013225367487,0.947148217073382,
/media/vsi-dev/Lacie_2/mndot_workzone_project/Tesla/campaign_8348ccbe-b6ca-4be8-82ff-b4eba2616879-Tesla_-_Princeton_169_new/campaign/processed_json/segments/9b1c0b60-a317-4614-b1d3-ac66ae257922/part_3/010200.json,,,0.980198673306755,89.51,81.5789473684211,84.8684210526316,29.0027700831025,94.7091412742382,78.04,0.961431047837497,0.947651291285084,
/media/vsi-dev/Lacie_2/mndot_workzone_project/Tesla/campaign_8348ccbe-b6ca-4be8-82ff-b4eba2616879-Tesla_-_Princeton_169_new/campaign/processed_json/segments/9b1c0b60-a317-4614-b1d3-ac66ae257922/part_3/010201.json,,,0.984804140218096,92.29,81.5789473684211,85.1973684210526,78.2825484764543,91.5789473684211,84.97,0.943092280927043,0.948370107286507,
/media/vsi-dev/Lacie_2/mndot_workzone_project/Tesla/campaign_8348ccbe-b6ca-4be8-82ff-b4eba2616879-Tesla_-_Princeton_169_new/campaign/processed_json/segments/9b1c0b60-a317-4614-b1d3-ac66ae257922/part_3/010202.json,,,0.980198673306755,89.21,81.5789473684211,85.5263157894737,25.2908587257618,91.6620498614958,77.23,0.962426193137805,0.948497256263129,
/media/vsi-dev/Lacie_2/mndot_workzone_project/Tesla/campaign_8348ccbe-b6ca-4be8-82ff-b4eba2616879-Tesla_-_Princeton_169_new/campaign/processed_json/segments/9b1c0b60-a317-4614-b1d3-ac66ae257922/part_3/010203.json,,,0.984804140218096,88.89,81.9078947368421,84.8684210526316,15.4016620498615,93.4072022160665,75.92,0.96485631569605,0.948031121734204,
/media/vsi-dev/Lacie_2/mndot_workzone_project/Tesla/campaign_8348ccbe-b6ca-4be8-82ff-b4eba2616879-Tesla_-_Princeton_169_new/campaign/processed_json/segments/9b1c0b60-a317-4614-b1d3-ac66ae257922/part_3/010204.json,,,0.984804140218096,93.74,82.2368421052632,85.5263157894737,100,94.6260387811634,88.91,0.930456548792867,0.947796562867587,
/media/vsi-dev/Lacie_2/mndot_workzone_project/Tesla/campaign_8348ccbe-b6ca-4be8-82ff-b4eba2616879-Tesla_-_Princeton_169_new/campaign/processed_json/segments/9b1c0b60-a317-4614-b1d3-ac66ae257922/part_3/010205.json,,,0.978191324262237,88.96,81.5789473684211,85.5263157894737,20.9141274238227,93.185595567867,76.8,0.96300423577,0.947976549743676,
/media/vsi-dev/Lacie_2/mndot_workzone_project/Tesla/campaign_8348ccbe-b6ca-4be8-82ff-b4eba2616879-Tesla_-_Princeton_169_new/campaign/processed_json/segments/9b1c0b60-a317-4614-b1d3-ac66ae257922/part_3/010206.json,,,0.980198673306755,92.24,82.2368421052632,85.8552631578947,80.3324099722992,88.9196675900277,85.28,0.944105664901677,0.948212873195822,
/media/vsi-dev/Lacie_2/mndot_workzone_project/Tesla/campaign_8348ccbe-b6ca-4be8-82ff-b4eba2616879-Tesla_-_Princeton_169_new/campaign/processed_json/segments/9b1c0b60-a317-4614-b1d3-ac66ae257922/part_3/010207.json,,,0.981167097577432,89.1,82.2368421052632,85.8552631578947,19.5290858725762,92.6315789473684,76.82,0.96489105096069,0.947852208333709,
/media/vsi-dev/Lacie_2/mndot_workzone_project/Tesla/campaign_8348ccbe-b6ca-4be8-82ff-b4eba2616879-Tesla_-_Princeton_169_new/campaign/processed_json/segments/9b1c0b60-a317-4614-b1d3-ac66ae257922/part_3/010208.json,,,0.981167097577432,89.03,82.2368421052632,85.5263157894737,18.2825484764543,93.2963988919668,76.63,0.96516145245425,0.947876018714131,
/media/vsi-dev/Lacie_2/mndot_workzone_project/Tesla/campaign_8348ccbe-b6ca-4be8-82ff-b4eba2616879-Tesla_-_Princeton_169_new/campaign/processed_json/segments/9b1c0b60-a317-4614-b1d3-ac66ae257922/part_3/010209.json,,,0.978191324262237,88.75,81.9078947368421,85.5263157894737,16.2603878116344,93.3518005540166,76.24,0.965526449737034,0.947590168822854,
/media/vsi-dev/Lacie_2/mndot_workzone_project/Tesla/campaign_8348ccbe-b6ca-4be8-82ff-b4eba2616879-Tesla_-_Princeton_169_new/campaign/processed_json/segments/9b1c0b60-a317-4614-b1d3-ac66ae257922/part_3/010210.json,,,0.980198673306755,89.65,82.2368421052632,85.5263157894737,29.0858725761773,95.4847645429363,78.53,0.955330787167279,0.947247269211316,
/media/vsi-dev/Lacie_2/mndot_workzone_project/Tesla/campaign_8348ccbe-b6ca-4be8-82ff-b4eba2616879-Tesla_-_Princeton_169_new/campaign/processed_json/segments/9b1c0b60-a317-4614-b1d3-ac66ae257922/part_3/010211.json,,,0.985653900195345,89.5,79.6052631578947,85.8552631578947,25.8171745152355,96.1495844875346,77.47,0.961243914093522,0.947097080366643,
/media/vsi-dev/Lacie_2/mndot_workzone_project/Tesla/campaign_8348ccbe-b6ca-4be8-82ff-b4eba2616879-Tesla_-_Princeton_169_new/campaign/processed_json/segments/9b1c0b60-a317-4614-b1d3-ac66ae257922/part_3/010212.json,,,0.985653900195345,89.21,81.5789473684211,86.1842105263158,14.6537396121884,97.590027700831,76.71,0.962560781628247,0.94717275031815,
/media/vsi-dev/Lacie_2/mndot_workzone_project/Tesla/campaign_8348ccbe-b6ca-4be8-82ff-b4eba2616879-Tesla_-_Princeton_169_new/campaign/processed_json/segments/9b1c0b60-a317-4614-b1d3-ac66ae257922/part_3/010213.json,,,0.983930514272508,88.92,80.2631578947369,85.5263157894737,14.4875346260388,97.7008310249308,76.12,0.964608439832157,0.94715232004028,
/media/vsi-dev/Lacie_2/mndot_workzone_project/Tesla/campaign_8348ccbe-b6ca-4be8-82ff-b4eba2616879-Tesla_-_Princeton_169_new/campaign/processed_json/segments/9b1c0b60-a317-4614-b1d3-ac66ae257922/part_3/010214.json,,,0.984804140218096,88.81,80.9210526315789,85.8552631578947,8.75346260387812,98.5041551246537,75.69,0.967325552614582,0.946960107871736,
/media/vsi-dev/Lacie_2/mndot_workzone_project/Tesla/campaign_8348ccbe-b6ca-4be8-82ff-b4eba2616879-Tesla_-_Princeton_169_new/campaign/processed_json/segments/9b1c0b60-a317-4614-b1d3-ac66ae257922/part_3/010215.json,,,0.990247863518234,89.6,80.9210526315789,85.8552631578947,20.1108033240997,97.1191135734072,77.18,0.965202748733187,0.94681209850013,
/media/vsi-dev/Lacie_2/mndot_workzone_project/Tesla/campaign_8348ccbe-b6ca-4be8-82ff-b4eba2616879-Tesla_-_Princeton_169_new/campaign/processed_json/segments/9b1c0b60-a317-4614-b1d3-ac66ae257922/part_3/010216.json,,,0.988813044611233,89.56,79.9342105263158,85.5263157894737,22.7146814404432,97.4238227146814,77.22,0.964419391441094,0.947045752646763,
/media/vsi-dev/Lacie_2/mndot_workzone_project/Tesla/campaign_8348ccbe-b6ca-4be8-82ff-b4eba2616879-Tesla_-_Princeton_169_new/campaign/processed_json/segments/9b1c0b60-a317-4614-b1d3-ac66ae257922/part_3/010217.json,,,0.990928893001464,89.89,79.9342105263158,85.5263157894737,27.590027700831,96.8698060941828,77.86,0.963073666133263,0.947337010343781,
/media/vsi-dev/Lacie_2/mndot_workzone_project/Tesla/campaign_8348ccbe-b6ca-4be8-82ff-b4eba2616879-Tesla_-_Princeton_169_new/campaign/processed_json/segments/9b1c0b60-a317-4614-b1d3-ac66ae257922/part_3/010218.json,,,0.98728157159029,88.97,80.5921052631579,85.5263157894737,13.601108033241,96.4542936288089,75.9,0.964392869938056,0.947511408006166,
/media/vsi-dev/Lacie_2/mndot_workzone_project/Tesla/campaign_8348ccbe-b6ca-4be8-82ff-b4eba2616879-Tesla_-_Princeton_169_new/campaign/processed_json/segments/9b1c0b60-a317-4614-b1d3-ac66ae257922/part_3/010219.json,,,0.98728157159029,92.72,81.25,85.5263157894737,81.4958448753463,93.8504155124654,85.79,0.943331370618472,0.947737383061758,
/media/vsi-dev/Lacie_2/mndot_workzone_project/Tesla/campaign_8348ccbe-b6ca-4be8-82ff-b4eba2616879-Tesla_-_Princeton_169_new/campaign/processed_json/segments/9b1c0b60-a317-4614-b1d3-ac66ae257922/part_3/010220.json,,,0.98728157159029,88.65,80.5921052631579,85.5263157894737,9.61218836565097,94.4321329639889,75.02,0.966844828970511,0.947767908316471,
/media/vsi-dev/Lacie_2/mndot_workzone_project/Tesla/campaign_8348ccbe-b6ca-4be8-82ff-b4eba2616879-Tesla_-_Princeton_169_new/campaign/processed_json/segments/9b1c0b60-a317-4614-b1d3-ac66ae257922/part_3/010221.json,,,0.984804140218096,88.78,81.25,85.5263157894737,16.6759002770083,90.5263157894737,75.67,0.963706989620279,0.947868885127879,
/media/vsi-dev/Lacie_2/mndot_workzone_project/Tesla/campaign_8348ccbe-b6ca-4be8-82ff-b4eba2616879-Tesla_-_Princeton_169_new/campaign/processed_json/segments/9b1c0b60-a317-4614-b1d3-ac66ae257922/part_3/010222.json,,,0.966786233276824,82.35,80.9210526315789,84.8684210526316,21.4958448753463,0,62.33,0.962746395149857,0.911744281942375,
/media/vsi-dev/Lacie_2/mndot_workzone_project/Tesla/campaign_8348ccbe-b6ca-4be8-82ff-b4eba2616879-Tesla_-_Princeton_169_new/campaign/processed_json/segments/9b1c0b60-a317-4614-b1d3-ac66ae257922/part_3/010223.json,,,0.978191324262237,84.74,80.5921052631579,85.5263157894737,10.1662049861496,37.4515235457064,66.49,0.965273824722286,0.936141690526496,
/media/vsi-dev/Lacie_2/mndot_workzone_project/Tesla/campaign_8348ccbe-b6ca-4be8-82ff-b4eba2616879-Tesla_-_Princeton_169_new/campaign/processed_json/segments/9b1c0b60-a317-4614-b1d3-ac66ae257922/part_3/010224.json,,,0.978191324262237,87.7,80.5921052631579,85.5263157894737,23.4626038781163,72.2991689750693,73.74,0.963093517593411,0.944467719238603,
/media/vsi-dev/Lacie_2/mndot_workzone_project/Tesla/campaign_8348ccbe-b6ca-4be8-82ff-b4eba2616879-Tesla_-_Princeton_169_new/campaign/processed_json/segments/9b1c0b60-a317-4614-b1d3-ac66ae257922/part_3/010225.json,,,0.981167097577432,87.89,80.5921052631579,86.1842105263158,18.8642659279778,76.3157894736842,73.86,0.964389100503393,0.945818442665668,
/media/vsi-dev/Lacie_2/mndot_workzone_project/Tesla/campaign_8348ccbe-b6ca-4be8-82ff-b4eba2616879-Tesla_-_Princeton_169_new/campaign/processed_json/segments/9b1c0b60-a317-4614-b1d3-ac66ae257922/part_3/010226.json,,,0.983930514272508,88.72,82.2368421052632,85.5263157894737,13.9058171745152,90.4986149584488,75.56,0.966139496818249,0.947634119155985,
/media/vsi-dev/Lacie_2/mndot_workzone_project/Tesla/campaign_8348ccbe-b6ca-4be8-82ff-b4eba2616879-Tesla_-_Princeton_169_new/campaign/processed_json/segments/9b1c0b60-a317-4614-b1d3-ac66ae257922/part_3/010227.json,,,0.98728157159029,89.17,80.5921052631579,85.5263157894737,20.9972299168975,92.4930747922438,76.42,0.963471593206561,0.948091529308402,
/media/vsi-dev/Lacie_2/mndot_workzone_project/Tesla/campaign_8348ccbe-b6ca-4be8-82ff-b4eba2616879-Tesla_-_Princeton_169_new/campaign/processed_json/segments/9b1c0b60-a317-4614-b1d3-ac66ae257922/part_3/010228.json,,,0.984804140218096,88.93,81.5789473684211,86.1842105263158,13.9058171745152,93.3518005540166,75.99,0.965907390224348,0.948767125024071,
/media/vsi-dev/Lacie_2/mndot_workzone_project/Tesla/campaign_8348ccbe-b6ca-4be8-82ff-b4eba2616879-Tesla_-_Princeton_169_new/campaign/processed_json/segments/9b1c0b60-a317-4614-b1d3-ac66ae257922/part_3/010229.json,,,0.983930514272508,92.4,78.9473684210526,85.5263157894737,80.7479224376731,96.2326869806094,85.34,0.942764001199054,0.947628066593773,
/media/vsi-dev/Lacie_2/mndot_workzone_project/Tesla/campaign_8348ccbe-b6ca-4be8-82ff-b4eba2616879-Tesla_-_Princeton_169_new/campaign/processed_json/segments/9b1c0b60-a317-4614-b1d3-ac66ae257922/part_3/010230.json,,,0.981167097577432,89.35,80.5921052631579,86.1842105263158,28.1163434903047,91.8836565096953,77.57,0.959092953459196,0.948787797680244,
/media/vsi-dev/Lacie_2/mndot_workzone_project/Tesla/campaign_8348ccbe-b6ca-4be8-82ff-b4eba2616879-Tesla_-_Princeton_169_new/campaign/processed_json/segments/9b1c0b60-a317-4614-b1d3-ac66ae257922/part_3/010231.json,,,0.973896737455057,88.63,79.2763157894737,85.5263157894737,26.786703601108,90.9972299168975,76.62,0.953112534142701,0.949209046076382,
/media/vsi-dev/Lacie_2/mndot_workzone_project/Tesla/campaign_8348ccbe-b6ca-4be8-82ff-b4eba2616879-Tesla_-_Princeton_169_new/campaign/processed_json/segments/9b1c0b60-a317-4614-b1d3-ac66ae257922/part_3/010232.json,,,0.981167097577432,88.23,78.9473684210526,85.8552631578947,10.5540166204986,93.4349030470914,74.61,0.965636885289617,0.94875358622871,
/media/vsi-dev/Lacie_2/mndot_workzone_project/Tesla/campaign_8348ccbe-b6ca-4be8-82ff-b4eba2616879-Tesla_-_Princeton_169_new/campaign/processed_json/segments/9b1c0b60-a317-4614-b1d3-ac66ae257922/part_3/010233.json,,,0.973896737455057,88.94,80.9210526315789,85.5263157894737,24.404432132964,94.5152354570637,77.3,0.957963344725609,0.948318400917523,
/media/vsi-dev/Lacie_2/mndot_workzone_project/Tesla/campaign_8348ccbe-b6ca-4be8-82ff-b4eba2616879-Tesla_-_Princeton_169_new/campaign/processed_json/segments/9b1c0b60-a317-4614-b1d3-ac66ae257922/part_3/010234.json,,,0.975005175298418,89.02,80.9210526315789,86.1842105263158,24.404432132964,93.601108033241,77.37,0.958907302862566,0.948636996174072,
/media/vsi-dev/Lacie_2/mndot_workzone_project/Tesla/campaign_8348ccbe-b6ca-4be8-82ff-b4eba2616879-Tesla_-_Princeton_169_new/campaign/processed_json/segments/9b1c0b60-a317-4614-b1d3-ac66ae257922/part_3/010235.json,,,0.980198673306755,89.14,79.2763157894737,86.1842105263158,26.7036011080332,92.6315789473684,77.09,0.961125432553163,0.948878025192595,
/media/vsi-dev/Lacie_2/mndot_workzone_project/Tesla/campaign_8348ccbe-b6ca-4be8-82ff-b4eba2616879-Tesla_-_Princeton_169_new/campaign/processed_json/segments/9b1c0b60-a317-4614-b1d3-ac66ae257922/part_3/010236.json,,,0.981167097577432,88.71,78.9473684210526,86.1842105263158,19.8060941828255,91.9390581717451,75.86,0.963384988104232,0.948954692051023,
/media/vsi-dev/Lacie_2/mndot_workzone_project/Tesla/campaign_8348ccbe-b6ca-4be8-82ff-b4eba2616879-Tesla_-_Princeton_169_new/campaign/processed_json/segments/9b1c0b60-a317-4614-b1d3-ac66ae257922/part_3/010237.json,,,0.978191324262237,88.29,77.9605263157895,85.5263157894737,16.1772853185596,93.7119113573407,75.09,0.964441329679035,0.948435183080874,
/media/vsi-dev/Lacie_2/mndot_workzone_project/Tesla/campaign_8348ccbe-b6ca-4be8-82ff-b4eba2616879-Tesla_-_Princeton_169_new/campaign/processed_json/segments/9b1c0b60-a317-4614-b1d3-ac66ae257922/part_3/010238.json,,,0.981167097577432,88.75,77.9605263157895,85.5263157894737,21.2188365650969,94.5983379501385,75.97,0.962920694085286,0.948185049787585,
/media/vsi-dev/Lacie_2/mndot_workzone_project/Tesla/campaign_8348ccbe-b6ca-4be8-82ff-b4eba2616879-Tesla_-_Princeton_169_new/campaign/processed_json/segments/9b1c0b60-a317-4614-b1d3-ac66ae257922/part_3/010239.json,,,0.97715254792786,89.12,78.2894736842105,86.1842105263158,29.7229916897507,93.5734072022161,77.38,0.959952827428274,0.948422055655819,
/media/vsi-dev/Lacie_2/mndot_workzone_project/Tesla/campaign_8348ccbe-b6ca-4be8-82ff-b4eba2616879-Tesla_-_Princeton_169_new/campaign/processed_json/segments/9b1c0b60-a317-4614-b1d3-ac66ae257922/part_3/010240.json,,,0.981167097577432,92.97,78.2894736842105,86.1842105263158,100,92.409972299169,87.55,0.921023690369465,0.948901661509385,
/media/vsi-dev/Lacie_2/mndot_workzone_project/Tesla/campaign_8348ccbe-b6ca-4be8-82ff-b4eba2616879-Tesla_-_Princeton_169_new/campaign/processed_json/segments/9b1c0b60-a317-4614-b1d3-ac66ae257922/part_3/010241.json,,,0.983930514272508,90.03,79.2763157894737,86.1842105263158,41.191135734072,94.3213296398892,79.42,0.942154106432963,0.948269059474115,
/media/vsi-dev/Lacie_2/mndot_workzone_project/Tesla/campaign_8348ccbe-b6ca-4be8-82ff-b4eba2616879-Tesla_-_Princeton_169_new/campaign/processed_json/segments/9b1c0b60-a317-4614-b1d3-ac66ae257922/part_3/010242.json,,,0.978191324262237,90.15,80.9210526315789,86.5131578947369,46.8975069252078,91.1357340720222,80.37,0.938706598041965,0.948876245006655,
/media/vsi-dev/Lacie_2/mndot_workzone_project/Tesla/campaign_8348ccbe-b6ca-4be8-82ff-b4eba2616879-Tesla_-_Princeton_169_new/campaign/processed_json/segments/9b1c0b60-a317-4614-b1d3-ac66ae257922/part_3/010243.json,,,0.983930514272508,88.83,80.9210526315789,86.1842105263158,13.9058171745152,93.7673130193906,75.85,0.965507317028262,0.948259254958364,
/media/vsi-dev/Lacie_2/mndot_workzone_project/Tesla/campaign_8348ccbe-b6ca-4be8-82ff-b4eba2616879-Tesla_-_Princeton_169_new/campaign/processed_json/segments/9b1c0b60-a317-4614-b1d3-ac66ae257922/part_3/010244.json,,,0.985653900195345,89.02,79.2763157894737,85.8552631578947,20.2770083102493,93.9612188365651,76.23,0.962437264740664,0.948211099178746,
/media/vsi-dev/Lacie_2/mndot_workzone_project/Tesla/campaign_8348ccbe-b6ca-4be8-82ff-b4eba2616879-Tesla_-_Princeton_169_new/campaign/processed_json/segments/9b1c0b60-a317-4614-b1d3-ac66ae257922/part_3/010245.json,,,0.98728157159029,88.04,77.6315789473684,86.1842105263158,5.0415512465374,93.3795013850416,73.48,0.966795053901135,0.948479141291343,
/media/vsi-dev/Lacie_2/mndot_workzone_project/Tesla/campaign_8348ccbe-b6ca-4be8-82ff-b4eba2616879-Tesla_-_Princeton_169_new/campaign/processed_json/segments/9b1c0b60-a317-4614-b1d3-ac66ae257922/part_3/010246.json,,,0.990247863518234,93.04,80.2631578947369,85.8552631578947,82.5761772853186,97.590027700831,86.31,0.943313575117925,0.947440031481342,
/media/vsi-dev/Lacie_2/mndot_workzone_project/Tesla/campaign_8348ccbe-b6ca-4be8-82ff-b4eba2616879-Tesla_-_Princeton_169_new/campaign/processed_json/segments/9b1c0b60-a317-4614-b1d3-ac66ae257922/part_3/010247.json,,,0.990247863518234,89.1,78.9473684210526,86.1842105263158,17.8947368421053,94.4598337950139,75.95,0.963358998757939,0.94800832404695,
/media/vsi-dev/Lacie_2/mndot_workzone_project/Tesla/campaign_8348ccbe-b6ca-4be8-82ff-b4eba2616879-Tesla_-_Princeton_169_new/campaign/processed_json/segments/9b1c0b60-a317-4614-b1d3-ac66ae257922/part_3/010248.json,,,0.98728157159029,89.08,79.2763157894737,85.5263157894737,19.5013850415513,95.5401662049862,76.24,0.960965502103753,0.947961449883327,
/media/vsi-dev/Lacie_2/mndot_workzone_project/Tesla/campaign_8348ccbe-b6ca-4be8-82ff-b4eba2616879-Tesla_-_Princeton_169_new/campaign/processed_json/segments/9b1c0b60-a317-4614-b1d3-ac66ae257922/part_3/010249.json,,,0.983930514272508,89.78,78.6184210526316,86.8421052631579,33.5734072022161,95.8448753462604,78.55,0.952115820776574,0.948032232581366,
/media/vsi-dev/Lacie_2/mndot_workzone_project/Tesla/campaign_8348ccbe-b6ca-4be8-82ff-b4eba2616879-Tesla_-_Princeton_169_new/campaign/processed_json/segments/9b1c0b60-a317-4614-b1d3-ac66ae257922/part_3/010250.json,,,0.985653900195345,88.81,77.6315789473684,86.1842105263158,17.1745152354571,96.1772853185596,75.7,0.962207963019334,0.948280862057507,
/media/vsi-dev/Lacie_2/mndot_workzone_project/Tesla/campaign_8348ccbe-b6ca-4be8-82ff-b4eba2616879-Tesla_-_Princeton_169_new/campaign/processed_json/segments/9b1c0b60-a317-4614-b1d3-ac66ae257922/part_3/010251.json,,,0.981167097577432,89.09,79.6052631578947,86.8421052631579,23.213296398892,93.1301939058172,76.92,0.958438108381794,0.94897769332867,
/media/vsi-dev/Lacie_2/mndot_workzone_project/Tesla/campaign_8348ccbe-b6ca-4be8-82ff-b4eba2616879-Tesla_-_Princeton_169_new/campaign/processed_json/segments/9b1c0b60-a317-4614-b1d3-ac66ae257922/part_3/010252.json,,,0.984804140218096,88.89,78.6184210526316,86.8421052631579,16.1218836565097,95.3462603878116,75.92,0.964564870294236,0.948049390058763,
/media/vsi-dev/Lacie_2/mndot_workzone_project/Tesla/campaign_8348ccbe-b6ca-4be8-82ff-b4eba2616879-Tesla_-_Princeton_169_new/campaign/processed_json/segments/9b1c0b60-a317-4614-b1d3-ac66ae257922/part_3/010253.json,,,0.984804140218096,88.95,78.2894736842105,86.8421052631579,14.792243767313,98.7257617728532,76.12,0.963975442667684,0.94733958380678,
/media/vsi-dev/Lacie_2/mndot_workzone_project/Tesla/campaign_8348ccbe-b6ca-4be8-82ff-b4eba2616879-Tesla_-_Princeton_169_new/campaign/processed_json/segments/9b1c0b60-a317-4614-b1d3-ac66ae257922/part_3/010254.json,,,0.985653900195345,89.17,78.9473684210526,86.1842105263158,19.0581717451524,97.8116343490305,76.62,0.962602170892407,0.947275864807207,
/media/vsi-dev/Lacie_2/mndot_workzone_project/Tesla/campaign_8348ccbe-b6ca-4be8-82ff-b4eba2616879-Tesla_-_Princeton_169_new/campaign/processed_json/segments/9b1c0b60-a317-4614-b1d3-ac66ae257922/part_3/010255.json,,,0.984804140218096,92.54,78.9473684210526,86.1842105263158,78.808864265928,98.6149584487535,85.61,0.943362874397258,0.947230255048212,
/media/vsi-dev/Lacie_2/mndot_workzone_project/Tesla/campaign_8348ccbe-b6ca-4be8-82ff-b4eba2616879-Tesla_-_Princeton_169_new/campaign/processed_json/segments/9b1c0b60-a317-4614-b1d3-ac66ae257922/part_3/010256.json,,,0.978191324262237,88.44,79.9342105263158,86.1842105263158,9.58448753462604,97.4792243767313,75.46,0.96531943508974,0.947348475534319,
/media/vsi-dev/Lacie_2/mndot_workzone_project/Tesla/campaign_8348ccbe-b6ca-4be8-82ff-b4eba2616879-Tesla_-_Princeton_169_new/campaign/processed_json/segments/9b1c0b60-a317-4614-b1d3-ac66ae257922/part_3/010257.json,,,0.981167097577432,87.98,78.9473684210526,86.8421052631579,3.13019390581717,94.2105263157895,73.92,0.96814315062043,0.948474585866033,
/media/vsi-dev/Lacie_2/mndot_workzone_project/Tesla/campaign_8348ccbe-b6ca-4be8-82ff-b4eba2616879-Tesla_-_Princeton_169_new/campaign/processed_json/segments/9b1c0b60-a317-4614-b1d3-ac66ae257922/part_3/010258.json,,,0.982111925534364,88.92,77.6315789473684,86.1842105263158,21.7451523545706,95.983379501385,76.35,0.961837429622456,0.947975834490887,
/media/vsi-dev/Lacie_2/mndot_workzone_project/Tesla/campaign_8348ccbe-b6ca-4be8-82ff-b4eba2616879-Tesla_-_Princeton_169_new/campaign/processed_json/segments/9b1c0b60-a317-4614-b1d3-ac66ae257922/part_3/010259.json,,,0.980198673306755,88.52,79.9342105263158,86.8421052631579,12.1052631578947,93.4349030470914,75.43,0.964897683816051,0.948867453838878,
/media/vsi-dev/Lacie_2/mndot_workzone_project/Tesla/campaign_8348ccbe-b6ca-4be8-82ff-b4eba2616879-Tesla_-_Princeton_169_new/campaign/processed_json/segments/9b1c0b60-a317-4614-b1d3-ac66ae257922/part_3/010260.json,,,0.97715254792786,87.88,80.9210526315789,87.5,0,93.4626038781163,74.12,0.966217012263955,0.948800729178734,
/media/vsi-dev/Lacie_2/mndot_workzone_project/Tesla/campaign_8348ccbe-b6ca-4be8-82ff-b4eba2616879-Tesla_-_Princeton_169_new/campaign/processed_json/segments/9b1c0b60-a317-4614-b1d3-ac66ae257922/part_3/010261.json,,,0.970433403055154,88.29,79.2763157894737,86.8421052631579,16.01108033241,94.0443213296399,75.9,0.962783654286111,0.948238912855387,
/media/vsi-dev/Lacie_2/mndot_workzone_project/Tesla/campaign_8348ccbe-b6ca-4be8-82ff-b4eba2616879-Tesla_-_Princeton_169_new/campaign/processed_json/segments/9b1c0b60-a317-4614-b1d3-ac66ae257922/part_3/010262.json,,,0.970433403055154,88.69,79.9342105263158,86.8421052631579,20.2493074792244,95.5678670360111,76.95,0.961104622026646,0.947870058474934,
/media/vsi-dev/Lacie_2/mndot_workzone_project/Tesla/campaign_8348ccbe-b6ca-4be8-82ff-b4eba2616879-Tesla_-_Princeton_169_new/campaign/processed_json/segments/9b1c0b60-a317-4614-b1d3-ac66ae257922/part_3/010263.json,,,0.970433403055154,87.25,75.6578947368421,86.1842105263158,4.84764542936288,96.0941828254848,73.26,0.965052118325959,0.947597359388812,
/media/vsi-dev/Lacie_2/mndot_workzone_project/Tesla/campaign_8348ccbe-b6ca-4be8-82ff-b4eba2616879-Tesla_-_Princeton_169_new/campaign/processed_json/segments/9b1c0b60-a317-4614-b1d3-ac66ae257922/part_3/010264.json,,,0.969233234476344,87.78,80.9210526315789,87.5,0,96.6481994459834,74.61,0.969560696711892,0.947473453715423,
/media/vsi-dev/Lacie_2/mndot_workzone_project/Tesla/campaign_8348ccbe-b6ca-4be8-82ff-b4eba2616879-Tesla_-_Princeton_169_new/campaign/processed_json/segments/9b1c0b60-a317-4614-b1d3-ac66ae257922/part_3/010265.json,,,0.981167097577432,88.62,74.3421052631579,87.5,20.2493074792244,97.1745152354571,75.71,0.961653756127679,0.947762177269206,
/media/vsi-dev/Lacie_2/mndot_workzone_project/Tesla/campaign_8348ccbe-b6ca-4be8-82ff-b4eba2616879-Tesla_-_Princeton_169_new/campaign/processed_json/segments/9b1c0b60-a317-4614-b1d3-ac66ae257922/part_3/010266.json,,,0.98728157159029,92.96,81.25,87.5,78.8365650969529,96.398891966759,86.37,0.944165240169185,0.947987769087191,
/media/vsi-dev/Lacie_2/mndot_workzone_project/Tesla/campaign_8348ccbe-b6ca-4be8-82ff-b4eba2616879-Tesla_-_Princeton_169_new/campaign/processed_json/segments/9b1c0b60-a317-4614-b1d3-ac66ae257922/part_3/010267.json,,,0.983930514272508,88.51,75.3289473684211,87.5,16.1772853185596,95.3185595567867,75.13,0.962490903408832,0.94800012150283,
/media/vsi-dev/Lacie_2/mndot_workzone_project/Tesla/campaign_8348ccbe-b6ca-4be8-82ff-b4eba2616879-Tesla_-_Princeton_169_new/campaign/processed_json/segments/9b1c0b60-a317-4614-b1d3-ac66ae257922/part_3/010268.json,,,0.981167097577432,87.87,73.0263157894737,87.5,12.9916897506925,94.4875346260388,73.83,0.961593201551789,0.948024146549267,
/media/vsi-dev/Lacie_2/mndot_workzone_project/Tesla/campaign_8348ccbe-b6ca-4be8-82ff-b4eba2616879-Tesla_-_Princeton_169_new/campaign/processed_json/segments/9b1c0b60-a317-4614-b1d3-ac66ae257922/part_3/010269.json,,,0.983930514272508,88.82,76.9736842105263,87.1710526315789,20.1939058171745,93.9058171745152,75.91,0.961572385747107,0.948281961519896,
/media/vsi-dev/Lacie_2/mndot_workzone_project/Tesla/campaign_8348ccbe-b6ca-4be8-82ff-b4eba2616879-Tesla_-_Princeton_169_new/campaign/processed_json/segments/9b1c0b60-a317-4614-b1d3-ac66ae257922/part_3/010270.json,,,0.98728157159029,92.69,78.9473684210526,87.5,80.387811634349,94.9861495844875,85.7,0.943562692804106,0.948245568529971,
/media/vsi-dev/Lacie_2/mndot_workzone_project/Tesla/campaign_8348ccbe-b6ca-4be8-82ff-b4eba2616879-Tesla_-_Princeton_169_new/campaign/processed_json/segments/9b1c0b60-a317-4614-b1d3-ac66ae257922/part_3/010271.json,,,0.980198673306755,89.39,81.5789473684211,86.8421052631579,23.1024930747922,94.2382271468144,77.68,0.963498496453063,0.947828389611953,
/media/vsi-dev/Lacie_2/mndot_workzone_project/Tesla/campaign_8348ccbe-b6ca-4be8-82ff-b4eba2616879-Tesla_-_Princeton_169_new/campaign/processed_json/segments/9b1c0b60-a317-4614-b1d3-ac66ae257922/part_3/010272.json,,,0.984804140218096,89.58,81.25,87.5,21.4404432132964,95.207756232687,77.68,0.963762303990678,0.948045525546734,
/media/vsi-dev/Lacie_2/mndot_workzone_project/Tesla/campaign_8348ccbe-b6ca-4be8-82ff-b4eba2616879-Tesla_-_Princeton_169_new/campaign/processed_json/segments/9b1c0b60-a317-4614-b1d3-ac66ae257922/part_3/010273.json,,,0.990247863518234,92.6,79.6052631578947,87.1710526315789,77.5069252077562,93.5734072022161,85.16,0.944066935172372,0.948295290856044,
/media/vsi-dev/Lacie_2/mndot_workzone_project/Tesla/campaign_8348ccbe-b6ca-4be8-82ff-b4eba2616879-Tesla_-_Princeton_169_new/campaign/processed_json/segments/9b1c0b60-a317-4614-b1d3-ac66ae257922/part_3/010274.json,,,0.988059362042712,89.07,76.6447368421053,87.1710526315789,20.4432132963989,95.8171745152355,76.13,0.961688841841157,0.947801732878258,
/media/vsi-dev/Lacie_2/mndot_workzone_project/Tesla/campaign_8348ccbe-b6ca-4be8-82ff-b4eba2616879-Tesla_-_Princeton_169_new/campaign/processed_json/segments/9b1c0b60-a317-4614-b1d3-ac66ae257922/part_3/010275.json,,,0.99158560090355,92.98,79.2763157894737,88.1578947368421,79.7506925207756,95.5678670360111,85.99,0.943925861143657,0.947935917020861,
/media/vsi-dev/Lacie_2/mndot_workzone_project/Tesla/campaign_8348ccbe-b6ca-4be8-82ff-b4eba2616879-Tesla_-_Princeton_169_new/campaign/processed_json/segments/9b1c0b60-a317-4614-b1d3-ac66ae257922/part_3/010276.json,,,0.98728157159029,88.39,74.671052631579,87.5,15.6232686980609,92.8808864265928,74.48,0.962141617700791,0.94839725661137,
/media/vsi-dev/Lacie_2/mndot_workzone_project/Tesla/campaign_8348ccbe-b6ca-4be8-82ff-b4eba2616879-Tesla_-_Princeton_169_new/campaign/processed_json/segments/9b1c0b60-a317-4614-b1d3-ac66ae257922/part_3/010277.json,,,0.99158560090355,88.27,74.0131578947369,86.8421052631579,13.601108033241,92.3545706371191,73.71,0.963730970945688,0.948808803907178,
/media/vsi-dev/Lacie_2/mndot_workzone_project/Tesla/campaign_8348ccbe-b6ca-4be8-82ff-b4eba2616879-Tesla_-_Princeton_169_new/campaign/processed_json/segments/9b1c0b60-a317-4614-b1d3-ac66ae257922/part_3/010278.json,,,0.99158560090355,92.2,75.3289473684211,87.5,78.0609418282549,93.7950138504155,84.08,0.942366807263107,0.948460754749189,
/media/vsi-dev/Lacie_2/mndot_workzone_project/Tesla/campaign_8348ccbe-b6ca-4be8-82ff-b4eba2616879-Tesla_-_Princeton_169_new/campaign/processed_json/segments/9b1c0b60-a317-4614-b1d3-ac66ae257922/part_3/010279.json,,,0.985653900195345,88.7,75.3289473684211,86.5131578947369,20.9141274238227,94.792243767313,75.46,0.961553878927659,0.947781380639458,
/media/vsi-dev/Lacie_2/mndot_workzone_project/Tesla/campaign_8348ccbe-b6ca-4be8-82ff-b4eba2616879-Tesla_-_Princeton_169_new/campaign/processed_json/segments/9b1c0b60-a317-4614-b1d3-ac66ae257922/part_3/010280.json,,,0.993409314468916,92.63,75,87.1710526315789,82.6315789473684,96.5373961218837,84.98,0.941959290530395,0.94777434721046,
/media/vsi-dev/Lacie_2/mndot_workzone_project/Tesla/campaign_8348ccbe-b6ca-4be8-82ff-b4eba2616879-Tesla_-_Princeton_169_new/campaign/processed_json/segments/9b1c0b60-a317-4614-b1d3-ac66ae257922/part_3/010281.json,,,0.984804140218096,88.87,76.3157894736842,87.5,22.8531855955679,92.1606648199446,75.95,0.961350666016569,0.948414371934947,
/media/vsi-dev/Lacie_2/mndot_workzone_project/Tesla/campaign_8348ccbe-b6ca-4be8-82ff-b4eba2616879-Tesla_-_Princeton_169_new/campaign/processed_json/segments/9b1c0b60-a317-4614-b1d3-ac66ae257922/part_3/010282.json,,,0.985653900195345,89.09,79.2763157894737,86.8421052631579,17.9501385041551,95.207756232687,76.37,0.964031014942548,0.947605673633468,
/media/vsi-dev/Lacie_2/mndot_workzone_project/Tesla/campaign_8348ccbe-b6ca-4be8-82ff-b4eba2616879-Tesla_-_Princeton_169_new/campaign/processed_json/segments/9b1c0b60-a317-4614-b1d3-ac66ae257922/part_3/010283.json,,,0.985653900195345,89.33,79.6052631578947,87.5,20.415512465374,94.792243767313,76.97,0.963535268869419,0.947664801477714,
/media/vsi-dev/Lacie_2/mndot_workzone_project/Tesla/campaign_8348ccbe-b6ca-4be8-82ff-b4eba2616879-Tesla_-_Princeton_169_new/campaign/processed_json/segments/9b1c0b60-a317-4614-b1d3-ac66ae257922/part_3/010284.json,,,0.990247863518234,89.17,80.9210526315789,86.8421052631579,13.8504155124654,93.8781163434903,76.06,0.965471161180522,0.94805222406401,
/media/vsi-dev/Lacie_2/mndot_workzone_project/Tesla/campaign_8348ccbe-b6ca-4be8-82ff-b4eba2616879-Tesla_-_Princeton_169_new/campaign/processed_json/segments/9b1c0b60-a317-4614-b1d3-ac66ae257922/part_3/010285.json,,,0.99158560090355,88.93,76.9736842105263,86.8421052631579,15.0415512465374,95.8725761772853,75.34,0.9649777254193,0.947624330702775,
/media/vsi-dev/Lacie_2/mndot_workzone_project/Tesla/campaign_8348ccbe-b6ca-4be8-82ff-b4eba2616879-Tesla_-_Princeton_169_new/campaign/processed_json/segments/9b1c0b60-a317-4614-b1d3-ac66ae257922/part_3/010286.json,,,0.99158560090355,88.94,77.9605263157895,87.5,14.4321329639889,93.3518005540166,75.37,0.965080949523577,0.948130465581013,
/media/vsi-dev/Lacie_2/mndot_workzone_project/Tesla/campaign_8348ccbe-b6ca-4be8-82ff-b4eba2616879-Tesla_-_Princeton_169_new/campaign/processed_json/segments/9b1c0b60-a317-4614-b1d3-ac66ae257922/part_3/010287.json,,,0.990928893001464,88.93,80.2631578947369,86.8421052631579,11.4404432132964,93.3518005540166,75.41,0.964793273362019,0.948064102862946,
/media/vsi-dev/Lacie_2/mndot_workzone_project/Tesla/campaign_8348ccbe-b6ca-4be8-82ff-b4eba2616879-Tesla_-_Princeton_169_new/campaign/processed_json/segments/9b1c0b60-a317-4614-b1d3-ac66ae257922/part_3/010288.json,,,0.990928893001464,88.34,79.2763157894737,87.5,4.09972299168975,90.9141274238227,73.86,0.966553218986519,0.948983548730299,
/media/vsi-dev/Lacie_2/mndot_workzone_project/Tesla/campaign_8348ccbe-b6ca-4be8-82ff-b4eba2616879-Tesla_-_Princeton_169_new/campaign/processed_json/segments/9b1c0b60-a317-4614-b1d3-ac66ae257922/part_3/010289.json,,,0.988059362042712,88.73,78.6184210526316,87.5,11.5512465373961,93.5457063711911,75.17,0.965837898204397,0.947743769891012,
/media/vsi-dev/Lacie_2/mndot_workzone_project/Tesla/campaign_8348ccbe-b6ca-4be8-82ff-b4eba2616879-Tesla_-_Princeton_169_new/campaign/processed_json/segments/9b1c0b60-a317-4614-b1d3-ac66ae257922/part_3/010290.json,,,0.990928893001464,89.1,81.9078947368421,86.1842105263158,11.5789473684211,93.7673130193906,75.8,0.966256456560062,0.947824107920905,
/media/vsi-dev/Lacie_2/mndot_workzone_project/Tesla/campaign_8348ccbe-b6ca-4be8-82ff-b4eba2616879-Tesla_-_Princeton_169_new/campaign/processed_json/segments/9b1c0b60-a317-4614-b1d3-ac66ae257922/part_3/010291.json,,,0.990247863518234,88.55,79.2763157894737,86.1842105263158,7.64542936288089,94.2936288088643,74.5,0.966223902930605,0.947571244680459,
/media/vsi-dev/Lacie_2/mndot_workzone_project/Tesla/campaign_8348ccbe-b6ca-4be8-82ff-b4eba2616879-Tesla_-_Princeton_169_new/campaign/processed_json/segments/9b1c0b60-a317-4614-b1d3-ac66ae257922/part_3/010292.json,,,0.990928893001464,88.76,80.9210526315789,86.1842105263158,10.5817174515235,91.4958448753463,75,0.963965847751306,0.94783763802337,
/media/vsi-dev/Lacie_2/mndot_workzone_project/Tesla/campaign_8348ccbe-b6ca-4be8-82ff-b4eba2616879-Tesla_-_Princeton_169_new/campaign/processed_json/segments/9b1c0b60-a317-4614-b1d3-ac66ae257922/part_3/010293.json,,,0.995012479192682,89.73,79.9342105263158,86.8421052631579,23.8504155124654,92.3545706371191,77.02,0.963988713062629,0.947892509214131,
/media/vsi-dev/Lacie_2/mndot_workzone_project/Tesla/campaign_8348ccbe-b6ca-4be8-82ff-b4eba2616879-Tesla_-_Princeton_169_new/campaign/processed_json/segments/9b1c0b60-a317-4614-b1d3-ac66ae257922/part_3/010294.json,,,0.996805114543033,93.1,80.2631578947369,86.1842105263158,82.5484764542936,93.1301939058172,85.75,0.94506918981489,0.947559995242039,
/media/vsi-dev/Lacie_2/mndot_workzone_project/Tesla/campaign_8348ccbe-b6ca-4be8-82ff-b4eba2616879-Tesla_-_Princeton_169_new/campaign/processed_json/segments/9b1c0b60-a317-4614-b1d3-ac66ae257922/part_3/010295.json,,,0.995497666030972,89.01,78.6184210526316,85.8552631578947,12.1606648199446,96.1495844875346,75.15,0.966391941925019,0.946801341562145,
/media/vsi-dev/Lacie_2/mndot_workzone_project/Tesla/campaign_8348ccbe-b6ca-4be8-82ff-b4eba2616879-Tesla_-_Princeton_169_new/campaign/processed_json/segments/9b1c0b60-a317-4614-b1d3-ac66ae257922/part_3/010296.json,,,0.994502665947899,89.22,77.6315789473684,85.5263157894737,21.0249307479224,94.7645429362881,75.86,0.962602344820713,0.947132888754163,
/media/vsi-dev/Lacie_2/mndot_workzone_project/Tesla/campaign_8348ccbe-b6ca-4be8-82ff-b4eba2616879-Tesla_-_Princeton_169_new/campaign/processed_json/segments/9b1c0b60-a317-4614-b1d3-ac66ae257922/part_3/010297.json,,,0.997889729757728,89.54,78.6184210526316,87.5,22.7423822714681,89.8337950138504,76.28,0.962830952843103,0.948517094142882,
/media/vsi-dev/Lacie_2/mndot_workzone_project/Tesla/campaign_8348ccbe-b6ca-4be8-82ff-b4eba2616879-Tesla_-_Princeton_169_new/campaign/processed_json/segments/9b1c0b60-a317-4614-b1d3-ac66ae257922/part_3/010298.json,,,0.996805114543033,93.1,79.2763157894737,86.1842105263158,82.9639889196676,94.8476454293629,85.77,0.944351209828282,0.947318420514091,
/media/vsi-dev/Lacie_2/mndot_workzone_project/Tesla/campaign_8348ccbe-b6ca-4be8-82ff-b4eba2616879-Tesla_-_Princeton_169_new/campaign/processed_json/segments/9b1c0b60-a317-4614-b1d3-ac66ae257922/part_3/010299.json,,,0.996805114543033,89.52,78.9473684210526,86.1842105263158,22.5761772853186,92.1052631578947,76.3,0.964132833613441,0.9481509299787,
/media/vsi-dev/Lacie_2/mndot_workzone_project/Tesla/campaign_8348ccbe-b6ca-4be8-82ff-b4eba2616879-Tesla_-_Princeton_169_new/campaign/processed_json/segments/9b1c0b60-a317-4614-b1d3-ac66ae257922/part_3/010300.json,,,0.990928893001464,88.19,76.9736842105263,86.1842105263158,6.01108033240997,93.8504155124654,73.5,0.968085264016816,0.947543524131492,
/media/vsi-dev/Lacie_2/mndot_workzone_project/Tesla/campaign_8348ccbe-b6ca-4be8-82ff-b4eba2616879-Tesla_-_Princeton_169_new/campaign/processed_json/segments/9b1c0b60-a317-4614-b1d3-ac66ae257922/part_3/010301.json,,,0.994502665947899,88.94,76.6447368421053,85.8552631578947,16.7590027700831,95.3185595567867,75.12,0.964500809238979,0.947095708832986,
/media/vsi-dev/Lacie_2/mndot_workzone_project/Tesla/campaign_8348ccbe-b6ca-4be8-82ff-b4eba2616879-Tesla_-_Princeton_169_new/campaign/processed_json/segments/9b1c0b60-a317-4614-b1d3-ac66ae257922/part_3/010302.json,,,0.993409314468916,88.94,76.6447368421053,86.1842105263158,17.4515235457064,94.5983379501385,75.22,0.96440745603393,0.947512979200722,
/media/vsi-dev/Lacie_2/mndot_workzone_project/Tesla/campaign_8348ccbe-b6ca-4be8-82ff-b4eba2616879-Tesla_-_Princeton_169_new/campaign/processed_json/segments/9b1c0b60-a317-4614-b1d3-ac66ae257922/part_3/010303.json,,,0.990247863518234,87.83,75.3289473684211,86.1842105263158,0.083102493074792,97.4238227146814,72.66,0.968144030681139,0.947031313581912,
/media/vsi-dev/Lacie_2/mndot_workzone_project/Tesla/campaign_8348ccbe-b6ca-4be8-82ff-b4eba2616879-Tesla_-_Princeton_169_new/campaign/processed_json/segments/9b1c0b60-a317-4614-b1d3-ac66ae257922/part_3/010304.json,,,0.992825857903813,88.28,74.3421052631579,86.5131578947369,8.69806094182825,96.814404432133,73.64,0.963576612397395,0.947587262630122,
/media/vsi-dev/Lacie_2/mndot_workzone_project/Tesla/campaign_8348ccbe-b6ca-4be8-82ff-b4eba2616879-Tesla_-_Princeton_169_new/campaign/processed_json/segments/9b1c0b60-a317-4614-b1d3-ac66ae257922/part_3/010305.json,,,0.990247863518234,88.72,76.3157894736842,86.1842105263158,11.606648199446,100,75.04,0.961958423516698,0.946991224521965,
/media/vsi-dev/Lacie_2/mndot_workzone_project/Tesla/campaign_8348ccbe-b6ca-4be8-82ff-b4eba2616879-Tesla_-_Princeton_169_new/campaign/processed_json/segments/9b1c0b60-a317-4614-b1d3-ac66ae257922/part_3/010306.json,,,0.988813044611233,89.01,75.3289473684211,86.1842105263158,20.5817174515235,99.1135734072022,75.95,0.960930756560911,0.947215940970481,
/media/vsi-dev/Lacie_2/mndot_workzone_project/Tesla/campaign_8348ccbe-b6ca-4be8-82ff-b4eba2616879-Tesla_-_Princeton_169_new/campaign/processed_json/segments/9b1c0b60-a317-4614-b1d3-ac66ae257922/part_3/010307.json,,,0.988813044611233,88.81,76.9736842105263,85.5263157894737,14.8753462603878,98.7257617728532,75.35,0.964203086658424,0.94789348832651,
/media/vsi-dev/Lacie_2/mndot_workzone_project/Tesla/campaign_8348ccbe-b6ca-4be8-82ff-b4eba2616879-Tesla_-_Princeton_169_new/campaign/processed_json/segments/9b1c0b60-a317-4614-b1d3-ac66ae257922/part_3/010308.json,,,0.98728157159029,88.64,75,86.1842105263158,14.8199445983379,99.6675900277008,75.09,0.963789193736356,0.947623981778147,
/media/vsi-dev/Lacie_2/mndot_workzone_project/Tesla/campaign_8348ccbe-b6ca-4be8-82ff-b4eba2616879-Tesla_-_Princeton_169_new/campaign/processed_json/segments/9b1c0b60-a317-4614-b1d3-ac66ae257922/part_3/010309.json,,,0.981167097577432,88.37,76.3157894736842,85.8552631578947,12.1883656509695,100,75.03,0.964785054917916,0.946277000574278,
/media/vsi-dev/Lacie_2/mndot_workzone_project/Tesla/campaign_8348ccbe-b6ca-4be8-82ff-b4eba2616879-Tesla_-_Princeton_169_new/campaign/processed_json/segments/9b1c0b60-a317-4614-b1d3-ac66ae257922/part_3/010310.json,,,0.985653900195345,91.94,72.3684210526316,85.8552631578947,81.7174515235457,100,84.15,0.938752586238399,0.946267671377387,
/media/vsi-dev/Lacie_2/mndot_workzone_project/Tesla/campaign_8348ccbe-b6ca-4be8-82ff-b4eba2616879-Tesla_-_Princeton_169_new/campaign/processed_json/segments/9b1c0b60-a317-4614-b1d3-ac66ae257922/part_3/010311.json,,,0.981167097577432,87.94,73.0263157894737,86.1842105263158,11.1357340720222,100,73.98,0.963574701459788,0.946478210454744,
/media/vsi-dev/Lacie_2/mndot_workzone_project/Tesla/campaign_8348ccbe-b6ca-4be8-82ff-b4eba2616879-Tesla_-_Princeton_169_new/campaign/processed_json/segments/9b1c0b60-a317-4614-b1d3-ac66ae257922/part_3/010312.json,,,0.972765240307908,87.7,73.0263157894737,86.1842105263158,13.4349030470914,100,74.31,0.960427198626726,0.946315373069965,
/media/vsi-dev/Lacie_2/mndot_workzone_project/Tesla/campaign_8348ccbe-b6ca-4be8-82ff-b4eba2616879-Tesla_-_Princeton_169_new/campaign/processed_json/segments/9b1c0b60-a317-4614-b1d3-ac66ae257922/part_3/010313.json,,,0.963201498874578,82.55,73.0263157894737,86.1842105263158,2.49307479224377,30.0831024930748,62.22,0.963130901753651,0.950499760336344,
/media/vsi-dev/Lacie_2/mndot_workzone_project/Tesla/campaign_8348ccbe-b6ca-4be8-82ff-b4eba2616879-Tesla_-_Princeton_169_new/campaign/processed_json/segments/9b1c0b60-a317-4614-b1d3-ac66ae257922/part_3/010314.json,,,0.969233234476344,87.15,73.3552631578947,86.1842105263158,6.01108033240997,99.3074792243767,73.21,0.962379844588911,0.94690577281072,
/media/vsi-dev/Lacie_2/mndot_workzone_project/Tesla/campaign_8348ccbe-b6ca-4be8-82ff-b4eba2616879-Tesla_-_Princeton_169_new/campaign/processed_json/segments/9b1c0b60-a317-4614-b1d3-ac66ae257922/part_3/010315.json,,,0.968433554391028,86.76,72.6973684210526,86.1842105263158,0.803324099722992,100,72.33,0.964887587697344,0.944305256308675,
/media/vsi-dev/Lacie_2/mndot_workzone_project/Tesla/campaign_8348ccbe-b6ca-4be8-82ff-b4eba2616879-Tesla_-_Princeton_169_new/campaign/processed_json/segments/9b1c0b60-a317-4614-b1d3-ac66ae257922/part_3/010316.json,,,0.969033254475011,87.12,73.0263157894737,86.1842105263158,5.65096952908587,100,73.16,0.96319740803667,0.946183013347268,
/media/vsi-dev/Lacie_2/mndot_workzone_project/Tesla/campaign_8348ccbe-b6ca-4be8-82ff-b4eba2616879-Tesla_-_Princeton_169_new/campaign/processed_json/segments/9b1c0b60-a317-4614-b1d3-ac66ae257922/part_3/010317.json,,,0.969120740804232,87.53,72.3684210526316,86.1842105263158,14.1551246537396,100,74.23,0.961049957104262,0.946690264164805,
/media/vsi-dev/Lacie_2/mndot_workzone_project/Tesla/campaign_8348ccbe-b6ca-4be8-82ff-b4eba2616879-Tesla_-_Princeton_169_new/campaign/processed_json/segments/9b1c0b60-a317-4614-b1d3-ac66ae257922/part_3/010318.json,,,0.975005175298418,91.22,73.6842105263158,85.5263157894737,74.5429362880886,100,83.38,0.940262478265954,0.946393569090022,
/media/vsi-dev/Lacie_2/mndot_workzone_project/Tesla/campaign_8348ccbe-b6ca-4be8-82ff-b4eba2616879-Tesla_-_Princeton_169_new/campaign/processed_json/segments/9b1c0b60-a317-4614-b1d3-ac66ae257922/part_3/010319.json,,,0.968920783299383,88.94,81.5789473684211,86.1842105263158,19.1689750692521,100,77.75,0.962672885003297,0.945749849485415,
/media/vsi-dev/Lacie_2/mndot_workzone_project/Tesla/campaign_8348ccbe-b6ca-4be8-82ff-b4eba2616879-Tesla_-_Princeton_169_new/campaign/processed_json/segments/9b1c0b60-a317-4614-b1d3-ac66ae257922/part_3/010320.json,,,0.964730900507316,85.33,84.2105263157895,86.1842105263158,16.8698060941828,38.0332409972299,68.94,0.964083395909981,0.952194404489153,
/media/vsi-dev/Lacie_2/mndot_workzone_project/Tesla/campaign_8348ccbe-b6ca-4be8-82ff-b4eba2616879-Tesla_-_Princeton_169_new/campaign/processed_json/segments/9b1c0b60-a317-4614-b1d3-ac66ae257922/part_3/010321.json,,,0.96264254894526,83.19,82.8947368421053,85.8552631578947,11.0249307479224,10.387811634349,63.48,0.965771460917073,0.963746670749324,
/media/vsi-dev/Lacie_2/mndot_workzone_project/Tesla/campaign_8348ccbe-b6ca-4be8-82ff-b4eba2616879-Tesla_-_Princeton_169_new/campaign/processed_json/segments/9b1c0b60-a317-4614-b1d3-ac66ae257922/part_3/010322.json,,,0.955712965581526,82.84,84.2105263157895,86.1842105263158,0,17.8393351800554,63.42,0.967249542002681,0.95756936621627,
/media/vsi-dev/Lacie_2/mndot_workzone_project/Tesla/campaign_8348ccbe-b6ca-4be8-82ff-b4eba2616879-Tesla_-_Princeton_169_new/campaign/processed_json/segments/9b1c0b60-a317-4614-b1d3-ac66ae257922/part_3/010323.json,,,0.968433554391028,87.97,76.6447368421053,86.1842105263158,14.5983379501385,100,75.55,0.962643375586758,0.938934680424508,
/media/vsi-dev/Lacie_2/mndot_workzone_project/Tesla/campaign_8348ccbe-b6ca-4be8-82ff-b4eba2616879-Tesla_-_Princeton_169_new/campaign/processed_json/segments/9b1c0b60-a317-4614-b1d3-ac66ae257922/part_3/010324.json,,,0.962059092380158,83.96,84.2105263157895,86.1842105263158,19.9445983379501,10.5540166204986,65.36,0.963989850187491,0.969002352450355,
/media/vsi-dev/Lacie_2/mndot_workzone_project/Tesla/campaign_8348ccbe-b6ca-4be8-82ff-b4eba2616879-Tesla_-_Princeton_169_new/campaign/processed_json/segments/9b1c0b60-a317-4614-b1d3-ac66ae257922/part_3/010325.json,,,0.968221246881518,88.49,79.6052631578947,86.1842105263158,18.005540166205,100,76.93,0.962513974445418,0.936025297466257,
/media/vsi-dev/Lacie_2/mndot_workzone_project/Tesla/campaign_8348ccbe-b6ca-4be8-82ff-b4eba2616879-Tesla_-_Princeton_169_new/campaign/processed_json/segments/9b1c0b60-a317-4614-b1d3-ac66ae257922/part_3/010326.json,,,0.960818835379895,82.43,80.2631578947369,86.8421052631579,6.398891966759,7.81163434903047,61.88,0.963727608003624,0.960417707891641,
/media/vsi-dev/Lacie_2/mndot_workzone_project/Tesla/campaign_8348ccbe-b6ca-4be8-82ff-b4eba2616879-Tesla_-_Princeton_169_new/campaign/processed_json/segments/9b1c0b60-a317-4614-b1d3-ac66ae257922/part_3/010327.json,,,0.966038349019377,83.94,77.9605263157895,86.1842105263158,16.4542936288089,24.5983379501385,65.04,0.962429709802172,0.965681521880248,
/media/vsi-dev/Lacie_2/mndot_workzone_project/Tesla/campaign_8348ccbe-b6ca-4be8-82ff-b4eba2616879-Tesla_-_Princeton_169_new/campaign/processed_json/segments/9b1c0b60-a317-4614-b1d3-ac66ae257922/part_3/010328.json,,,0.973896737455057,88.09,77.3026315789474,86.8421052631579,8.36565096952909,100,75.05,0.964856685141905,0.94630598856162,
/media/vsi-dev/Lacie_2/mndot_workzone_project/Tesla/campaign_8348ccbe-b6ca-4be8-82ff-b4eba2616879-Tesla_-_Princeton_169_new/campaign/processed_json/segments/9b1c0b60-a317-4614-b1d3-ac66ae257922/part_3/010329.json,,,0.980198673306755,92.18,77.6315789473684,87.5,74.9030470914127,100,85.22,0.942070482575664,0.946746562989063,
/media/vsi-dev/Lacie_2/mndot_workzone_project/Tesla/campaign_8348ccbe-b6ca-4be8-82ff-b4eba2616879-Tesla_-_Princeton_169_new/campaign/processed_json/segments/9b1c0b60-a317-4614-b1d3-ac66ae257922/part_3/010330.json,,,0.983930514272508,91.89,75,86.5131578947369,74.9030470914127,100,84.13,0.940882346051406,0.946851041504745,
/media/vsi-dev/Lacie_2/mndot_workzone_project/Tesla/campaign_8348ccbe-b6ca-4be8-82ff-b4eba2616879-Tesla_-_Princeton_169_new/campaign/processed_json/segments/9b1c0b60-a317-4614-b1d3-ac66ae257922/part_3/010331.json,,,0.973896737455057,87.8,75.3289473684211,86.1842105263158,8.72576177285319,100,74.32,0.964524282435255,0.94702010588101,
/media/vsi-dev/Lacie_2/mndot_workzone_project/Tesla/campaign_8348ccbe-b6ca-4be8-82ff-b4eba2616879-Tesla_-_Princeton_169_new/campaign/processed_json/segments/9b1c0b60-a317-4614-b1d3-ac66ae257922/part_3/010332.json,,,0.983930514272508,89.87,82.8947368421053,87.5,18.8919667590028,100,78.51,0.96364990954318,0.94710346781705,
/media/vsi-dev/Lacie_2/mndot_workzone_project/Tesla/campaign_8348ccbe-b6ca-4be8-82ff-b4eba2616879-Tesla_-_Princeton_169_new/campaign/processed_json/segments/9b1c0b60-a317-4614-b1d3-ac66ae257922/part_3/010333.json,,,0.988059362042712,88.87,75.6578947368421,87.5,14.6260387811634,100,75.68,0.960565020706014,0.947481112173363,
/media/vsi-dev/Lacie_2/mndot_workzone_project/Tesla/campaign_8348ccbe-b6ca-4be8-82ff-b4eba2616879-Tesla_-_Princeton_169_new/campaign/processed_json/segments/9b1c0b60-a317-4614-b1d3-ac66ae257922/part_3/010334.json,,,0.988059362042712,90.16,83.8815789473684,88.1578947368421,18.5041551246537,100,78.92,0.960938222679259,0.946427205747643,
/media/vsi-dev/Lacie_2/mndot_workzone_project/Tesla/campaign_8348ccbe-b6ca-4be8-82ff-b4eba2616879-Tesla_-_Princeton_169_new/campaign/processed_json/segments/9b1c0b60-a317-4614-b1d3-ac66ae257922/part_3/010335.json,,,0.988813044611233,88.96,82.5657894736842,87.5,0.997229916897507,100,75.73,0.964127740551672,0.947338123708941,
/media/vsi-dev/Lacie_2/mndot_workzone_project/Tesla/campaign_8348ccbe-b6ca-4be8-82ff-b4eba2616879-Tesla_-_Princeton_169_new/campaign/processed_json/segments/9b1c0b60-a317-4614-b1d3-ac66ae257922/part_3/010336.json,,,0.985653900195345,88.9,81.5789473684211,87.5,3.90581717451523,100,75.87,0.965207448961256,0.947445259357634,
/media/vsi-dev/Lacie_2/mndot_workzone_project/Tesla/campaign_8348ccbe-b6ca-4be8-82ff-b4eba2616879-Tesla_-_Princeton_169_new/campaign/processed_json/segments/9b1c0b60-a317-4614-b1d3-ac66ae257922/part_3/010337.json,,,0.988059362042712,89.55,82.8947368421053,86.8421052631579,11.8559556786704,100,77.26,0.96486555352696,0.947522460629829,
/media/vsi-dev/Lacie_2/mndot_workzone_project/Tesla/campaign_8348ccbe-b6ca-4be8-82ff-b4eba2616879-Tesla_-_Princeton_169_new/campaign/processed_json/segments/9b1c0b60-a317-4614-b1d3-ac66ae257922/part_3/010338.json,,,0.98728157159029,89.24,79.9342105263158,87.8289473684211,11.4127423822715,100,76.6,0.963296935052862,0.947837012196838,
/media/vsi-dev/Lacie_2/mndot_workzone_project/Tesla/campaign_8348ccbe-b6ca-4be8-82ff-b4eba2616879-Tesla_-_Princeton_169_new/campaign/processed_json/segments/9b1c0b60-a317-4614-b1d3-ac66ae257922/part_3/010339.json,,,0.98728157159029,89.75,81.9078947368421,87.5,16.6481994459834,100,77.87,0.963311253389855,0.947343687974124,
/media/vsi-dev/Lacie_2/mndot_workzone_project/Tesla/campaign_8348ccbe-b6ca-4be8-82ff-b4eba2616879-Tesla_-_Princeton_169_new/campaign/processed_json/segments/9b1c0b60-a317-4614-b1d3-ac66ae257922/part_3/010340.json,,,0.985653900195345,89.23,81.9078947368421,87.5,8.78116343490305,100,76.7,0.965491905612447,0.946824031918578,
/media/vsi-dev/Lacie_2/mndot_workzone_project/Tesla/campaign_8348ccbe-b6ca-4be8-82ff-b4eba2616879-Tesla_-_Princeton_169_new/campaign/processed_json/segments/9b1c0b60-a317-4614-b1d3-ac66ae257922/part_3/010341.json,,,0.990247863518234,90.19,82.8947368421053,88.1578947368421,18.6703601108033,100,78.67,0.963743547693645,0.94787341066396,
/media/vsi-dev/Lacie_2/mndot_workzone_project/Tesla/campaign_8348ccbe-b6ca-4be8-82ff-b4eba2616879-Tesla_-_Princeton_169_new/campaign/processed_json/segments/9b1c0b60-a317-4614-b1d3-ac66ae257922/part_3/010342.json,,,0.98728157159029,89.58,82.8947368421053,87.5,11.3019390581717,100,77.38,0.966542892543034,0.947254474347834,
/media/vsi-dev/Lacie_2/mndot_workzone_project/Tesla/campaign_8348ccbe-b6ca-4be8-82ff-b4eba2616879-Tesla_-_Princeton_169_new/campaign/processed_json/segments/9b1c0b60-a317-4614-b1d3-ac66ae257922/part_3/010343.json,,,0.984804140218096,89.9,82.8947368421053,87.5,18.6426592797784,100,78.47,0.964138871582288,0.947502045274446,
/media/vsi-dev/Lacie_2/mndot_workzone_project/Tesla/campaign_8348ccbe-b6ca-4be8-82ff-b4eba2616879-Tesla_-_Princeton_169_new/campaign/processed_json/segments/9b1c0b60-a317-4614-b1d3-ac66ae257922/part_3/010344.json,,,0.990247863518234,90.19,83.8815789473684,86.1842105263158,20.7756232686981,100,78.69,0.963315639392748,0.947262476869822,
/media/vsi-dev/Lacie_2/mndot_workzone_project/Tesla/campaign_8348ccbe-b6ca-4be8-82ff-b4eba2616879-Tesla_-_Princeton_169_new/campaign/processed_json/segments/9b1c0b60-a317-4614-b1d3-ac66ae257922/part_3/010345.json,,,0.980198673306755,88.7,83.8815789473684,87.1710526315789,0,100,75.89,0.966158861514113,0.947701049159073,
/media/vsi-dev/Lacie_2/mndot_workzone_project/Tesla/campaign_8348ccbe-b6ca-4be8-82ff-b4eba2616879-Tesla_-_Princeton_169_new/campaign/processed_json/segments/9b1c0b60-a317-4614-b1d3-ac66ae257922/part_3/010346.json,,,0.98728157159029,90.03,84.2105263157895,87.5,16.7036011080332,100,78.57,0.964002913011806,0.947151842005262,
/media/vsi-dev/Lacie_2/mndot_workzone_project/Tesla/campaign_8348ccbe-b6ca-4be8-82ff-b4eba2616879-Tesla_-_Princeton_169_new/campaign/processed_json/segments/9b1c0b60-a317-4614-b1d3-ac66ae257922/part_3/010347.json,,,0.985653900195345,89.85,83.5526315789474,87.1710526315789,16.5650969529086,100,78.26,0.964547913490247,0.946940471312465,
/media/vsi-dev/Lacie_2/mndot_workzone_project/Tesla/campaign_8348ccbe-b6ca-4be8-82ff-b4eba2616879-Tesla_-_Princeton_169_new/campaign/processed_json/segments/9b1c0b60-a317-4614-b1d3-ac66ae257922/part_3/010348.json,,,0.988813044611233,89.91,83.5526315789474,87.5,14.792243767313,100,78.09,0.96474961696208,0.947279394656945,
/media/vsi-dev/Lacie_2/mndot_workzone_project/Tesla/campaign_8348ccbe-b6ca-4be8-82ff-b4eba2616879-Tesla_-_Princeton_169_new/campaign/processed_json/segments/9b1c0b60-a317-4614-b1d3-ac66ae257922/part_3/010349.json,,,0.990928893001464,90.16,82.5657894736842,86.8421052631579,21.4681440443213,100,78.59,0.962181162254888,0.946501156250666,
/media/vsi-dev/Lacie_2/mndot_workzone_project/Tesla/campaign_8348ccbe-b6ca-4be8-82ff-b4eba2616879-Tesla_-_Princeton_169_new/campaign/processed_json/segments/9b1c0b60-a317-4614-b1d3-ac66ae257922/part_3/010350.json,,,0.988059362042712,89.81,83.5526315789474,87.5,13.4626038781163,100,77.9,0.965503245055182,0.946959911485147,
/media/vsi-dev/Lacie_2/mndot_workzone_project/Tesla/campaign_8348ccbe-b6ca-4be8-82ff-b4eba2616879-Tesla_-_Princeton_169_new/campaign/processed_json/segments/9b1c0b60-a317-4614-b1d3-ac66ae257922/part_3/010351.json,,,0.983930514272508,89.3,84.5394736842105,87.5,5.92797783933518,100,77.06,0.964446868530176,0.947357593112648,
/media/vsi-dev/Lacie_2/mndot_workzone_project/Tesla/campaign_8348ccbe-b6ca-4be8-82ff-b4eba2616879-Tesla_-_Princeton_169_new/campaign/processed_json/segments/9b1c0b60-a317-4614-b1d3-ac66ae257922/part_3/010352.json,,,0.990247863518234,89.93,82.2368421052632,87.5,16.9806094182826,100,78.02,0.964462975248957,0.946487618926808,
/media/vsi-dev/Lacie_2/mndot_workzone_project/Tesla/campaign_8348ccbe-b6ca-4be8-82ff-b4eba2616879-Tesla_-_Princeton_169_new/campaign/processed_json/segments/9b1c0b60-a317-4614-b1d3-ac66ae257922/part_3/010353.json,,,0.983930514272508,88.91,82.5657894736842,87.5,2.74238227146814,100,76.01,0.96871084008586,0.946421533121332,
/media/vsi-dev/Lacie_2/mndot_workzone_project/Tesla/campaign_8348ccbe-b6ca-4be8-82ff-b4eba2616879-Tesla_-_Princeton_169_new/campaign/processed_json/segments/9b1c0b60-a317-4614-b1d3-ac66ae257922/part_3/010354.json,,,0.985653900195345,89.98,83.5526315789474,87.8289473684211,17.590027700831,100,78.61,0.964041988954511,0.947105879854759,
/media/vsi-dev/Lacie_2/mndot_workzone_project/Tesla/campaign_8348ccbe-b6ca-4be8-82ff-b4eba2616879-Tesla_-_Princeton_169_new/campaign/processed_json/segments/9b1c0b60-a317-4614-b1d3-ac66ae257922/part_3/010355.json,,,0.984804140218096,89.63,82.8947368421053,86.8421052631579,15.8171745152355,100,77.84,0.962860288378867,0.947090990197949,
/media/vsi-dev/Lacie_2/mndot_workzone_project/Tesla/campaign_8348ccbe-b6ca-4be8-82ff-b4eba2616879-Tesla_-_Princeton_169_new/campaign/processed_json/segments/9b1c0b60-a317-4614-b1d3-ac66ae257922/part_3/010356.json,,,0.983930514272508,89.99,84.2105263157895,87.5,18.0609418282548,100,78.78,0.964559672340681,0.947853334334081,
/media/vsi-dev/Lacie_2/mndot_workzone_project/Tesla/campaign_8348ccbe-b6ca-4be8-82ff-b4eba2616879-Tesla_-_Princeton_169_new/campaign/processed_json/segments/9b1c0b60-a317-4614-b1d3-ac66ae257922/part_3/010357.json,,,0.983930514272508,89.84,82.8947368421053,86.8421052631579,19.9445983379501,100,78.46,0.963150041032765,0.94672137588433,
/media/vsi-dev/Lacie_2/mndot_workzone_project/Tesla/campaign_8348ccbe-b6ca-4be8-82ff-b4eba2616879-Tesla_-_Princeton_169_new/campaign/processed_json/segments/9b1c0b60-a317-4614-b1d3-ac66ae257922/part_3/010358.json,,,0.983930514272508,90.05,83.5526315789474,87.5,20.7202216066482,100,78.98,0.96329456295575,0.946963795156113,
/media/vsi-dev/Lacie_2/mndot_workzone_project/Tesla/campaign_8348ccbe-b6ca-4be8-82ff-b4eba2616879-Tesla_-_Princeton_169_new/campaign/processed_json/segments/9b1c0b60-a317-4614-b1d3-ac66ae257922/part_3/010359.json,,,0.98728157159029,93.24,83.5526315789474,87.1710526315789,76.4265927977839,100,87.13,0.943634911232663,0.946314012754204,
/media/vsi-dev/Lacie_2/mndot_workzone_project/Tesla/campaign_8348ccbe-b6ca-4be8-82ff-b4eba2616879-Tesla_-_Princeton_169_new/campaign/processed_json/segments/9b1c0b60-a317-4614-b1d3-ac66ae257922/part_3/010360.json,,,0.973896737455057,89.15,82.2368421052632,87.1710526315789,15.4293628808864,100,77.7,0.965035002296194,0.946870435499834,
/media/vsi-dev/Lacie_2/mndot_workzone_project/Tesla/campaign_8348ccbe-b6ca-4be8-82ff-b4eba2616879-Tesla_-_Princeton_169_new/campaign/processed_json/segments/9b1c0b60-a317-4614-b1d3-ac66ae257922/part_3/010361.json,,,0.978191324262237,88.66,81.25,86.5131578947369,7.28531855955679,100,75.99,0.966638068182161,0.946801836946021,
/media/vsi-dev/Lacie_2/mndot_workzone_project/Tesla/campaign_8348ccbe-b6ca-4be8-82ff-b4eba2616879-Tesla_-_Princeton_169_new/campaign/processed_json/segments/9b1c0b60-a317-4614-b1d3-ac66ae257922/part_3/010362.json,,,0.972765240307908,89.33,81.25,87.5,20.9141274238227,100,78.31,0.96243347234645,0.946837200487796,
/media/vsi-dev/Lacie_2/mndot_workzone_project/Tesla/campaign_8348ccbe-b6ca-4be8-82ff-b4eba2616879-Tesla_-_Princeton_169_new/campaign/processed_json/segments/9b1c0b60-a317-4614-b1d3-ac66ae257922/part_3/010363.json,,,0.980198673306755,89.39,82.5657894736842,87.5,14.1828254847645,100,77.7,0.963702679272121,0.946802658146262,
/media/vsi-dev/Lacie_2/mndot_workzone_project/Tesla/campaign_8348ccbe-b6ca-4be8-82ff-b4eba2616879-Tesla_-_Princeton_169_new/campaign/processed_json/segments/9b1c0b60-a317-4614-b1d3-ac66ae257922/part_3/010364.json,,,0.97715254792786,88.53,82.8947368421053,87.5,0,100,75.7,0.969273298952546,0.946690780291172,
/media/vsi-dev/Lacie_2/mndot_workzone_project/Tesla/campaign_8348ccbe-b6ca-4be8-82ff-b4eba2616879-Tesla_-_Princeton_169_new/campaign/processed_json/segments/9b1c0b60-a317-4614-b1d3-ac66ae257922/part_3/010365.json,,,0.985653900195345,90.35,82.2368421052632,87.5,27.617728531856,99.8614958448754,79.59,0.961822890909828,0.947336219998187,
/media/vsi-dev/Lacie_2/mndot_workzone_project/Tesla/campaign_8348ccbe-b6ca-4be8-82ff-b4eba2616879-Tesla_-_Princeton_169_new/campaign/processed_json/segments/9b1c0b60-a317-4614-b1d3-ac66ae257922/part_3/010366.json,,,0.985653900195345,89.76,80.9210526315789,87.5,19.9445983379501,100,78.07,0.963934148147626,0.946984019095365,
/media/vsi-dev/Lacie_2/mndot_workzone_project/Tesla/campaign_8348ccbe-b6ca-4be8-82ff-b4eba2616879-Tesla_-_Princeton_169_new/campaign/processed_json/segments/9b1c0b60-a317-4614-b1d3-ac66ae257922/part_3/010367.json,,,0.985653900195345,90.07,82.8947368421053,87.5,21.1080332409972,100,78.84,0.964422242127976,0.946607015740966,
/media/vsi-dev/Lacie_2/mndot_workzone_project/Tesla/campaign_8348ccbe-b6ca-4be8-82ff-b4eba2616879-Tesla_-_Princeton_169_new/campaign/processed_json/segments/9b1c0b60-a317-4614-b1d3-ac66ae257922/part_3/010368.json,,,0.99158560090355,89.72,81.9078947368421,87.5,13.1578947368421,100,77.35,0.965225673191104,0.946256533943334,
/media/vsi-dev/Lacie_2/mndot_workzone_project/Tesla/campaign_8348ccbe-b6ca-4be8-82ff-b4eba2616879-Tesla_-_Princeton_169_new/campaign/processed_json/segments/9b1c0b60-a317-4614-b1d3-ac66ae257922/part_3/010369.json,,,0.983930514272508,89.41,79.6052631578947,88.8157894736842,15.2631578947368,100,77.37,0.964731994304391,0.946011344387211,
/media/vsi-dev/Lacie_2/mndot_workzone_project/Tesla/campaign_8348ccbe-b6ca-4be8-82ff-b4eba2616879-Tesla_-_Princeton_169_new/campaign/processed_json/segments/9b1c0b60-a317-4614-b1d3-ac66ae257922/part_3/010370.json,,,0.988059362042712,89.52,79.6052631578947,87.8289473684211,16.398891966759,100,77.24,0.964087182872398,0.945999598170094,
/media/vsi-dev/Lacie_2/mndot_workzone_project/Tesla/campaign_8348ccbe-b6ca-4be8-82ff-b4eba2616879-Tesla_-_Princeton_169_new/campaign/processed_json/segments/9b1c0b60-a317-4614-b1d3-ac66ae257922/part_3/010371.json,,,0.988059362042712,89.24,79.9342105263158,87.8289473684211,10.6094182825485,100,76.48,0.965815660697238,0.946574131029615,
/media/vsi-dev/Lacie_2/mndot_workzone_project/Tesla/campaign_8348ccbe-b6ca-4be8-82ff-b4eba2616879-Tesla_-_Princeton_169_new/campaign/processed_json/segments/9b1c0b60-a317-4614-b1d3-ac66ae257922/part_3/010372.json,,,0.988059362042712,89.11,80.2631578947369,88.8157894736842,5.78947368421053,99.4736842105263,76.09,0.96780753192611,0.947283572596333,
/media/vsi-dev/Lacie_2/mndot_workzone_project/Tesla/campaign_8348ccbe-b6ca-4be8-82ff-b4eba2616879-Tesla_-_Princeton_169_new/campaign/processed_json/segments/9b1c0b60-a317-4614-b1d3-ac66ae257922/part_3/010373.json,,,0.985653900195345,89.18,81.5789473684211,87.5,8.47645429362881,100,76.56,0.965744508927715,0.947313913059878,
/media/vsi-dev/Lacie_2/mndot_workzone_project/Tesla/campaign_8348ccbe-b6ca-4be8-82ff-b4eba2616879-Tesla_-_Princeton_169_new/campaign/processed_json/segments/9b1c0b60-a317-4614-b1d3-ac66ae257922/part_3/010374.json,,,0.981167097577432,89.46,84.8684210526316,88.1578947368421,8.64265927977839,99.8060941828255,77.73,0.964023749937305,0.947790444338034,
/media/vsi-dev/Lacie_2/mndot_workzone_project/Tesla/campaign_8348ccbe-b6ca-4be8-82ff-b4eba2616879-Tesla_-_Princeton_169_new/campaign/processed_json/segments/9b1c0b60-a317-4614-b1d3-ac66ae257922/part_3/010375.json,,,0.985653900195345,92.97,80.9210526315789,87.1710526315789,78.2271468144044,100,86.61,0.942636726236222,0.946972355446242,
/media/vsi-dev/Lacie_2/mndot_workzone_project/Tesla/campaign_8348ccbe-b6ca-4be8-82ff-b4eba2616879-Tesla_-_Princeton_169_new/campaign/processed_json/segments/9b1c0b60-a317-4614-b1d3-ac66ae257922/part_3/010376.json,,,0.981167097577432,89.65,85.8552631578947,88.1578947368421,9.47368421052632,99.7229916897507,78.15,0.966918221419137,0.947377877952003,
/media/vsi-dev/Lacie_2/mndot_workzone_project/Tesla/campaign_8348ccbe-b6ca-4be8-82ff-b4eba2616879-Tesla_-_Princeton_169_new/campaign/processed_json/segments/9b1c0b60-a317-4614-b1d3-ac66ae257922/part_3/010377.json,,,0.981167097577432,90.06,85.5263157894737,88.1578947368421,17.2576177285319,100,79.25,0.96434966404814,0.946702472009281,
/media/vsi-dev/Lacie_2/mndot_workzone_project/Tesla/campaign_8348ccbe-b6ca-4be8-82ff-b4eba2616879-Tesla_-_Princeton_169_new/campaign/processed_json/segments/9b1c0b60-a317-4614-b1d3-ac66ae257922/part_3/010378.json,,,0.981167097577432,90.15,85.8552631578947,88.1578947368421,17.9778393351801,99.9445983379501,79.45,0.965262391625021,0.947192773117745,
/media/vsi-dev/Lacie_2/mndot_workzone_project/Tesla/campaign_8348ccbe-b6ca-4be8-82ff-b4eba2616879-Tesla_-_Princeton_169_new/campaign/processed_json/segments/9b1c0b60-a317-4614-b1d3-ac66ae257922/part_3/010379.json,,,0.97715254792786,89.93,84.2105263157895,87.5,22.1052631578947,99.9445983379501,79.37,0.962920233852727,0.947050826365155,
/media/vsi-dev/Lacie_2/mndot_workzone_project/Tesla/campaign_8348ccbe-b6ca-4be8-82ff-b4eba2616879-Tesla_-_Princeton_169_new/campaign/processed_json/segments/9b1c0b60-a317-4614-b1d3-ac66ae257922/part_3/010380.json,,,0.982111925534364,93.24,85.5263157894737,88.1578947368421,74.7091412742382,98.9196675900277,87.61,0.944652781973703,0.946632391816882,
/media/vsi-dev/Lacie_2/mndot_workzone_project/Tesla/campaign_8348ccbe-b6ca-4be8-82ff-b4eba2616879-Tesla_-_Princeton_169_new/campaign/processed_json/segments/9b1c0b60-a317-4614-b1d3-ac66ae257922/part_3/010381.json,,,0.982111925534364,89.04,84.8684210526316,88.1578947368421,0.415512465373961,99.7229916897507,76.5,0.968038124642721,0.947158278412451,
/media/vsi-dev/Lacie_2/mndot_workzone_project/Tesla/campaign_8348ccbe-b6ca-4be8-82ff-b4eba2616879-Tesla_-_Princeton_169_new/campaign/processed_json/segments/9b1c0b60-a317-4614-b1d3-ac66ae257922/part_3/010382.json,,,0.984804140218096,89.67,84.2105263157895,88.1578947368421,11.3296398891967,99.4182825484765,77.88,0.964879928429568,0.947531872365317,
/media/vsi-dev/Lacie_2/mndot_workzone_project/Tesla/campaign_8348ccbe-b6ca-4be8-82ff-b4eba2616879-Tesla_-_Princeton_169_new/campaign/processed_json/segments/9b1c0b60-a317-4614-b1d3-ac66ae257922/part_3/010383.json,,,0.990247863518234,93.69,84.2105263157895,88.8157894736842,77.4515235457064,99.3074792243767,87.89,0.945189984820555,0.947470278481668,
/media/vsi-dev/Lacie_2/mndot_workzone_project/Tesla/campaign_8348ccbe-b6ca-4be8-82ff-b4eba2616879-Tesla_-_Princeton_169_new/campaign/processed_json/segments/9b1c0b60-a317-4614-b1d3-ac66ae257922/part_3/010384.json,,,0.984804140218096,89.78,83.5526315789474,88.1578947368421,14.0720221606648,100,78.18,0.964753017220184,0.947070862049975,
/media/vsi-dev/Lacie_2/mndot_workzone_project/Tesla/campaign_8348ccbe-b6ca-4be8-82ff-b4eba2616879-Tesla_-_Princeton_169_new/campaign/processed_json/segments/9b1c0b60-a317-4614-b1d3-ac66ae257922/part_3/010385.json,,,0.98728157159029,89.4,83.8815789473684,88.1578947368421,5.34626038781163,100,76.97,0.9654075364118,0.94670604284289,
/media/vsi-dev/Lacie_2/mndot_workzone_project/Tesla/campaign_8348ccbe-b6ca-4be8-82ff-b4eba2616879-Tesla_-_Princeton_169_new/campaign/processed_json/segments/9b1c0b60-a317-4614-b1d3-ac66ae257922/part_3/010386.json,,,0.992825857903813,90.22,82.2368421052632,88.1578947368421,18.781163434903,100,78.49,0.964941221640991,0.946191453549818,
/media/vsi-dev/Lacie_2/mndot_workzone_project/Tesla/campaign_8348ccbe-b6ca-4be8-82ff-b4eba2616879-Tesla_-_Princeton_169_new/campaign/processed_json/segments/9b1c0b60-a317-4614-b1d3-ac66ae257922/part_3/010387.json,,,0.99158560090355,90.15,81.9078947368421,88.1578947368421,18.8642659279778,100,78.41,0.96485755387012,0.946927906557107,
/media/vsi-dev/Lacie_2/mndot_workzone_project/Tesla/campaign_8348ccbe-b6ca-4be8-82ff-b4eba2616879-Tesla_-_Princeton_169_new/campaign/processed_json/segments/9b1c0b60-a317-4614-b1d3-ac66ae257922/part_3/010388.json,,,0.993409314468916,90.17,80.2631578947369,87.8289473684211,22.4376731301939,100,78.34,0.9631591878046,0.946158070977598,
/media/vsi-dev/Lacie_2/mndot_workzone_project/Tesla/campaign_8348ccbe-b6ca-4be8-82ff-b4eba2616879-Tesla_-_Princeton_169_new/campaign/processed_json/segments/9b1c0b60-a317-4614-b1d3-ac66ae257922/part_3/010389.json,,,0.992825857903813,90.02,82.8947368421053,88.1578947368421,13.7673130193906,100,77.94,0.966383721563733,0.946376382640927,
/media/vsi-dev/Lacie_2/mndot_workzone_project/Tesla/campaign_8348ccbe-b6ca-4be8-82ff-b4eba2616879-Tesla_-_Princeton_169_new/campaign/processed_json/segments/9b1c0b60-a317-4614-b1d3-ac66ae257922/part_3/010390.json,,,0.99158560090355,90.38,84.8684210526316,88.1578947368421,16.8421052631579,100,78.99,0.965358691822755,0.94663366920934,
/media/vsi-dev/Lacie_2/mndot_workzone_project/Tesla/campaign_8348ccbe-b6ca-4be8-82ff-b4eba2616879-Tesla_-_Princeton_169_new/campaign/processed_json/segments/9b1c0b60-a317-4614-b1d3-ac66ae257922/part_3/010391.json,,,0.993409314468916,90.88,84.5394736842105,88.8157894736842,23.6288088642659,100,80.1,0.963391884154137,0.946879552906755,
/media/vsi-dev/Lacie_2/mndot_workzone_project/Tesla/campaign_8348ccbe-b6ca-4be8-82ff-b4eba2616879-Tesla_-_Princeton_169_new/campaign/processed_json/segments/9b1c0b60-a317-4614-b1d3-ac66ae257922/part_3/010392.json,,,0.992825857903813,94.24,86.1842105263158,88.8157894736842,80.4432132963989,100,89.03,0.945171483031342,0.946740108900133,
/media/vsi-dev/Lacie_2/mndot_workzone_project/Tesla/campaign_8348ccbe-b6ca-4be8-82ff-b4eba2616879-Tesla_-_Princeton_169_new/campaign/processed_json/segments/9b1c0b60-a317-4614-b1d3-ac66ae257922/part_3/010393.json,,,0.988813044611233,90.42,84.5394736842105,88.8157894736842,18.7257617728532,100,79.38,0.965364924579088,0.946658456703872,
/media/vsi-dev/Lacie_2/mndot_workzone_project/Tesla/campaign_8348ccbe-b6ca-4be8-82ff-b4eba2616879-Tesla_-_Princeton_169_new/campaign/processed_json/segments/9b1c0b60-a317-4614-b1d3-ac66ae257922/part_3/010394.json,,,0.988813044611233,90.22,83.8815789473684,88.8157894736842,16.7590027700831,100,78.88,0.965457883585237,0.946515452770877,
/media/vsi-dev/Lacie_2/mndot_workzone_project/Tesla/campaign_8348ccbe-b6ca-4be8-82ff-b4eba2616879-Tesla_-_Princeton_169_new/campaign/processed_json/segments/9b1c0b60-a317-4614-b1d3-ac66ae257922/part_3/010395.json,,,0.988059362042712,89.3,82.5657894736842,88.8157894736842,3.93351800554017,100,76.58,0.967410973546202,0.947062046414806,
/media/vsi-dev/Lacie_2/mndot_workzone_project/Tesla/campaign_8348ccbe-b6ca-4be8-82ff-b4eba2616879-Tesla_-_Princeton_169_new/campaign/processed_json/segments/9b1c0b60-a317-4614-b1d3-ac66ae257922/part_3/010396.json,,,0.983930514272508,90.28,86.5131578947369,89.4736842105263,14.2936288088643,100,79.5,0.965600046358212,0.946572921095492,
/media/vsi-dev/Lacie_2/mndot_workzone_project/Tesla/campaign_8348ccbe-b6ca-4be8-82ff-b4eba2616879-Tesla_-_Princeton_169_new/campaign/processed_json/segments/9b1c0b60-a317-4614-b1d3-ac66ae257922/part_3/010397.json,,,0.988059362042712,93.85,86.1842105263158,88.4868421052632,77.8393351800554,100,88.53,0.944911108751656,0.946411606224689,
/media/vsi-dev/Lacie_2/mndot_workzone_project/Tesla/campaign_8348ccbe-b6ca-4be8-82ff-b4eba2616879-Tesla_-_Princeton_169_new/campaign/processed_json/segments/9b1c0b60-a317-4614-b1d3-ac66ae257922/part_3/010398.json,,,0.983930514272508,90.57,86.8421052631579,88.8157894736842,19.8337950138504,100,80.23,0.964599490582014,0.947492062205208,
/media/vsi-dev/Lacie_2/mndot_workzone_project/Tesla/campaign_8348ccbe-b6ca-4be8-82ff-b4eba2616879-Tesla_-_Princeton_169_new/campaign/processed_json/segments/9b1c0b60-a317-4614-b1d3-ac66ae257922/part_3/010399.json,,,0.988059362042712,90.39,86.8421052631579,88.1578947368421,15.0138504155125,100,79.32,0.96600160289527,0.947652813695508,
/media/vsi-dev/Lacie_2/mndot_workzone_project/Tesla/campaign_8348ccbe-b6ca-4be8-82ff-b4eba2616879-Tesla_-_Princeton_169_new/campaign/processed_json/segments/9b1c0b60-a317-4614-b1d3-ac66ae257922/part_3/010400.json,,,0.988059362042712,90.12,87.1710526315789,88.8157894736842,8.9196675900277,99.3351800554017,78.61,0.967460695021003,0.947880342001631,
/media/vsi-dev/Lacie_2/mndot_workzone_project/Tesla/campaign_8348ccbe-b6ca-4be8-82ff-b4eba2616879-Tesla_-_Princeton_169_new/campaign/processed_json/segments/9b1c0b60-a317-4614-b1d3-ac66ae257922/part_3/010401.json,,,0.992825857903813,94.06,87.8289473684211,88.8157894736842,75.2631578947369,98.2271468144044,88.49,0.946768410785881,0.94807768314006,
/media/vsi-dev/Lacie_2/mndot_workzone_project/Tesla/campaign_8348ccbe-b6ca-4be8-82ff-b4eba2616879-Tesla_-_Princeton_169_new/campaign/processed_json/segments/9b1c0b60-a317-4614-b1d3-ac66ae257922/part_3/010402.json,,,0.990928893001464,90.16,87.1710526315789,88.8157894736842,7.31301939058172,100,78.46,0.96647157270603,0.94710909819227,
/media/vsi-dev/Lacie_2/mndot_workzone_project/Tesla/campaign_8348ccbe-b6ca-4be8-82ff-b4eba2616879-Tesla_-_Princeton_169_new/campaign/processed_json/segments/9b1c0b60-a317-4614-b1d3-ac66ae257922/part_3/010403.json,,,0.992825857903813,90.19,84.8684210526316,88.8157894736842,10.9141274238227,100,78.32,0.967855931803204,0.947185419781769,
/media/vsi-dev/Lacie_2/mndot_workzone_project/Tesla/campaign_8348ccbe-b6ca-4be8-82ff-b4eba2616879-Tesla_-_Princeton_169_new/campaign/processed_json/segments/9b1c0b60-a317-4614-b1d3-ac66ae257922/part_3/010404.json,,,0.990928893001464,89.82,86.5131578947369,88.8157894736842,3.15789473684211,99.6952908587258,77.6,0.966706881021321,0.947493511995803,
/media/vsi-dev/Lacie_2/mndot_workzone_project/Tesla/campaign_8348ccbe-b6ca-4be8-82ff-b4eba2616879-Tesla_-_Princeton_169_new/campaign/processed_json/segments/9b1c0b60-a317-4614-b1d3-ac66ae257922/part_3/010405.json,,,0.990928893001464,89.65,84.2105263157895,88.4868421052632,4.9584487534626,100,77.13,0.969264141780649,0.946563829941973,
/media/vsi-dev/Lacie_2/mndot_workzone_project/Tesla/campaign_8348ccbe-b6ca-4be8-82ff-b4eba2616879-Tesla_-_Princeton_169_new/campaign/processed_json/segments/9b1c0b60-a317-4614-b1d3-ac66ae257922/part_3/010406.json,,,0.990247863518234,90.03,86.1842105263158,88.8157894736842,7.81163434903047,100,78.23,0.96507949005799,0.947239329656873,
/media/vsi-dev/Lacie_2/mndot_workzone_project/Tesla/campaign_8348ccbe-b6ca-4be8-82ff-b4eba2616879-Tesla_-_Princeton_169_new/campaign/processed_json/segments/9b1c0b60-a317-4614-b1d3-ac66ae257922/part_3/010407.json,,,0.990928893001464,89.59,86.1842105263158,88.8157894736842,0,99.0858725761773,76.95,0.970201932110008,0.947248030728602,
/media/vsi-dev/Lacie_2/mndot_workzone_project/Tesla/campaign_8348ccbe-b6ca-4be8-82ff-b4eba2616879-Tesla_-_Princeton_169_new/campaign/processed_json/segments/9b1c0b60-a317-4614-b1d3-ac66ae257922/part_3/010408.json,,,0.996805114543033,90.82,85.1973684210526,88.1578947368421,20.5263157894737,99.2797783933518,79.54,0.965451578709206,0.947233812930238,
/media/vsi-dev/Lacie_2/mndot_workzone_project/Tesla/campaign_8348ccbe-b6ca-4be8-82ff-b4eba2616879-Tesla_-_Princeton_169_new/campaign/processed_json/segments/9b1c0b60-a317-4614-b1d3-ac66ae257922/part_3/010409.json,,,0.998988012405174,94.43,86.8421052631579,88.8157894736842,80.6371191135734,97.2853185595568,88.85,0.944974289033215,0.947695686538332,
/media/vsi-dev/Lacie_2/mndot_workzone_project/Tesla/campaign_8348ccbe-b6ca-4be8-82ff-b4eba2616879-Tesla_-_Princeton_169_new/campaign/processed_json/segments/9b1c0b60-a317-4614-b1d3-ac66ae257922/part_3/010410.json,,,0.995497666030972,90.63,85.8552631578947,88.1578947368421,18.5318559556787,97.6177285318559,79.19,0.965954034459441,0.947440824105274,
/media/vsi-dev/Lacie_2/mndot_workzone_project/Tesla/campaign_8348ccbe-b6ca-4be8-82ff-b4eba2616879-Tesla_-_Princeton_169_new/campaign/processed_json/segments/9b1c0b60-a317-4614-b1d3-ac66ae257922/part_3/010411.json,,,0.996394017227934,90.66,86.5131578947369,88.1578947368421,14.8753462603878,99.8891966759003,79.18,0.966472604771028,0.946580342220324,
/media/vsi-dev/Lacie_2/mndot_workzone_project/Tesla/campaign_8348ccbe-b6ca-4be8-82ff-b4eba2616879-Tesla_-_Princeton_169_new/campaign/processed_json/segments/9b1c0b60-a317-4614-b1d3-ac66ae257922/part_3/010412.json,,,0.997191451372845,91.23,87.1710526315789,88.1578947368421,22.8531855955679,99.9722991689751,80.58,0.964760163797748,0.946757779978491,
/media/vsi-dev/Lacie_2/mndot_workzone_project/Tesla/campaign_8348ccbe-b6ca-4be8-82ff-b4eba2616879-Tesla_-_Princeton_169_new/campaign/processed_json/segments/9b1c0b60-a317-4614-b1d3-ac66ae257922/part_3/010413.json,,,0.998488643251663,90.59,86.8421052631579,88.1578947368421,11.4958448753463,100,78.79,0.967515461738976,0.946322572842618,
/media/vsi-dev/Lacie_2/mndot_workzone_project/Tesla/campaign_8348ccbe-b6ca-4be8-82ff-b4eba2616879-Tesla_-_Princeton_169_new/campaign/processed_json/segments/9b1c0b60-a317-4614-b1d3-ac66ae257922/part_3/010414.json,,,0.997889729757728,91.04,85.8552631578947,88.4868421052632,21.4404432132964,100,80.07,0.964430574924138,0.945646989703056,
/media/vsi-dev/Lacie_2/mndot_workzone_project/Tesla/campaign_8348ccbe-b6ca-4be8-82ff-b4eba2616879-Tesla_-_Princeton_169_new/campaign/processed_json/segments/9b1c0b60-a317-4614-b1d3-ac66ae257922/part_3/010415.json,,,0.997191451372845,90.92,86.1842105263158,88.8157894736842,18.2825484764543,100,79.8,0.96576905268405,0.945669717774073,
/media/vsi-dev/Lacie_2/mndot_workzone_project/Tesla/campaign_8348ccbe-b6ca-4be8-82ff-b4eba2616879-Tesla_-_Princeton_169_new/campaign/processed_json/segments/9b1c0b60-a317-4614-b1d3-ac66ae257922/part_3/010416.json,,,0.997889729757728,90.99,86.5131578947369,88.1578947368421,19.6398891966759,100,79.9,0.965531395566527,0.945729300382131,
/media/vsi-dev/Lacie_2/mndot_workzone_project/Tesla/campaign_8348ccbe-b6ca-4be8-82ff-b4eba2616879-Tesla_-_Princeton_169_new/campaign/processed_json/segments/9b1c0b60-a317-4614-b1d3-ac66ae257922/part_3/010417.json,,,0.998201619028437,91.15,85.8552631578947,88.1578947368421,23.601108033241,100,80.29,0.963597376769299,0.94649811943923,
/media/vsi-dev/Lacie_2/mndot_workzone_project/Tesla/campaign_8348ccbe-b6ca-4be8-82ff-b4eba2616879-Tesla_-_Princeton_169_new/campaign/processed_json/segments/9b1c0b60-a317-4614-b1d3-ac66ae257922/part_3/010418.json,,,0.998201619028437,90.53,85.5263157894737,88.1578947368421,13.3518005540166,100,78.68,0.966973099917042,0.946516366632163,
/media/vsi-dev/Lacie_2/mndot_workzone_project/Tesla/campaign_8348ccbe-b6ca-4be8-82ff-b4eba2616879-Tesla_-_Princeton_169_new/campaign/processed_json/segments/9b1c0b60-a317-4614-b1d3-ac66ae257922/part_3/010419.json,,,0.998488643251663,90.17,85.8552631578947,88.1578947368421,6.14958448753463,100,77.7,0.968835034888827,0.946430573025509,
/media/vsi-dev/Lacie_2/mndot_workzone_project/Tesla/campaign_8348ccbe-b6ca-4be8-82ff-b4eba2616879-Tesla_-_Princeton_169_new/campaign/processed_json/segments/9b1c0b60-a317-4614-b1d3-ac66ae257922/part_3/010420.json,,,0.998201619028437,90.37,85.8552631578947,88.1578947368421,10.1108033240997,99.8337950138504,78.26,0.966901694750007,0.946560072976064,
/media/vsi-dev/Lacie_2/mndot_workzone_project/Tesla/campaign_8348ccbe-b6ca-4be8-82ff-b4eba2616879-Tesla_-_Princeton_169_new/campaign/processed_json/segments/9b1c0b60-a317-4614-b1d3-ac66ae257922/part_3/010421.json,,,0.998488643251663,89.78,85.5263157894737,87.8289473684211,0.886426592797784,100,76.72,0.968932829868078,0.946491701545919,
/media/vsi-dev/Lacie_2/mndot_workzone_project/Tesla/campaign_8348ccbe-b6ca-4be8-82ff-b4eba2616879-Tesla_-_Princeton_169_new/campaign/processed_json/segments/9b1c0b60-a317-4614-b1d3-ac66ae257922/part_3/010422.json,,,0.997191451372845,90.22,85.1973684210526,87.5,11.218836565097,100,78.05,0.965614465874567,0.94596676495258,
/media/vsi-dev/Lacie_2/mndot_workzone_project/Tesla/campaign_8348ccbe-b6ca-4be8-82ff-b4eba2616879-Tesla_-_Princeton_169_new/campaign/processed_json/segments/9b1c0b60-a317-4614-b1d3-ac66ae257922/part_3/010423.json,,,0.996805114543033,90.78,85.1973684210526,87.5,21.3573407202216,100,79.56,0.963100736403817,0.94566953304567,
/media/vsi-dev/Lacie_2/mndot_workzone_project/Tesla/campaign_8348ccbe-b6ca-4be8-82ff-b4eba2616879-Tesla_-_Princeton_169_new/campaign/processed_json/segments/9b1c0b60-a317-4614-b1d3-ac66ae257922/part_3/010424.json,,,0.993409314468916,90.39,84.8684210526316,87.5,17.4515235457064,100,78.88,0.965075878341526,0.945570097263048,
/media/vsi-dev/Lacie_2/mndot_workzone_project/Tesla/campaign_8348ccbe-b6ca-4be8-82ff-b4eba2616879-Tesla_-_Princeton_169_new/campaign/processed_json/segments/9b1c0b60-a317-4614-b1d3-ac66ae257922/part_3/010425.json,,,0.992825857903813,89.79,84.8684210526316,87.5,7.34072022160665,100,77.37,0.966964815506821,0.945514915516116,
/media/vsi-dev/Lacie_2/mndot_workzone_project/Tesla/campaign_8348ccbe-b6ca-4be8-82ff-b4eba2616879-Tesla_-_Princeton_169_new/campaign/processed_json/segments/9b1c0b60-a317-4614-b1d3-ac66ae257922/part_3/010426.json,,,0.990247863518234,89.87,85.1973684210526,87.8289473684211,9.61218836565097,99.3074792243767,77.81,0.967396792685745,0.946196195888179,
/media/vsi-dev/Lacie_2/mndot_workzone_project/Tesla/campaign_8348ccbe-b6ca-4be8-82ff-b4eba2616879-Tesla_-_Princeton_169_new/campaign/processed_json/segments/9b1c0b60-a317-4614-b1d3-ac66ae257922/part_3/010427.json,,,0.988059362042712,89.95,84.2105263157895,87.5,14.9861495844875,100,78.31,0.96514149533706,0.944915804194033,
/media/vsi-dev/Lacie_2/mndot_workzone_project/Tesla/campaign_8348ccbe-b6ca-4be8-82ff-b4eba2616879-Tesla_-_Princeton_169_new/campaign/processed_json/segments/9b1c0b60-a317-4614-b1d3-ac66ae257922/part_3/010428.json,,,0.983930514272508,89.81,83.8815789473684,87.5,16.1218836565097,100,78.38,0.964910244078198,0.945444112372315,
/media/vsi-dev/Lacie_2/mndot_workzone_project/Tesla/campaign_8348ccbe-b6ca-4be8-82ff-b4eba2616879-Tesla_-_Princeton_169_new/campaign/processed_json/segments/9b1c0b60-a317-4614-b1d3-ac66ae257922/part_3/010429.json,,,0.983930514272508,93.84,86.1842105263158,87.5,83.0470914127424,100,89,0.943138799206488,0.945071045803833,
/media/vsi-dev/Lacie_2/mndot_workzone_project/Tesla/campaign_8348ccbe-b6ca-4be8-82ff-b4eba2616879-Tesla_-_Princeton_169_new/campaign/processed_json/segments/9b1c0b60-a317-4614-b1d3-ac66ae257922/part_3/010430.json,,,0.981167097577432,89.79,83.8815789473684,87.5,17.9501385041551,100,78.65,0.963696508721481,0.94481725490529,
/media/vsi-dev/Lacie_2/mndot_workzone_project/Tesla/campaign_8348ccbe-b6ca-4be8-82ff-b4eba2616879-Tesla_-_Princeton_169_new/campaign/processed_json/segments/9b1c0b60-a317-4614-b1d3-ac66ae257922/part_3/010431.json,,,0.983930514272508,93.83,86.5131578947369,87.5,82.2714681440443,100,88.98,0.942960624963503,0.944797178682114,
/media/vsi-dev/Lacie_2/mndot_workzone_project/Tesla/campaign_8348ccbe-b6ca-4be8-82ff-b4eba2616879-Tesla_-_Princeton_169_new/campaign/processed_json/segments/9b1c0b60-a317-4614-b1d3-ac66ae257922/part_3/010432.json,,,0.970433403055154,89.76,82.8947368421053,87.5,27.0083102493075,100,79.7,0.961483527185789,0.944527006335016,
/media/vsi-dev/Lacie_2/mndot_workzone_project/Tesla/campaign_8348ccbe-b6ca-4be8-82ff-b4eba2616879-Tesla_-_Princeton_169_new/campaign/processed_json/segments/9b1c0b60-a317-4614-b1d3-ac66ae257922/part_3/010433.json,,,0.968620922016178,88.51,84.5394736842105,87.5,3.18559556786704,100,76.64,0.966420649027931,0.94439624003941,
/media/vsi-dev/Lacie_2/mndot_workzone_project/Tesla/campaign_8348ccbe-b6ca-4be8-82ff-b4eba2616879-Tesla_-_Princeton_169_new/campaign/processed_json/segments/9b1c0b60-a317-4614-b1d3-ac66ae257922/part_3/010434.json,,,0.968920783299383,88.21,83.8815789473684,87.5,0,98.7534626038781,75.8,0.968102644592217,0.945598900644785,
/media/vsi-dev/Lacie_2/mndot_workzone_project/Tesla/campaign_8348ccbe-b6ca-4be8-82ff-b4eba2616879-Tesla_-_Princeton_169_new/campaign/processed_json/segments/9b1c0b60-a317-4614-b1d3-ac66ae257922/part_3/010435.json,,,0.969033254475011,88.31,84.2105263157895,87.5,0,100,76.07,0.966422720805541,0.945273736410369,
/media/vsi-dev/Lacie_2/mndot_workzone_project/Tesla/campaign_8348ccbe-b6ca-4be8-82ff-b4eba2616879-Tesla_-_Princeton_169_new/campaign/processed_json/segments/9b1c0b60-a317-4614-b1d3-ac66ae257922/part_3/010436.json,,,0.968620922016178,88.83,84.2105263157895,87.1710526315789,10.1385041551247,100,77.48,0.963660872431589,0.94518511417779,
/media/vsi-dev/Lacie_2/mndot_workzone_project/Tesla/campaign_8348ccbe-b6ca-4be8-82ff-b4eba2616879-Tesla_-_Princeton_169_new/campaign/processed_json/segments/9b1c0b60-a317-4614-b1d3-ac66ae257922/part_3/010437.json,,,0.967721877728007,88.8,84.2105263157895,87.8289473684211,8.64265927977839,100,77.46,0.9651175350297,0.945370005178045,
/media/vsi-dev/Lacie_2/mndot_workzone_project/Tesla/campaign_8348ccbe-b6ca-4be8-82ff-b4eba2616879-Tesla_-_Princeton_169_new/campaign/processed_json/segments/9b1c0b60-a317-4614-b1d3-ac66ae257922/part_3/010438.json,,,0.975005175298418,89.44,81.25,88.1578947368421,20.387811634349,99.7506925207756,78.39,0.962947665534005,0.945453257717298,
/media/vsi-dev/Lacie_2/mndot_workzone_project/Tesla/campaign_8348ccbe-b6ca-4be8-82ff-b4eba2616879-Tesla_-_Princeton_169_new/campaign/processed_json/segments/9b1c0b60-a317-4614-b1d3-ac66ae257922/part_3/010439.json,,,0.970433403055154,88.81,79.6052631578947,87.5,17.3130193905817,100,77.27,0.963667863171475,0.945205590101981,
/media/vsi-dev/Lacie_2/mndot_workzone_project/Tesla/campaign_8348ccbe-b6ca-4be8-82ff-b4eba2616879-Tesla_-_Princeton_169_new/campaign/processed_json/segments/9b1c0b60-a317-4614-b1d3-ac66ae257922/part_3/010440.json,,,0.978191324262237,89.41,82.5657894736842,87.8289473684211,16.814404432133,98.393351800554,77.95,0.964741305549457,0.945594892817062,
/media/vsi-dev/Lacie_2/mndot_workzone_project/Tesla/campaign_8348ccbe-b6ca-4be8-82ff-b4eba2616879-Tesla_-_Princeton_169_new/campaign/processed_json/segments/9b1c0b60-a317-4614-b1d3-ac66ae257922/part_3/010441.json,,,0.973896737455057,89.12,81.25,87.1710526315789,17.5069252077562,100,77.7,0.963643856795319,0.945267508265824,
/media/vsi-dev/Lacie_2/mndot_workzone_project/Tesla/campaign_8348ccbe-b6ca-4be8-82ff-b4eba2616879-Tesla_-_Princeton_169_new/campaign/processed_json/segments/9b1c0b60-a317-4614-b1d3-ac66ae257922/part_3/010442.json,,,0.969233234476344,87.64,77.9605263157895,86.5131578947369,3.01939058171745,100,74.36,0.966821505248557,0.945798519428377,
/media/vsi-dev/Lacie_2/mndot_workzone_project/Tesla/campaign_8348ccbe-b6ca-4be8-82ff-b4eba2616879-Tesla_-_Princeton_169_new/campaign/processed_json/segments/9b1c0b60-a317-4614-b1d3-ac66ae257922/part_3/010443.json,,,0.969220734554469,89.3,84.8684210526316,87.5,17.4515235457064,98.1440443213296,78.6,0.962843918374334,0.946471682502114,
/media/vsi-dev/Lacie_2/mndot_workzone_project/Tesla/campaign_8348ccbe-b6ca-4be8-82ff-b4eba2616879-Tesla_-_Princeton_169_new/campaign/processed_json/segments/9b1c0b60-a317-4614-b1d3-ac66ae257922/part_3/010444.json,,,0.970433403055154,88.78,82.8947368421053,86.1842105263158,12.5484764542936,100,77.16,0.963614421508281,0.946383583207962,
/media/vsi-dev/Lacie_2/mndot_workzone_project/Tesla/campaign_8348ccbe-b6ca-4be8-82ff-b4eba2616879-Tesla_-_Princeton_169_new/campaign/processed_json/segments/9b1c0b60-a317-4614-b1d3-ac66ae257922/part_3/010445.json,,,0.968433554391028,89.21,83.8815789473684,87.8289473684211,15.8448753462604,100,78.44,0.963850878556602,0.945357375761384,
/media/vsi-dev/Lacie_2/mndot_workzone_project/Tesla/campaign_8348ccbe-b6ca-4be8-82ff-b4eba2616879-Tesla_-_Princeton_169_new/campaign/processed_json/segments/9b1c0b60-a317-4614-b1d3-ac66ae257922/part_3/010446.json,,,0.969233234476344,89.52,84.2105263157895,88.8157894736842,17.9501385041551,100,79.15,0.963557544058085,0.945932250526917,
/media/vsi-dev/Lacie_2/mndot_workzone_project/Tesla/campaign_8348ccbe-b6ca-4be8-82ff-b4eba2616879-Tesla_-_Princeton_169_new/campaign/processed_json/segments/9b1c0b60-a317-4614-b1d3-ac66ae257922/part_3/010447.json,,,0.969233234476344,93.1,87.5,87.5,77.7839335180055,100,88.61,0.942757000099421,0.945733460528701,
/media/vsi-dev/Lacie_2/mndot_workzone_project/Tesla/campaign_8348ccbe-b6ca-4be8-82ff-b4eba2616879-Tesla_-_Princeton_169_new/campaign/processed_json/segments/9b1c0b60-a317-4614-b1d3-ac66ae257922/part_3/010448.json,,,0.969233234476344,92.98,87.5,88.1578947368421,74.6814404432133,99.612188365651,88.29,0.943176892021228,0.94591781385298,
/media/vsi-dev/Lacie_2/mndot_workzone_project/Tesla/campaign_8348ccbe-b6ca-4be8-82ff-b4eba2616879-Tesla_-_Princeton_169_new/campaign/processed_json/segments/9b1c0b60-a317-4614-b1d3-ac66ae257922/part_3/010449.json,,,0.965191424665858,92.89,87.5,88.8157894736842,75.6509695290859,99.2520775623269,88.56,0.942842702332957,0.942992087967271,
/media/vsi-dev/Lacie_2/mndot_workzone_project/Tesla/campaign_8348ccbe-b6ca-4be8-82ff-b4eba2616879-Tesla_-_Princeton_169_new/campaign/processed_json/segments/9b1c0b60-a317-4614-b1d3-ac66ae257922/part_3/010450.json,,,0.937243584102654,81.79,83.5526315789474,86.1842105263158,13.7119113573407,0,62.61,0.964099013244723,0.961842549186365,
/media/vsi-dev/Lacie_2/mndot_workzone_project/Tesla/campaign_8348ccbe-b6ca-4be8-82ff-b4eba2616879-Tesla_-_Princeton_169_new/campaign/processed_json/segments/9b1c0b60-a317-4614-b1d3-ac66ae257922/part_3/010451.json,,,0.960818835379895,89.01,82.8947368421053,88.1578947368421,19.5567867036011,100,78.78,0.962427781552852,0.943672404776556,
/media/vsi-dev/Lacie_2/mndot_workzone_project/Tesla/campaign_8348ccbe-b6ca-4be8-82ff-b4eba2616879-Tesla_-_Princeton_169_new/campaign/processed_json/segments/9b1c0b60-a317-4614-b1d3-ac66ae257922/part_3/010452.json,,,0.957292596519057,89.29,83.8815789473684,88.1578947368421,25.207756232687,100,79.91,0.960168117930624,0.942984473993844,
/media/vsi-dev/Lacie_2/mndot_workzone_project/Tesla/campaign_8348ccbe-b6ca-4be8-82ff-b4eba2616879-Tesla_-_Princeton_169_new/campaign/processed_json/segments/9b1c0b60-a317-4614-b1d3-ac66ae257922/part_3/010453.json,,,0.952266321667955,88.04,82.5657894736842,88.1578947368421,15.0415512465374,94.6260387811634,77.2,0.963637260560017,0.943003849884103,
/media/vsi-dev/Lacie_2/mndot_workzone_project/Tesla/campaign_8348ccbe-b6ca-4be8-82ff-b4eba2616879-Tesla_-_Princeton_169_new/campaign/processed_json/segments/9b1c0b60-a317-4614-b1d3-ac66ae257922/part_3/010454.json,,,0.959481097994579,88.48,82.8947368421053,88.8157894736842,12.4653739612188,97.9224376731302,77.6,0.963838258261133,0.942552092210007,
/media/vsi-dev/Lacie_2/mndot_workzone_project/Tesla/campaign_8348ccbe-b6ca-4be8-82ff-b4eba2616879-Tesla_-_Princeton_169_new/campaign/processed_json/segments/9b1c0b60-a317-4614-b1d3-ac66ae257922/part_3/010455.json,,,0.960818835379895,84.34,84.2105263157895,86.8421052631579,19.8891966759003,18.005540166205,66.63,0.962342059614146,0.963250406588585,
/media/vsi-dev/Lacie_2/mndot_workzone_project/Tesla/campaign_8348ccbe-b6ca-4be8-82ff-b4eba2616879-Tesla_-_Princeton_169_new/campaign/processed_json/segments/9b1c0b60-a317-4614-b1d3-ac66ae257922/part_3/010456.json,,,0.963201498874578,83.57,84.2105263157895,87.5,10.9418282548476,10.1939058171745,64.34,0.964937496859315,0.965955560030721,
/media/vsi-dev/Lacie_2/mndot_workzone_project/Tesla/campaign_8348ccbe-b6ca-4be8-82ff-b4eba2616879-Tesla_-_Princeton_169_new/campaign/processed_json/segments/9b1c0b60-a317-4614-b1d3-ac66ae257922/part_3/010457.json,,,0.968221246881518,89.24,84.2105263157895,89.1447368421053,14.4875346260388,99.4736842105263,78.63,0.963095091852971,0.942921521507246,
/media/vsi-dev/Lacie_2/mndot_workzone_project/Tesla/campaign_8348ccbe-b6ca-4be8-82ff-b4eba2616879-Tesla_-_Princeton_169_new/campaign/processed_json/segments/9b1c0b60-a317-4614-b1d3-ac66ae257922/part_3/010458.json,,,0.968920783299383,93.25,86.8421052631579,89.4736842105263,79.8337950138504,98.3656509695291,89.06,0.943132086927134,0.943578890392785,
/media/vsi-dev/Lacie_2/mndot_workzone_project/Tesla/campaign_8348ccbe-b6ca-4be8-82ff-b4eba2616879-Tesla_-_Princeton_169_new/campaign/processed_json/segments/9b1c0b60-a317-4614-b1d3-ac66ae257922/part_3/010459.json,,,0.981167097577432,88.71,81.5789473684211,89.4736842105263,0.083102493074792,100,75.88,0.967596264447871,0.943342863910632,
/media/vsi-dev/Lacie_2/mndot_workzone_project/Tesla/campaign_8348ccbe-b6ca-4be8-82ff-b4eba2616879-Tesla_-_Princeton_169_new/campaign/processed_json/segments/9b1c0b60-a317-4614-b1d3-ac66ae257922/part_3/010460.json,,,0.969233234476344,88.43,80.2631578947369,89.4736842105263,7.34072022160665,99.612188365651,76.5,0.965255122032291,0.941175190259173,
/media/vsi-dev/Lacie_2/mndot_workzone_project/Tesla/campaign_8348ccbe-b6ca-4be8-82ff-b4eba2616879-Tesla_-_Princeton_169_new/campaign/processed_json/segments/9b1c0b60-a317-4614-b1d3-ac66ae257922/part_3/010461.json,,,0.968433554391028,87.97,88.8157894736842,90.1315789473684,56.398891966759,28.3102493074792,75.84,0.942361275111746,0.947329770790834,
/media/vsi-dev/Lacie_2/mndot_workzone_project/Tesla/campaign_8348ccbe-b6ca-4be8-82ff-b4eba2616879-Tesla_-_Princeton_169_new/campaign/processed_json/segments/9b1c0b60-a317-4614-b1d3-ac66ae257922/part_3/010462.json,,,0.981167097577432,93.21,88.1578947368421,89.4736842105263,73.98891966759,92.8808864265928,87.75,0.94474905443181,0.941135010718582,
/media/vsi-dev/Lacie_2/mndot_workzone_project/Tesla/campaign_8348ccbe-b6ca-4be8-82ff-b4eba2616879-Tesla_-_Princeton_169_new/campaign/processed_json/segments/9b1c0b60-a317-4614-b1d3-ac66ae257922/part_3/010463.json,,,0.972765240307908,88.56,85.5263157894737,90.1315789473684,0,94.016620498615,76.35,0.96843135418498,0.942197922070596,
/media/vsi-dev/Lacie_2/mndot_workzone_project/Tesla/campaign_8348ccbe-b6ca-4be8-82ff-b4eba2616879-Tesla_-_Princeton_169_new/campaign/processed_json/segments/9b1c0b60-a317-4614-b1d3-ac66ae257922/part_3/010464.json,,,0.973896737455057,89.68,85.5263157894737,89.8026315789474,14.0443213296399,99.5567867036011,79.17,0.963008983619353,0.942398410252879,
/media/vsi-dev/Lacie_2/mndot_workzone_project/Tesla/campaign_8348ccbe-b6ca-4be8-82ff-b4eba2616879-Tesla_-_Princeton_169_new/campaign/processed_json/segments/9b1c0b60-a317-4614-b1d3-ac66ae257922/part_3/010465.json,,,0.973896737455057,88.68,87.8289473684211,90.1315789473684,0,91.6897506925208,76.67,0.964327490594346,0.941752573547464,
/media/vsi-dev/Lacie_2/mndot_workzone_project/Tesla/campaign_8348ccbe-b6ca-4be8-82ff-b4eba2616879-Tesla_-_Princeton_169_new/campaign/processed_json/segments/9b1c0b60-a317-4614-b1d3-ac66ae257922/part_3/010466.json,,,0.985653900195345,89.81,85.1973684210526,90.7894736842105,5.59556786703601,99.5290858725762,78.13,0.966150379043761,0.946735645054973,
/media/vsi-dev/Lacie_2/mndot_workzone_project/Tesla/campaign_8348ccbe-b6ca-4be8-82ff-b4eba2616879-Tesla_-_Princeton_169_new/campaign/processed_json/segments/9b1c0b60-a317-4614-b1d3-ac66ae257922/part_3/010467.json,,,0.990928893001464,90.23,85.1973684210526,90.7894736842105,8.89196675900277,100,78.69,0.965642051328063,0.94610041485208,
/media/vsi-dev/Lacie_2/mndot_workzone_project/Tesla/campaign_8348ccbe-b6ca-4be8-82ff-b4eba2616879-Tesla_-_Princeton_169_new/campaign/processed_json/segments/9b1c0b60-a317-4614-b1d3-ac66ae257922/part_3/010468.json,,,0.98728157159029,93.88,87.8289473684211,90.4605263157895,72.3545706371191,100,88.78,0.944743559818821,0.943124257077953,
/media/vsi-dev/Lacie_2/mndot_workzone_project/Tesla/campaign_8348ccbe-b6ca-4be8-82ff-b4eba2616879-Tesla_-_Princeton_169_new/campaign/processed_json/segments/9b1c0b60-a317-4614-b1d3-ac66ae257922/part_3/010469.json,,,0.990928893001464,89.78,85.5263157894737,90.4605263157895,0.858725761772853,100,77.5,0.968306305265679,0.946406285002144,
/media/vsi-dev/Lacie_2/mndot_workzone_project/Tesla/campaign_8348ccbe-b6ca-4be8-82ff-b4eba2616879-Tesla_-_Princeton_169_new/campaign/processed_json/segments/9b1c0b60-a317-4614-b1d3-ac66ae257922/part_3/010470.json,,,0.990247863518234,89.82,86.8421052631579,90.1315789473684,0,100,77.66,0.967500707159762,0.946993462155074,
/media/vsi-dev/Lacie_2/mndot_workzone_project/Tesla/campaign_8348ccbe-b6ca-4be8-82ff-b4eba2616879-Tesla_-_Princeton_169_new/campaign/processed_json/segments/9b1c0b60-a317-4614-b1d3-ac66ae257922/part_3/010471.json,,,0.990928893001464,89.76,86.8421052631579,89.4736842105263,0,100,77.46,0.965907397979641,0.947532788390465,
/media/vsi-dev/Lacie_2/mndot_workzone_project/Tesla/campaign_8348ccbe-b6ca-4be8-82ff-b4eba2616879-Tesla_-_Princeton_169_new/campaign/processed_json/segments/9b1c0b60-a317-4614-b1d3-ac66ae257922/part_3/010472.json,,,0.990928893001464,89.87,86.1842105263158,89.4736842105263,3.37950138504155,100,77.77,0.965511927315836,0.946913616713009,
/media/vsi-dev/Lacie_2/mndot_workzone_project/Tesla/campaign_8348ccbe-b6ca-4be8-82ff-b4eba2616879-Tesla_-_Princeton_169_new/campaign/processed_json/segments/9b1c0b60-a317-4614-b1d3-ac66ae257922/part_3/010473.json,,,0.990247863518234,90.2,86.8421052631579,89.4736842105263,8.72576177285319,100,78.75,0.962522125199333,0.946646718781878,
/media/vsi-dev/Lacie_2/mndot_workzone_project/Tesla/campaign_8348ccbe-b6ca-4be8-82ff-b4eba2616879-Tesla_-_Princeton_169_new/campaign/processed_json/segments/9b1c0b60-a317-4614-b1d3-ac66ae257922/part_3/010474.json,,,0.990247863518234,89.68,86.1842105263158,89.8026315789474,0,100,77.36,0.966534360707918,0.94629109732555,
/media/vsi-dev/Lacie_2/mndot_workzone_project/Tesla/campaign_8348ccbe-b6ca-4be8-82ff-b4eba2616879-Tesla_-_Princeton_169_new/campaign/processed_json/segments/9b1c0b60-a317-4614-b1d3-ac66ae257922/part_3/010475.json,,,0.988813044611233,89.69,85.8552631578947,90.7894736842105,0,100,77.55,0.966525380434924,0.945212761918796,
/media/vsi-dev/Lacie_2/mndot_workzone_project/Tesla/campaign_8348ccbe-b6ca-4be8-82ff-b4eba2616879-Tesla_-_Princeton_169_new/campaign/processed_json/segments/9b1c0b60-a317-4614-b1d3-ac66ae257922/part_3/010476.json,,,0.988059362042712,89.79,86.8421052631579,90.1315789473684,1.63434903047091,100,77.89,0.966301065608651,0.945186471229202,
/media/vsi-dev/Lacie_2/mndot_workzone_project/Tesla/campaign_8348ccbe-b6ca-4be8-82ff-b4eba2616879-Tesla_-_Princeton_169_new/campaign/processed_json/segments/9b1c0b60-a317-4614-b1d3-ac66ae257922/part_3/010477.json,,,0.975005175298418,82.97,86.8421052631579,85.1973684210526,0,0,61.33,0.969454466126843,0.97387863417522,
/media/vsi-dev/Lacie_2/mndot_workzone_project/Tesla/campaign_8348ccbe-b6ca-4be8-82ff-b4eba2616879-Tesla_-_Princeton_169_new/campaign/processed_json/segments/9b1c0b60-a317-4614-b1d3-ac66ae257922/part_3/010478.json,,,0.984804140218096,89.59,86.5131578947369,90.4605263157895,0,100,77.66,0.968299604367629,0.945434898057245,
/media/vsi-dev/Lacie_2/mndot_workzone_project/Tesla/campaign_8348ccbe-b6ca-4be8-82ff-b4eba2616879-Tesla_-_Princeton_169_new/campaign/processed_json/segments/9b1c0b60-a317-4614-b1d3-ac66ae257922/part_3/010479.json,,,0.99158560090355,90.48,86.1842105263158,88.8157894736842,14.8199445983379,100,79.28,0.964834434543343,0.946110050044296,
/media/vsi-dev/Lacie_2/mndot_workzone_project/Tesla/campaign_8348ccbe-b6ca-4be8-82ff-b4eba2616879-Tesla_-_Princeton_169_new/campaign/processed_json/segments/9b1c0b60-a317-4614-b1d3-ac66ae257922/part_3/010480.json,,,0.993409314468916,90.89,86.5131578947369,89.4736842105263,18.6980609418283,100,80.15,0.963571716143753,0.945557665205612,
/media/vsi-dev/Lacie_2/mndot_workzone_project/Tesla/campaign_8348ccbe-b6ca-4be8-82ff-b4eba2616879-Tesla_-_Princeton_169_new/campaign/processed_json/segments/9b1c0b60-a317-4614-b1d3-ac66ae257922/part_3/010481.json,,,0.99158560090355,90.23,86.8421052631579,88.8157894736842,8.78116343490305,100,78.58,0.96687434742091,0.946168909428653,
/media/vsi-dev/Lacie_2/mndot_workzone_project/Tesla/campaign_8348ccbe-b6ca-4be8-82ff-b4eba2616879-Tesla_-_Princeton_169_new/campaign/processed_json/segments/9b1c0b60-a317-4614-b1d3-ac66ae257922/part_3/010482.json,,,0.990928893001464,90.73,86.1842105263158,89.4736842105263,18.393351800554,100,80,0.963529039385797,0.945511899487278,
/media/vsi-dev/Lacie_2/mndot_workzone_project/Tesla/campaign_8348ccbe-b6ca-4be8-82ff-b4eba2616879-Tesla_-_Princeton_169_new/campaign/processed_json/segments/9b1c0b60-a317-4614-b1d3-ac66ae257922/part_3/010483.json,,,0.993409314468916,89.75,86.1842105263158,89.1447368421053,0,100,77.17,0.969506554609854,0.94537476697393,
/media/vsi-dev/Lacie_2/mndot_workzone_project/Tesla/campaign_8348ccbe-b6ca-4be8-82ff-b4eba2616879-Tesla_-_Princeton_169_new/campaign/processed_json/segments/9b1c0b60-a317-4614-b1d3-ac66ae257922/part_3/010484.json,,,0.990247863518234,90.22,86.5131578947369,89.1447368421053,9.88919667590028,100,78.74,0.965524697509394,0.946103039603022,
/media/vsi-dev/Lacie_2/mndot_workzone_project/Tesla/campaign_8348ccbe-b6ca-4be8-82ff-b4eba2616879-Tesla_-_Princeton_169_new/campaign/processed_json/segments/9b1c0b60-a317-4614-b1d3-ac66ae257922/part_3/010485.json,,,0.98728157159029,89.82,86.5131578947369,88.1578947368421,6.81440443213297,100,77.99,0.967143097684105,0.946052019784585,
/media/vsi-dev/Lacie_2/mndot_workzone_project/Tesla/campaign_8348ccbe-b6ca-4be8-82ff-b4eba2616879-Tesla_-_Princeton_169_new/campaign/processed_json/segments/9b1c0b60-a317-4614-b1d3-ac66ae257922/part_3/010486.json,,,0.985653900195345,89.67,86.5131578947369,88.1578947368421,5.4016620498615,100,77.78,0.967619134618254,0.945612699693314,
/media/vsi-dev/Lacie_2/mndot_workzone_project/Tesla/campaign_8348ccbe-b6ca-4be8-82ff-b4eba2616879-Tesla_-_Princeton_169_new/campaign/processed_json/segments/9b1c0b60-a317-4614-b1d3-ac66ae257922/part_3/010487.json,,,0.988059362042712,90.13,87.5,88.1578947368421,9.75069252077562,100,78.72,0.965520982351811,0.945961160032211,
/media/vsi-dev/Lacie_2/mndot_workzone_project/Tesla/campaign_8348ccbe-b6ca-4be8-82ff-b4eba2616879-Tesla_-_Princeton_169_new/campaign/processed_json/segments/9b1c0b60-a317-4614-b1d3-ac66ae257922/part_3/010488.json,,,0.988813044611233,89.68,87.8289473684211,88.1578947368421,0,99.9722991689751,77.38,0.971160291684683,0.945918532612263,
/media/vsi-dev/Lacie_2/mndot_workzone_project/Tesla/campaign_8348ccbe-b6ca-4be8-82ff-b4eba2616879-Tesla_-_Princeton_169_new/campaign/processed_json/segments/9b1c0b60-a317-4614-b1d3-ac66ae257922/part_3/010489.json,,,0.99158560090355,90.35,86.5131578947369,87.5,14.5152354570637,100,78.94,0.966223726064981,0.945322264058066,
/media/vsi-dev/Lacie_2/mndot_workzone_project/Tesla/campaign_8348ccbe-b6ca-4be8-82ff-b4eba2616879-Tesla_-_Princeton_169_new/campaign/processed_json/segments/9b1c0b60-a317-4614-b1d3-ac66ae257922/part_3/010490.json,,,0.993409314468916,94.1,86.1842105263158,88.1578947368421,79.7229916897507,100,88.7,0.944090926557379,0.944598074592574,
/media/vsi-dev/Lacie_2/mndot_workzone_project/Tesla/campaign_8348ccbe-b6ca-4be8-82ff-b4eba2616879-Tesla_-_Princeton_169_new/campaign/processed_json/segments/9b1c0b60-a317-4614-b1d3-ac66ae257922/part_3/010491.json,,,0.993409314468916,90.03,85.8552631578947,86.5131578947369,11.2465373961219,100,77.95,0.965631556309076,0.94560004273431,
/media/vsi-dev/Lacie_2/mndot_workzone_project/Tesla/campaign_8348ccbe-b6ca-4be8-82ff-b4eba2616879-Tesla_-_Princeton_169_new/campaign/processed_json/segments/9b1c0b60-a317-4614-b1d3-ac66ae257922/part_3/010492.json,,,0.992825857903813,89.96,85.5263157894737,86.8421052631579,10.8310249307479,100,77.88,0.964578728928559,0.94502123181492,
/media/vsi-dev/Lacie_2/mndot_workzone_project/Tesla/campaign_8348ccbe-b6ca-4be8-82ff-b4eba2616879-Tesla_-_Princeton_169_new/campaign/processed_json/segments/9b1c0b60-a317-4614-b1d3-ac66ae257922/part_3/010493.json,,,0.990928893001464,90.61,86.1842105263158,87.5,20.6925207756233,100,79.75,0.963063098839998,0.944433305773404,
/media/vsi-dev/Lacie_2/mndot_workzone_project/Tesla/campaign_8348ccbe-b6ca-4be8-82ff-b4eba2616879-Tesla_-_Princeton_169_new/campaign/processed_json/segments/9b1c0b60-a317-4614-b1d3-ac66ae257922/part_3/010494.json,,,0.990247863518234,89.91,86.1842105263158,87.5,9.00277008310249,100,78.01,0.965749380835359,0.944239086342497,
/media/vsi-dev/Lacie_2/mndot_workzone_project/Tesla/campaign_8348ccbe-b6ca-4be8-82ff-b4eba2616879-Tesla_-_Princeton_169_new/campaign/processed_json/segments/9b1c0b60-a317-4614-b1d3-ac66ae257922/part_3/010495.json,,,0.990928893001464,90.01,85.8552631578947,86.8421052631579,12.2437673130194,100,78.19,0.964656152695406,0.944570079322061,
/media/vsi-dev/Lacie_2/mndot_workzone_project/Tesla/campaign_8348ccbe-b6ca-4be8-82ff-b4eba2616879-Tesla_-_Princeton_169_new/campaign/processed_json/segments/9b1c0b60-a317-4614-b1d3-ac66ae257922/part_3/010496.json,,,0.992825857903813,94.01,86.8421052631579,87.1710526315789,79.5013850415513,99.2520775623269,88.47,0.945792277943533,0.944952967272813,
/media/vsi-dev/Lacie_2/mndot_workzone_project/Tesla/campaign_8348ccbe-b6ca-4be8-82ff-b4eba2616879-Tesla_-_Princeton_169_new/campaign/processed_json/segments/9b1c0b60-a317-4614-b1d3-ac66ae257922/part_3/010497.json,,,0.990928893001464,89.8,85.1973684210526,86.8421052631579,10.2216066481994,100,77.69,0.965093975702891,0.94401578679352,
/media/vsi-dev/Lacie_2/mndot_workzone_project/Tesla/campaign_8348ccbe-b6ca-4be8-82ff-b4eba2616879-Tesla_-_Princeton_169_new/campaign/processed_json/segments/9b1c0b60-a317-4614-b1d3-ac66ae257922/part_3/010498.json,,,0.984804140218096,93.7,86.1842105263158,87.5,81.5235457063712,99.4182825484765,88.67,0.944311900791575,0.940093736122952,
/media/vsi-dev/Lacie_2/mndot_workzone_project/Tesla/campaign_8348ccbe-b6ca-4be8-82ff-b4eba2616879-Tesla_-_Princeton_169_new/campaign/processed_json/segments/9b1c0b60-a317-4614-b1d3-ac66ae257922/part_3/010499.json,,,0.99158560090355,93.93,86.1842105263158,87.1710526315789,79.9168975069252,100,88.44,0.944532642958456,0.944311992409665,
/media/vsi-dev/Lacie_2/mndot_workzone_project/Tesla/campaign_8348ccbe-b6ca-4be8-82ff-b4eba2616879-Tesla_-_Princeton_169_new/campaign/processed_json/segments/9b1c0b60-a317-4614-b1d3-ac66ae257922/part_3/010500.json,,,0.973896737455057,89.72,85.5263157894737,86.8421052631579,20.1939058171745,100,79.27,0.964056309892271,0.941623812633681,
/media/vsi-dev/Lacie_2/mndot_workzone_project/Tesla/campaign_8348ccbe-b6ca-4be8-82ff-b4eba2616879-Tesla_-_Princeton_169_new/campaign/processed_json/segments/9b1c0b60-a317-4614-b1d3-ac66ae257922/part_3/010501.json,,,0.968920783299383,88.91,85.8552631578947,87.5,13.8504155124654,94.2659279778393,77.75,0.96450473197078,0.941162505057164,
/media/vsi-dev/Lacie_2/mndot_workzone_project/Tesla/campaign_8348ccbe-b6ca-4be8-82ff-b4eba2616879-Tesla_-_Princeton_169_new/campaign/processed_json/segments/9b1c0b60-a317-4614-b1d3-ac66ae257922/part_3/010502.json,,,0.980198673306755,89.62,85.5263157894737,87.1710526315789,17.4792243767313,96.2326869806094,78.39,0.964905988884314,0.940466312136836,
/media/vsi-dev/Lacie_2/mndot_workzone_project/Tesla/campaign_8348ccbe-b6ca-4be8-82ff-b4eba2616879-Tesla_-_Princeton_169_new/campaign/processed_json/segments/9b1c0b60-a317-4614-b1d3-ac66ae257922/part_3/010503.json,,,0.983930514272508,90,85.8552631578947,86.8421052631579,18.393351800554,98.5041551246537,78.89,0.964877219005703,0.943790162571745,
/media/vsi-dev/Lacie_2/mndot_workzone_project/Tesla/campaign_8348ccbe-b6ca-4be8-82ff-b4eba2616879-Tesla_-_Princeton_169_new/campaign/processed_json/segments/9b1c0b60-a317-4614-b1d3-ac66ae257922/part_3/010504.json,,,0.985653900195345,89.65,85.5263157894737,87.5,10.1662049861496,98.6426592797784,77.78,0.967493883053421,0.94336336239031,
/media/vsi-dev/Lacie_2/mndot_workzone_project/Tesla/campaign_8348ccbe-b6ca-4be8-82ff-b4eba2616879-Tesla_-_Princeton_169_new/campaign/processed_json/segments/9b1c0b60-a317-4614-b1d3-ac66ae257922/part_3/010505.json,,,0.982111925534364,90.14,85.8552631578947,87.1710526315789,21.7728531855956,98.3656509695291,79.46,0.963149589306163,0.943783333137609,
/media/vsi-dev/Lacie_2/mndot_workzone_project/Tesla/campaign_8348ccbe-b6ca-4be8-82ff-b4eba2616879-Tesla_-_Princeton_169_new/campaign/processed_json/segments/9b1c0b60-a317-4614-b1d3-ac66ae257922/part_3/010506.json,,,0.98728157159029,89.58,85.5263157894737,86.8421052631579,8.50415512465374,100,77.52,0.964788505407321,0.942888505686488,
/media/vsi-dev/Lacie_2/mndot_workzone_project/Tesla/campaign_8348ccbe-b6ca-4be8-82ff-b4eba2616879-Tesla_-_Princeton_169_new/campaign/processed_json/segments/9b1c0b60-a317-4614-b1d3-ac66ae257922/part_3/010507.json,,,0.983930514272508,89.2,85.1973684210526,86.5131578947369,5.70637119113573,99.8060941828255,76.88,0.965541250466436,0.943299100176421,
/media/vsi-dev/Lacie_2/mndot_workzone_project/Tesla/campaign_8348ccbe-b6ca-4be8-82ff-b4eba2616879-Tesla_-_Princeton_169_new/campaign/processed_json/segments/9b1c0b60-a317-4614-b1d3-ac66ae257922/part_3/010508.json,,,0.981167097577432,89.32,85.5263157894737,86.1842105263158,9.2797783933518,100,77.45,0.966431119800469,0.943192274298024,
/media/vsi-dev/Lacie_2/mndot_workzone_project/Tesla/campaign_8348ccbe-b6ca-4be8-82ff-b4eba2616879-Tesla_-_Princeton_169_new/campaign/processed_json/segments/9b1c0b60-a317-4614-b1d3-ac66ae257922/part_3/010509.json,,,0.982111925534364,88.87,85.5263157894737,86.5131578947369,0,100,76.17,0.970254171015111,0.941905246017985,
/media/vsi-dev/Lacie_2/mndot_workzone_project/Tesla/campaign_8348ccbe-b6ca-4be8-82ff-b4eba2616879-Tesla_-_Princeton_169_new/campaign/processed_json/segments/9b1c0b60-a317-4614-b1d3-ac66ae257922/part_3/010510.json,,,0.98728157159029,90.42,85.5263157894737,86.1842105263158,24.0997229916898,100,79.66,0.964475894200829,0.942143857382928,
/media/vsi-dev/Lacie_2/mndot_workzone_project/Tesla/campaign_8348ccbe-b6ca-4be8-82ff-b4eba2616879-Tesla_-_Princeton_169_new/campaign/processed_json/segments/9b1c0b60-a317-4614-b1d3-ac66ae257922/part_3/010511.json,,,0.98728157159029,89.53,85.5263157894737,86.1842105263158,8.28254847645429,100,77.31,0.969240697498779,0.94217489029538,
/media/vsi-dev/Lacie_2/mndot_workzone_project/Tesla/campaign_8348ccbe-b6ca-4be8-82ff-b4eba2616879-Tesla_-_Princeton_169_new/campaign/processed_json/segments/9b1c0b60-a317-4614-b1d3-ac66ae257922/part_3/010512.json,,,0.99158560090355,90.56,85.8552631578947,86.1842105263158,22.7146814404432,100,79.56,0.965365990015698,0.941879966698898,
/media/vsi-dev/Lacie_2/mndot_workzone_project/Tesla/campaign_8348ccbe-b6ca-4be8-82ff-b4eba2616879-Tesla_-_Princeton_169_new/campaign/processed_json/segments/9b1c0b60-a317-4614-b1d3-ac66ae257922/part_3/010513.json,,,0.988059362042712,89.8,84.8684210526316,85.8552631578947,14.8199445983379,100,77.98,0.967312658534177,0.941395499502154,
/media/vsi-dev/Lacie_2/mndot_workzone_project/Tesla/campaign_8348ccbe-b6ca-4be8-82ff-b4eba2616879-Tesla_-_Princeton_169_new/campaign/processed_json/segments/9b1c0b60-a317-4614-b1d3-ac66ae257922/part_3/010514.json,,,0.990247863518234,90.22,84.8684210526316,86.1842105263158,19.8060941828255,100,78.83,0.966096922122498,0.941679179332845,
/media/vsi-dev/Lacie_2/mndot_workzone_project/Tesla/campaign_8348ccbe-b6ca-4be8-82ff-b4eba2616879-Tesla_-_Princeton_169_new/campaign/processed_json/segments/9b1c0b60-a317-4614-b1d3-ac66ae257922/part_3/010515.json,,,0.985653900195345,90.24,85.1973684210526,86.1842105263158,22.8254847645429,100,79.37,0.965126843123181,0.941693772614889,
/media/vsi-dev/Lacie_2/mndot_workzone_project/Tesla/campaign_8348ccbe-b6ca-4be8-82ff-b4eba2616879-Tesla_-_Princeton_169_new/campaign/processed_json/segments/9b1c0b60-a317-4614-b1d3-ac66ae257922/part_3/010516.json,,,0.98728157159029,90.05,84.8684210526316,85.8552631578947,19.7506925207756,100,78.72,0.965728697900623,0.941344896543666,
/media/vsi-dev/Lacie_2/mndot_workzone_project/Tesla/campaign_8348ccbe-b6ca-4be8-82ff-b4eba2616879-Tesla_-_Princeton_169_new/campaign/processed_json/segments/9b1c0b60-a317-4614-b1d3-ac66ae257922/part_3/010517.json,,,0.985653900195345,88.93,84.5394736842105,85.8552631578947,1.96675900277008,100,75.97,0.970821628413894,0.941094901610718,
/media/vsi-dev/Lacie_2/mndot_workzone_project/Tesla/campaign_8348ccbe-b6ca-4be8-82ff-b4eba2616879-Tesla_-_Princeton_169_new/campaign/processed_json/segments/9b1c0b60-a317-4614-b1d3-ac66ae257922/part_3/010518.json,,,0.985653900195345,89.5,84.5394736842105,85.1973684210526,13.2686980609418,100,77.46,0.967552026989595,0.941847299455812,
/media/vsi-dev/Lacie_2/mndot_workzone_project/Tesla/campaign_8348ccbe-b6ca-4be8-82ff-b4eba2616879-Tesla_-_Princeton_169_new/campaign/processed_json/segments/9b1c0b60-a317-4614-b1d3-ac66ae257922/part_3/010519.json,,,0.985653900195345,89.19,84.5394736842105,85.5263157894737,7.06371191135734,100,76.63,0.969478580755654,0.941258152797396,
/media/vsi-dev/Lacie_2/mndot_workzone_project/Tesla/campaign_8348ccbe-b6ca-4be8-82ff-b4eba2616879-Tesla_-_Princeton_169_new/campaign/processed_json/segments/9b1c0b60-a317-4614-b1d3-ac66ae257922/part_3/010520.json,,,0.981167097577432,89.08,84.2105263157895,84.8684210526316,10.6648199445983,100,76.87,0.968438428961071,0.940396708227419,
/media/vsi-dev/Lacie_2/mndot_workzone_project/Tesla/campaign_8348ccbe-b6ca-4be8-82ff-b4eba2616879-Tesla_-_Princeton_169_new/campaign/processed_json/segments/9b1c0b60-a317-4614-b1d3-ac66ae257922/part_3/010521.json,,,0.981167097577432,89.22,84.8684210526316,85.1973684210526,12.2160664819945,100,77.37,0.963308186532666,0.939302646250406,
/media/vsi-dev/Lacie_2/mndot_workzone_project/Tesla/campaign_8348ccbe-b6ca-4be8-82ff-b4eba2616879-Tesla_-_Princeton_169_new/campaign/processed_json/segments/9b1c0b60-a317-4614-b1d3-ac66ae257922/part_3/010522.json,,,0.981167097577432,92.95,84.2105263157895,84.5394736842105,81.1080332409972,100,87.2,0.942906621562874,0.939521840491578,
/media/vsi-dev/Lacie_2/mndot_workzone_project/Tesla/campaign_8348ccbe-b6ca-4be8-82ff-b4eba2616879-Tesla_-_Princeton_169_new/campaign/processed_json/segments/9b1c0b60-a317-4614-b1d3-ac66ae257922/part_3/010523.json,,,0.978191324262237,89.05,84.2105263157895,84.5394736842105,13.6565096952909,100,77.19,0.96432408176676,0.939844815377242,
/media/vsi-dev/Lacie_2/mndot_workzone_project/Tesla/campaign_8348ccbe-b6ca-4be8-82ff-b4eba2616879-Tesla_-_Princeton_169_new/campaign/processed_json/segments/9b1c0b60-a317-4614-b1d3-ac66ae257922/part_3/010524.json,,,0.975005175298418,89.07,83.8815789473684,84.5394736842105,17.1468144044321,100,77.61,0.963703046343337,0.93871408345887,
/media/vsi-dev/Lacie_2/mndot_workzone_project/Tesla/campaign_8348ccbe-b6ca-4be8-82ff-b4eba2616879-Tesla_-_Princeton_169_new/campaign/processed_json/segments/9b1c0b60-a317-4614-b1d3-ac66ae257922/part_3/010525.json,,,0.97715254792786,88.8,84.2105263157895,84.8684210526316,9.2797783933518,100,76.64,0.965802116905689,0.939524503429555,
/media/vsi-dev/Lacie_2/mndot_workzone_project/Tesla/campaign_8348ccbe-b6ca-4be8-82ff-b4eba2616879-Tesla_-_Princeton_169_new/campaign/processed_json/segments/9b1c0b60-a317-4614-b1d3-ac66ae257922/part_3/010526.json,,,0.984804140218096,93.02,83.8815789473684,83.8815789473684,82.0498614958449,100,87.04,0.941157846926625,0.939577912147717,
/media/vsi-dev/Lacie_2/mndot_workzone_project/Tesla/campaign_8348ccbe-b6ca-4be8-82ff-b4eba2616879-Tesla_-_Princeton_169_new/campaign/processed_json/segments/9b1c0b60-a317-4614-b1d3-ac66ae257922/part_3/010527.json,,,0.970433403055154,87.87,83.5526315789474,84.2105263157895,0.470914127423823,100,74.94,0.967656185730366,0.940141713796885,
/media/vsi-dev/Lacie_2/mndot_workzone_project/Tesla/campaign_8348ccbe-b6ca-4be8-82ff-b4eba2616879-Tesla_-_Princeton_169_new/campaign/processed_json/segments/9b1c0b60-a317-4614-b1d3-ac66ae257922/part_3/010528.json,,,0.970433403055154,88.61,83.8815789473684,83.8815789473684,13.7673130193906,100,76.91,0.962550472355398,0.940164144788172,
/media/vsi-dev/Lacie_2/mndot_workzone_project/Tesla/campaign_8348ccbe-b6ca-4be8-82ff-b4eba2616879-Tesla_-_Princeton_169_new/campaign/processed_json/segments/9b1c0b60-a317-4614-b1d3-ac66ae257922/part_3/010529.json,,,0.969033254475011,88.19,83.5526315789474,83.8815789473684,8.1994459833795,100,75.98,0.964287335404296,0.939664874961793,
/media/vsi-dev/Lacie_2/mndot_workzone_project/Tesla/campaign_8348ccbe-b6ca-4be8-82ff-b4eba2616879-Tesla_-_Princeton_169_new/campaign/processed_json/segments/9b1c0b60-a317-4614-b1d3-ac66ae257922/part_3/010530.json,,,0.975005175298418,88.97,84.2105263157895,84.2105263157895,16.01108033241,100,77.43,0.959303389265427,0.940236113274306,
/media/vsi-dev/Lacie_2/mndot_workzone_project/Tesla/campaign_8348ccbe-b6ca-4be8-82ff-b4eba2616879-Tesla_-_Princeton_169_new/campaign/processed_json/segments/9b1c0b60-a317-4614-b1d3-ac66ae257922/part_3/010531.json,,,0.97715254792786,88.72,84.2105263157895,83.8815789473684,11.3850415512465,100,76.63,0.958229722959677,0.940138355552762,
/media/vsi-dev/Lacie_2/mndot_workzone_project/Tesla/campaign_8348ccbe-b6ca-4be8-82ff-b4eba2616879-Tesla_-_Princeton_169_new/campaign/processed_json/segments/9b1c0b60-a317-4614-b1d3-ac66ae257922/part_3/010532.json,,,0.970433403055154,87.92,84.2105263157895,82.8947368421053,4.09972299168975,100,75.25,0.960117331035055,0.940226985965104,
/media/vsi-dev/Lacie_2/mndot_workzone_project/Tesla/campaign_8348ccbe-b6ca-4be8-82ff-b4eba2616879-Tesla_-_Princeton_169_new/campaign/processed_json/segments/9b1c0b60-a317-4614-b1d3-ac66ae257922/part_3/010533.json,,,0.973896737455057,88.66,84.2105263157895,82.8947368421053,15.0138504155125,100,76.86,0.955715391379755,0.940188053002559,
/media/vsi-dev/Lacie_2/mndot_workzone_project/Tesla/campaign_8348ccbe-b6ca-4be8-82ff-b4eba2616879-Tesla_-_Princeton_169_new/campaign/processed_json/segments/9b1c0b60-a317-4614-b1d3-ac66ae257922/part_3/010534.json,,,0.970433403055154,88.65,83.5526315789474,82.2368421052632,20.8310249307479,100,77.32,0.951663515966855,0.939177872936989,
/media/vsi-dev/Lacie_2/mndot_workzone_project/Tesla/campaign_8348ccbe-b6ca-4be8-82ff-b4eba2616879-Tesla_-_Princeton_169_new/campaign/processed_json/segments/9b1c0b60-a317-4614-b1d3-ac66ae257922/part_3/010535.json,,,0.973896737455057,92.26,83.5526315789474,82.2368421052632,80.7756232686981,100,86.25,0.940666681490839,0.939672380061329,
/media/vsi-dev/Lacie_2/mndot_workzone_project/Tesla/campaign_8348ccbe-b6ca-4be8-82ff-b4eba2616879-Tesla_-_Princeton_169_new/campaign/processed_json/segments/9b1c0b60-a317-4614-b1d3-ac66ae257922/part_3/010536.json,,,0.972765240307908,88.43,83.8815789473684,82.5657894736842,14.5429362880886,99.3628808864266,76.48,0.953043746078049,0.939736536898943,
/media/vsi-dev/Lacie_2/mndot_workzone_project/Tesla/campaign_8348ccbe-b6ca-4be8-82ff-b4eba2616879-Tesla_-_Princeton_169_new/campaign/processed_json/segments/9b1c0b60-a317-4614-b1d3-ac66ae257922/part_3/010537.json,,,0.973896737455057,88.33,82.8947368421053,81.5789473684211,14.2105263157895,100,75.97,0.959780072498026,0.939151220654307,
/media/vsi-dev/Lacie_2/mndot_workzone_project/Tesla/campaign_8348ccbe-b6ca-4be8-82ff-b4eba2616879-Tesla_-_Princeton_169_new/campaign/processed_json/segments/9b1c0b60-a317-4614-b1d3-ac66ae257922/part_3/010538.json,,,0.973896737455057,92.26,83.5526315789474,81.25,83.0470914127424,100,86.29,0.939692379881171,0.939250165278769,
/media/vsi-dev/Lacie_2/mndot_workzone_project/Tesla/campaign_8348ccbe-b6ca-4be8-82ff-b4eba2616879-Tesla_-_Princeton_169_new/campaign/processed_json/segments/9b1c0b60-a317-4614-b1d3-ac66ae257922/part_3/010539.json,,,0.969233234476344,88.43,82.8947368421053,81.25,19.4459833795014,100,76.66,0.959821074610865,0.939484583926322,
/media/vsi-dev/Lacie_2/mndot_workzone_project/Tesla/campaign_8348ccbe-b6ca-4be8-82ff-b4eba2616879-Tesla_-_Princeton_169_new/campaign/processed_json/segments/9b1c0b60-a317-4614-b1d3-ac66ae257922/part_3/010540.json,,,0.978191324262237,88.84,82.8947368421053,81.5789473684211,20.4709141274238,100,76.89,0.956391393152476,0.939371120624351,
/media/vsi-dev/Lacie_2/mndot_workzone_project/Tesla/campaign_8348ccbe-b6ca-4be8-82ff-b4eba2616879-Tesla_-_Princeton_169_new/campaign/processed_json/segments/9b1c0b60-a317-4614-b1d3-ac66ae257922/part_3/010541.json,,,0.975005175298418,88.37,82.8947368421053,80.9210526315789,16.6481994459834,99.0581717451524,75.99,0.95673455357214,0.940650627847968,
/media/vsi-dev/Lacie_2/mndot_workzone_project/Tesla/campaign_8348ccbe-b6ca-4be8-82ff-b4eba2616879-Tesla_-_Princeton_169_new/campaign/processed_json/segments/9b1c0b60-a317-4614-b1d3-ac66ae257922/part_3/010542.json,,,0.972765240307908,88.45,82.8947368421053,81.9078947368421,17.9501385041551,98.4487534626039,76.39,0.957906540452822,0.940039418422073,
/media/vsi-dev/Lacie_2/mndot_workzone_project/Tesla/campaign_8348ccbe-b6ca-4be8-82ff-b4eba2616879-Tesla_-_Princeton_169_new/campaign/processed_json/segments/9b1c0b60-a317-4614-b1d3-ac66ae257922/part_3/010543.json,,,0.980198673306755,88.26,82.8947368421053,81.5789473684211,11.0526315789474,98.5041551246537,75.25,0.954917394585479,0.940264158337272,
/media/vsi-dev/Lacie_2/mndot_workzone_project/Tesla/campaign_8348ccbe-b6ca-4be8-82ff-b4eba2616879-Tesla_-_Princeton_169_new/campaign/processed_json/segments/9b1c0b60-a317-4614-b1d3-ac66ae257922/part_3/010544.json,,,0.985653900195345,92.64,82.8947368421053,81.9078947368421,84.1828254847646,97.1745152354571,86.04,0.938776341834066,0.940776971339208,
/media/vsi-dev/Lacie_2/mndot_workzone_project/Tesla/campaign_8348ccbe-b6ca-4be8-82ff-b4eba2616879-Tesla_-_Princeton_169_new/campaign/processed_json/segments/9b1c0b60-a317-4614-b1d3-ac66ae257922/part_3/010545.json,,,0.982111925534364,92.65,83.8815789473684,79.9342105263158,86.5373961218837,99.7229916897507,86.47,0.937976002554339,0.940045992818343,
/media/vsi-dev/Lacie_2/mndot_workzone_project/Tesla/campaign_8348ccbe-b6ca-4be8-82ff-b4eba2616879-Tesla_-_Princeton_169_new/campaign/processed_json/segments/9b1c0b60-a317-4614-b1d3-ac66ae257922/part_3/010546.json,,,0.983930514272508,89.91,83.5526315789474,81.5789473684211,35.0138504155125,98.4210526315789,79.03,0.955145013947744,0.939343029434347,
/media/vsi-dev/Lacie_2/mndot_workzone_project/Tesla/campaign_8348ccbe-b6ca-4be8-82ff-b4eba2616879-Tesla_-_Princeton_169_new/campaign/processed_json/segments/9b1c0b60-a317-4614-b1d3-ac66ae257922/part_3/010547.json,,,0.990928893001464,92.95,83.5526315789474,80.9210526315789,86.4819944598338,97.3130193905817,86.31,0.939400473134779,0.939738278196947,
/media/vsi-dev/Lacie_2/mndot_workzone_project/Tesla/campaign_8348ccbe-b6ca-4be8-82ff-b4eba2616879-Tesla_-_Princeton_169_new/campaign/processed_json/segments/9b1c0b60-a317-4614-b1d3-ac66ae257922/part_3/010548.json,,,0.981167097577432,88.69,83.8815789473684,81.9078947368421,18.8642659279778,96.01108033241,76.41,0.949712372851209,0.938572084504618,
/media/vsi-dev/Lacie_2/mndot_workzone_project/Tesla/campaign_8348ccbe-b6ca-4be8-82ff-b4eba2616879-Tesla_-_Princeton_169_new/campaign/processed_json/segments/9b1c0b60-a317-4614-b1d3-ac66ae257922/part_3/010549.json,,,0.993409314468916,89.36,82.2368421052632,82.5657894736842,21.994459833795,96.5373961218837,76.69,0.957618821015162,0.936706566649275,
/media/vsi-dev/Lacie_2/mndot_workzone_project/Tesla/campaign_8348ccbe-b6ca-4be8-82ff-b4eba2616879-Tesla_-_Princeton_169_new/campaign/processed_json/segments/9b1c0b60-a317-4614-b1d3-ac66ae257922/part_3/010550.json,,,0.988813044611233,88.91,82.8947368421053,82.5657894736842,21.9113573407202,92.9639889196676,76.29,0.947212624484254,0.937144298746824,
/media/vsi-dev/Lacie_2/mndot_workzone_project/Tesla/campaign_8348ccbe-b6ca-4be8-82ff-b4eba2616879-Tesla_-_Princeton_169_new/campaign/processed_json/segments/9b1c0b60-a317-4614-b1d3-ac66ae257922/part_3/010551.json,,,0.990247863518234,89.11,82.8947368421053,80.5921052631579,18.781163434903,100,76.34,0.957547931660126,0.938757632121133,
/media/vsi-dev/Lacie_2/mndot_workzone_project/Tesla/campaign_8348ccbe-b6ca-4be8-82ff-b4eba2616879-Tesla_-_Princeton_169_new/campaign/processed_json/segments/9b1c0b60-a317-4614-b1d3-ac66ae257922/part_3/010552.json,,,0.990928893001464,89.29,82.5657894736842,80.2631578947369,23.2963988919668,99.3905817174515,76.73,0.956384418040034,0.93947483703927,
/media/vsi-dev/Lacie_2/mndot_workzone_project/Tesla/campaign_8348ccbe-b6ca-4be8-82ff-b4eba2616879-Tesla_-_Princeton_169_new/campaign/processed_json/segments/9b1c0b60-a317-4614-b1d3-ac66ae257922/part_3/010553.json,,,0.984804140218096,88.27,82.2368421052632,79.9342105263158,12.382271468144,100,74.96,0.951461255931389,0.938348983261853,
/media/vsi-dev/Lacie_2/mndot_workzone_project/Tesla/campaign_8348ccbe-b6ca-4be8-82ff-b4eba2616879-Tesla_-_Princeton_169_new/campaign/processed_json/segments/9b1c0b60-a317-4614-b1d3-ac66ae257922/part_3/010554.json,,,0.990928893001464,93.13,82.8947368421053,81.9078947368421,88.9750692520776,97.6454293628809,86.82,0.938696089143116,0.937610980260823,
/media/vsi-dev/Lacie_2/mndot_workzone_project/Tesla/campaign_8348ccbe-b6ca-4be8-82ff-b4eba2616879-Tesla_-_Princeton_169_new/campaign/processed_json/segments/9b1c0b60-a317-4614-b1d3-ac66ae257922/part_3/010555.json,,,0.990247863518234,89.21,82.2368421052632,79.9342105263158,25.595567867036,100,76.91,0.945703805514713,0.938317775026588,
/media/vsi-dev/Lacie_2/mndot_workzone_project/Tesla/campaign_8348ccbe-b6ca-4be8-82ff-b4eba2616879-Tesla_-_Princeton_169_new/campaign/processed_json/segments/9b1c0b60-a317-4614-b1d3-ac66ae257922/part_3/010556.json,,,0.98728157159029,88.39,82.8947368421053,81.5789473684211,9.88919667590028,98.9196675900277,75.09,0.949140309784879,0.936846235196893,
/media/vsi-dev/Lacie_2/mndot_workzone_project/Tesla/campaign_8348ccbe-b6ca-4be8-82ff-b4eba2616879-Tesla_-_Princeton_169_new/campaign/processed_json/segments/9b1c0b60-a317-4614-b1d3-ac66ae257922/part_3/010557.json,,,0.990928893001464,89.42,82.2368421052632,79.6052631578947,27.3684210526316,99.9445983379501,77.12,0.955150916921019,0.937965081088841,
/media/vsi-dev/Lacie_2/mndot_workzone_project/Tesla/campaign_8348ccbe-b6ca-4be8-82ff-b4eba2616879-Tesla_-_Princeton_169_new/campaign/processed_json/segments/9b1c0b60-a317-4614-b1d3-ac66ae257922/part_3/010558.json,,,0.985653900195345,88.81,82.2368421052632,79.2763157894737,22.9639889196676,100,76.33,0.94729924366437,0.938022607121391,
/media/vsi-dev/Lacie_2/mndot_workzone_project/Tesla/campaign_8348ccbe-b6ca-4be8-82ff-b4eba2616879-Tesla_-_Princeton_169_new/campaign/processed_json/segments/9b1c0b60-a317-4614-b1d3-ac66ae257922/part_3/010559.json,,,0.98728157159029,89.24,82.8947368421053,78.9473684210526,29.4736842105263,99.1412742382272,77.27,0.945768792035405,0.938559581924514,
/media/vsi-dev/Lacie_2/mndot_workzone_project/Tesla/campaign_8348ccbe-b6ca-4be8-82ff-b4eba2616879-Tesla_-_Princeton_169_new/campaign/processed_json/segments/9b1c0b60-a317-4614-b1d3-ac66ae257922/part_3/010560.json,,,0.98728157159029,88.59,82.8947368421053,78.2894736842105,18.1163434903047,99.9445983379501,75.51,0.951416758338364,0.93805173090058,
/media/vsi-dev/Lacie_2/mndot_workzone_project/Tesla/campaign_8348ccbe-b6ca-4be8-82ff-b4eba2616879-Tesla_-_Princeton_169_new/campaign/processed_json/segments/9b1c0b60-a317-4614-b1d3-ac66ae257922/part_3/010561.json,,,0.985653900195345,88.87,82.5657894736842,79.9342105263158,22.9085872576177,98.5595567867036,76.41,0.950273891346577,0.937648841360363,
/media/vsi-dev/Lacie_2/mndot_workzone_project/Tesla/campaign_8348ccbe-b6ca-4be8-82ff-b4eba2616879-Tesla_-_Princeton_169_new/campaign/processed_json/segments/9b1c0b60-a317-4614-b1d3-ac66ae257922/part_3/010562.json,,,0.988059362042712,89.13,82.2368421052632,79.2763157894737,28.4210526315789,98.0609418282548,76.86,0.948503753513945,0.937541737043504,
/media/vsi-dev/Lacie_2/mndot_workzone_project/Tesla/campaign_8348ccbe-b6ca-4be8-82ff-b4eba2616879-Tesla_-_Princeton_169_new/campaign/processed_json/segments/9b1c0b60-a317-4614-b1d3-ac66ae257922/part_3/010563.json,,,0.984804140218096,89.08,82.2368421052632,78.9473684210526,27.590027700831,99.0858725761773,76.83,0.958500415661805,0.936634584079938,
/media/vsi-dev/Lacie_2/mndot_workzone_project/Tesla/campaign_8348ccbe-b6ca-4be8-82ff-b4eba2616879-Tesla_-_Princeton_169_new/campaign/processed_json/segments/9b1c0b60-a317-4614-b1d3-ac66ae257922/part_3/010564.json,,,0.988059362042712,88.86,82.2368421052632,79.9342105263158,20.9695290858726,98.3379501385042,76.01,0.957614992557905,0.93561742411354,
/media/vsi-dev/Lacie_2/mndot_workzone_project/Tesla/campaign_8348ccbe-b6ca-4be8-82ff-b4eba2616879-Tesla_-_Princeton_169_new/campaign/processed_json/segments/9b1c0b60-a317-4614-b1d3-ac66ae257922/part_3/010565.json,,,0.98728157159029,88.99,81.5789473684211,78.9473684210526,26.2049861495845,99.0027700831025,76.41,0.958157116335251,0.935235100328411,
/media/vsi-dev/Lacie_2/mndot_workzone_project/Tesla/campaign_8348ccbe-b6ca-4be8-82ff-b4eba2616879-Tesla_-_Princeton_169_new/campaign/processed_json/segments/9b1c0b60-a317-4614-b1d3-ac66ae257922/part_3/010566.json,,,0.984804140218096,88.51,80.9210526315789,79.2763157894737,19.5567867036011,99.7506925207756,75.43,0.960201166057039,0.934739479829956,
/media/vsi-dev/Lacie_2/mndot_workzone_project/Tesla/campaign_8348ccbe-b6ca-4be8-82ff-b4eba2616879-Tesla_-_Princeton_169_new/campaign/processed_json/segments/9b1c0b60-a317-4614-b1d3-ac66ae257922/part_3/010567.json,,,0.983930514272508,88.96,81.5789473684211,78.9473684210526,29.0858725761773,98.1163434903047,76.7,0.95730525470238,0.935346913126134,
/media/vsi-dev/Lacie_2/mndot_workzone_project/Tesla/campaign_8348ccbe-b6ca-4be8-82ff-b4eba2616879-Tesla_-_Princeton_169_new/campaign/processed_json/segments/9b1c0b60-a317-4614-b1d3-ac66ae257922/part_3/010568.json,,,0.97715254792786,88.25,82.2368421052632,78.6184210526316,20.5263157894737,98.5041551246537,75.58,0.957465689628907,0.935333867096089,
/media/vsi-dev/Lacie_2/mndot_workzone_project/Tesla/campaign_8348ccbe-b6ca-4be8-82ff-b4eba2616879-Tesla_-_Princeton_169_new/campaign/processed_json/segments/9b1c0b60-a317-4614-b1d3-ac66ae257922/part_3/010569.json,,,0.981167097577432,92.44,82.2368421052632,78.2894736842105,92.6592797783934,97.8393351800554,86.11,0.938977732146702,0.935698702052263,
/media/vsi-dev/Lacie_2/mndot_workzone_project/Tesla/campaign_8348ccbe-b6ca-4be8-82ff-b4eba2616879-Tesla_-_Princeton_169_new/campaign/processed_json/segments/9b1c0b60-a317-4614-b1d3-ac66ae257922/part_3/010570.json,,,0.972765240307908,88,81.5789473684211,78.2894736842105,22.6869806094183,98.393351800554,75.56,0.95149643836871,0.935157442919554,
/media/vsi-dev/Lacie_2/mndot_workzone_project/Tesla/campaign_8348ccbe-b6ca-4be8-82ff-b4eba2616879-Tesla_-_Princeton_169_new/campaign/processed_json/segments/9b1c0b60-a317-4614-b1d3-ac66ae257922/part_3/010571.json,,,0.969220734554469,87.6,81.5789473684211,77.9605263157895,19.3628808864266,97.8947368421053,74.89,0.952342101095555,0.935381232791375,
/media/vsi-dev/Lacie_2/mndot_workzone_project/Tesla/campaign_8348ccbe-b6ca-4be8-82ff-b4eba2616879-Tesla_-_Princeton_169_new/campaign/processed_json/segments/9b1c0b60-a317-4614-b1d3-ac66ae257922/part_3/010572.json,,,0.975005175298418,87.89,81.5789473684211,77.9605263157895,21.3850415512465,96.814404432133,75.03,0.952033918221975,0.936217870175864,
/media/vsi-dev/Lacie_2/mndot_workzone_project/Tesla/campaign_8348ccbe-b6ca-4be8-82ff-b4eba2616879-Tesla_-_Princeton_169_new/campaign/processed_json/segments/9b1c0b60-a317-4614-b1d3-ac66ae257922/part_3/010573.json,,,0.97715254792786,92.05,81.5789473684211,77.6315789473684,90.1662049861496,99.6952908587258,85.6,0.937807266227916,0.934530299639873,
/media/vsi-dev/Lacie_2/mndot_workzone_project/Tesla/campaign_8348ccbe-b6ca-4be8-82ff-b4eba2616879-Tesla_-_Princeton_169_new/campaign/processed_json/segments/9b1c0b60-a317-4614-b1d3-ac66ae257922/part_3/010574.json,,,0.970433403055154,87.83,81.5789473684211,77.3026315789474,23.6288088642659,98.1163434903047,75.36,0.95104822326909,0.935450476276285,
/media/vsi-dev/Lacie_2/mndot_workzone_project/Tesla/campaign_8348ccbe-b6ca-4be8-82ff-b4eba2616879-Tesla_-_Princeton_169_new/campaign/processed_json/segments/9b1c0b60-a317-4614-b1d3-ac66ae257922/part_3/010575.json,,,0.973896737455057,91.76,81.5789473684211,77.6315789473684,88.808864265928,98.1440443213296,85.17,0.938307777606894,0.934926232930271,
/media/vsi-dev/Lacie_2/mndot_workzone_project/Tesla/campaign_8348ccbe-b6ca-4be8-82ff-b4eba2616879-Tesla_-_Princeton_169_new/campaign/processed_json/segments/9b1c0b60-a317-4614-b1d3-ac66ae257922/part_3/010576.json,,,0.969033254475011,87.42,81.5789473684211,78.9473684210526,19.196675900277,94.6537396121884,74.64,0.944637053502166,0.935633383424209,
/media/vsi-dev/Lacie_2/mndot_workzone_project/Tesla/campaign_8348ccbe-b6ca-4be8-82ff-b4eba2616879-Tesla_-_Princeton_169_new/campaign/processed_json/segments/9b1c0b60-a317-4614-b1d3-ac66ae257922/part_3/010577.json,,,0.975005175298418,91.14,81.5789473684211,77.6315789473684,80.2493074792244,95.7063711911357,83.52,0.937930898526551,0.935271200492309,
/media/vsi-dev/Lacie_2/mndot_workzone_project/Tesla/campaign_8348ccbe-b6ca-4be8-82ff-b4eba2616879-Tesla_-_Princeton_169_new/campaign/processed_json/segments/9b1c0b60-a317-4614-b1d3-ac66ae257922/part_3/010578.json,,,0.972765240307908,87.23,81.5789473684211,77.3026315789474,14.5152354570637,95.7340720221607,73.64,0.951802551054499,0.93482978390513,
/media/vsi-dev/Lacie_2/mndot_workzone_project/Tesla/campaign_8348ccbe-b6ca-4be8-82ff-b4eba2616879-Tesla_-_Princeton_169_new/campaign/processed_json/segments/9b1c0b60-a317-4614-b1d3-ac66ae257922/part_3/010579.json,,,0.983930514272508,92.23,81.5789473684211,77.9605263157895,89.3074792243767,98.0886426592798,85.34,0.93957022462898,0.934518134138876,
/media/vsi-dev/Lacie_2/mndot_workzone_project/Tesla/campaign_8348ccbe-b6ca-4be8-82ff-b4eba2616879-Tesla_-_Princeton_169_new/campaign/processed_json/segments/9b1c0b60-a317-4614-b1d3-ac66ae257922/part_3/010580.json,,,0.97715254792786,88.34,82.8947368421053,76.9736842105263,27.8116343490305,97.6177285318559,76.17,0.943768109489554,0.935258529669171,
/media/vsi-dev/Lacie_2/mndot_workzone_project/Tesla/campaign_8348ccbe-b6ca-4be8-82ff-b4eba2616879-Tesla_-_Princeton_169_new/campaign/processed_json/segments/9b1c0b60-a317-4614-b1d3-ac66ae257922/part_3/010581.json,,,0.982111925534364,92.25,82.2368421052632,77.3026315789474,91.4681440443213,96.9529085872576,85.51,0.940321940245552,0.935921532638408,
/media/vsi-dev/Lacie_2/mndot_workzone_project/Tesla/campaign_8348ccbe-b6ca-4be8-82ff-b4eba2616879-Tesla_-_Princeton_169_new/campaign/processed_json/segments/9b1c0b60-a317-4614-b1d3-ac66ae257922/part_3/010582.json,,,0.978191324262237,91.7,81.25,78.9473684210526,89.3905817174515,90.9141274238227,84.49,0.941294343176704,0.935991435105224,
/media/vsi-dev/Lacie_2/mndot_workzone_project/Tesla/campaign_8348ccbe-b6ca-4be8-82ff-b4eba2616879-Tesla_-_Princeton_169_new/campaign/processed_json/segments/9b1c0b60-a317-4614-b1d3-ac66ae257922/part_3/010583.json,,,0.978191324262237,87.9,81.25,77.3026315789474,23.0747922437673,95.2354570637119,74.75,0.951505496680615,0.936014931838059,
/media/vsi-dev/Lacie_2/mndot_workzone_project/Tesla/campaign_8348ccbe-b6ca-4be8-82ff-b4eba2616879-Tesla_-_Princeton_169_new/campaign/processed_json/segments/9b1c0b60-a317-4614-b1d3-ac66ae257922/part_3/010584.json,,,0.975005175298418,87.64,81.25,76.9736842105263,22.5761772853186,93.9335180055402,74.39,0.952199139713749,0.936612019707627,
/media/vsi-dev/Lacie_2/mndot_workzone_project/Tesla/campaign_8348ccbe-b6ca-4be8-82ff-b4eba2616879-Tesla_-_Princeton_169_new/campaign/processed_json/segments/9b1c0b60-a317-4614-b1d3-ac66ae257922/part_3/010585.json,,,0.985653900195345,92.15,83.8815789473684,77.3026315789474,89.1412742382271,94.1828254847646,85.18,0.928624858837052,0.936443561093239,
/media/vsi-dev/Lacie_2/mndot_workzone_project/Tesla/campaign_8348ccbe-b6ca-4be8-82ff-b4eba2616879-Tesla_-_Princeton_169_new/campaign/processed_json/segments/9b1c0b60-a317-4614-b1d3-ac66ae257922/part_3/010586.json,,,0.985653900195345,92.32,83.8815789473684,77.6315789473684,90.1662049861496,95.3185595567867,85.6,0.929292402209528,0.936070956218435,
/media/vsi-dev/Lacie_2/mndot_workzone_project/Tesla/campaign_8348ccbe-b6ca-4be8-82ff-b4eba2616879-Tesla_-_Princeton_169_new/campaign/processed_json/segments/9b1c0b60-a317-4614-b1d3-ac66ae257922/part_3/010587.json,,,0.982111925534364,88.32,80.5921052631579,78.9473684210526,25.4016620498615,95.0415512465374,75.37,0.95320939364646,0.935383487464747,
/media/vsi-dev/Lacie_2/mndot_workzone_project/Tesla/campaign_8348ccbe-b6ca-4be8-82ff-b4eba2616879-Tesla_-_Princeton_169_new/campaign/processed_json/segments/9b1c0b60-a317-4614-b1d3-ac66ae257922/part_3/010588.json,,,0.985653900195345,88.04,80.9210526315789,78.2894736842105,20.2216066481994,93.5734072022161,74.28,0.953857192919527,0.935942159752014,
/media/vsi-dev/Lacie_2/mndot_workzone_project/Tesla/campaign_8348ccbe-b6ca-4be8-82ff-b4eba2616879-Tesla_-_Princeton_169_new/campaign/processed_json/segments/9b1c0b60-a317-4614-b1d3-ac66ae257922/part_3/010589.json,,,0.993409314468916,92.65,81.25,78.2894736842105,90.7202216066482,97.2576177285319,85.43,0.939435336813494,0.934700102067217,
/media/vsi-dev/Lacie_2/mndot_workzone_project/Tesla/campaign_8348ccbe-b6ca-4be8-82ff-b4eba2616879-Tesla_-_Princeton_169_new/campaign/processed_json/segments/9b1c0b60-a317-4614-b1d3-ac66ae257922/part_3/010590.json,,,0.99158560090355,92.73,80.9210526315789,78.2894736842105,92.797783933518,98.4487534626039,85.82,0.939528874812724,0.934787408063906,
/media/vsi-dev/Lacie_2/mndot_workzone_project/Tesla/campaign_8348ccbe-b6ca-4be8-82ff-b4eba2616879-Tesla_-_Princeton_169_new/campaign/processed_json/segments/9b1c0b60-a317-4614-b1d3-ac66ae257922/part_3/010591.json,,,0.990247863518234,89.25,81.5789473684211,78.9473684210526,30.5817174515235,98.6426592797784,76.97,0.950505709664094,0.934987181430743,
/media/vsi-dev/Lacie_2/mndot_workzone_project/Tesla/campaign_8348ccbe-b6ca-4be8-82ff-b4eba2616879-Tesla_-_Princeton_169_new/campaign/processed_json/segments/9b1c0b60-a317-4614-b1d3-ac66ae257922/part_3/010592.json,,,0.994502665947899,93.03,81.5789473684211,78.6184210526316,92.1329639889197,100,86.25,0.940417483383354,0.934097287521331,
/media/vsi-dev/Lacie_2/mndot_workzone_project/Tesla/campaign_8348ccbe-b6ca-4be8-82ff-b4eba2616879-Tesla_-_Princeton_169_new/campaign/processed_json/segments/9b1c0b60-a317-4614-b1d3-ac66ae257922/part_3/010593.json,,,0.990247863518234,89,82.8947368421053,77.9605263157895,25.0138504155125,98.5872576177285,76.24,0.954057547062138,0.935345648674396,
/media/vsi-dev/Lacie_2/mndot_workzone_project/Tesla/campaign_8348ccbe-b6ca-4be8-82ff-b4eba2616879-Tesla_-_Princeton_169_new/campaign/processed_json/segments/9b1c0b60-a317-4614-b1d3-ac66ae257922/part_3/010594.json,,,0.992825857903813,88.85,81.9078947368421,76.6447368421053,24.2105263157895,100,75.64,0.953592066454591,0.934765445528355,
/media/vsi-dev/Lacie_2/mndot_workzone_project/Tesla/campaign_8348ccbe-b6ca-4be8-82ff-b4eba2616879-Tesla_-_Princeton_169_new/campaign/processed_json/segments/9b1c0b60-a317-4614-b1d3-ac66ae257922/part_3/010595.json,,,0.984804140218096,88.92,83.8815789473684,78.2894736842105,26.0941828254848,99.2797783933518,76.85,0.944180453012107,0.934618765551369,
/media/vsi-dev/Lacie_2/mndot_workzone_project/Tesla/campaign_8348ccbe-b6ca-4be8-82ff-b4eba2616879-Tesla_-_Princeton_169_new/campaign/processed_json/segments/9b1c0b60-a317-4614-b1d3-ac66ae257922/part_3/010596.json,,,0.99158560090355,92.98,83.8815789473684,78.9473684210526,91.606648199446,99.9722991689751,86.87,0.922071702702362,0.934462947002361,
/media/vsi-dev/Lacie_2/mndot_workzone_project/Tesla/campaign_8348ccbe-b6ca-4be8-82ff-b4eba2616879-Tesla_-_Princeton_169_new/campaign/processed_json/segments/9b1c0b60-a317-4614-b1d3-ac66ae257922/part_3/010597.json,,,0.990928893001464,92.66,80.2631578947369,78.9473684210526,90.7756232686981,100,85.74,0.939364795933067,0.933431866251478,
/media/vsi-dev/Lacie_2/mndot_workzone_project/Tesla/campaign_8348ccbe-b6ca-4be8-82ff-b4eba2616879-Tesla_-_Princeton_169_new/campaign/processed_json/segments/9b1c0b60-a317-4614-b1d3-ac66ae257922/part_3/010598.json,,,0.988059362042712,88.72,80.9210526315789,75.6578947368421,30.6925207756233,100,75.98,0.946693121355748,0.933466541496424,
/media/vsi-dev/Lacie_2/mndot_workzone_project/Tesla/campaign_8348ccbe-b6ca-4be8-82ff-b4eba2616879-Tesla_-_Princeton_169_new/campaign/processed_json/segments/9b1c0b60-a317-4614-b1d3-ac66ae257922/part_3/010599.json,,,0.983930514272508,89.01,81.5789473684211,78.2894736842105,32.6592797783934,100,77.24,0.942747568492746,0.932659959070976,
/media/vsi-dev/Lacie_2/mndot_workzone_project/Tesla/campaign_8348ccbe-b6ca-4be8-82ff-b4eba2616879-Tesla_-_Princeton_169_new/campaign/processed_json/segments/9b1c0b60-a317-4614-b1d3-ac66ae257922/part_3/010600.json,,,0.988059362042712,92.29,82.8947368421053,78.2894736842105,88.5595567867036,100,85.85,0.909837217018066,0.932673881559612,
/media/vsi-dev/Lacie_2/mndot_workzone_project/Tesla/campaign_8348ccbe-b6ca-4be8-82ff-b4eba2616879-Tesla_-_Princeton_169_new/campaign/processed_json/segments/9b1c0b60-a317-4614-b1d3-ac66ae257922/part_3/010601.json,,,0.969220734554469,87.77,82.2368421052632,77.9605263157895,20.3324099722992,100,75.51,0.950144815308315,0.929920645123014,
/media/vsi-dev/Lacie_2/mndot_workzone_project/Tesla/campaign_8348ccbe-b6ca-4be8-82ff-b4eba2616879-Tesla_-_Princeton_169_new/campaign/processed_json/segments/9b1c0b60-a317-4614-b1d3-ac66ae257922/part_3/010602.json,,,0.968920783299383,87.53,82.2368421052632,78.9473684210526,19.4459833795014,95.2631578947368,74.96,0.951075992716185,0.928115487467036,
/media/vsi-dev/Lacie_2/mndot_workzone_project/Tesla/campaign_8348ccbe-b6ca-4be8-82ff-b4eba2616879-Tesla_-_Princeton_169_new/campaign/processed_json/segments/9b1c0b60-a317-4614-b1d3-ac66ae257922/part_3/010603.json,,,0.972765240307908,91.79,82.5657894736842,78.2894736842105,86.5927977839335,100,85.57,0.937507428164097,0.9274384604215,
/media/vsi-dev/Lacie_2/mndot_workzone_project/Tesla/campaign_8348ccbe-b6ca-4be8-82ff-b4eba2616879-Tesla_-_Princeton_169_new/campaign/processed_json/segments/9b1c0b60-a317-4614-b1d3-ac66ae257922/part_3/010604.json,,,0.968433554391028,84.98,82.2368421052632,71.3815789473684,85.5678670360111,0,68.37,0.937058854818004,0.951987689002473,
/media/vsi-dev/Lacie_2/mndot_workzone_project/Tesla/campaign_8348ccbe-b6ca-4be8-82ff-b4eba2616879-Tesla_-_Princeton_169_new/campaign/processed_json/segments/9b1c0b60-a317-4614-b1d3-ac66ae257922/part_3/010605.json,,,0.985653900195345,92.21,81.5789473684211,76.9736842105263,88.2825484764543,100,85.17,0.938431682737125,0.933016300023401,
/media/vsi-dev/Lacie_2/mndot_workzone_project/Tesla/campaign_8348ccbe-b6ca-4be8-82ff-b4eba2616879-Tesla_-_Princeton_169_new/campaign/processed_json/segments/9b1c0b60-a317-4614-b1d3-ac66ae257922/part_3/010606.json,,,0.968221246881518,81.25,81.5789473684211,68.75,27.590027700831,0,58.75,0.948080778790804,0.954462577498241,
/media/vsi-dev/Lacie_2/mndot_workzone_project/Tesla/campaign_8348ccbe-b6ca-4be8-82ff-b4eba2616879-Tesla_-_Princeton_169_new/campaign/processed_json/segments/9b1c0b60-a317-4614-b1d3-ac66ae257922/part_3/010607.json,,,0.969120740804232,85.05,81.9078947368421,69.7368421052632,89.0304709141274,0,68.32,0.937208808499155,0.958153077883276,
/media/vsi-dev/Lacie_2/mndot_workzone_project/Tesla/campaign_8348ccbe-b6ca-4be8-82ff-b4eba2616879-Tesla_-_Princeton_169_new/campaign/processed_json/segments/9b1c0b60-a317-4614-b1d3-ac66ae257922/part_3/010608.json,,,0.962059092380158,81.22,81.5789473684211,71.0526315789474,25.4847645429363,0.110803324099723,59.16,0.949976060225472,0.957039181228032,
/media/vsi-dev/Lacie_2/mndot_workzone_project/Tesla/campaign_8348ccbe-b6ca-4be8-82ff-b4eba2616879-Tesla_-_Princeton_169_new/campaign/processed_json/segments/9b1c0b60-a317-4614-b1d3-ac66ae257922/part_3/010609.json,,,0.97715254792786,87.68,81.5789473684211,77.6315789473684,19.8891966759003,95.7340720221607,74.5,0.942894268482415,0.936508211751516,
/media/vsi-dev/Lacie_2/mndot_workzone_project/Tesla/campaign_8348ccbe-b6ca-4be8-82ff-b4eba2616879-Tesla_-_Princeton_169_new/campaign/processed_json/segments/9b1c0b60-a317-4614-b1d3-ac66ae257922/part_3/010610.json,,,0.970433403055154,88.12,81.5789473684211,77.9605263157895,26.2603878116343,100,76.21,0.947752388811935,0.933961029733757,
/media/vsi-dev/Lacie_2/mndot_workzone_project/Tesla/campaign_8348ccbe-b6ca-4be8-82ff-b4eba2616879-Tesla_-_Princeton_169_new/campaign/processed_json/segments/9b1c0b60-a317-4614-b1d3-ac66ae257922/part_3/010611.json,,,0.972765240307908,88.73,81.5789473684211,78.9473684210526,32.9916897506925,100,77.51,0.948930811247155,0.93239399453489,
/media/vsi-dev/Lacie_2/mndot_workzone_project/Tesla/campaign_8348ccbe-b6ca-4be8-82ff-b4eba2616879-Tesla_-_Princeton_169_new/campaign/processed_json/segments/9b1c0b60-a317-4614-b1d3-ac66ae257922/part_3/010612.json,,,0.972765240307908,91.24,81.5789473684211,78.6184210526316,84.5429362880886,93.8504155124654,84.15,0.93706441271922,0.929559658217146,
/media/vsi-dev/Lacie_2/mndot_workzone_project/Tesla/campaign_8348ccbe-b6ca-4be8-82ff-b4eba2616879-Tesla_-_Princeton_169_new/campaign/processed_json/segments/9b1c0b60-a317-4614-b1d3-ac66ae257922/part_3/010613.json,,,0.973896737455057,88.22,81.5789473684211,77.6315789473684,27.8393351800554,97.9224376731302,76.05,0.949168545506811,0.935587143590688,
/media/vsi-dev/Lacie_2/mndot_workzone_project/Tesla/campaign_8348ccbe-b6ca-4be8-82ff-b4eba2616879-Tesla_-_Princeton_169_new/campaign/processed_json/segments/9b1c0b60-a317-4614-b1d3-ac66ae257922/part_3/010614.json,,,0.984804140218096,88.74,81.5789473684211,78.6184210526316,28.0609418282548,96.6759002770083,76.2,0.950093621400928,0.936946179388309,
/media/vsi-dev/Lacie_2/mndot_workzone_project/Tesla/campaign_8348ccbe-b6ca-4be8-82ff-b4eba2616879-Tesla_-_Princeton_169_new/campaign/processed_json/segments/9b1c0b60-a317-4614-b1d3-ac66ae257922/part_3/010615.json,,,0.980198673306755,88.33,80.9210526315789,78.6184210526316,24.4875346260388,99.1689750692521,75.81,0.943668843597068,0.935831902998992,
/media/vsi-dev/Lacie_2/mndot_workzone_project/Tesla/campaign_8348ccbe-b6ca-4be8-82ff-b4eba2616879-Tesla_-_Princeton_169_new/campaign/processed_json/segments/9b1c0b60-a317-4614-b1d3-ac66ae257922/part_3/010616.json,,,0.985653900195345,92.19,80.9210526315789,78.9473684210526,85.5678670360111,99.0027700831025,85.02,0.939491937952201,0.93597338897515,
/media/vsi-dev/Lacie_2/mndot_workzone_project/Tesla/campaign_8348ccbe-b6ca-4be8-82ff-b4eba2616879-Tesla_-_Princeton_169_new/campaign/processed_json/segments/9b1c0b60-a317-4614-b1d3-ac66ae257922/part_3/010617.json,,,0.983930514272508,88.46,81.5789473684211,78.9473684210526,24.8476454293629,96.0387811634349,75.7,0.945641162174653,0.937088454686467,
/media/vsi-dev/Lacie_2/mndot_workzone_project/Tesla/campaign_8348ccbe-b6ca-4be8-82ff-b4eba2616879-Tesla_-_Princeton_169_new/campaign/processed_json/segments/9b1c0b60-a317-4614-b1d3-ac66ae257922/part_3/010618.json,,,0.99158560090355,92.37,80.9210526315789,77.6315789473684,87.5623268698061,98.1440443213296,84.81,0.940353263980069,0.937714914946585,
/media/vsi-dev/Lacie_2/mndot_workzone_project/Tesla/campaign_8348ccbe-b6ca-4be8-82ff-b4eba2616879-Tesla_-_Princeton_169_new/campaign/processed_json/segments/9b1c0b60-a317-4614-b1d3-ac66ae257922/part_3/010619.json,,,0.992825857903813,92.72,81.5789473684211,77.6315789473684,89.9445983379501,100,85.63,0.939373647676459,0.936537822800782,
/media/vsi-dev/Lacie_2/mndot_workzone_project/Tesla/campaign_8348ccbe-b6ca-4be8-82ff-b4eba2616879-Tesla_-_Princeton_169_new/campaign/processed_json/segments/9b1c0b60-a317-4614-b1d3-ac66ae257922/part_3/010620.json,,,0.990247863518234,88.89,80.9210526315789,78.6184210526316,24.7091412742382,100,76.01,0.951448704693129,0.93611587775454,
/media/vsi-dev/Lacie_2/mndot_workzone_project/Tesla/campaign_8348ccbe-b6ca-4be8-82ff-b4eba2616879-Tesla_-_Princeton_169_new/campaign/processed_json/segments/9b1c0b60-a317-4614-b1d3-ac66ae257922/part_3/010621.json,,,0.994502665947899,92.85,81.5789473684211,78.2894736842105,89.4736842105263,100,85.76,0.939727151737462,0.936809860845031,
/media/vsi-dev/Lacie_2/mndot_workzone_project/Tesla/campaign_8348ccbe-b6ca-4be8-82ff-b4eba2616879-Tesla_-_Princeton_169_new/campaign/processed_json/segments/9b1c0b60-a317-4614-b1d3-ac66ae257922/part_3/010622.json,,,0.997191451372845,93.04,84.2105263157895,79.6052631578947,88.393351800554,100,86.65,0.911593273373271,0.938126140399035,
/media/vsi-dev/Lacie_2/mndot_workzone_project/Tesla/campaign_8348ccbe-b6ca-4be8-82ff-b4eba2616879-Tesla_-_Princeton_169_new/campaign/processed_json/segments/9b1c0b60-a317-4614-b1d3-ac66ae257922/part_3/010623.json,,,0.997191451372845,93.18,82.2368421052632,79.6052631578947,89.3628808864266,100,86.34,0.938717006181611,0.93700338239451,
/media/vsi-dev/Lacie_2/mndot_workzone_project/Tesla/campaign_8348ccbe-b6ca-4be8-82ff-b4eba2616879-Tesla_-_Princeton_169_new/campaign/processed_json/segments/9b1c0b60-a317-4614-b1d3-ac66ae257922/part_3/010624.json,,,0.995012479192682,92.96,81.5789473684211,79.2763157894737,89.2243767313019,100,86.02,0.939405991580569,0.9359162276866,
/media/vsi-dev/Lacie_2/mndot_workzone_project/Tesla/campaign_8348ccbe-b6ca-4be8-82ff-b4eba2616879-Tesla_-_Princeton_169_new/campaign/processed_json/segments/9b1c0b60-a317-4614-b1d3-ac66ae257922/part_3/010625.json,,,0.996805114543033,92.69,80.2631578947369,77.3026315789474,89.7783933518006,100,85.12,0.940537364790207,0.936322091164849,
/media/vsi-dev/Lacie_2/mndot_workzone_project/Tesla/campaign_8348ccbe-b6ca-4be8-82ff-b4eba2616879-Tesla_-_Princeton_169_new/campaign/processed_json/segments/9b1c0b60-a317-4614-b1d3-ac66ae257922/part_3/010626.json,,,0.995012479192682,92.66,80.2631578947369,78.6184210526316,87.6454293628809,100,85.2,0.940995329205956,0.937269187071442,
/media/vsi-dev/Lacie_2/mndot_workzone_project/Tesla/campaign_8348ccbe-b6ca-4be8-82ff-b4eba2616879-Tesla_-_Princeton_169_new/campaign/processed_json/segments/9b1c0b60-a317-4614-b1d3-ac66ae257922/part_3/010627.json,,,0.993409314468916,89.77,82.8947368421053,79.6052631578947,31.5235457063712,100,77.91,0.950075018549655,0.936761243554846,
/media/vsi-dev/Lacie_2/mndot_workzone_project/Tesla/campaign_8348ccbe-b6ca-4be8-82ff-b4eba2616879-Tesla_-_Princeton_169_new/campaign/processed_json/segments/9b1c0b60-a317-4614-b1d3-ac66ae257922/part_3/010628.json,,,0.992825857903813,89.43,82.8947368421053,79.6052631578947,26.0664819944598,100,77.1,0.950755742061057,0.937067994806844,
/media/vsi-dev/Lacie_2/mndot_workzone_project/Tesla/campaign_8348ccbe-b6ca-4be8-82ff-b4eba2616879-Tesla_-_Princeton_169_new/campaign/processed_json/segments/9b1c0b60-a317-4614-b1d3-ac66ae257922/part_3/010629.json,,,0.99158560090355,89.56,81.9078947368421,80.2631578947369,30.8587257617729,100,77.69,0.945662737806415,0.936058292603798,
/media/vsi-dev/Lacie_2/mndot_workzone_project/Tesla/campaign_8348ccbe-b6ca-4be8-82ff-b4eba2616879-Tesla_-_Princeton_169_new/campaign/processed_json/segments/9b1c0b60-a317-4614-b1d3-ac66ae257922/part_3/010630.json,,,0.990928893001464,89.18,80.9210526315789,80.2631578947369,24.8753462603878,100,76.55,0.956334054060025,0.936320370070201,
/media/vsi-dev/Lacie_2/mndot_workzone_project/Tesla/campaign_8348ccbe-b6ca-4be8-82ff-b4eba2616879-Tesla_-_Princeton_169_new/campaign/processed_json/segments/9b1c0b60-a317-4614-b1d3-ac66ae257922/part_3/010631.json,,,0.99158560090355,88.95,81.5789473684211,79.6052631578947,20.3047091412742,100,75.87,0.956365334089622,0.937003995026851,
/media/vsi-dev/Lacie_2/mndot_workzone_project/Tesla/campaign_8348ccbe-b6ca-4be8-82ff-b4eba2616879-Tesla_-_Princeton_169_new/campaign/processed_json/segments/9b1c0b60-a317-4614-b1d3-ac66ae257922/part_3/010632.json,,,0.990247863518234,92.95,83.8815789473684,79.6052631578947,89.9168975069252,100,86.84,0.923208250919813,0.93710835060781,
/media/vsi-dev/Lacie_2/mndot_workzone_project/Tesla/campaign_8348ccbe-b6ca-4be8-82ff-b4eba2616879-Tesla_-_Princeton_169_new/campaign/processed_json/segments/9b1c0b60-a317-4614-b1d3-ac66ae257922/part_3/010633.json,,,0.981167097577432,88.4,83.8815789473684,80.2631578947369,12.9085872576177,100,75.63,0.953699683900537,0.936395182790411,
/media/vsi-dev/Lacie_2/mndot_workzone_project/Tesla/campaign_8348ccbe-b6ca-4be8-82ff-b4eba2616879-Tesla_-_Princeton_169_new/campaign/processed_json/segments/9b1c0b60-a317-4614-b1d3-ac66ae257922/part_3/010634.json,,,0.988059362042712,89.32,82.2368421052632,79.6052631578947,29.3628808864266,100,77.38,0.957292063072447,0.927390348028937,
/media/vsi-dev/Lacie_2/mndot_workzone_project/Tesla/campaign_8348ccbe-b6ca-4be8-82ff-b4eba2616879-Tesla_-_Princeton_169_new/campaign/processed_json/segments/9b1c0b60-a317-4614-b1d3-ac66ae257922/part_3/010635.json,,,0.988813044611233,89.28,82.2368421052632,80.2631578947369,28.808864265928,100,77.45,0.949775733260957,0.925287974805589,
/media/vsi-dev/Lacie_2/mndot_workzone_project/Tesla/campaign_8348ccbe-b6ca-4be8-82ff-b4eba2616879-Tesla_-_Princeton_169_new/campaign/processed_json/segments/9b1c0b60-a317-4614-b1d3-ac66ae257922/part_3/010636.json,,,0.990928893001464,89.35,82.2368421052632,80.2631578947369,24.9030470914127,100,76.95,0.957049054017669,0.936475908634031,
/media/vsi-dev/Lacie_2/mndot_workzone_project/Tesla/campaign_8348ccbe-b6ca-4be8-82ff-b4eba2616879-Tesla_-_Princeton_169_new/campaign/processed_json/segments/9b1c0b60-a317-4614-b1d3-ac66ae257922/part_3/010637.json,,,0.992825857903813,92.84,80.9210526315789,80.9210526315789,86.2049861495845,100,85.87,0.941665109650733,0.935744812279788,
/media/vsi-dev/Lacie_2/mndot_workzone_project/Tesla/campaign_8348ccbe-b6ca-4be8-82ff-b4eba2616879-Tesla_-_Princeton_169_new/campaign/processed_json/segments/9b1c0b60-a317-4614-b1d3-ac66ae257922/part_3/010638.json,,,0.988059362042712,87.77,81.5789473684211,78.6184210526316,3.37950138504155,100,73.07,0.964897312019963,0.93673926464048,
/media/vsi-dev/Lacie_2/mndot_workzone_project/Tesla/campaign_8348ccbe-b6ca-4be8-82ff-b4eba2616879-Tesla_-_Princeton_169_new/campaign/processed_json/segments/9b1c0b60-a317-4614-b1d3-ac66ae257922/part_3/010639.json,,,0.98728157159029,89.02,81.5789473684211,80.2631578947369,24.2659279778393,100,76.63,0.950292348839037,0.937600471125396,
/media/vsi-dev/Lacie_2/mndot_workzone_project/Tesla/campaign_8348ccbe-b6ca-4be8-82ff-b4eba2616879-Tesla_-_Princeton_169_new/campaign/processed_json/segments/9b1c0b60-a317-4614-b1d3-ac66ae257922/part_3/010640.json,,,0.984804140218096,92.55,81.5789473684211,80.2631578947369,86.8698060941828,100,85.97,0.940242198334821,0.937029605623697,
/media/vsi-dev/Lacie_2/mndot_workzone_project/Tesla/campaign_8348ccbe-b6ca-4be8-82ff-b4eba2616879-Tesla_-_Princeton_169_new/campaign/processed_json/segments/9b1c0b60-a317-4614-b1d3-ac66ae257922/part_3/010641.json,,,0.985653900195345,92.56,81.9078947368421,79.9342105263158,86.5927977839335,100,85.92,0.940012027428627,0.936497524028518,
/media/vsi-dev/Lacie_2/mndot_workzone_project/Tesla/campaign_8348ccbe-b6ca-4be8-82ff-b4eba2616879-Tesla_-_Princeton_169_new/campaign/processed_json/segments/9b1c0b60-a317-4614-b1d3-ac66ae257922/part_3/010642.json,,,0.978191324262237,88.33,82.2368421052632,80.2631578947369,17.202216066482,100,75.78,0.953990358706747,0.935296598720124,
/media/vsi-dev/Lacie_2/mndot_workzone_project/Tesla/campaign_8348ccbe-b6ca-4be8-82ff-b4eba2616879-Tesla_-_Princeton_169_new/campaign/processed_json/segments/9b1c0b60-a317-4614-b1d3-ac66ae257922/part_3/010643.json,,,0.982111925534364,92.41,81.9078947368421,79.9342105263158,86.5096952908587,100,85.91,0.940469222359225,0.935703378929156,
/media/vsi-dev/Lacie_2/mndot_workzone_project/Tesla/campaign_8348ccbe-b6ca-4be8-82ff-b4eba2616879-Tesla_-_Princeton_169_new/campaign/processed_json/segments/9b1c0b60-a317-4614-b1d3-ac66ae257922/part_3/010644.json,,,0.975005175298418,88.34,81.5789473684211,80.2631578947369,20.6925207756233,100,76.1,0.95429395038751,0.935384599313788,
/media/vsi-dev/Lacie_2/mndot_workzone_project/Tesla/campaign_8348ccbe-b6ca-4be8-82ff-b4eba2616879-Tesla_-_Princeton_169_new/campaign/processed_json/segments/9b1c0b60-a317-4614-b1d3-ac66ae257922/part_3/010645.json,,,0.975005175298418,91.91,81.5789473684211,79.6052631578947,84.1551246537396,100,85.36,0.939149289554405,0.937262127030882,
/media/vsi-dev/Lacie_2/mndot_workzone_project/Tesla/campaign_8348ccbe-b6ca-4be8-82ff-b4eba2616879-Tesla_-_Princeton_169_new/campaign/processed_json/segments/9b1c0b60-a317-4614-b1d3-ac66ae257922/part_3/010646.json,,,0.970433403055154,87.98,81.5789473684211,79.9342105263158,17.8116343490305,100,75.59,0.954947484486931,0.938009024643069,
/media/vsi-dev/Lacie_2/mndot_workzone_project/Tesla/campaign_8348ccbe-b6ca-4be8-82ff-b4eba2616879-Tesla_-_Princeton_169_new/campaign/processed_json/segments/9b1c0b60-a317-4614-b1d3-ac66ae257922/part_3/010647.json,,,0.975005175298418,87.81,81.5789473684211,80.5921052631579,10.3601108033241,100,74.68,0.956740560998346,0.937412570543339,
/media/vsi-dev/Lacie_2/mndot_workzone_project/Tesla/campaign_8348ccbe-b6ca-4be8-82ff-b4eba2616879-Tesla_-_Princeton_169_new/campaign/processed_json/segments/9b1c0b60-a317-4614-b1d3-ac66ae257922/part_3/010648.json,,,0.978191324262237,88.14,81.5789473684211,80.2631578947369,14.4321329639889,100,75.19,0.956274093712094,0.937656029677936,
/media/vsi-dev/Lacie_2/mndot_workzone_project/Tesla/campaign_8348ccbe-b6ca-4be8-82ff-b4eba2616879-Tesla_-_Princeton_169_new/campaign/processed_json/segments/9b1c0b60-a317-4614-b1d3-ac66ae257922/part_3/010649.json,,,0.968433554391028,80.95,81.5789473684211,73.0263157894737,11.5789473684211,0,57.69,0.956027563165446,0.957464879693759,
/media/vsi-dev/Lacie_2/mndot_workzone_project/Tesla/campaign_8348ccbe-b6ca-4be8-82ff-b4eba2616879-Tesla_-_Princeton_169_new/campaign/processed_json/segments/9b1c0b60-a317-4614-b1d3-ac66ae257922/part_3/010650.json,,,0.975005175298418,87.56,80.9210526315789,80.2631578947369,13.2963988919668,95.207756232687,74.09,0.955677886675525,0.93698950730792,
/media/vsi-dev/Lacie_2/mndot_workzone_project/Tesla/campaign_8348ccbe-b6ca-4be8-82ff-b4eba2616879-Tesla_-_Princeton_169_new/campaign/processed_json/segments/9b1c0b60-a317-4614-b1d3-ac66ae257922/part_3/010651.json,,,0.980198673306755,89.67,80.9210526315789,80.2631578947369,42.4930747922438,97.5346260387812,78.82,0.955099846488531,0.93782497070986,
/media/vsi-dev/Lacie_2/mndot_workzone_project/Tesla/campaign_8348ccbe-b6ca-4be8-82ff-b4eba2616879-Tesla_-_Princeton_169_new/campaign/processed_json/segments/9b1c0b60-a317-4614-b1d3-ac66ae257922/part_3/010652.json,,,0.972765240307908,87.84,80.5921052631579,80.2631578947369,18.4487534626039,96.4542936288089,74.96,0.956276742417144,0.937973034584046,
/media/vsi-dev/Lacie_2/mndot_workzone_project/Tesla/campaign_8348ccbe-b6ca-4be8-82ff-b4eba2616879-Tesla_-_Princeton_169_new/campaign/processed_json/segments/9b1c0b60-a317-4614-b1d3-ac66ae257922/part_3/010653.json,,,0.984804140218096,92.37,80.9210526315789,80.9210526315789,83.9612188365651,100,85.53,0.940051104881867,0.936964107498527,
/media/vsi-dev/Lacie_2/mndot_workzone_project/Tesla/campaign_8348ccbe-b6ca-4be8-82ff-b4eba2616879-Tesla_-_Princeton_169_new/campaign/processed_json/segments/9b1c0b60-a317-4614-b1d3-ac66ae257922/part_3/010654.json,,,0.973896737455057,88.11,80.5921052631579,80.5921052631579,19.6952908587258,100,75.74,0.948196642576062,0.937245950977249,
/media/vsi-dev/Lacie_2/mndot_workzone_project/Tesla/campaign_8348ccbe-b6ca-4be8-82ff-b4eba2616879-Tesla_-_Princeton_169_new/campaign/processed_json/segments/9b1c0b60-a317-4614-b1d3-ac66ae257922/part_3/010655.json,,,0.980198673306755,88.51,80.9210526315789,80.5921052631579,20,100,75.92,0.956118385454593,0.937765112326575,
/media/vsi-dev/Lacie_2/mndot_workzone_project/Tesla/campaign_8348ccbe-b6ca-4be8-82ff-b4eba2616879-Tesla_-_Princeton_169_new/campaign/processed_json/segments/9b1c0b60-a317-4614-b1d3-ac66ae257922/part_3/010656.json,,,0.97715254792786,88.14,80.9210526315789,79.9342105263158,17.590027700831,100,75.35,0.953750177574575,0.937327080008161,
/media/vsi-dev/Lacie_2/mndot_workzone_project/Tesla/campaign_8348ccbe-b6ca-4be8-82ff-b4eba2616879-Tesla_-_Princeton_169_new/campaign/processed_json/segments/9b1c0b60-a317-4614-b1d3-ac66ae257922/part_3/010657.json,,,0.975005175298418,88.3,81.25,79.6052631578947,22.0775623268698,99.0027700831025,75.89,0.955381956428826,0.938680601014711,
/media/vsi-dev/Lacie_2/mndot_workzone_project/Tesla/campaign_8348ccbe-b6ca-4be8-82ff-b4eba2616879-Tesla_-_Princeton_169_new/campaign/processed_json/segments/9b1c0b60-a317-4614-b1d3-ac66ae257922/part_3/010658.json,,,0.978191324262237,88.3,80.2631578947369,79.6052631578947,21.5789473684211,100,75.65,0.952429183058486,0.939019480384373,
/media/vsi-dev/Lacie_2/mndot_workzone_project/Tesla/campaign_8348ccbe-b6ca-4be8-82ff-b4eba2616879-Tesla_-_Princeton_169_new/campaign/processed_json/segments/9b1c0b60-a317-4614-b1d3-ac66ae257922/part_3/010659.json,,,0.978191324262237,91.83,80.2631578947369,79.6052631578947,83.7396121883657,99.196675900277,84.79,0.939586864719942,0.938846486180781,
/media/vsi-dev/Lacie_2/mndot_workzone_project/Tesla/campaign_8348ccbe-b6ca-4be8-82ff-b4eba2616879-Tesla_-_Princeton_169_new/campaign/processed_json/segments/9b1c0b60-a317-4614-b1d3-ac66ae257922/part_3/010660.json,,,0.983930514272508,88.61,80.9210526315789,82.2368421052632,20.1939058171745,95.2631578947368,75.74,0.956472148516082,0.939197525858683,
/media/vsi-dev/Lacie_2/mndot_workzone_project/Tesla/campaign_8348ccbe-b6ca-4be8-82ff-b4eba2616879-Tesla_-_Princeton_169_new/campaign/processed_json/segments/9b1c0b60-a317-4614-b1d3-ac66ae257922/part_3/010661.json,,,0.98728157159029,92.3,80.9210526315789,80.2631578947369,82.9362880886427,99.0581717451524,85.05,0.940956556520025,0.937904572234609,
/media/vsi-dev/Lacie_2/mndot_workzone_project/Tesla/campaign_8348ccbe-b6ca-4be8-82ff-b4eba2616879-Tesla_-_Princeton_169_new/campaign/processed_json/segments/9b1c0b60-a317-4614-b1d3-ac66ae257922/part_3/010662.json,,,0.985653900195345,88.71,80.2631578947369,80.9210526315789,23.9612188365651,97.6177285318559,76.03,0.948465416865222,0.938827654195417,
/media/vsi-dev/Lacie_2/mndot_workzone_project/Tesla/campaign_8348ccbe-b6ca-4be8-82ff-b4eba2616879-Tesla_-_Princeton_169_new/campaign/processed_json/segments/9b1c0b60-a317-4614-b1d3-ac66ae257922/part_3/010663.json,,,0.98728157159029,88.33,79.6052631578947,80.5921052631579,17.8116343490305,97.0083102493075,74.75,0.95403757865131,0.939912432077547,
/media/vsi-dev/Lacie_2/mndot_workzone_project/Tesla/campaign_8348ccbe-b6ca-4be8-82ff-b4eba2616879-Tesla_-_Princeton_169_new/campaign/processed_json/segments/9b1c0b60-a317-4614-b1d3-ac66ae257922/part_3/010664.json,,,0.983930514272508,88.71,79.6052631578947,79.9342105263158,27.3684210526316,97.4792243767313,76.05,0.95318384548908,0.939822267589478,
/media/vsi-dev/Lacie_2/mndot_workzone_project/Tesla/campaign_8348ccbe-b6ca-4be8-82ff-b4eba2616879-Tesla_-_Princeton_169_new/campaign/processed_json/segments/9b1c0b60-a317-4614-b1d3-ac66ae257922/part_3/010665.json,,,0.972765240307908,82.34,80.9210526315789,75,28.4487534626039,0,60.63,0.951200449903514,0.966749119221856,
/media/vsi-dev/Lacie_2/mndot_workzone_project/Tesla/campaign_8348ccbe-b6ca-4be8-82ff-b4eba2616879-Tesla_-_Princeton_169_new/campaign/processed_json/segments/9b1c0b60-a317-4614-b1d3-ac66ae257922/part_3/010666.json,,,0.988813044611233,88.44,80.2631578947369,79.9342105263158,17.0083102493075,97.6177285318559,74.75,0.959438988373616,0.939350598459523,
/media/vsi-dev/Lacie_2/mndot_workzone_project/Tesla/campaign_8348ccbe-b6ca-4be8-82ff-b4eba2616879-Tesla_-_Princeton_169_new/campaign/processed_json/segments/9b1c0b60-a317-4614-b1d3-ac66ae257922/part_3/010667.json,,,0.975005175298418,81.44,80.2631578947369,72.3684210526316,17.8670360110803,0,58.07,0.963919131396373,0.95697969453029,
/media/vsi-dev/Lacie_2/mndot_workzone_project/Tesla/campaign_8348ccbe-b6ca-4be8-82ff-b4eba2616879-Tesla_-_Princeton_169_new/campaign/processed_json/segments/9b1c0b60-a317-4614-b1d3-ac66ae257922/part_3/010668.json,,,0.983930514272508,88.62,81.5789473684211,80.9210526315789,21.5512465373961,94.3767313019391,75.64,0.961087099860677,0.939789825463894,
/media/vsi-dev/Lacie_2/mndot_workzone_project/Tesla/campaign_8348ccbe-b6ca-4be8-82ff-b4eba2616879-Tesla_-_Princeton_169_new/campaign/processed_json/segments/9b1c0b60-a317-4614-b1d3-ac66ae257922/part_3/010669.json,,,0.988813044611233,88.75,82.2368421052632,79.9342105263158,19.2520775623269,96.9806094182826,75.57,0.956742259491451,0.939822718575453,
/media/vsi-dev/Lacie_2/mndot_workzone_project/Tesla/campaign_8348ccbe-b6ca-4be8-82ff-b4eba2616879-Tesla_-_Princeton_169_new/campaign/processed_json/segments/9b1c0b60-a317-4614-b1d3-ac66ae257922/part_3/010670.json,,,0.98728157159029,88.58,81.25,80.9210526315789,16.786703601108,97.0637119113573,75.23,0.961055223804495,0.938722574331741,
/media/vsi-dev/Lacie_2/mndot_workzone_project/Tesla/campaign_8348ccbe-b6ca-4be8-82ff-b4eba2616879-Tesla_-_Princeton_169_new/campaign/processed_json/segments/9b1c0b60-a317-4614-b1d3-ac66ae257922/part_3/010671.json,,,0.994502665947899,89.67,82.2368421052632,80.5921052631579,27.8393351800554,97.9778393351801,77.22,0.961999033978974,0.938605276150276,
/media/vsi-dev/Lacie_2/mndot_workzone_project/Tesla/campaign_8348ccbe-b6ca-4be8-82ff-b4eba2616879-Tesla_-_Princeton_169_new/campaign/processed_json/segments/9b1c0b60-a317-4614-b1d3-ac66ae257922/part_3/010672.json,,,0.99158560090355,88.51,80.9210526315789,79.9342105263158,14.6537396121884,98.4210526315789,74.7,0.958631775188793,0.938202735135058,
/media/vsi-dev/Lacie_2/mndot_workzone_project/Tesla/campaign_8348ccbe-b6ca-4be8-82ff-b4eba2616879-Tesla_-_Princeton_169_new/campaign/processed_json/segments/9b1c0b60-a317-4614-b1d3-ac66ae257922/part_3/010673.json,,,0.990928893001464,88.59,80.9210526315789,80.2631578947369,15.0969529085873,99.2520775623269,74.99,0.958310852848847,0.937867336837936,
/media/vsi-dev/Lacie_2/mndot_workzone_project/Tesla/campaign_8348ccbe-b6ca-4be8-82ff-b4eba2616879-Tesla_-_Princeton_169_new/campaign/processed_json/segments/9b1c0b60-a317-4614-b1d3-ac66ae257922/part_3/010674.json,,,0.983930514272508,88.45,81.5789473684211,78.9473684210526,17.8116343490305,100,75.31,0.959066945677808,0.93743065208615,
/media/vsi-dev/Lacie_2/mndot_workzone_project/Tesla/campaign_8348ccbe-b6ca-4be8-82ff-b4eba2616879-Tesla_-_Princeton_169_new/campaign/processed_json/segments/9b1c0b60-a317-4614-b1d3-ac66ae257922/part_3/010675.json,,,0.988813044611233,92.71,81.5789473684211,79.2763157894737,88.7811634349031,100,85.96,0.940203681011428,0.93728734515646,
/media/vsi-dev/Lacie_2/mndot_workzone_project/Tesla/campaign_8348ccbe-b6ca-4be8-82ff-b4eba2616879-Tesla_-_Princeton_169_new/campaign/processed_json/segments/9b1c0b60-a317-4614-b1d3-ac66ae257922/part_3/010676.json,,,0.981167097577432,88.58,81.5789473684211,78.9473684210526,21.6620498614958,100,75.9,0.960125366222148,0.937446734990322,
/media/vsi-dev/Lacie_2/mndot_workzone_project/Tesla/campaign_8348ccbe-b6ca-4be8-82ff-b4eba2616879-Tesla_-_Princeton_169_new/campaign/processed_json/segments/9b1c0b60-a317-4614-b1d3-ac66ae257922/part_3/010677.json,,,0.975005175298418,87.96,81.5789473684211,78.6184210526316,17.6731301939058,100,75.16,0.952783512429795,0.936586640084098,
/media/vsi-dev/Lacie_2/mndot_workzone_project/Tesla/campaign_8348ccbe-b6ca-4be8-82ff-b4eba2616879-Tesla_-_Princeton_169_new/campaign/processed_json/segments/9b1c0b60-a317-4614-b1d3-ac66ae257922/part_3/010678.json,,,0.969233234476344,87.78,81.25,78.6184210526316,19.4459833795014,100,75.32,0.951663653707079,0.936169795215967,
/media/vsi-dev/Lacie_2/mndot_workzone_project/Tesla/campaign_8348ccbe-b6ca-4be8-82ff-b4eba2616879-Tesla_-_Princeton_169_new/campaign/processed_json/segments/9b1c0b60-a317-4614-b1d3-ac66ae257922/part_3/010679.json,,,0.973896737455057,87.93,81.9078947368421,78.9473684210526,18.4487534626039,100,75.43,0.944357680563502,0.93592587479652,
/media/vsi-dev/Lacie_2/mndot_workzone_project/Tesla/campaign_8348ccbe-b6ca-4be8-82ff-b4eba2616879-Tesla_-_Princeton_169_new/campaign/processed_json/segments/9b1c0b60-a317-4614-b1d3-ac66ae257922/part_3/010680.json,,,0.969220734554469,87.86,80.9210526315789,80.5921052631579,19.6398891966759,100,75.79,0.944272703455174,0.933086711946678,
/media/vsi-dev/Lacie_2/mndot_workzone_project/Tesla/campaign_8348ccbe-b6ca-4be8-82ff-b4eba2616879-Tesla_-_Princeton_169_new/campaign/processed_json/segments/9b1c0b60-a317-4614-b1d3-ac66ae257922/part_3/010681.json,,,0.980198673306755,91.7,81.5789473684211,78.6184210526316,79.584487534626,100,84.37,0.93735859397898,0.936835272813271,
/media/vsi-dev/Lacie_2/mndot_workzone_project/Tesla/campaign_8348ccbe-b6ca-4be8-82ff-b4eba2616879-Tesla_-_Princeton_169_new/campaign/processed_json/segments/9b1c0b60-a317-4614-b1d3-ac66ae257922/part_3/010682.json,,,0.975005175298418,91.75,81.25,80.2631578947369,82.797783933518,98.6149584487535,85.03,0.938331811707693,0.935299896774471,
/media/vsi-dev/Lacie_2/mndot_workzone_project/Tesla/campaign_8348ccbe-b6ca-4be8-82ff-b4eba2616879-Tesla_-_Princeton_169_new/campaign/processed_json/segments/9b1c0b60-a317-4614-b1d3-ac66ae257922/part_3/010683.json,,,0.975005175298418,88.37,81.5789473684211,80.2631578947369,22.9362880886427,100,76.4,0.948378997487706,0.932929539268656,
/media/vsi-dev/Lacie_2/mndot_workzone_project/Tesla/campaign_8348ccbe-b6ca-4be8-82ff-b4eba2616879-Tesla_-_Princeton_169_new/campaign/processed_json/segments/9b1c0b60-a317-4614-b1d3-ac66ae257922/part_3/010684.json,,,0.970433403055154,88.05,80.9210526315789,80.9210526315789,23.1578947368421,100,76.37,0.945809880704379,0.922899922932216,
/media/vsi-dev/Lacie_2/mndot_workzone_project/Tesla/campaign_8348ccbe-b6ca-4be8-82ff-b4eba2616879-Tesla_-_Princeton_169_new/campaign/processed_json/segments/9b1c0b60-a317-4614-b1d3-ac66ae257922/part_3/010685.json,,,0.97715254792786,91.85,80.9210526315789,79.2763157894737,88.7811634349031,100,85.63,0.93922003524969,0.912180993971072,
/media/vsi-dev/Lacie_2/mndot_workzone_project/Tesla/campaign_8348ccbe-b6ca-4be8-82ff-b4eba2616879-Tesla_-_Princeton_169_new/campaign/processed_json/segments/9b1c0b60-a317-4614-b1d3-ac66ae257922/part_3/010686.json,,,0.978191324262237,92,80.2631578947369,79.2763157894737,87.6731301939058,100,85.37,0.939645341947333,0.932365514662981,
/media/vsi-dev/Lacie_2/mndot_workzone_project/Tesla/campaign_8348ccbe-b6ca-4be8-82ff-b4eba2616879-Tesla_-_Princeton_169_new/campaign/processed_json/segments/9b1c0b60-a317-4614-b1d3-ac66ae257922/part_3/010687.json,,,0.978191324262237,92.21,81.5789473684211,78.9473684210526,89.196675900277,100,85.9,0.939048224595436,0.933132305729742,
/media/vsi-dev/Lacie_2/mndot_workzone_project/Tesla/campaign_8348ccbe-b6ca-4be8-82ff-b4eba2616879-Tesla_-_Princeton_169_new/campaign/processed_json/segments/9b1c0b60-a317-4614-b1d3-ac66ae257922/part_3/010688.json,,,0.983930514272508,92.45,81.5789473684211,78.9473684210526,89.3351800554017,100,85.92,0.938934611848708,0.933513736866015,
/media/vsi-dev/Lacie_2/mndot_workzone_project/Tesla/campaign_8348ccbe-b6ca-4be8-82ff-b4eba2616879-Tesla_-_Princeton_169_new/campaign/processed_json/segments/9b1c0b60-a317-4614-b1d3-ac66ae257922/part_3/010689.json,,,0.975005175298418,88.08,80.2631578947369,78.2894736842105,23.8781163434903,100,75.57,0.952041360161964,0.932863039538731,
/media/vsi-dev/Lacie_2/mndot_workzone_project/Tesla/campaign_8348ccbe-b6ca-4be8-82ff-b4eba2616879-Tesla_-_Princeton_169_new/campaign/processed_json/segments/9b1c0b60-a317-4614-b1d3-ac66ae257922/part_3/010690.json,,,0.972765240307908,87.99,80.2631578947369,78.6184210526316,23.7673130193906,100,75.64,0.950708624158894,0.931679195778256,
/media/vsi-dev/Lacie_2/mndot_workzone_project/Tesla/campaign_8348ccbe-b6ca-4be8-82ff-b4eba2616879-Tesla_-_Princeton_169_new/campaign/processed_json/segments/9b1c0b60-a317-4614-b1d3-ac66ae257922/part_3/010691.json,,,0.973896737455057,91.54,79.9342105263158,79.2763157894737,94.5983379501385,89.0581717451524,84.67,0.939888693898891,0.932169255028768,
/media/vsi-dev/Lacie_2/mndot_workzone_project/Tesla/campaign_8348ccbe-b6ca-4be8-82ff-b4eba2616879-Tesla_-_Princeton_169_new/campaign/processed_json/segments/9b1c0b60-a317-4614-b1d3-ac66ae257922/part_3/010692.json,,,0.972765240307908,87.78,80.9210526315789,79.9342105263158,21.4681440443213,94.016620498615,75.01,0.951380152108998,0.934734749736713,
/media/vsi-dev/Lacie_2/mndot_workzone_project/Tesla/campaign_8348ccbe-b6ca-4be8-82ff-b4eba2616879-Tesla_-_Princeton_169_new/campaign/processed_json/segments/9b1c0b60-a317-4614-b1d3-ac66ae257922/part_3/010693.json,,,0.981167097577432,92.48,80.2631578947369,78.9473684210526,93.7673130193906,100,86.2,0.940044285433524,0.935203926800968,
/media/vsi-dev/Lacie_2/mndot_workzone_project/Tesla/campaign_8348ccbe-b6ca-4be8-82ff-b4eba2616879-Tesla_-_Princeton_169_new/campaign/processed_json/segments/9b1c0b60-a317-4614-b1d3-ac66ae257922/part_3/010694.json,,,0.973896737455057,92.17,79.6052631578947,78.9473684210526,95.1246537396122,100,86.2,0.939158041930993,0.934286267724649,
/media/vsi-dev/Lacie_2/mndot_workzone_project/Tesla/campaign_8348ccbe-b6ca-4be8-82ff-b4eba2616879-Tesla_-_Princeton_169_new/campaign/processed_json/segments/9b1c0b60-a317-4614-b1d3-ac66ae257922/part_3/010695.json,,,0.973896737455057,92.16,80.9210526315789,78.9473684210526,92.4653739612188,100,86.19,0.939564613950073,0.933035539207776,
/media/vsi-dev/Lacie_2/mndot_workzone_project/Tesla/campaign_8348ccbe-b6ca-4be8-82ff-b4eba2616879-Tesla_-_Princeton_169_new/campaign/processed_json/segments/9b1c0b60-a317-4614-b1d3-ac66ae257922/part_3/010696.json,,,0.969120740804232,87.44,80.2631578947369,78.9473684210526,20.8587257617729,100,75.19,0.954636078490816,0.905305341647345,
/media/vsi-dev/Lacie_2/mndot_workzone_project/Tesla/campaign_8348ccbe-b6ca-4be8-82ff-b4eba2616879-Tesla_-_Princeton_169_new/campaign/processed_json/segments/9b1c0b60-a317-4614-b1d3-ac66ae257922/part_3/010697.json,,,0.968920783299383,87.54,80.2631578947369,80.5921052631579,18.6703601108033,100,75.37,0.955025149150126,0.908450225837233,
/media/vsi-dev/Lacie_2/mndot_workzone_project/Tesla/campaign_8348ccbe-b6ca-4be8-82ff-b4eba2616879-Tesla_-_Princeton_169_new/campaign/processed_json/segments/9b1c0b60-a317-4614-b1d3-ac66ae257922/part_3/010698.json,,,0.968620922016178,88.18,80.2631578947369,80.9210526315789,26.7590027700831,100,76.74,0.953897338105379,0.919911063726484,
/media/vsi-dev/Lacie_2/mndot_workzone_project/Tesla/campaign_8348ccbe-b6ca-4be8-82ff-b4eba2616879-Tesla_-_Princeton_169_new/campaign/processed_json/segments/9b1c0b60-a317-4614-b1d3-ac66ae257922/part_3/010699.json,,,0.969120740804232,87.85,80.9210526315789,78.9473684210526,21.5235457063712,100,75.61,0.95226013781441,0.932051587394833,
/media/vsi-dev/Lacie_2/mndot_workzone_project/Tesla/campaign_8348ccbe-b6ca-4be8-82ff-b4eba2616879-Tesla_-_Princeton_169_new/campaign/processed_json/segments/9b1c0b60-a317-4614-b1d3-ac66ae257922/part_3/010700.json,,,0.967721877728007,85.19,80.2631578947369,70.3947368421053,93.213296398892,0,68.68,0.93998760743354,0.960517406170908,
/media/vsi-dev/Lacie_2/mndot_workzone_project/Tesla/campaign_8348ccbe-b6ca-4be8-82ff-b4eba2616879-Tesla_-_Princeton_169_new/campaign/processed_json/segments/9b1c0b60-a317-4614-b1d3-ac66ae257922/part_3/010701.json,,,0.97715254792786,88.22,79.6052631578947,81.5789473684211,24.2382271468144,100,76.3,0.952694184000261,0.909046794935184,
/media/vsi-dev/Lacie_2/mndot_workzone_project/Tesla/campaign_8348ccbe-b6ca-4be8-82ff-b4eba2616879-Tesla_-_Princeton_169_new/campaign/processed_json/segments/9b1c0b60-a317-4614-b1d3-ac66ae257922/part_3/010702.json,,,0.972765240307908,88.33,80.2631578947369,82.2368421052632,23.2963988919668,100,76.63,0.958753973367826,0.917760345329515,
/media/vsi-dev/Lacie_2/mndot_workzone_project/Tesla/campaign_8348ccbe-b6ca-4be8-82ff-b4eba2616879-Tesla_-_Princeton_169_new/campaign/processed_json/segments/9b1c0b60-a317-4614-b1d3-ac66ae257922/part_3/010703.json,,,0.969033254475011,88.13,80.2631578947369,80.5921052631579,27.2576177285319,100,76.69,0.951036304688742,0.918142562373851,
/media/vsi-dev/Lacie_2/mndot_workzone_project/Tesla/campaign_8348ccbe-b6ca-4be8-82ff-b4eba2616879-Tesla_-_Princeton_169_new/campaign/processed_json/segments/9b1c0b60-a317-4614-b1d3-ac66ae257922/part_3/010704.json,,,0.968920783299383,81.79,80.2631578947369,69.4078947368421,26.7036011080332,7.67313019390582,59.65,0.956961195926657,0.960814501167013,
/media/vsi-dev/Lacie_2/mndot_workzone_project/Tesla/campaign_8348ccbe-b6ca-4be8-82ff-b4eba2616879-Tesla_-_Princeton_169_new/campaign/processed_json/segments/9b1c0b60-a317-4614-b1d3-ac66ae257922/part_3/010705.json,,,0.97715254792786,87.92,80.9210526315789,78.9473684210526,20.8864265927978,100,75.42,0.956680822463706,0.909617378554162,
/media/vsi-dev/Lacie_2/mndot_workzone_project/Tesla/campaign_8348ccbe-b6ca-4be8-82ff-b4eba2616879-Tesla_-_Princeton_169_new/campaign/processed_json/segments/9b1c0b60-a317-4614-b1d3-ac66ae257922/part_3/010706.json,,,0.969033254475011,81.3,78.9473684210526,69.4078947368421,21.6897506925208,6.64819944598338,58.36,0.958062537266597,0.961634587085575,
/media/vsi-dev/Lacie_2/mndot_workzone_project/Tesla/campaign_8348ccbe-b6ca-4be8-82ff-b4eba2616879-Tesla_-_Princeton_169_new/campaign/processed_json/segments/9b1c0b60-a317-4614-b1d3-ac66ae257922/part_3/010707.json,,,0.982111925534364,88.25,81.9078947368421,82.8947368421053,18.2825484764543,100,76.39,0.957063216657946,0.884059183703169,
/media/vsi-dev/Lacie_2/mndot_workzone_project/Tesla/campaign_8348ccbe-b6ca-4be8-82ff-b4eba2616879-Tesla_-_Princeton_169_new/campaign/processed_json/segments/9b1c0b60-a317-4614-b1d3-ac66ae257922/part_3/010708.json,,,0.982111925534364,88.21,81.9078947368421,79.6052631578947,20.803324099723,100,75.86,0.956126915349945,0.901829878703901,
/media/vsi-dev/Lacie_2/mndot_workzone_project/Tesla/campaign_8348ccbe-b6ca-4be8-82ff-b4eba2616879-Tesla_-_Princeton_169_new/campaign/processed_json/segments/9b1c0b60-a317-4614-b1d3-ac66ae257922/part_3/010709.json,,,0.981167097577432,89.58,81.5789473684211,81.25,38.6980609418283,100,79.02,0.959501225171849,0.913193678597729,
/media/vsi-dev/Lacie_2/mndot_workzone_project/Tesla/campaign_8348ccbe-b6ca-4be8-82ff-b4eba2616879-Tesla_-_Princeton_169_new/campaign/processed_json/segments/9b1c0b60-a317-4614-b1d3-ac66ae257922/part_3/010710.json,,,0.982111925534364,89.2,82.8947368421053,79.2763157894737,31.7174515235457,100,77.8,0.947502806290638,0.931662610972015,
/media/vsi-dev/Lacie_2/mndot_workzone_project/Tesla/campaign_8348ccbe-b6ca-4be8-82ff-b4eba2616879-Tesla_-_Princeton_169_new/campaign/processed_json/segments/9b1c0b60-a317-4614-b1d3-ac66ae257922/part_3/010711.json,,,0.985653900195345,92.92,82.2368421052632,78.9473684210526,95.0969529085873,100,86.97,0.938784304637056,0.932009435638972,
/media/vsi-dev/Lacie_2/mndot_workzone_project/Tesla/campaign_8348ccbe-b6ca-4be8-82ff-b4eba2616879-Tesla_-_Princeton_169_new/campaign/processed_json/segments/9b1c0b60-a317-4614-b1d3-ac66ae257922/part_3/010712.json,,,0.990247863518234,93,82.8947368421053,81.25,94.7091412742382,100,87.62,0.938319644422705,0.896276003891871,
/media/vsi-dev/Lacie_2/mndot_workzone_project/Tesla/campaign_8348ccbe-b6ca-4be8-82ff-b4eba2616879-Tesla_-_Princeton_169_new/campaign/processed_json/segments/9b1c0b60-a317-4614-b1d3-ac66ae257922/part_3/010713.json,,,0.988059362042712,92.94,82.2368421052632,79.2763157894737,94.0720221606648,98.6703601108033,86.73,0.939366820211084,0.932934077474394,
/media/vsi-dev/Lacie_2/mndot_workzone_project/Tesla/campaign_8348ccbe-b6ca-4be8-82ff-b4eba2616879-Tesla_-_Princeton_169_new/campaign/processed_json/segments/9b1c0b60-a317-4614-b1d3-ac66ae257922/part_3/010714.json,,,0.982111925534364,88.5,81.5789473684211,79.9342105263158,19.5013850415513,100,75.82,0.9566046632409,0.932019934141054,
/media/vsi-dev/Lacie_2/mndot_workzone_project/Tesla/campaign_8348ccbe-b6ca-4be8-82ff-b4eba2616879-Tesla_-_Princeton_169_new/campaign/processed_json/segments/9b1c0b60-a317-4614-b1d3-ac66ae257922/part_3/010715.json,,,0.98728157159029,89.11,81.5789473684211,80.2631578947369,26.6759002770083,100,76.97,0.954188361203043,0.929335887312958,
/media/vsi-dev/Lacie_2/mndot_workzone_project/Tesla/campaign_8348ccbe-b6ca-4be8-82ff-b4eba2616879-Tesla_-_Princeton_169_new/campaign/processed_json/segments/9b1c0b60-a317-4614-b1d3-ac66ae257922/part_3/010716.json,,,0.968920783299383,81.6,81.5789473684211,71.7105263157895,26.4542936288089,0,59.48,0.953595677081654,0.951305800509602,
/media/vsi-dev/Lacie_2/mndot_workzone_project/Tesla/campaign_8348ccbe-b6ca-4be8-82ff-b4eba2616879-Tesla_-_Princeton_169_new/campaign/processed_json/segments/9b1c0b60-a317-4614-b1d3-ac66ae257922/part_3/010717.json,,,0.967721877728007,81.93,81.5789473684211,73.6842105263158,28.2548476454294,0,60.36,0.951374554039497,0.956334006681537,
/media/vsi-dev/Lacie_2/mndot_workzone_project/Tesla/campaign_8348ccbe-b6ca-4be8-82ff-b4eba2616879-Tesla_-_Princeton_169_new/campaign/processed_json/segments/9b1c0b60-a317-4614-b1d3-ac66ae257922/part_3/010718.json,,,0.968221246881518,81.89,81.5789473684211,72.3684210526316,17.7008310249307,10.9418282548476,60.05,0.954624006272585,0.959468132333974,
/media/vsi-dev/Lacie_2/mndot_workzone_project/Tesla/campaign_8348ccbe-b6ca-4be8-82ff-b4eba2616879-Tesla_-_Princeton_169_new/campaign/processed_json/segments/9b1c0b60-a317-4614-b1d3-ac66ae257922/part_3/010719.json,,,0.965191424665858,81.49,81.5789473684211,71.3815789473684,23.6288088642659,3.601108033241,59.51,0.94638295227058,0.961178069938758,
/media/vsi-dev/Lacie_2/mndot_workzone_project/Tesla/campaign_8348ccbe-b6ca-4be8-82ff-b4eba2616879-Tesla_-_Princeton_169_new/campaign/processed_json/segments/9b1c0b60-a317-4614-b1d3-ac66ae257922/part_3/010720.json,,,0.968620922016178,81.69,81.9078947368421,72.3684210526316,24.8753462603878,0,59.57,0.947613679829628,0.963717482862186,
/media/vsi-dev/Lacie_2/mndot_workzone_project/Tesla/campaign_8348ccbe-b6ca-4be8-82ff-b4eba2616879-Tesla_-_Princeton_169_new/campaign/processed_json/segments/9b1c0b60-a317-4614-b1d3-ac66ae257922/part_3/010721.json,,,0.972765240307908,81.8,81.5789473684211,69.4078947368421,28.6426592797784,2.5207756232687,59.51,0.94787119708898,0.960698518009644,
/media/vsi-dev/Lacie_2/mndot_workzone_project/Tesla/campaign_8348ccbe-b6ca-4be8-82ff-b4eba2616879-Tesla_-_Princeton_169_new/campaign/processed_json/segments/9b1c0b60-a317-4614-b1d3-ac66ae257922/part_3/010722.json,,,0.98728157159029,88.87,81.5789473684211,79.2763157894737,26.2603878116343,97.202216066482,76.22,0.953908146269847,0.934999838043574,
/media/vsi-dev/Lacie_2/mndot_workzone_project/Tesla/campaign_8348ccbe-b6ca-4be8-82ff-b4eba2616879-Tesla_-_Princeton_169_new/campaign/processed_json/segments/9b1c0b60-a317-4614-b1d3-ac66ae257922/part_3/010723.json,,,0.98728157159029,89,81.5789473684211,79.6052631578947,28.005540166205,97.1191135734072,76.57,0.953298994732288,0.935234641458958,
/media/vsi-dev/Lacie_2/mndot_workzone_project/Tesla/campaign_8348ccbe-b6ca-4be8-82ff-b4eba2616879-Tesla_-_Princeton_169_new/campaign/processed_json/segments/9b1c0b60-a317-4614-b1d3-ac66ae257922/part_3/010724.json,,,0.988059362042712,92.64,80.9210526315789,78.6184210526316,95.2354570637119,96.0387811634349,85.93,0.940616203348381,0.93412410353044,
/media/vsi-dev/Lacie_2/mndot_workzone_project/Tesla/campaign_8348ccbe-b6ca-4be8-82ff-b4eba2616879-Tesla_-_Princeton_169_new/campaign/processed_json/segments/9b1c0b60-a317-4614-b1d3-ac66ae257922/part_3/010725.json,,,0.98728157159029,89.18,80.9210526315789,79.2763157894737,38.3102493074792,100,78.04,0.944533034370487,0.903227990146608,
/media/vsi-dev/Lacie_2/mndot_workzone_project/Tesla/campaign_8348ccbe-b6ca-4be8-82ff-b4eba2616879-Tesla_-_Princeton_169_new/campaign/processed_json/segments/9b1c0b60-a317-4614-b1d3-ac66ae257922/part_3/010726.json,,,0.98728157159029,89.28,81.5789473684211,79.6052631578947,33.2686980609418,96.7590027700831,77.29,0.952409929763224,0.934396647172157,
/media/vsi-dev/Lacie_2/mndot_workzone_project/Tesla/campaign_8348ccbe-b6ca-4be8-82ff-b4eba2616879-Tesla_-_Princeton_169_new/campaign/processed_json/segments/9b1c0b60-a317-4614-b1d3-ac66ae257922/part_3/010727.json,,,0.983930514272508,88.58,80.9210526315789,78.9473684210526,24.016620498615,100,75.98,0.953797267690802,0.928913470574543,
/media/vsi-dev/Lacie_2/mndot_workzone_project/Tesla/campaign_8348ccbe-b6ca-4be8-82ff-b4eba2616879-Tesla_-_Princeton_169_new/campaign/processed_json/segments/9b1c0b60-a317-4614-b1d3-ac66ae257922/part_3/010728.json,,,0.98728157159029,88.41,80.9210526315789,79.2763157894737,20.3047091412742,100,75.47,0.952304569625111,0.920329040579602,
/media/vsi-dev/Lacie_2/mndot_workzone_project/Tesla/campaign_8348ccbe-b6ca-4be8-82ff-b4eba2616879-Tesla_-_Princeton_169_new/campaign/processed_json/segments/9b1c0b60-a317-4614-b1d3-ac66ae257922/part_3/010729.json,,,0.995012479192682,93.25,81.5789473684211,79.9342105263158,93.601108033241,100,86.85,0.939972862441187,0.931091635837401,
/media/vsi-dev/Lacie_2/mndot_workzone_project/Tesla/campaign_8348ccbe-b6ca-4be8-82ff-b4eba2616879-Tesla_-_Princeton_169_new/campaign/processed_json/segments/9b1c0b60-a317-4614-b1d3-ac66ae257922/part_3/010730.json,,,0.990247863518234,88.52,80.2631578947369,79.2763157894737,25.1246537396122,93.7950138504155,75.13,0.951691240219048,0.934377666405124,
/media/vsi-dev/Lacie_2/mndot_workzone_project/Tesla/campaign_8348ccbe-b6ca-4be8-82ff-b4eba2616879-Tesla_-_Princeton_169_new/campaign/processed_json/segments/9b1c0b60-a317-4614-b1d3-ac66ae257922/part_3/010731.json,,,0.985653900195345,88.56,80.2631578947369,79.2763157894737,26.7313019390582,95.8725761772853,75.68,0.952492094627844,0.9332741472839,
/media/vsi-dev/Lacie_2/mndot_workzone_project/Tesla/campaign_8348ccbe-b6ca-4be8-82ff-b4eba2616879-Tesla_-_Princeton_169_new/campaign/processed_json/segments/9b1c0b60-a317-4614-b1d3-ac66ae257922/part_3/010732.json,,,0.980198673306755,88.06,80.2631578947369,79.2763157894737,25.207756232687,93.2686980609418,75.05,0.948510109750466,0.934734652514292,
/media/vsi-dev/Lacie_2/mndot_workzone_project/Tesla/campaign_8348ccbe-b6ca-4be8-82ff-b4eba2616879-Tesla_-_Princeton_169_new/campaign/processed_json/segments/9b1c0b60-a317-4614-b1d3-ac66ae257922/part_3/010733.json,,,0.980198673306755,88.59,80.2631578947369,78.6184210526316,30.8587257617729,97.8116343490305,76.38,0.947984214015901,0.934619326268882,
/media/vsi-dev/Lacie_2/mndot_workzone_project/Tesla/campaign_8348ccbe-b6ca-4be8-82ff-b4eba2616879-Tesla_-_Princeton_169_new/campaign/processed_json/segments/9b1c0b60-a317-4614-b1d3-ac66ae257922/part_3/010734.json,,,0.980198673306755,88.53,80.2631578947369,76.6447368421053,34.6814404432133,97.3961218836565,76.29,0.946031133160096,0.934397873048759,
/media/vsi-dev/Lacie_2/mndot_workzone_project/Tesla/campaign_8348ccbe-b6ca-4be8-82ff-b4eba2616879-Tesla_-_Princeton_169_new/campaign/processed_json/segments/9b1c0b60-a317-4614-b1d3-ac66ae257922/part_3/010735.json,,,0.982111925534364,88.79,82.8947368421053,78.9473684210526,31.6343490304709,94.016620498615,76.79,0.944874347086767,0.933854387766764,
/media/vsi-dev/Lacie_2/mndot_workzone_project/Tesla/campaign_8348ccbe-b6ca-4be8-82ff-b4eba2616879-Tesla_-_Princeton_169_new/campaign/processed_json/segments/9b1c0b60-a317-4614-b1d3-ac66ae257922/part_3/010736.json,,,0.988813044611233,92.42,80.2631578947369,76.9736842105263,94.9307479224377,96.7313019390582,85.29,0.940984455518754,0.933700762849104,
/media/vsi-dev/Lacie_2/mndot_workzone_project/Tesla/campaign_8348ccbe-b6ca-4be8-82ff-b4eba2616879-Tesla_-_Princeton_169_new/campaign/processed_json/segments/9b1c0b60-a317-4614-b1d3-ac66ae257922/part_3/010737.json,,,0.981167097577432,88.07,80.2631578947369,76.6447368421053,24.819944598338,97.5069252077562,74.86,0.954461653470153,0.933680551036436,
/media/vsi-dev/Lacie_2/mndot_workzone_project/Tesla/campaign_8348ccbe-b6ca-4be8-82ff-b4eba2616879-Tesla_-_Princeton_169_new/campaign/processed_json/segments/9b1c0b60-a317-4614-b1d3-ac66ae257922/part_3/010738.json,,,0.988059362042712,92.79,82.2368421052632,76.3157894736842,96.2880886426593,100,86.37,0.940389911638642,0.932011631325917,
/media/vsi-dev/Lacie_2/mndot_workzone_project/Tesla/campaign_8348ccbe-b6ca-4be8-82ff-b4eba2616879-Tesla_-_Princeton_169_new/campaign/processed_json/segments/9b1c0b60-a317-4614-b1d3-ac66ae257922/part_3/010739.json,,,0.984804140218096,92.53,82.5657894736842,75.6578947368421,94.8476454293629,100,86.05,0.941069324169218,0.930963133688804,
/media/vsi-dev/Lacie_2/mndot_workzone_project/Tesla/campaign_8348ccbe-b6ca-4be8-82ff-b4eba2616879-Tesla_-_Princeton_169_new/campaign/processed_json/segments/9b1c0b60-a317-4614-b1d3-ac66ae257922/part_3/010740.json,,,0.97715254792786,88.7,81.5789473684211,78.6184210526316,29.8337950138504,100,76.95,0.951690398649434,0.931290441481189,
/media/vsi-dev/Lacie_2/mndot_workzone_project/Tesla/campaign_8348ccbe-b6ca-4be8-82ff-b4eba2616879-Tesla_-_Princeton_169_new/campaign/processed_json/segments/9b1c0b60-a317-4614-b1d3-ac66ae257922/part_3/010741.json,,,0.985653900195345,92.61,81.5789473684211,77.3026315789474,93.7673130193906,99.9722991689751,86.1,0.941193192420268,0.933192826479066,
/media/vsi-dev/Lacie_2/mndot_workzone_project/Tesla/campaign_8348ccbe-b6ca-4be8-82ff-b4eba2616879-Tesla_-_Princeton_169_new/campaign/processed_json/segments/9b1c0b60-a317-4614-b1d3-ac66ae257922/part_3/010742.json,,,0.981167097577432,89.36,82.2368421052632,77.6315789473684,39.1135734072022,98.5872576177285,78.06,0.95673896025411,0.932583034541813,
/media/vsi-dev/Lacie_2/mndot_workzone_project/Tesla/campaign_8348ccbe-b6ca-4be8-82ff-b4eba2616879-Tesla_-_Princeton_169_new/campaign/processed_json/segments/9b1c0b60-a317-4614-b1d3-ac66ae257922/part_3/010743.json,,,0.982111925534364,92.23,81.5789473684211,75.6578947368421,93.4072022160665,100,85.55,0.941640545655653,0.93111538181864,
/media/vsi-dev/Lacie_2/mndot_workzone_project/Tesla/campaign_8348ccbe-b6ca-4be8-82ff-b4eba2616879-Tesla_-_Princeton_169_new/campaign/processed_json/segments/9b1c0b60-a317-4614-b1d3-ac66ae257922/part_3/010744.json,,,0.980198673306755,92.34,82.2368421052632,77.3026315789474,93.4349030470914,100,86.2,0.941386538065513,0.923866616991739,
/media/vsi-dev/Lacie_2/mndot_workzone_project/Tesla/campaign_8348ccbe-b6ca-4be8-82ff-b4eba2616879-Tesla_-_Princeton_169_new/campaign/processed_json/segments/9b1c0b60-a317-4614-b1d3-ac66ae257922/part_3/010745.json,,,0.967434853504781,81.27,81.5789473684211,69.4078947368421,25.6232686980609,0,58.69,0.952209110136839,0.957882571594294,
/media/vsi-dev/Lacie_2/mndot_workzone_project/Tesla/campaign_8348ccbe-b6ca-4be8-82ff-b4eba2616879-Tesla_-_Princeton_169_new/campaign/processed_json/segments/9b1c0b60-a317-4614-b1d3-ac66ae257922/part_3/010746.json,,,0.967434853504781,81.37,82.2368421052632,69.4078947368421,25.0415512465374,0,58.82,0.953123660400886,0.961558779737329,
/media/vsi-dev/Lacie_2/mndot_workzone_project/Tesla/campaign_8348ccbe-b6ca-4be8-82ff-b4eba2616879-Tesla_-_Princeton_169_new/campaign/processed_json/segments/9b1c0b60-a317-4614-b1d3-ac66ae257922/part_3/010747.json,,,0.967721877728007,85.22,82.2368421052632,69.0789473684211,91.5235457063712,0.498614958448753,68.71,0.940487103663062,0.961953251261554,
/media/vsi-dev/Lacie_2/mndot_workzone_project/Tesla/campaign_8348ccbe-b6ca-4be8-82ff-b4eba2616879-Tesla_-_Princeton_169_new/campaign/processed_json/segments/9b1c0b60-a317-4614-b1d3-ac66ae257922/part_3/010748.json,,,0.982111925534364,92.42,82.2368421052632,80.9210526315789,89.8614958448754,100,86.66,0.939810112982515,0.907372923032833,
/media/vsi-dev/Lacie_2/mndot_workzone_project/Tesla/campaign_8348ccbe-b6ca-4be8-82ff-b4eba2616879-Tesla_-_Princeton_169_new/campaign/processed_json/segments/9b1c0b60-a317-4614-b1d3-ac66ae257922/part_3/010749.json,,,0.968620922016178,83.4,82.5657894736842,79.2763157894737,43.6288088642659,0,64.52,0.952565174324232,0.932258330586832,
/media/vsi-dev/Lacie_2/mndot_workzone_project/Tesla/campaign_8348ccbe-b6ca-4be8-82ff-b4eba2616879-Tesla_-_Princeton_169_new/campaign/processed_json/segments/9b1c0b60-a317-4614-b1d3-ac66ae257922/part_3/010750.json,,,0.969033254475011,87.63,82.8947368421053,77.9605263157895,23.5180055401662,92.8531855955679,75.12,0.949296515817689,0.932623593359936,
/media/vsi-dev/Lacie_2/mndot_workzone_project/Tesla/campaign_8348ccbe-b6ca-4be8-82ff-b4eba2616879-Tesla_-_Princeton_169_new/campaign/processed_json/segments/9b1c0b60-a317-4614-b1d3-ac66ae257922/part_3/010751.json,,,0.973896737455057,89.09,82.2368421052632,78.6184210526316,41.4958448753463,95.3462603878116,78.21,0.953187370970913,0.932110197267464,
/media/vsi-dev/Lacie_2/mndot_workzone_project/Tesla/campaign_8348ccbe-b6ca-4be8-82ff-b4eba2616879-Tesla_-_Princeton_169_new/campaign/processed_json/segments/9b1c0b60-a317-4614-b1d3-ac66ae257922/part_3/010752.json,,,0.969120740804232,87.69,82.2368421052632,77.9605263157895,25.5678670360111,92.6869806094183,75.22,0.949944731662128,0.933734031526567,
/media/vsi-dev/Lacie_2/mndot_workzone_project/Tesla/campaign_8348ccbe-b6ca-4be8-82ff-b4eba2616879-Tesla_-_Princeton_169_new/campaign/processed_json/segments/9b1c0b60-a317-4614-b1d3-ac66ae257922/part_3/010753.json,,,0.97715254792786,91.5,82.2368421052632,77.6315789473684,87.4515235457064,91.4404432132964,84.17,0.940462747129663,0.934407803648485,
/media/vsi-dev/Lacie_2/mndot_workzone_project/Tesla/campaign_8348ccbe-b6ca-4be8-82ff-b4eba2616879-Tesla_-_Princeton_169_new/campaign/processed_json/segments/9b1c0b60-a317-4614-b1d3-ac66ae257922/part_3/010754.json,,,0.975005175298418,91.61,82.8947368421053,78.2894736842105,88.393351800554,90.4432132963989,84.57,0.942021148052934,0.936062892721182,
/media/vsi-dev/Lacie_2/mndot_workzone_project/Tesla/campaign_8348ccbe-b6ca-4be8-82ff-b4eba2616879-Tesla_-_Princeton_169_new/campaign/processed_json/segments/9b1c0b60-a317-4614-b1d3-ac66ae257922/part_3/010755.json,,,0.969220734554469,88.06,82.8947368421053,77.6315789473684,31.3850415512465,92.5761772853186,76.16,0.947192571971271,0.93514371370131,
/media/vsi-dev/Lacie_2/mndot_workzone_project/Tesla/campaign_8348ccbe-b6ca-4be8-82ff-b4eba2616879-Tesla_-_Princeton_169_new/campaign/processed_json/segments/9b1c0b60-a317-4614-b1d3-ac66ae257922/part_3/010756.json,,,0.975005175298418,91.5,82.2368421052632,77.6315789473684,88.9196675900277,90.6648199445983,84.29,0.942542699431148,0.93549591324999,
/media/vsi-dev/Lacie_2/mndot_workzone_project/Tesla/campaign_8348ccbe-b6ca-4be8-82ff-b4eba2616879-Tesla_-_Princeton_169_new/campaign/processed_json/segments/9b1c0b60-a317-4614-b1d3-ac66ae257922/part_3/010757.json,,,0.969233234476344,87.55,81.5789473684211,78.2894736842105,19.5290858725762,95.0969529085873,74.62,0.958601752550891,0.934691299780674,
/media/vsi-dev/Lacie_2/mndot_workzone_project/Tesla/campaign_8348ccbe-b6ca-4be8-82ff-b4eba2616879-Tesla_-_Princeton_169_new/campaign/processed_json/segments/9b1c0b60-a317-4614-b1d3-ac66ae257922/part_3/010758.json,,,0.969220734554469,81.37,82.2368421052632,72.6973684210526,19.4459833795014,0,58.91,0.957802766654142,0.945491018831528,
/media/vsi-dev/Lacie_2/mndot_workzone_project/Tesla/campaign_8348ccbe-b6ca-4be8-82ff-b4eba2616879-Tesla_-_Princeton_169_new/campaign/processed_json/segments/9b1c0b60-a317-4614-b1d3-ac66ae257922/part_3/010759.json,,,0.984804140218096,88.77,83.5526315789474,79.6052631578947,25.2631578947368,92.409972299169,76.07,0.959145218700922,0.936105258438123,
/media/vsi-dev/Lacie_2/mndot_workzone_project/Tesla/campaign_8348ccbe-b6ca-4be8-82ff-b4eba2616879-Tesla_-_Princeton_169_new/campaign/processed_json/segments/9b1c0b60-a317-4614-b1d3-ac66ae257922/part_3/010760.json,,,0.98728157159029,82.82,82.8947368421053,79.9342105263158,19.4459833795014,0,61.19,0.956906409383753,0.92850096500663,
/media/vsi-dev/Lacie_2/mndot_workzone_project/Tesla/campaign_8348ccbe-b6ca-4be8-82ff-b4eba2616879-Tesla_-_Princeton_169_new/campaign/processed_json/segments/9b1c0b60-a317-4614-b1d3-ac66ae257922/part_3/010761.json,,,0.983930514272508,82.87,82.8947368421053,70.3947368421053,24.4875346260388,10.6094182825485,60.84,0.957203204818815,0.960496806474334,
/media/vsi-dev/Lacie_2/mndot_workzone_project/Tesla/campaign_8348ccbe-b6ca-4be8-82ff-b4eba2616879-Tesla_-_Princeton_169_new/campaign/processed_json/segments/9b1c0b60-a317-4614-b1d3-ac66ae257922/part_3/010762.json,,,0.988813044611233,88.95,82.8947368421053,80.2631578947369,21.606648199446,100,76.57,0.958607803919128,0.918494130513966,
/media/vsi-dev/Lacie_2/mndot_workzone_project/Tesla/campaign_8348ccbe-b6ca-4be8-82ff-b4eba2616879-Tesla_-_Princeton_169_new/campaign/processed_json/segments/9b1c0b60-a317-4614-b1d3-ac66ae257922/part_3/010763.json,,,0.995012479192682,89.56,82.5657894736842,81.25,26.8421052631579,100,77.54,0.957691817553571,0.916192218752728,
/media/vsi-dev/Lacie_2/mndot_workzone_project/Tesla/campaign_8348ccbe-b6ca-4be8-82ff-b4eba2616879-Tesla_-_Princeton_169_new/campaign/processed_json/segments/9b1c0b60-a317-4614-b1d3-ac66ae257922/part_3/010764.json,,,0.99158560090355,88.92,82.2368421052632,83.8815789473684,22.7700831024931,100,77.4,0.959753082961748,0.870379916129038,
/media/vsi-dev/Lacie_2/mndot_workzone_project/Tesla/campaign_8348ccbe-b6ca-4be8-82ff-b4eba2616879-Tesla_-_Princeton_169_new/campaign/processed_json/segments/9b1c0b60-a317-4614-b1d3-ac66ae257922/part_3/010765.json,,,0.988813044611233,89.04,82.2368421052632,80.5921052631579,25.9279778393352,100,77.07,0.951119876904596,0.915046080854394,
/media/vsi-dev/Lacie_2/mndot_workzone_project/Tesla/campaign_8348ccbe-b6ca-4be8-82ff-b4eba2616879-Tesla_-_Princeton_169_new/campaign/processed_json/segments/9b1c0b60-a317-4614-b1d3-ac66ae257922/part_3/010766.json,,,0.993409314468916,88.21,82.2368421052632,81.9078947368421,4.43213296398892,100,74.29,0.962856050909606,0.912551060306458,
/media/vsi-dev/Lacie_2/mndot_workzone_project/Tesla/campaign_8348ccbe-b6ca-4be8-82ff-b4eba2616879-Tesla_-_Princeton_169_new/campaign/processed_json/segments/9b1c0b60-a317-4614-b1d3-ac66ae257922/part_3/010767.json,,,0.993409314468916,89.25,82.8947368421053,82.5657894736842,20.7756232686981,100,77.09,0.954011502526228,0.913768885286673,
/media/vsi-dev/Lacie_2/mndot_workzone_project/Tesla/campaign_8348ccbe-b6ca-4be8-82ff-b4eba2616879-Tesla_-_Princeton_169_new/campaign/processed_json/segments/9b1c0b60-a317-4614-b1d3-ac66ae257922/part_3/010768.json,,,0.999800019998667,89.16,83.5526315789474,82.8947368421053,29.612188365651,100,78.3,0.944962898170444,0.839340620222165,
/media/vsi-dev/Lacie_2/mndot_workzone_project/Tesla/campaign_8348ccbe-b6ca-4be8-82ff-b4eba2616879-Tesla_-_Princeton_169_new/campaign/processed_json/segments/9b1c0b60-a317-4614-b1d3-ac66ae257922/part_3/010769.json,,,0.995012479192682,93.12,83.8815789473684,79.9342105263158,85.6786703601108,100,86.38,0.942445805237988,0.934499248431677,
/media/vsi-dev/Lacie_2/mndot_workzone_project/Tesla/campaign_8348ccbe-b6ca-4be8-82ff-b4eba2616879-Tesla_-_Princeton_169_new/campaign/processed_json/segments/9b1c0b60-a317-4614-b1d3-ac66ae257922/part_3/010770.json,,,0.990247863518234,88.75,82.8947368421053,80.2631578947369,19.8060941828255,95.180055401662,75.64,0.954625172184628,0.933790259853242,
/media/vsi-dev/Lacie_2/mndot_workzone_project/Tesla/campaign_8348ccbe-b6ca-4be8-82ff-b4eba2616879-Tesla_-_Princeton_169_new/campaign/processed_json/segments/9b1c0b60-a317-4614-b1d3-ac66ae257922/part_3/010771.json,,,0.99158560090355,88.93,84.2105263157895,83.8815789473684,16.3711911357341,100,77.1,0.952082610068429,0.890499375888787,
/media/vsi-dev/Lacie_2/mndot_workzone_project/Tesla/campaign_8348ccbe-b6ca-4be8-82ff-b4eba2616879-Tesla_-_Princeton_169_new/campaign/processed_json/segments/9b1c0b60-a317-4614-b1d3-ac66ae257922/part_3/010772.json,,,0.997191451372845,92.84,80.9210526315789,80.2631578947369,88.5041551246537,96.398891966759,85.47,0.943746957194588,0.932443951171942,
/media/vsi-dev/Lacie_2/mndot_workzone_project/Tesla/campaign_8348ccbe-b6ca-4be8-82ff-b4eba2616879-Tesla_-_Princeton_169_new/campaign/processed_json/segments/9b1c0b60-a317-4614-b1d3-ac66ae257922/part_3/010773.json,,,0.995497666030972,92.84,84.8684210526316,81.9078947368421,85.4016620498615,91.5789473684211,85.91,0.933198718949666,0.932621174480771,
/media/vsi-dev/Lacie_2/mndot_workzone_project/Tesla/campaign_8348ccbe-b6ca-4be8-82ff-b4eba2616879-Tesla_-_Princeton_169_new/campaign/processed_json/segments/9b1c0b60-a317-4614-b1d3-ac66ae257922/part_3/010774.json,,,0.994502665947899,89.99,84.5394736842105,82.5657894736842,30.1385041551246,97.8947368421053,78.7,0.950280170420789,0.923111045607439,
/media/vsi-dev/Lacie_2/mndot_workzone_project/Tesla/campaign_8348ccbe-b6ca-4be8-82ff-b4eba2616879-Tesla_-_Princeton_169_new/campaign/processed_json/segments/9b1c0b60-a317-4614-b1d3-ac66ae257922/part_3/010775.json,,,0.995497666030972,89.73,82.8947368421053,80.9210526315789,30.6925207756233,96.6204986149585,77.66,0.954916931973761,0.929426949144025,
/media/vsi-dev/Lacie_2/mndot_workzone_project/Tesla/campaign_8348ccbe-b6ca-4be8-82ff-b4eba2616879-Tesla_-_Princeton_169_new/campaign/processed_json/segments/9b1c0b60-a317-4614-b1d3-ac66ae257922/part_3/010776.json,,,0.994502665947899,90,82.5657894736842,80.9210526315789,36.2880886426593,96.2049861495845,78.36,0.958104355909925,0.929842542005708,
/media/vsi-dev/Lacie_2/mndot_workzone_project/Tesla/campaign_8348ccbe-b6ca-4be8-82ff-b4eba2616879-Tesla_-_Princeton_169_new/campaign/processed_json/segments/9b1c0b60-a317-4614-b1d3-ac66ae257922/part_3/010777.json,,,0.990928893001464,83.46,81.5789473684211,80.2631578947369,29.1412742382272,0,62.36,0.960541658092495,0.927250693459779,
/media/vsi-dev/Lacie_2/mndot_workzone_project/Tesla/campaign_8348ccbe-b6ca-4be8-82ff-b4eba2616879-Tesla_-_Princeton_169_new/campaign/processed_json/segments/9b1c0b60-a317-4614-b1d3-ac66ae257922/part_3/010778.json,,,0.990928893001464,89.83,83.8815789473684,80.5921052631579,28.1994459833795,100,78.06,0.959812962672502,0.937204567361291,
/media/vsi-dev/Lacie_2/mndot_workzone_project/Tesla/campaign_8348ccbe-b6ca-4be8-82ff-b4eba2616879-Tesla_-_Princeton_169_new/campaign/processed_json/segments/9b1c0b60-a317-4614-b1d3-ac66ae257922/part_3/010779.json,,,0.988059362042712,88.94,81.5789473684211,80.2631578947369,21.5235457063712,100,76.24,0.954804735607828,0.937813391554002,
/media/vsi-dev/Lacie_2/mndot_workzone_project/Tesla/campaign_8348ccbe-b6ca-4be8-82ff-b4eba2616879-Tesla_-_Princeton_169_new/campaign/processed_json/segments/9b1c0b60-a317-4614-b1d3-ac66ae257922/part_3/010780.json,,,0.982111925534364,87.96,82.8947368421053,79.9342105263158,13.3240997229917,93.2409972299169,74.31,0.956835264631577,0.938706759656947,
/media/vsi-dev/Lacie_2/mndot_workzone_project/Tesla/campaign_8348ccbe-b6ca-4be8-82ff-b4eba2616879-Tesla_-_Princeton_169_new/campaign/processed_json/segments/9b1c0b60-a317-4614-b1d3-ac66ae257922/part_3/010781.json,,,0.97715254792786,87.14,83.8815789473684,79.6052631578947,0,93.6565096952909,72.6,0.962176437917112,0.93917711910559,
/media/vsi-dev/Lacie_2/mndot_workzone_project/Tesla/campaign_8348ccbe-b6ca-4be8-82ff-b4eba2616879-Tesla_-_Princeton_169_new/campaign/processed_json/segments/9b1c0b60-a317-4614-b1d3-ac66ae257922/part_3/010782.json,,,0.981167097577432,88.66,84.8684210526316,80.5921052631579,24.016620498615,92.0775623268698,76.46,0.943627996198228,0.938813311891826,
/media/vsi-dev/Lacie_2/mndot_workzone_project/Tesla/campaign_8348ccbe-b6ca-4be8-82ff-b4eba2616879-Tesla_-_Princeton_169_new/campaign/processed_json/segments/9b1c0b60-a317-4614-b1d3-ac66ae257922/part_3/010783.json,,,0.973896737455057,87.57,82.2368421052632,80.2631578947369,13.213296398892,95.983379501385,74.53,0.949274694305252,0.931294069310135,
/media/vsi-dev/Lacie_2/mndot_workzone_project/Tesla/campaign_8348ccbe-b6ca-4be8-82ff-b4eba2616879-Tesla_-_Princeton_169_new/campaign/processed_json/segments/9b1c0b60-a317-4614-b1d3-ac66ae257922/part_3/010784.json,,,0.972765240307908,82.27,82.8947368421053,79.6052631578947,21.4958448753463,0,61.38,0.943805244212511,0.936872701962054,
/media/vsi-dev/Lacie_2/mndot_workzone_project/Tesla/campaign_8348ccbe-b6ca-4be8-82ff-b4eba2616879-Tesla_-_Princeton_169_new/campaign/processed_json/segments/9b1c0b60-a317-4614-b1d3-ac66ae257922/part_3/010785.json,,,0.978191324262237,91.65,82.2368421052632,79.9342105263158,80.7479224376731,96.2326869806094,84.55,0.938435933983774,0.931596277633279,
/media/vsi-dev/Lacie_2/mndot_workzone_project/Tesla/campaign_8348ccbe-b6ca-4be8-82ff-b4eba2616879-Tesla_-_Princeton_169_new/campaign/processed_json/segments/9b1c0b60-a317-4614-b1d3-ac66ae257922/part_3/010786.json,,,0.972765240307908,91.06,82.2368421052632,79.2763157894737,77.8116343490305,92.8254847645429,83.44,0.937723816776308,0.939668938818856,
/media/vsi-dev/Lacie_2/mndot_workzone_project/Tesla/campaign_8348ccbe-b6ca-4be8-82ff-b4eba2616879-Tesla_-_Princeton_169_new/campaign/processed_json/segments/9b1c0b60-a317-4614-b1d3-ac66ae257922/part_3/010787.json,,,0.969120740804232,87.12,81.5789473684211,79.6052631578947,15.983379501385,91.6343490304709,73.9,0.941516088797495,0.938245775620828,
/media/vsi-dev/Lacie_2/mndot_workzone_project/Tesla/campaign_8348ccbe-b6ca-4be8-82ff-b4eba2616879-Tesla_-_Princeton_169_new/campaign/processed_json/segments/9b1c0b60-a317-4614-b1d3-ac66ae257922/part_3/010788.json,,,0.969233234476344,87.14,81.5789473684211,79.6052631578947,14.9861495844875,91.1080332409972,73.71,0.949967217961019,0.938991172806268,
/media/vsi-dev/Lacie_2/mndot_workzone_project/Tesla/campaign_8348ccbe-b6ca-4be8-82ff-b4eba2616879-Tesla_-_Princeton_169_new/campaign/processed_json/segments/9b1c0b60-a317-4614-b1d3-ac66ae257922/part_3/010789.json,,,0.970433403055154,87.52,81.5789473684211,79.6052631578947,20.0554016620499,91.7451523545706,74.56,0.948992692868444,0.938555638535747,
/media/vsi-dev/Lacie_2/mndot_workzone_project/Tesla/campaign_8348ccbe-b6ca-4be8-82ff-b4eba2616879-Tesla_-_Princeton_169_new/campaign/processed_json/segments/9b1c0b60-a317-4614-b1d3-ac66ae257922/part_3/010790.json,,,0.969233234476344,87.91,80.9210526315789,79.2763157894737,29.2243767313019,92.1883656509695,75.7,0.947575820161163,0.938425096968164,
/media/vsi-dev/Lacie_2/mndot_workzone_project/Tesla/campaign_8348ccbe-b6ca-4be8-82ff-b4eba2616879-Tesla_-_Princeton_169_new/campaign/processed_json/segments/9b1c0b60-a317-4614-b1d3-ac66ae257922/part_3/010791.json,,,0.972765240307908,91,80.2631578947369,78.9473684210526,80.415512465374,93.9335180055402,83.3,0.939426253746851,0.937552049738079,
/media/vsi-dev/Lacie_2/mndot_workzone_project/Tesla/campaign_8348ccbe-b6ca-4be8-82ff-b4eba2616879-Tesla_-_Princeton_169_new/campaign/processed_json/segments/9b1c0b60-a317-4614-b1d3-ac66ae257922/part_3/010792.json,,,0.968920783299383,86.8,83.5526315789474,78.9473684210526,7.81163434903047,94.2936288088643,73.41,0.935614278047036,0.932280435802745,
/media/vsi-dev/Lacie_2/mndot_workzone_project/Tesla/campaign_8348ccbe-b6ca-4be8-82ff-b4eba2616879-Tesla_-_Princeton_169_new/campaign/processed_json/segments/9b1c0b60-a317-4614-b1d3-ac66ae257922/part_3/010793.json,,,0.978191324262237,85.82,80.9210526315789,81.5789473684211,77.8670360110803,0,69.81,0.941368912836678,0.935222405745105,
/media/vsi-dev/Lacie_2/mndot_workzone_project/Tesla/campaign_8348ccbe-b6ca-4be8-82ff-b4eba2616879-Tesla_-_Princeton_169_new/campaign/processed_json/segments/9b1c0b60-a317-4614-b1d3-ac66ae257922/part_3/010794.json,,,0.981167097577432,91.44,79.9342105263158,78.9473684210526,84.0720221606648,92.3545706371191,83.52,0.941304594470336,0.936827511919531,
/media/vsi-dev/Lacie_2/mndot_workzone_project/Tesla/campaign_8348ccbe-b6ca-4be8-82ff-b4eba2616879-Tesla_-_Princeton_169_new/campaign/processed_json/segments/9b1c0b60-a317-4614-b1d3-ac66ae257922/part_3/010795.json,,,0.975005175298418,87.5,80.2631578947369,78.9473684210526,20,92.0498614958449,74.02,0.95126133253786,0.937867040462055,
/media/vsi-dev/Lacie_2/mndot_workzone_project/Tesla/campaign_8348ccbe-b6ca-4be8-82ff-b4eba2616879-Tesla_-_Princeton_169_new/campaign/processed_json/segments/9b1c0b60-a317-4614-b1d3-ac66ae257922/part_3/010796.json,,,0.985653900195345,91.63,80.2631578947369,78.9473684210526,84.016620498615,91.8005540166205,83.53,0.94233795174005,0.936856869016859,
/media/vsi-dev/Lacie_2/mndot_workzone_project/Tesla/campaign_8348ccbe-b6ca-4be8-82ff-b4eba2616879-Tesla_-_Princeton_169_new/campaign/processed_json/segments/9b1c0b60-a317-4614-b1d3-ac66ae257922/part_3/010797.json,,,0.97715254792786,87.68,82.5657894736842,78.6184210526316,18.6703601108033,90.9972299168975,74.25,0.951741262707964,0.937624671571147,
/media/vsi-dev/Lacie_2/mndot_workzone_project/Tesla/campaign_8348ccbe-b6ca-4be8-82ff-b4eba2616879-Tesla_-_Princeton_169_new/campaign/processed_json/segments/9b1c0b60-a317-4614-b1d3-ac66ae257922/part_3/010798.json,,,0.972765240307908,82.72,82.2368421052632,78.6184210526316,32.1329639889197,0,62.49,0.943331206923286,0.938438355497328,
/media/vsi-dev/Lacie_2/mndot_workzone_project/Tesla/campaign_8348ccbe-b6ca-4be8-82ff-b4eba2616879-Tesla_-_Princeton_169_new/campaign/processed_json/segments/9b1c0b60-a317-4614-b1d3-ac66ae257922/part_3/010799.json,,,0.969233234476344,87.12,82.2368421052632,77.3026315789474,18.2548476454294,90.8587257617728,73.67,0.950520023296284,0.938102825818457,
/media/vsi-dev/Lacie_2/mndot_workzone_project/Tesla/campaign_8348ccbe-b6ca-4be8-82ff-b4eba2616879-Tesla_-_Princeton_169_new/campaign/processed_json/segments/9b1c0b60-a317-4614-b1d3-ac66ae257922/part_3/010800.json,,,0.973896737455057,82.39,80.2631578947369,78.6184210526316,28.1994459833795,0,61.34,0.95211207192684,0.937854921679619,
/media/vsi-dev/Lacie_2/mndot_workzone_project/Tesla/campaign_8348ccbe-b6ca-4be8-82ff-b4eba2616879-Tesla_-_Princeton_169_new/campaign/processed_json/segments/9b1c0b60-a317-4614-b1d3-ac66ae257922/part_3/010801.json,,,0.982111925534364,91.76,82.2368421052632,78.9473684210526,85.4293628808864,91.8559556786704,84.32,0.938245769033197,0.936718903459949,
/media/vsi-dev/Lacie_2/mndot_workzone_project/Tesla/campaign_8348ccbe-b6ca-4be8-82ff-b4eba2616879-Tesla_-_Princeton_169_new/campaign/processed_json/segments/9b1c0b60-a317-4614-b1d3-ac66ae257922/part_3/010802.json,,,0.973896737455057,88.19,82.2368421052632,78.2894736842105,29.9168975069252,94.4875346260388,76.2,0.940710599932228,0.935168670350053,
/media/vsi-dev/Lacie_2/mndot_workzone_project/Tesla/campaign_8348ccbe-b6ca-4be8-82ff-b4eba2616879-Tesla_-_Princeton_169_new/campaign/processed_json/segments/9b1c0b60-a317-4614-b1d3-ac66ae257922/part_3/010803.json,,,0.972765240307908,88.02,81.5789473684211,80.5921052631579,17.9778393351801,100,75.75,0.946659000689749,0.934634319660701,
/media/vsi-dev/Lacie_2/mndot_workzone_project/Tesla/campaign_8348ccbe-b6ca-4be8-82ff-b4eba2616879-Tesla_-_Princeton_169_new/campaign/processed_json/segments/9b1c0b60-a317-4614-b1d3-ac66ae257922/part_3/010804.json,,,0.969220734554469,88.04,82.8947368421053,77.9605263157895,29.1135734072022,95.3185595567867,76.3,0.939566115790446,0.935986298238809,
/media/vsi-dev/Lacie_2/mndot_workzone_project/Tesla/campaign_8348ccbe-b6ca-4be8-82ff-b4eba2616879-Tesla_-_Princeton_169_new/campaign/processed_json/segments/9b1c0b60-a317-4614-b1d3-ac66ae257922/part_3/010805.json,,,0.968620922016178,85.5,83.8815789473684,79.6052631578947,82.7146814404432,0,70.69,0.911602153060545,0.936333663709645,
/media/vsi-dev/Lacie_2/mndot_workzone_project/Tesla/campaign_8348ccbe-b6ca-4be8-82ff-b4eba2616879-Tesla_-_Princeton_169_new/campaign/processed_json/segments/9b1c0b60-a317-4614-b1d3-ac66ae257922/part_3/010806.json,,,0.967721877728007,81.65,82.2368421052632,77.6315789473684,21.8559556786704,0,60.59,0.934159804101157,0.93641084416666,
/media/vsi-dev/Lacie_2/mndot_workzone_project/Tesla/campaign_8348ccbe-b6ca-4be8-82ff-b4eba2616879-Tesla_-_Princeton_169_new/campaign/processed_json/segments/9b1c0b60-a317-4614-b1d3-ac66ae257922/part_3/010807.json,,,0.966786233276824,81.75,83.8815789473684,79.6052631578947,20.1108033240997,0,61.34,0.925890271191039,0.928728678674098,
/media/vsi-dev/Lacie_2/mndot_workzone_project/Tesla/campaign_8348ccbe-b6ca-4be8-82ff-b4eba2616879-Tesla_-_Princeton_169_new/campaign/processed_json/segments/9b1c0b60-a317-4614-b1d3-ac66ae257922/part_3/010808.json,,,0.970433403055154,91.05,81.5789473684211,77.9605263157895,85.2631578947368,91.218836565097,83.71,0.93878897021225,0.935939478784661,
/media/vsi-dev/Lacie_2/mndot_workzone_project/Tesla/campaign_8348ccbe-b6ca-4be8-82ff-b4eba2616879-Tesla_-_Princeton_169_new/campaign/processed_json/segments/9b1c0b60-a317-4614-b1d3-ac66ae257922/part_3/010809.json,,,0.970433403055154,90.97,83.8815789473684,79.6052631578947,84.1274238227147,89.8614958448754,84.35,0.906090378655783,0.935193413699899,
/media/vsi-dev/Lacie_2/mndot_workzone_project/Tesla/campaign_8348ccbe-b6ca-4be8-82ff-b4eba2616879-Tesla_-_Princeton_169_new/campaign/processed_json/segments/9b1c0b60-a317-4614-b1d3-ac66ae257922/part_3/010810.json,,,0.970433403055154,91.19,82.8947368421053,78.9473684210526,84.8753462603878,89.5567867036011,84.09,0.937688958535681,0.936183890222711,
/media/vsi-dev/Lacie_2/mndot_workzone_project/Tesla/campaign_8348ccbe-b6ca-4be8-82ff-b4eba2616879-Tesla_-_Princeton_169_new/campaign/processed_json/segments/9b1c0b60-a317-4614-b1d3-ac66ae257922/part_3/010811.json,,,0.969033254475011,85.05,81.9078947368421,70.0657894736842,87.0083102493075,0,68.16,0.937549333038925,0.965014400448906,
/media/vsi-dev/Lacie_2/mndot_workzone_project/Tesla/campaign_8348ccbe-b6ca-4be8-82ff-b4eba2616879-Tesla_-_Princeton_169_new/campaign/processed_json/segments/9b1c0b60-a317-4614-b1d3-ac66ae257922/part_3/010812.json,,,0.969120740804232,91.12,83.5526315789474,77.9605263157895,87.6731301939058,90.7756232686981,84.5,0.918482294638069,0.936632535431448,
/media/vsi-dev/Lacie_2/mndot_workzone_project/Tesla/campaign_8348ccbe-b6ca-4be8-82ff-b4eba2616879-Tesla_-_Princeton_169_new/campaign/processed_json/segments/9b1c0b60-a317-4614-b1d3-ac66ae257922/part_3/010813.json,,,0.969120740804232,87.37,82.2368421052632,79.2763157894737,20.5263157894737,88.9196675900277,74.31,0.951744557429435,0.93634272484839,
/media/vsi-dev/Lacie_2/mndot_workzone_project/Tesla/campaign_8348ccbe-b6ca-4be8-82ff-b4eba2616879-Tesla_-_Princeton_169_new/campaign/processed_json/segments/9b1c0b60-a317-4614-b1d3-ac66ae257922/part_3/010814.json,,,0.968920783299383,87.82,82.2368421052632,78.9473684210526,28.6703601108033,89.4182825484765,75.5,0.950157110321455,0.936495207030514,
/media/vsi-dev/Lacie_2/mndot_workzone_project/Tesla/campaign_8348ccbe-b6ca-4be8-82ff-b4eba2616879-Tesla_-_Princeton_169_new/campaign/processed_json/segments/9b1c0b60-a317-4614-b1d3-ac66ae257922/part_3/010815.json,,,0.968433554391028,87.47,83.5526315789474,78.2894736842105,25.6786703601108,87.7285318559557,74.94,0.938493250747956,0.936955921524721,
/media/vsi-dev/Lacie_2/mndot_workzone_project/Tesla/campaign_8348ccbe-b6ca-4be8-82ff-b4eba2616879-Tesla_-_Princeton_169_new/campaign/processed_json/segments/9b1c0b60-a317-4614-b1d3-ac66ae257922/part_3/010816.json,,,0.972765240307908,87.89,82.8947368421053,79.6052631578947,27.7008310249307,89.0858725761773,75.63,0.936209727484096,0.936380686428137,
/media/vsi-dev/Lacie_2/mndot_workzone_project/Tesla/campaign_8348ccbe-b6ca-4be8-82ff-b4eba2616879-Tesla_-_Princeton_169_new/campaign/processed_json/segments/9b1c0b60-a317-4614-b1d3-ac66ae257922/part_3/010817.json,,,0.969220734554469,91.25,83.8815789473684,77.9605263157895,86.4819944598338,90.6094182825485,84.46,0.932811905133909,0.936640538238716,
/media/vsi-dev/Lacie_2/mndot_workzone_project/Tesla/campaign_8348ccbe-b6ca-4be8-82ff-b4eba2616879-Tesla_-_Princeton_169_new/campaign/processed_json/segments/9b1c0b60-a317-4614-b1d3-ac66ae257922/part_3/010818.json,,,0.969120740804232,90.83,82.8947368421053,78.2894736842105,84.4875346260388,86.3157894736842,83.34,0.935706574038418,0.937391161277646,
/media/vsi-dev/Lacie_2/mndot_workzone_project/Tesla/campaign_8348ccbe-b6ca-4be8-82ff-b4eba2616879-Tesla_-_Princeton_169_new/campaign/processed_json/segments/9b1c0b60-a317-4614-b1d3-ac66ae257922/part_3/010819.json,,,0.969220734554469,91.13,82.8947368421053,78.2894736842105,85.6509695290859,90.2216066481995,84.1,0.936037840032477,0.936298473807616,
/media/vsi-dev/Lacie_2/mndot_workzone_project/Tesla/campaign_8348ccbe-b6ca-4be8-82ff-b4eba2616879-Tesla_-_Princeton_169_new/campaign/processed_json/segments/9b1c0b60-a317-4614-b1d3-ac66ae257922/part_3/010820.json,,,0.968620922016178,87.13,82.8947368421053,78.6184210526316,17.0360110803324,90.7756232686981,74.01,0.942110189947414,0.935747295888086,
/media/vsi-dev/Lacie_2/mndot_workzone_project/Tesla/campaign_8348ccbe-b6ca-4be8-82ff-b4eba2616879-Tesla_-_Princeton_169_new/campaign/processed_json/segments/9b1c0b60-a317-4614-b1d3-ac66ae257922/part_3/010821.json,,,0.968920783299383,87.14,82.2368421052632,78.6184210526316,18.393351800554,89.7783933518006,73.9,0.946428612452584,0.936143545898224,
/media/vsi-dev/Lacie_2/mndot_workzone_project/Tesla/campaign_8348ccbe-b6ca-4be8-82ff-b4eba2616879-Tesla_-_Princeton_169_new/campaign/processed_json/segments/9b1c0b60-a317-4614-b1d3-ac66ae257922/part_3/010822.json,,,0.969120740804232,87.75,82.8947368421053,79.2763157894737,20.0831024930748,96.7036011080332,75.55,0.943326653876805,0.933603868467592,
/media/vsi-dev/Lacie_2/mndot_workzone_project/Tesla/campaign_8348ccbe-b6ca-4be8-82ff-b4eba2616879-Tesla_-_Princeton_169_new/campaign/processed_json/segments/9b1c0b60-a317-4614-b1d3-ac66ae257922/part_3/010823.json,,,0.968920783299383,87.77,82.5657894736842,78.6184210526316,28.8365650969529,90.1385041551247,75.59,0.941402727231,0.93676365598694,
/media/vsi-dev/Lacie_2/mndot_workzone_project/Tesla/campaign_8348ccbe-b6ca-4be8-82ff-b4eba2616879-Tesla_-_Princeton_169_new/campaign/processed_json/segments/9b1c0b60-a317-4614-b1d3-ac66ae257922/part_3/010824.json,,,0.968433554391028,87.72,83.8815789473684,78.9473684210526,28.1717451523546,88.1440443213296,75.66,0.934652983526867,0.9374345431488,
/media/vsi-dev/Lacie_2/mndot_workzone_project/Tesla/campaign_8348ccbe-b6ca-4be8-82ff-b4eba2616879-Tesla_-_Princeton_169_new/campaign/processed_json/segments/9b1c0b60-a317-4614-b1d3-ac66ae257922/part_3/010825.json,,,0.972765240307908,91.12,83.8815789473684,78.9473684210526,81.2465373961219,88.3379501385042,83.66,0.93746566767745,0.936983887523515,
/media/vsi-dev/Lacie_2/mndot_workzone_project/Tesla/campaign_8348ccbe-b6ca-4be8-82ff-b4eba2616879-Tesla_-_Princeton_169_new/campaign/processed_json/segments/9b1c0b60-a317-4614-b1d3-ac66ae257922/part_3/010826.json,,,0.972765240307908,90.89,83.8815789473684,78.6184210526316,78.3379501385042,87.2576177285319,82.98,0.940987593509546,0.937417184622774,
/media/vsi-dev/Lacie_2/mndot_workzone_project/Tesla/campaign_8348ccbe-b6ca-4be8-82ff-b4eba2616879-Tesla_-_Princeton_169_new/campaign/processed_json/segments/9b1c0b60-a317-4614-b1d3-ac66ae257922/part_3/010827.json,,,0.975005175298418,88.09,81.5789473684211,78.9473684210526,34.6814404432133,86.0387811634349,75.68,0.944259474481476,0.937879427577775,
/media/vsi-dev/Lacie_2/mndot_workzone_project/Tesla/campaign_8348ccbe-b6ca-4be8-82ff-b4eba2616879-Tesla_-_Princeton_169_new/campaign/processed_json/segments/9b1c0b60-a317-4614-b1d3-ac66ae257922/part_3/010828.json,,,0.981167097577432,88.35,83.8815789473684,79.6052631578947,27.0637119113573,87.3130193905817,75.63,0.948271638367509,0.937083903853266,
/media/vsi-dev/Lacie_2/mndot_workzone_project/Tesla/campaign_8348ccbe-b6ca-4be8-82ff-b4eba2616879-Tesla_-_Princeton_169_new/campaign/processed_json/segments/9b1c0b60-a317-4614-b1d3-ac66ae257922/part_3/010829.json,,,0.988059362042712,92.23,83.8815789473684,80.2631578947369,87.1745152354571,87.3407202216066,84.81,0.940619807738304,0.937254288822632,
/media/vsi-dev/Lacie_2/mndot_workzone_project/Tesla/campaign_8348ccbe-b6ca-4be8-82ff-b4eba2616879-Tesla_-_Princeton_169_new/campaign/processed_json/segments/9b1c0b60-a317-4614-b1d3-ac66ae257922/part_3/010830.json,,,0.990247863518234,92.32,84.2105263157895,79.6052631578947,87.617728531856,88.2271468144044,84.9,0.938713893263589,0.936514829409497,
/media/vsi-dev/Lacie_2/mndot_workzone_project/Tesla/campaign_8348ccbe-b6ca-4be8-82ff-b4eba2616879-Tesla_-_Princeton_169_new/campaign/processed_json/segments/9b1c0b60-a317-4614-b1d3-ac66ae257922/part_3/010831.json,,,0.983930514272508,88.39,83.5526315789474,79.6052631578947,23.8781163434903,89.8614958448754,75.44,0.949384063576572,0.936206836117635,
/media/vsi-dev/Lacie_2/mndot_workzone_project/Tesla/campaign_8348ccbe-b6ca-4be8-82ff-b4eba2616879-Tesla_-_Princeton_169_new/campaign/processed_json/segments/9b1c0b60-a317-4614-b1d3-ac66ae257922/part_3/010832.json,,,0.984804140218096,88.76,83.8815789473684,79.9342105263158,27.5346260387812,90.5540166204986,76.28,0.950568603429532,0.934746536418069,
/media/vsi-dev/Lacie_2/mndot_workzone_project/Tesla/campaign_8348ccbe-b6ca-4be8-82ff-b4eba2616879-Tesla_-_Princeton_169_new/campaign/processed_json/segments/9b1c0b60-a317-4614-b1d3-ac66ae257922/part_3/010833.json,,,0.984804140218096,88.07,83.8815789473684,82.2368421052632,10.6371191135734,91.9667590027701,74.64,0.951876752712949,0.930805875094302,
/media/vsi-dev/Lacie_2/mndot_workzone_project/Tesla/campaign_8348ccbe-b6ca-4be8-82ff-b4eba2616879-Tesla_-_Princeton_169_new/campaign/processed_json/segments/9b1c0b60-a317-4614-b1d3-ac66ae257922/part_3/010834.json,,,0.984804140218096,88.9,83.8815789473684,80.5921052631579,27.4792243767313,92.9362880886427,76.8,0.943905757060725,0.935128345482695,
/media/vsi-dev/Lacie_2/mndot_workzone_project/Tesla/campaign_8348ccbe-b6ca-4be8-82ff-b4eba2616879-Tesla_-_Princeton_169_new/campaign/processed_json/segments/9b1c0b60-a317-4614-b1d3-ac66ae257922/part_3/010835.json,,,0.968433554391028,81.78,82.2368421052632,73.0263157894737,16.8975069252078,6.42659279778393,59.67,0.954956332014394,0.962734243445432,
/media/vsi-dev/Lacie_2/mndot_workzone_project/Tesla/campaign_8348ccbe-b6ca-4be8-82ff-b4eba2616879-Tesla_-_Princeton_169_new/campaign/processed_json/segments/9b1c0b60-a317-4614-b1d3-ac66ae257922/part_3/010836.json,,,0.983930514272508,88.33,84.2105263157895,79.6052631578947,12.5484764542936,100,75.43,0.951859020088721,0.928571191125016,
/media/vsi-dev/Lacie_2/mndot_workzone_project/Tesla/campaign_8348ccbe-b6ca-4be8-82ff-b4eba2616879-Tesla_-_Princeton_169_new/campaign/processed_json/segments/9b1c0b60-a317-4614-b1d3-ac66ae257922/part_3/010837.json,,,0.975005175298418,82.03,83.8815789473684,71.3815789473684,24.792243767313,0,59.84,0.949514696606057,0.959495465189058,
/media/vsi-dev/Lacie_2/mndot_workzone_project/Tesla/campaign_8348ccbe-b6ca-4be8-82ff-b4eba2616879-Tesla_-_Princeton_169_new/campaign/processed_json/segments/9b1c0b60-a317-4614-b1d3-ac66ae257922/part_3/010838.json,,,0.984804140218096,88.46,83.5526315789474,79.6052631578947,19.1689750692521,94.1274238227147,75.4,0.953376965024504,0.937892649975405,
/media/vsi-dev/Lacie_2/mndot_workzone_project/Tesla/campaign_8348ccbe-b6ca-4be8-82ff-b4eba2616879-Tesla_-_Princeton_169_new/campaign/processed_json/segments/9b1c0b60-a317-4614-b1d3-ac66ae257922/part_3/010839.json,,,0.985653900195345,88.09,83.8815789473684,78.2894736842105,16.3434903047091,92.5207756232687,74.43,0.951483751478268,0.937883085730079,
/media/vsi-dev/Lacie_2/mndot_workzone_project/Tesla/campaign_8348ccbe-b6ca-4be8-82ff-b4eba2616879-Tesla_-_Princeton_169_new/campaign/processed_json/segments/9b1c0b60-a317-4614-b1d3-ac66ae257922/part_3/010840.json,,,0.973896737455057,85.03,83.8815789473684,80.5921052631579,12.2437673130194,51.3850415512465,68.27,0.943982120338315,0.932327791887472,
/media/vsi-dev/Lacie_2/mndot_workzone_project/Tesla/campaign_8348ccbe-b6ca-4be8-82ff-b4eba2616879-Tesla_-_Princeton_169_new/campaign/processed_json/segments/9b1c0b60-a317-4614-b1d3-ac66ae257922/part_3/010841.json,,,0.982111925534364,87.62,81.5789473684211,78.2894736842105,15.9556786703601,91.994459833795,73.6,0.953093937893563,0.936648188205847,
/media/vsi-dev/Lacie_2/mndot_workzone_project/Tesla/campaign_8348ccbe-b6ca-4be8-82ff-b4eba2616879-Tesla_-_Princeton_169_new/campaign/processed_json/segments/9b1c0b60-a317-4614-b1d3-ac66ae257922/part_3/010842.json,,,0.973896737455057,87.53,81.5789473684211,78.2894736842105,20.2493074792244,92.8254847645429,74.34,0.947054612671256,0.936772582170148,
/media/vsi-dev/Lacie_2/mndot_workzone_project/Tesla/campaign_8348ccbe-b6ca-4be8-82ff-b4eba2616879-Tesla_-_Princeton_169_new/campaign/processed_json/segments/9b1c0b60-a317-4614-b1d3-ac66ae257922/part_3/010843.json,,,0.973896737455057,88.06,82.5657894736842,77.9605263157895,28.8365650969529,92.3545706371191,75.74,0.944046824956898,0.936634553034686,
/media/vsi-dev/Lacie_2/mndot_workzone_project/Tesla/campaign_8348ccbe-b6ca-4be8-82ff-b4eba2616879-Tesla_-_Princeton_169_new/campaign/processed_json/segments/9b1c0b60-a317-4614-b1d3-ac66ae257922/part_3/010844.json,,,0.983930514272508,91.85,82.5657894736842,78.6184210526316,85.1523545706371,91.9390581717451,84.31,0.940549084717967,0.93681224257127,
/media/vsi-dev/Lacie_2/mndot_workzone_project/Tesla/campaign_8348ccbe-b6ca-4be8-82ff-b4eba2616879-Tesla_-_Princeton_169_new/campaign/processed_json/segments/9b1c0b60-a317-4614-b1d3-ac66ae257922/part_3/010845.json,,,0.982111925534364,88.16,82.8947368421053,78.6184210526316,23.8227146814404,90.8864265927978,75.08,0.947566514983263,0.937046169878639,
/media/vsi-dev/Lacie_2/mndot_workzone_project/Tesla/campaign_8348ccbe-b6ca-4be8-82ff-b4eba2616879-Tesla_-_Princeton_169_new/campaign/processed_json/segments/9b1c0b60-a317-4614-b1d3-ac66ae257922/part_3/010846.json,,,0.985653900195345,92.01,83.8815789473684,77.9605263157895,86.6481994459834,90.4432132963989,84.51,0.941099396723607,0.937014606079257,
/media/vsi-dev/Lacie_2/mndot_workzone_project/Tesla/campaign_8348ccbe-b6ca-4be8-82ff-b4eba2616879-Tesla_-_Princeton_169_new/campaign/processed_json/segments/9b1c0b60-a317-4614-b1d3-ac66ae257922/part_3/010847.json,,,0.982111925534364,88.57,82.8947368421053,77.9605263157895,31.0803324099723,92.2160664819945,76.16,0.945609796656641,0.93608623360055,
/media/vsi-dev/Lacie_2/mndot_workzone_project/Tesla/campaign_8348ccbe-b6ca-4be8-82ff-b4eba2616879-Tesla_-_Princeton_169_new/campaign/processed_json/segments/9b1c0b60-a317-4614-b1d3-ac66ae257922/part_3/010848.json,,,0.98728157159029,92.01,82.5657894736842,77.3026315789474,88.1163434903047,91.4681440443213,84.3,0.942736294392524,0.937153312032292,
/media/vsi-dev/Lacie_2/mndot_workzone_project/Tesla/campaign_8348ccbe-b6ca-4be8-82ff-b4eba2616879-Tesla_-_Princeton_169_new/campaign/processed_json/segments/9b1c0b60-a317-4614-b1d3-ac66ae257922/part_3/010849.json,,,0.981167097577432,91.84,82.8947368421053,78.2894736842105,87.6454293628809,90.7202216066482,84.51,0.943048297789066,0.936313016550649,
/media/vsi-dev/Lacie_2/mndot_workzone_project/Tesla/campaign_8348ccbe-b6ca-4be8-82ff-b4eba2616879-Tesla_-_Princeton_169_new/campaign/processed_json/segments/9b1c0b60-a317-4614-b1d3-ac66ae257922/part_3/010850.json,,,0.97715254792786,88.96,83.5526315789474,77.9605263157895,38.3656509695291,92.2160664819945,77.48,0.952989540621171,0.935590116083857,
/media/vsi-dev/Lacie_2/mndot_workzone_project/Tesla/campaign_8348ccbe-b6ca-4be8-82ff-b4eba2616879-Tesla_-_Princeton_169_new/campaign/processed_json/segments/9b1c0b60-a317-4614-b1d3-ac66ae257922/part_3/010851.json,,,0.982111925534364,91.83,83.8815789473684,76.9736842105263,86.1772853185596,92.382271468144,84.43,0.942017243055363,0.935518683819316,
/media/vsi-dev/Lacie_2/mndot_workzone_project/Tesla/campaign_8348ccbe-b6ca-4be8-82ff-b4eba2616879-Tesla_-_Princeton_169_new/campaign/processed_json/segments/9b1c0b60-a317-4614-b1d3-ac66ae257922/part_3/010852.json,,,0.984804140218096,89.71,84.2105263157895,78.2894736842105,45.6232686980609,92.5207756232687,78.86,0.941876253807232,0.935547285797894,
/media/vsi-dev/Lacie_2/mndot_workzone_project/Tesla/campaign_8348ccbe-b6ca-4be8-82ff-b4eba2616879-Tesla_-_Princeton_169_new/campaign/processed_json/segments/9b1c0b60-a317-4614-b1d3-ac66ae257922/part_3/010853.json,,,0.988813044611233,89.97,83.5526315789474,77.6315789473684,47.5069252077562,92.3545706371191,78.79,0.956011655992356,0.934559296275958,
/media/vsi-dev/Lacie_2/mndot_workzone_project/Tesla/campaign_8348ccbe-b6ca-4be8-82ff-b4eba2616879-Tesla_-_Princeton_169_new/campaign/processed_json/segments/9b1c0b60-a317-4614-b1d3-ac66ae257922/part_3/010854.json,,,0.982111925534364,88.17,84.2105263157895,77.6315789473684,21.2465373961219,93.3518005540166,75.15,0.948345471266655,0.934056560045103,
/media/vsi-dev/Lacie_2/mndot_workzone_project/Tesla/campaign_8348ccbe-b6ca-4be8-82ff-b4eba2616879-Tesla_-_Princeton_169_new/campaign/processed_json/segments/9b1c0b60-a317-4614-b1d3-ac66ae257922/part_3/010855.json,,,0.981167097577432,88.61,83.8815789473684,77.9605263157895,29.3351800554017,92.5761772853186,76.27,0.950110191853264,0.93523000936773,
/media/vsi-dev/Lacie_2/mndot_workzone_project/Tesla/campaign_8348ccbe-b6ca-4be8-82ff-b4eba2616879-Tesla_-_Princeton_169_new/campaign/processed_json/segments/9b1c0b60-a317-4614-b1d3-ac66ae257922/part_3/010856.json,,,0.985653900195345,91.82,82.5657894736842,77.6315789473684,85.983379501385,91.1080332409972,84.02,0.942150581268205,0.936324472890579,
/media/vsi-dev/Lacie_2/mndot_workzone_project/Tesla/campaign_8348ccbe-b6ca-4be8-82ff-b4eba2616879-Tesla_-_Princeton_169_new/campaign/processed_json/segments/9b1c0b60-a317-4614-b1d3-ac66ae257922/part_3/010857.json,,,0.973896737455057,87.74,82.8947368421053,77.6315789473684,21.3573407202216,91.6343490304709,74.58,0.957656109813364,0.937295710407774,
/media/vsi-dev/Lacie_2/mndot_workzone_project/Tesla/campaign_8348ccbe-b6ca-4be8-82ff-b4eba2616879-Tesla_-_Princeton_169_new/campaign/processed_json/segments/9b1c0b60-a317-4614-b1d3-ac66ae257922/part_3/010858.json,,,0.981167097577432,87.04,82.8947368421053,77.6315789473684,6.17728531855956,89.6398891966759,72.02,0.96032896186786,0.938409837375267,
/media/vsi-dev/Lacie_2/mndot_workzone_project/Tesla/campaign_8348ccbe-b6ca-4be8-82ff-b4eba2616879-Tesla_-_Princeton_169_new/campaign/processed_json/segments/9b1c0b60-a317-4614-b1d3-ac66ae257922/part_3/010859.json,,,0.969233234476344,87.52,83.8815789473684,77.3026315789474,22.9362880886427,90.2493074792244,74.76,0.946540256224154,0.938270727389164,
/media/vsi-dev/Lacie_2/mndot_workzone_project/Tesla/campaign_8348ccbe-b6ca-4be8-82ff-b4eba2616879-Tesla_-_Princeton_169_new/campaign/processed_json/segments/9b1c0b60-a317-4614-b1d3-ac66ae257922/part_3/010860.json,,,0.969220734554469,90.68,82.8947368421053,76.6447368421053,79.3628808864266,91.1634349030471,82.83,0.940755008790326,0.937381767273811,
/media/vsi-dev/Lacie_2/mndot_workzone_project/Tesla/campaign_8348ccbe-b6ca-4be8-82ff-b4eba2616879-Tesla_-_Princeton_169_new/campaign/processed_json/segments/9b1c0b60-a317-4614-b1d3-ac66ae257922/part_3/010861.json,,,0.966786233276824,87.72,83.8815789473684,79.6052631578947,21.2465373961219,93.5734072022161,75.66,0.942676439454878,0.93543164875052,
/media/vsi-dev/Lacie_2/mndot_workzone_project/Tesla/campaign_8348ccbe-b6ca-4be8-82ff-b4eba2616879-Tesla_-_Princeton_169_new/campaign/processed_json/segments/9b1c0b60-a317-4614-b1d3-ac66ae257922/part_3/010862.json,,,0.967721877728007,87.92,83.8815789473684,79.9342105263158,24.3490304709141,92.797783933518,76.1,0.942603811213418,0.934729617568268,
/media/vsi-dev/Lacie_2/mndot_workzone_project/Tesla/campaign_8348ccbe-b6ca-4be8-82ff-b4eba2616879-Tesla_-_Princeton_169_new/campaign/processed_json/segments/9b1c0b60-a317-4614-b1d3-ac66ae257922/part_3/010863.json,,,0.969220734554469,87.71,84.2105263157895,79.6052631578947,23.2409972299169,88.8642659279778,75.36,0.944735397261798,0.935175516514115,
/media/vsi-dev/Lacie_2/mndot_workzone_project/Tesla/campaign_8348ccbe-b6ca-4be8-82ff-b4eba2616879-Tesla_-_Princeton_169_new/campaign/processed_json/segments/9b1c0b60-a317-4614-b1d3-ac66ae257922/part_3/010864.json,,,0.981167097577432,91.77,83.8815789473684,80.5921052631579,81.218836565097,89.7229916897507,84.37,0.941836492234804,0.935271058965015,
/media/vsi-dev/Lacie_2/mndot_workzone_project/Tesla/campaign_8348ccbe-b6ca-4be8-82ff-b4eba2616879-Tesla_-_Princeton_169_new/campaign/processed_json/segments/9b1c0b60-a317-4614-b1d3-ac66ae257922/part_3/010865.json,,,0.973896737455057,87.75,82.2368421052632,80.5921052631579,20.0831024930748,92.3268698060942,75.09,0.942534301873358,0.933692354224967,
/media/vsi-dev/Lacie_2/mndot_workzone_project/Tesla/campaign_8348ccbe-b6ca-4be8-82ff-b4eba2616879-Tesla_-_Princeton_169_new/campaign/processed_json/segments/9b1c0b60-a317-4614-b1d3-ac66ae257922/part_3/010866.json,,,0.975005175298418,84.2,82.2368421052632,81.9078947368421,23.4349030470914,27.8947368421053,66.29,0.94812580908257,0.9205608276241,
/media/vsi-dev/Lacie_2/mndot_workzone_project/Tesla/campaign_8348ccbe-b6ca-4be8-82ff-b4eba2616879-Tesla_-_Princeton_169_new/campaign/processed_json/segments/9b1c0b60-a317-4614-b1d3-ac66ae257922/part_3/010867.json,,,0.993409314468916,92.19,84.2105263157895,78.6184210526316,81.7451523545706,90.6094182825485,84.11,0.942350626084503,0.938468821146169,
/media/vsi-dev/Lacie_2/mndot_workzone_project/Tesla/campaign_8348ccbe-b6ca-4be8-82ff-b4eba2616879-Tesla_-_Princeton_169_new/campaign/processed_json/segments/9b1c0b60-a317-4614-b1d3-ac66ae257922/part_3/010868.json,,,0.99158560090355,89.7,83.8815789473684,81.5789473684211,34.8476454293629,92.0498614958449,78.08,0.94451311434417,0.936107594249206,
/media/vsi-dev/Lacie_2/mndot_workzone_project/Tesla/campaign_8348ccbe-b6ca-4be8-82ff-b4eba2616879-Tesla_-_Princeton_169_new/campaign/processed_json/segments/9b1c0b60-a317-4614-b1d3-ac66ae257922/part_3/010869.json,,,0.998988012405174,93.2,84.2105263157895,82.2368421052632,83.4072022160665,95.2354570637119,86.13,0.942756814744109,0.936349041198727,
/media/vsi-dev/Lacie_2/mndot_workzone_project/Tesla/campaign_8348ccbe-b6ca-4be8-82ff-b4eba2616879-Tesla_-_Princeton_169_new/campaign/processed_json/segments/9b1c0b60-a317-4614-b1d3-ac66ae257922/part_3/010870.json,,,0.999687548823039,93.75,84.2105263157895,83.8815789473684,87.202216066482,100,87.82,0.942081716813549,0.921221838942054,
/media/vsi-dev/Lacie_2/mndot_workzone_project/Tesla/campaign_8348ccbe-b6ca-4be8-82ff-b4eba2616879-Tesla_-_Princeton_169_new/campaign/processed_json/segments/9b1c0b60-a317-4614-b1d3-ac66ae257922/part_3/010871.json,,,0.999800019998667,89.97,84.2105263157895,81.25,27.7285318559557,100,78.16,0.953300250205881,0.918315057794569,
/media/vsi-dev/Lacie_2/mndot_workzone_project/Tesla/campaign_8348ccbe-b6ca-4be8-82ff-b4eba2616879-Tesla_-_Princeton_169_new/campaign/processed_json/segments/9b1c0b60-a317-4614-b1d3-ac66ae257922/part_3/010872.json,,,0.999800019998667,93.81,85.1973684210526,84.2105263157895,88.4487534626039,100,88.33,0.940172037003294,0.908660737288366,
/media/vsi-dev/Lacie_2/mndot_workzone_project/Tesla/campaign_8348ccbe-b6ca-4be8-82ff-b4eba2616879-Tesla_-_Princeton_169_new/campaign/processed_json/segments/9b1c0b60-a317-4614-b1d3-ac66ae257922/part_3/010873.json,,,0.999387687539834,89.47,83.8815789473684,80.9210526315789,20.7479224376731,100,76.92,0.956979027680907,0.915668958442766,
/media/vsi-dev/Lacie_2/mndot_workzone_project/Tesla/campaign_8348ccbe-b6ca-4be8-82ff-b4eba2616879-Tesla_-_Princeton_169_new/campaign/processed_json/segments/9b1c0b60-a317-4614-b1d3-ac66ae257922/part_3/010874.json,,,0.988813044611233,85.78,84.2105263157895,67.1052631578947,86.7590027700831,0,67.94,0.939266116024578,0.966221343140949,
/media/vsi-dev/Lacie_2/mndot_workzone_project/Tesla/campaign_8348ccbe-b6ca-4be8-82ff-b4eba2616879-Tesla_-_Princeton_169_new/campaign/processed_json/segments/9b1c0b60-a317-4614-b1d3-ac66ae257922/part_3/010875.json,,,0.998488643251663,89.61,82.5657894736842,80.5921052631579,24.792243767313,100,77.08,0.952608389866206,0.930820154069536,
/media/vsi-dev/Lacie_2/mndot_workzone_project/Tesla/campaign_8348ccbe-b6ca-4be8-82ff-b4eba2616879-Tesla_-_Princeton_169_new/campaign/processed_json/segments/9b1c0b60-a317-4614-b1d3-ac66ae257922/part_3/010876.json,,,1,89.3,80.9210526315789,81.5789473684211,20.2770083102493,98.3379501385042,75.99,0.956029434963417,0.933890981454714,
/media/vsi-dev/Lacie_2/mndot_workzone_project/Tesla/campaign_8348ccbe-b6ca-4be8-82ff-b4eba2616879-Tesla_-_Princeton_169_new/campaign/processed_json/segments/9b1c0b60-a317-4614-b1d3-ac66ae257922/part_3/010877.json,,,0.997191451372845,89.33,80.2631578947369,80.5921052631579,28.3656509695291,100,76.86,0.956296612432906,0.913540060329081,
/media/vsi-dev/Lacie_2/mndot_workzone_project/Tesla/campaign_8348ccbe-b6ca-4be8-82ff-b4eba2616879-Tesla_-_Princeton_169_new/campaign/processed_json/segments/9b1c0b60-a317-4614-b1d3-ac66ae257922/part_3/010878.json,,,0.995012479192682,93.29,84.2105263157895,82.2368421052632,88.6980609418282,100,87.49,0.937307837545664,0.912442644067383,
/media/vsi-dev/Lacie_2/mndot_workzone_project/Tesla/campaign_8348ccbe-b6ca-4be8-82ff-b4eba2616879-Tesla_-_Princeton_169_new/campaign/processed_json/segments/9b1c0b60-a317-4614-b1d3-ac66ae257922/part_3/010879.json,,,0.996805114543033,89.81,83.5526315789474,82.5657894736842,26.3434903047091,100,78.13,0.953303722367386,0.915417320814283,
/media/vsi-dev/Lacie_2/mndot_workzone_project/Tesla/campaign_8348ccbe-b6ca-4be8-82ff-b4eba2616879-Tesla_-_Princeton_169_new/campaign/processed_json/segments/9b1c0b60-a317-4614-b1d3-ac66ae257922/part_3/010880.json,,,0.992825857903813,92.55,82.2368421052632,79.2763157894737,87.0914127423823,100,85.78,0.939358697692195,0.913527052887221,
/media/vsi-dev/Lacie_2/mndot_workzone_project/Tesla/campaign_8348ccbe-b6ca-4be8-82ff-b4eba2616879-Tesla_-_Princeton_169_new/campaign/processed_json/segments/9b1c0b60-a317-4614-b1d3-ac66ae257922/part_3/010881.json,,,0.990928893001464,92.38,84.2105263157895,82.5657894736842,76.2603878116344,100,85.7,0.942597795467846,0.903984661120857,
/media/vsi-dev/Lacie_2/mndot_workzone_project/Tesla/campaign_8348ccbe-b6ca-4be8-82ff-b4eba2616879-Tesla_-_Princeton_169_new/campaign/processed_json/segments/9b1c0b60-a317-4614-b1d3-ac66ae257922/part_3/010882.json,,,0.997889729757728,92.89,82.5657894736842,82.2368421052632,83.8781163434903,100,86.26,0.941723142466946,0.904944163725553,
/media/vsi-dev/Lacie_2/mndot_workzone_project/Tesla/campaign_8348ccbe-b6ca-4be8-82ff-b4eba2616879-Tesla_-_Princeton_169_new/campaign/processed_json/segments/9b1c0b60-a317-4614-b1d3-ac66ae257922/part_3/010883.json,,,0.994502665947899,89.49,82.8947368421053,81.9078947368421,27.9778393351801,100,77.91,0.947035305407388,0.907594168746266,
/media/vsi-dev/Lacie_2/mndot_workzone_project/Tesla/campaign_8348ccbe-b6ca-4be8-82ff-b4eba2616879-Tesla_-_Princeton_169_new/campaign/processed_json/segments/9b1c0b60-a317-4614-b1d3-ac66ae257922/part_3/010884.json,,,0.985653900195345,83.24,80.9210526315789,70.7236842105263,26.7590027700831,17.2853185595568,61.67,0.953196316468209,0.961727426936463,
/media/vsi-dev/Lacie_2/mndot_workzone_project/Tesla/campaign_8348ccbe-b6ca-4be8-82ff-b4eba2616879-Tesla_-_Princeton_169_new/campaign/processed_json/segments/9b1c0b60-a317-4614-b1d3-ac66ae257922/part_3/010885.json,,,0.981167097577432,83.79,83.8815789473684,75.6578947368421,14.0720221606648,27.8947368421053,63.69,0.950720224428069,0.95580534313455,
/media/vsi-dev/Lacie_2/mndot_workzone_project/Tesla/campaign_8348ccbe-b6ca-4be8-82ff-b4eba2616879-Tesla_-_Princeton_169_new/campaign/processed_json/segments/9b1c0b60-a317-4614-b1d3-ac66ae257922/part_3/010886.json,,,0.995497666030972,92.81,83.5526315789474,79.6052631578947,85.7340720221607,100,86.09,0.939761854549372,0.916138877805905,
/media/vsi-dev/Lacie_2/mndot_workzone_project/Tesla/campaign_8348ccbe-b6ca-4be8-82ff-b4eba2616879-Tesla_-_Princeton_169_new/campaign/processed_json/segments/9b1c0b60-a317-4614-b1d3-ac66ae257922/part_3/010887.json,,,0.990247863518234,88.56,81.9078947368421,81.5789473684211,15.6509695290859,100,75.72,0.953851002416214,0.911892678005628,
/media/vsi-dev/Lacie_2/mndot_workzone_project/Tesla/campaign_8348ccbe-b6ca-4be8-82ff-b4eba2616879-Tesla_-_Princeton_169_new/campaign/processed_json/segments/9b1c0b60-a317-4614-b1d3-ac66ae257922/part_3/010888.json,,,0.995497666030972,89.48,82.5657894736842,82.5657894736842,26.1772853185596,100,77.75,0.952725903969292,0.90351499409911,
/media/vsi-dev/Lacie_2/mndot_workzone_project/Tesla/campaign_8348ccbe-b6ca-4be8-82ff-b4eba2616879-Tesla_-_Princeton_169_new/campaign/processed_json/segments/9b1c0b60-a317-4614-b1d3-ac66ae257922/part_3/010889.json,,,0.996394017227934,92.94,82.2368421052632,79.9342105263158,89.3905817174515,100,86.33,0.939572526614281,0.915334917920693,
/media/vsi-dev/Lacie_2/mndot_workzone_project/Tesla/campaign_8348ccbe-b6ca-4be8-82ff-b4eba2616879-Tesla_-_Princeton_169_new/campaign/processed_json/segments/9b1c0b60-a317-4614-b1d3-ac66ae257922/part_3/010890.json,,,0.993409314468916,88.43,81.5789473684211,82.2368421052632,11.0803324099723,100,75.13,0.953057505357434,0.911268865832145,
/media/vsi-dev/Lacie_2/mndot_workzone_project/Tesla/campaign_8348ccbe-b6ca-4be8-82ff-b4eba2616879-Tesla_-_Princeton_169_new/campaign/processed_json/segments/9b1c0b60-a317-4614-b1d3-ac66ae257922/part_3/010891.json,,,0.997191451372845,89.56,81.5789473684211,80.5921052631579,29.2797783933518,100,77.4,0.957269140279124,0.913884192831879,
/media/vsi-dev/Lacie_2/mndot_workzone_project/Tesla/campaign_8348ccbe-b6ca-4be8-82ff-b4eba2616879-Tesla_-_Princeton_169_new/campaign/processed_json/segments/9b1c0b60-a317-4614-b1d3-ac66ae257922/part_3/010892.json,,,0.999200319914684,89.73,81.5789473684211,80.5921052631579,31.5235457063712,100,77.72,0.957309490740734,0.910417678245978,
/media/vsi-dev/Lacie_2/mndot_workzone_project/Tesla/campaign_8348ccbe-b6ca-4be8-82ff-b4eba2616879-Tesla_-_Princeton_169_new/campaign/processed_json/segments/9b1c0b60-a317-4614-b1d3-ac66ae257922/part_3/010893.json,,,0.997191451372845,89.19,81.5789473684211,79.9342105263158,24.8753462603878,100,76.53,0.957443699761928,0.911820581681062,
/media/vsi-dev/Lacie_2/mndot_workzone_project/Tesla/campaign_8348ccbe-b6ca-4be8-82ff-b4eba2616879-Tesla_-_Princeton_169_new/campaign/processed_json/segments/9b1c0b60-a317-4614-b1d3-ac66ae257922/part_3/010894.json,,,0.994502665947899,89.09,82.2368421052632,79.9342105263158,25.3739612188366,100,76.76,0.947482178956972,0.913408959778637,
/media/vsi-dev/Lacie_2/mndot_workzone_project/Tesla/campaign_8348ccbe-b6ca-4be8-82ff-b4eba2616879-Tesla_-_Princeton_169_new/campaign/processed_json/segments/9b1c0b60-a317-4614-b1d3-ac66ae257922/part_3/010895.json,,,0.992825857903813,88.77,82.8947368421053,79.6052631578947,19.3628808864266,100,75.98,0.948435066475487,0.91767642206315,
/media/vsi-dev/Lacie_2/mndot_workzone_project/Tesla/campaign_8348ccbe-b6ca-4be8-82ff-b4eba2616879-Tesla_-_Princeton_169_new/campaign/processed_json/segments/9b1c0b60-a317-4614-b1d3-ac66ae257922/part_3/010896.json,,,0.98728157159029,88.36,82.5657894736842,81.5789473684211,14.2659279778393,100,75.68,0.950213308376763,0.909161692023641,
/media/vsi-dev/Lacie_2/mndot_workzone_project/Tesla/campaign_8348ccbe-b6ca-4be8-82ff-b4eba2616879-Tesla_-_Princeton_169_new/campaign/processed_json/segments/9b1c0b60-a317-4614-b1d3-ac66ae257922/part_3/010897.json,,,0.988813044611233,88.62,82.2368421052632,81.9078947368421,18.5595567867036,100,76.3,0.945573605493645,0.90910923551207,
/media/vsi-dev/Lacie_2/mndot_workzone_project/Tesla/campaign_8348ccbe-b6ca-4be8-82ff-b4eba2616879-Tesla_-_Princeton_169_new/campaign/processed_json/segments/9b1c0b60-a317-4614-b1d3-ac66ae257922/part_3/010898.json,,,0.98728157159029,91.81,82.5657894736842,79.2763157894737,77.2853185595568,100,84.42,0.938208145956886,0.916409586290017,
/media/vsi-dev/Lacie_2/mndot_workzone_project/Tesla/campaign_8348ccbe-b6ca-4be8-82ff-b4eba2616879-Tesla_-_Princeton_169_new/campaign/processed_json/segments/9b1c0b60-a317-4614-b1d3-ac66ae257922/part_3/010899.json,,,0.990247863518234,92.28,82.8947368421053,81.5789473684211,79.9445983379501,100,85.56,0.940640386178822,0.903811373177932,
/media/vsi-dev/Lacie_2/mndot_workzone_project/Tesla/campaign_8348ccbe-b6ca-4be8-82ff-b4eba2616879-Tesla_-_Princeton_169_new/campaign/processed_json/segments/9b1c0b60-a317-4614-b1d3-ac66ae257922/part_3/010900.json,,,0.99158560090355,88.32,82.5657894736842,81.9078947368421,12.9362880886427,100,75.51,0.944236568935367,0.90135430418193,
/media/vsi-dev/Lacie_2/mndot_workzone_project/Tesla/campaign_8348ccbe-b6ca-4be8-82ff-b4eba2616879-Tesla_-_Princeton_169_new/campaign/processed_json/segments/9b1c0b60-a317-4614-b1d3-ac66ae257922/part_3/010901.json,,,0.995497666030972,92.07,82.5657894736842,79.6052631578947,76.9806094182826,100,84.44,0.940044966344037,0.907420233697448,
/media/vsi-dev/Lacie_2/mndot_workzone_project/Tesla/campaign_8348ccbe-b6ca-4be8-82ff-b4eba2616879-Tesla_-_Princeton_169_new/campaign/processed_json/segments/9b1c0b60-a317-4614-b1d3-ac66ae257922/part_3/010902.json,,,0.996805114543033,89.54,83.5526315789474,82.2368421052632,26.7590027700831,100,77.99,0.947491292935874,0.899658430323842,
/media/vsi-dev/Lacie_2/mndot_workzone_project/Tesla/campaign_8348ccbe-b6ca-4be8-82ff-b4eba2616879-Tesla_-_Princeton_169_new/campaign/processed_json/segments/9b1c0b60-a317-4614-b1d3-ac66ae257922/part_3/010903.json,,,0.997191451372845,92.78,83.8815789473684,82.2368421052632,85.7894736842105,100,86.79,0.921919834224207,0.895243501343041,
/media/vsi-dev/Lacie_2/mndot_workzone_project/Tesla/campaign_8348ccbe-b6ca-4be8-82ff-b4eba2616879-Tesla_-_Princeton_169_new/campaign/processed_json/segments/9b1c0b60-a317-4614-b1d3-ac66ae257922/part_3/010904.json,,,0.990928893001464,89.18,82.5657894736842,81.25,28.781163434903,100,77.69,0.947680495861714,0.898539446236252,
/media/vsi-dev/Lacie_2/mndot_workzone_project/Tesla/campaign_8348ccbe-b6ca-4be8-82ff-b4eba2616879-Tesla_-_Princeton_169_new/campaign/processed_json/segments/9b1c0b60-a317-4614-b1d3-ac66ae257922/part_3/010905.json,,,0.996805114543033,89.19,82.2368421052632,82.2368421052632,23.601108033241,100,77.12,0.955269813741626,0.89183013911708,
/media/vsi-dev/Lacie_2/mndot_workzone_project/Tesla/campaign_8348ccbe-b6ca-4be8-82ff-b4eba2616879-Tesla_-_Princeton_169_new/campaign/processed_json/segments/9b1c0b60-a317-4614-b1d3-ac66ae257922/part_3/010906.json,,,0.995497666030972,89.19,81.5789473684211,81.9078947368421,24.792243767313,100,77.04,0.95706595996136,0.898753010337162,
/media/vsi-dev/Lacie_2/mndot_workzone_project/Tesla/campaign_8348ccbe-b6ca-4be8-82ff-b4eba2616879-Tesla_-_Princeton_169_new/campaign/processed_json/segments/9b1c0b60-a317-4614-b1d3-ac66ae257922/part_3/010907.json,,,0.994502665947899,88.93,81.9078947368421,81.5789473684211,20.7756232686981,100,76.45,0.957607655513917,0.899582519342561,
/media/vsi-dev/Lacie_2/mndot_workzone_project/Tesla/campaign_8348ccbe-b6ca-4be8-82ff-b4eba2616879-Tesla_-_Princeton_169_new/campaign/processed_json/segments/9b1c0b60-a317-4614-b1d3-ac66ae257922/part_3/010908.json,,,0.997191451372845,90.19,81.5789473684211,81.9078947368421,40.2216066481994,100,79.36,0.95986933285673,0.896315278923136,
/media/vsi-dev/Lacie_2/mndot_workzone_project/Tesla/campaign_8348ccbe-b6ca-4be8-82ff-b4eba2616879-Tesla_-_Princeton_169_new/campaign/processed_json/segments/9b1c0b60-a317-4614-b1d3-ac66ae257922/part_3/010909.json,,,0.988813044611233,88.58,81.5789473684211,80.9210526315789,21.3296398891967,100,76.22,0.957026623936674,0.896952635418141,
/media/vsi-dev/Lacie_2/mndot_workzone_project/Tesla/campaign_8348ccbe-b6ca-4be8-82ff-b4eba2616879-Tesla_-_Princeton_169_new/campaign/processed_json/segments/9b1c0b60-a317-4614-b1d3-ac66ae257922/part_3/010910.json,,,0.984804140218096,88.26,80.2631578947369,80.9210526315789,22.4376731301939,100,75.96,0.957403948955536,0.890962645202398,
/media/vsi-dev/Lacie_2/mndot_workzone_project/Tesla/campaign_8348ccbe-b6ca-4be8-82ff-b4eba2616879-Tesla_-_Princeton_169_new/campaign/processed_json/segments/9b1c0b60-a317-4614-b1d3-ac66ae257922/part_3/010911.json,,,0.985653900195345,88.8,82.2368421052632,81.25,25.6509695290859,100,77.15,0.958004699048948,0.893838767771635,
/media/vsi-dev/Lacie_2/mndot_workzone_project/Tesla/campaign_8348ccbe-b6ca-4be8-82ff-b4eba2616879-Tesla_-_Princeton_169_new/campaign/processed_json/segments/9b1c0b60-a317-4614-b1d3-ac66ae257922/part_3/010912.json,,,0.982111925534364,87.48,83.8815789473684,80.9210526315789,1.52354570637119,100,73.97,0.962722302070632,0.898151568898416,
/media/vsi-dev/Lacie_2/mndot_workzone_project/Tesla/campaign_8348ccbe-b6ca-4be8-82ff-b4eba2616879-Tesla_-_Princeton_169_new/campaign/processed_json/segments/9b1c0b60-a317-4614-b1d3-ac66ae257922/part_3/010913.json,,,0.975005175298418,87.83,83.8815789473684,80.5921052631579,16.4265927977839,100,76.02,0.945841453900079,0.896435215268835,
/media/vsi-dev/Lacie_2/mndot_workzone_project/Tesla/campaign_8348ccbe-b6ca-4be8-82ff-b4eba2616879-Tesla_-_Princeton_169_new/campaign/processed_json/segments/9b1c0b60-a317-4614-b1d3-ac66ae257922/part_3/010914.json,,,0.969120740804232,86.93,82.8947368421053,79.6052631578947,4.57063711911357,100,73.77,0.955881195554335,0.910156151841675,
/media/vsi-dev/Lacie_2/mndot_workzone_project/Tesla/campaign_8348ccbe-b6ca-4be8-82ff-b4eba2616879-Tesla_-_Princeton_169_new/campaign/processed_json/segments/9b1c0b60-a317-4614-b1d3-ac66ae257922/part_3/010915.json,,,0.968620922016178,87.62,81.5789473684211,79.2763157894737,21.5789473684211,100,75.78,0.946776058208585,0.909589581327483,
/media/vsi-dev/Lacie_2/mndot_workzone_project/Tesla/campaign_8348ccbe-b6ca-4be8-82ff-b4eba2616879-Tesla_-_Princeton_169_new/campaign/processed_json/segments/9b1c0b60-a317-4614-b1d3-ac66ae257922/part_3/010916.json,,,0.968620922016178,87.65,80.9210526315789,79.9342105263158,22.4930747922438,100,75.9,0.951661666393372,0.903064151965037,
/media/vsi-dev/Lacie_2/mndot_workzone_project/Tesla/campaign_8348ccbe-b6ca-4be8-82ff-b4eba2616879-Tesla_-_Princeton_169_new/campaign/processed_json/segments/9b1c0b60-a317-4614-b1d3-ac66ae257922/part_3/010917.json,,,0.969033254475011,87.84,81.5789473684211,80.2631578947369,25.4016620498615,100,76.59,0.944817058592986,0.899798352652316,
/media/vsi-dev/Lacie_2/mndot_workzone_project/Tesla/campaign_8348ccbe-b6ca-4be8-82ff-b4eba2616879-Tesla_-_Princeton_169_new/campaign/processed_json/segments/9b1c0b60-a317-4614-b1d3-ac66ae257922/part_3/010918.json,,,0.969120740804232,88.58,83.8815789473684,80.5921052631579,36.3157894736842,100,78.91,0.925585753480545,0.899033215959632,
/media/vsi-dev/Lacie_2/mndot_workzone_project/Tesla/campaign_8348ccbe-b6ca-4be8-82ff-b4eba2616879-Tesla_-_Princeton_169_new/campaign/processed_json/segments/9b1c0b60-a317-4614-b1d3-ac66ae257922/part_3/010919.json,,,0.97715254792786,91.46,83.8815789473684,79.9342105263158,81.8559556786704,100,85.51,0.914403710012243,0.902535304743721,
/media/vsi-dev/Lacie_2/mndot_workzone_project/Tesla/campaign_8348ccbe-b6ca-4be8-82ff-b4eba2616879-Tesla_-_Princeton_169_new/campaign/processed_json/segments/9b1c0b60-a317-4614-b1d3-ac66ae257922/part_3/010920.json,,,0.978191324262237,91.66,84.2105263157895,79.9342105263158,82.7423822714681,100,85.77,0.914918526676327,0.907268388600465,
/media/vsi-dev/Lacie_2/mndot_workzone_project/Tesla/campaign_8348ccbe-b6ca-4be8-82ff-b4eba2616879-Tesla_-_Princeton_169_new/campaign/processed_json/segments/9b1c0b60-a317-4614-b1d3-ac66ae257922/part_3/010921.json,,,0.988059362042712,92.41,82.8947368421053,80.9210526315789,85.180055401662,100,86.14,0.942346614548645,0.900382484135783,
/media/vsi-dev/Lacie_2/mndot_workzone_project/Tesla/campaign_8348ccbe-b6ca-4be8-82ff-b4eba2616879-Tesla_-_Princeton_169_new/campaign/processed_json/segments/9b1c0b60-a317-4614-b1d3-ac66ae257922/part_3/010922.json,,,0.988813044611233,92.28,82.2368421052632,77.6315789473684,87.8393351800554,100,85.42,0.942648570639635,0.913385594877838,
/media/vsi-dev/Lacie_2/mndot_workzone_project/Tesla/campaign_8348ccbe-b6ca-4be8-82ff-b4eba2616879-Tesla_-_Princeton_169_new/campaign/processed_json/segments/9b1c0b60-a317-4614-b1d3-ac66ae257922/part_3/010923.json,,,0.98728157159029,92.36,82.5657894736842,80.2631578947369,87.590027700831,100,86.19,0.943301985911206,0.896341172279308,
/media/vsi-dev/Lacie_2/mndot_workzone_project/Tesla/campaign_8348ccbe-b6ca-4be8-82ff-b4eba2616879-Tesla_-_Princeton_169_new/campaign/processed_json/segments/9b1c0b60-a317-4614-b1d3-ac66ae257922/part_3/010924.json,,,0.980198673306755,88.99,82.2368421052632,79.6052631578947,35.6786703601108,100,78.16,0.949928000621282,0.901772496450443,
/media/vsi-dev/Lacie_2/mndot_workzone_project/Tesla/campaign_8348ccbe-b6ca-4be8-82ff-b4eba2616879-Tesla_-_Princeton_169_new/campaign/processed_json/segments/9b1c0b60-a317-4614-b1d3-ac66ae257922/part_3/010925.json,,,0.983930514272508,92.09,82.2368421052632,79.2763157894737,85.3739612188366,100,85.52,0.944090393758379,0.908449938841737,
/media/vsi-dev/Lacie_2/mndot_workzone_project/Tesla/campaign_8348ccbe-b6ca-4be8-82ff-b4eba2616879-Tesla_-_Princeton_169_new/campaign/processed_json/segments/9b1c0b60-a317-4614-b1d3-ac66ae257922/part_3/010926.json,,,0.978191324262237,91.76,83.8815789473684,76.6447368421053,87.9778393351801,100,85.56,0.922998395032053,0.917788340403859,
/media/vsi-dev/Lacie_2/mndot_workzone_project/Tesla/campaign_8348ccbe-b6ca-4be8-82ff-b4eba2616879-Tesla_-_Princeton_169_new/campaign/processed_json/segments/9b1c0b60-a317-4614-b1d3-ac66ae257922/part_3/010927.json,,,0.969233234476344,88.04,82.8947368421053,78.6184210526316,24.5152354570637,100,76.47,0.956881072482232,0.911175461137886,
/media/vsi-dev/Lacie_2/mndot_workzone_project/Tesla/campaign_8348ccbe-b6ca-4be8-82ff-b4eba2616879-Tesla_-_Princeton_169_new/campaign/processed_json/segments/9b1c0b60-a317-4614-b1d3-ac66ae257922/part_3/010928.json,,,0.968920783299383,81.83,84.8684210526316,71.0526315789474,20.1662049861496,2.10526315789474,59.71,0.954225388902739,0.964283913850963,
/media/vsi-dev/Lacie_2/mndot_workzone_project/Tesla/campaign_8348ccbe-b6ca-4be8-82ff-b4eba2616879-Tesla_-_Princeton_169_new/campaign/processed_json/segments/9b1c0b60-a317-4614-b1d3-ac66ae257922/part_3/010929.json,,,0.980198673306755,92.22,83.8815789473684,78.9473684210526,88.0609418282548,100,86.3,0.942122763906481,0.907064936496806,
/media/vsi-dev/Lacie_2/mndot_workzone_project/Tesla/campaign_8348ccbe-b6ca-4be8-82ff-b4eba2616879-Tesla_-_Princeton_169_new/campaign/processed_json/segments/9b1c0b60-a317-4614-b1d3-ac66ae257922/part_3/010930.json,,,0.984804140218096,92.41,82.8947368421053,79.6052631578947,89.1412742382271,100,86.36,0.943230870306508,0.904450972573807,
/media/vsi-dev/Lacie_2/mndot_workzone_project/Tesla/campaign_8348ccbe-b6ca-4be8-82ff-b4eba2616879-Tesla_-_Princeton_169_new/campaign/processed_json/segments/9b1c0b60-a317-4614-b1d3-ac66ae257922/part_3/010931.json,,,0.973896737455057,88,82.8947368421053,79.6052631578947,20.1662049861496,100,76.08,0.95786056543253,0.902976610211607,
/media/vsi-dev/Lacie_2/mndot_workzone_project/Tesla/campaign_8348ccbe-b6ca-4be8-82ff-b4eba2616879-Tesla_-_Princeton_169_new/campaign/processed_json/segments/9b1c0b60-a317-4614-b1d3-ac66ae257922/part_3/010932.json,,,0.969233234476344,86.97,83.8815789473684,79.2763157894737,3.15789473684211,100,73.77,0.96065672321951,0.908266219382653,
/media/vsi-dev/Lacie_2/mndot_workzone_project/Tesla/campaign_8348ccbe-b6ca-4be8-82ff-b4eba2616879-Tesla_-_Princeton_169_new/campaign/processed_json/segments/9b1c0b60-a317-4614-b1d3-ac66ae257922/part_3/010933.json,,,0.969233234476344,88.08,83.5526315789474,79.6052631578947,24.5152354570637,100,76.9,0.950281263264215,0.904555034616483,
/media/vsi-dev/Lacie_2/mndot_workzone_project/Tesla/campaign_8348ccbe-b6ca-4be8-82ff-b4eba2616879-Tesla_-_Princeton_169_new/campaign/processed_json/segments/9b1c0b60-a317-4614-b1d3-ac66ae257922/part_3/010934.json,,,0.968620922016178,87.63,84.2105263157895,79.2763157894737,18.2825484764543,100,76.03,0.940164233423659,0.907244775682989,
/media/vsi-dev/Lacie_2/mndot_workzone_project/Tesla/campaign_8348ccbe-b6ca-4be8-82ff-b4eba2616879-Tesla_-_Princeton_169_new/campaign/processed_json/segments/9b1c0b60-a317-4614-b1d3-ac66ae257922/part_3/010935.json,,,0.968920783299383,87.87,83.8815789473684,79.6052631578947,20.5263157894737,100,76.4,0.947580346218202,0.907490185833996,
/media/vsi-dev/Lacie_2/mndot_workzone_project/Tesla/campaign_8348ccbe-b6ca-4be8-82ff-b4eba2616879-Tesla_-_Princeton_169_new/campaign/processed_json/segments/9b1c0b60-a317-4614-b1d3-ac66ae257922/part_3/010936.json,,,0.972765240307908,91.48,83.8815789473684,79.9342105263158,79.2243767313019,100,85.26,0.941438297272933,0.904719134777928,
/media/vsi-dev/Lacie_2/mndot_workzone_project/Tesla/campaign_8348ccbe-b6ca-4be8-82ff-b4eba2616879-Tesla_-_Princeton_169_new/campaign/processed_json/segments/9b1c0b60-a317-4614-b1d3-ac66ae257922/part_3/010937.json,,,0.969233234476344,87.9,83.8815789473684,79.9342105263158,20.1939058171745,100,76.45,0.948148358545721,0.907171621896887,
/media/vsi-dev/Lacie_2/mndot_workzone_project/Tesla/campaign_8348ccbe-b6ca-4be8-82ff-b4eba2616879-Tesla_-_Princeton_169_new/campaign/processed_json/segments/9b1c0b60-a317-4614-b1d3-ac66ae257922/part_3/010938.json,,,0.972765240307908,91.41,82.2368421052632,82.2368421052632,78.5041551246537,100,85.31,0.941738370105743,0.896067150131412,
/media/vsi-dev/Lacie_2/mndot_workzone_project/Tesla/campaign_8348ccbe-b6ca-4be8-82ff-b4eba2616879-Tesla_-_Princeton_169_new/campaign/processed_json/segments/9b1c0b60-a317-4614-b1d3-ac66ae257922/part_3/010939.json,,,0.969033254475011,87.78,81.9078947368421,79.6052631578947,22.2714681440443,100,76.09,0.949436291299063,0.909114254906168,
/media/vsi-dev/Lacie_2/mndot_workzone_project/Tesla/campaign_8348ccbe-b6ca-4be8-82ff-b4eba2616879-Tesla_-_Princeton_169_new/campaign/processed_json/segments/9b1c0b60-a317-4614-b1d3-ac66ae257922/part_3/010940.json,,,0.968920783299383,87.75,82.2368421052632,79.9342105263158,21.3850415512465,94.7091412742382,75.47,0.949717263415601,0.93075892722311,
/media/vsi-dev/Lacie_2/mndot_workzone_project/Tesla/campaign_8348ccbe-b6ca-4be8-82ff-b4eba2616879-Tesla_-_Princeton_169_new/campaign/processed_json/segments/9b1c0b60-a317-4614-b1d3-ac66ae257922/part_3/010941.json,,,0.967434853504781,87.07,82.2368421052632,78.9473684210526,18.2825484764543,89.3905817174515,73.91,0.947604819228581,0.933223496739622,
/media/vsi-dev/Lacie_2/mndot_workzone_project/Tesla/campaign_8348ccbe-b6ca-4be8-82ff-b4eba2616879-Tesla_-_Princeton_169_new/campaign/processed_json/segments/9b1c0b60-a317-4614-b1d3-ac66ae257922/part_3/010942.json,,,0.968920783299383,87.76,82.8947368421053,80.5921052631579,23.8504155124654,90.6094182825485,75.6,0.945300754291193,0.930985672559208,
/media/vsi-dev/Lacie_2/mndot_workzone_project/Tesla/campaign_8348ccbe-b6ca-4be8-82ff-b4eba2616879-Tesla_-_Princeton_169_new/campaign/processed_json/segments/9b1c0b60-a317-4614-b1d3-ac66ae257922/part_3/010943.json,,,0.969120740804232,87.83,81.25,80.2631578947369,24.1551246537396,94.5983379501385,75.67,0.9512693866073,0.928509221233553,
/media/vsi-dev/Lacie_2/mndot_workzone_project/Tesla/campaign_8348ccbe-b6ca-4be8-82ff-b4eba2616879-Tesla_-_Princeton_169_new/campaign/processed_json/segments/9b1c0b60-a317-4614-b1d3-ac66ae257922/part_3/010944.json,,,0.968433554391028,84.05,81.9078947368421,73.0263157894737,28.2548476454294,37.617728531856,65.85,0.950644920028691,0.947036866910926,
/media/vsi-dev/Lacie_2/mndot_workzone_project/Tesla/campaign_8348ccbe-b6ca-4be8-82ff-b4eba2616879-Tesla_-_Princeton_169_new/campaign/processed_json/segments/9b1c0b60-a317-4614-b1d3-ac66ae257922/part_3/010945.json,,,0.97715254792786,91.27,81.9078947368421,77.3026315789474,80.8587257617729,94.6537396121884,83.49,0.944583777388608,0.934459867595105,
/media/vsi-dev/Lacie_2/mndot_workzone_project/Tesla/campaign_8348ccbe-b6ca-4be8-82ff-b4eba2616879-Tesla_-_Princeton_169_new/campaign/processed_json/segments/9b1c0b60-a317-4614-b1d3-ac66ae257922/part_3/010946.json,,,0.970433403055154,87.74,82.2368421052632,77.3026315789474,18.2548476454294,100,75.05,0.958851793149725,0.93141562303923,
/media/vsi-dev/Lacie_2/mndot_workzone_project/Tesla/campaign_8348ccbe-b6ca-4be8-82ff-b4eba2616879-Tesla_-_Princeton_169_new/campaign/processed_json/segments/9b1c0b60-a317-4614-b1d3-ac66ae257922/part_3/010947.json,,,0.97715254792786,88.16,82.2368421052632,77.6315789473684,22.6315789473684,100,75.74,0.955266749713075,0.922658600600849,
/media/vsi-dev/Lacie_2/mndot_workzone_project/Tesla/campaign_8348ccbe-b6ca-4be8-82ff-b4eba2616879-Tesla_-_Princeton_169_new/campaign/processed_json/segments/9b1c0b60-a317-4614-b1d3-ac66ae257922/part_3/010948.json,,,0.980198673306755,88.69,82.8947368421053,77.6315789473684,31.1357340720222,100,77.14,0.95809949912121,0.90485850213817,
/media/vsi-dev/Lacie_2/mndot_workzone_project/Tesla/campaign_8348ccbe-b6ca-4be8-82ff-b4eba2616879-Tesla_-_Princeton_169_new/campaign/processed_json/segments/9b1c0b60-a317-4614-b1d3-ac66ae257922/part_3/010949.json,,,0.97715254792786,87.67,82.2368421052632,77.3026315789474,14.4321329639889,100,74.43,0.955546257368337,0.925738696964112,
/media/vsi-dev/Lacie_2/mndot_workzone_project/Tesla/campaign_8348ccbe-b6ca-4be8-82ff-b4eba2616879-Tesla_-_Princeton_169_new/campaign/processed_json/segments/9b1c0b60-a317-4614-b1d3-ac66ae257922/part_3/010950.json,,,0.97715254792786,88.98,82.2368421052632,76.9736842105263,38.0886426592798,96.9529085872576,77.47,0.957819413517259,0.933115440553929,
/media/vsi-dev/Lacie_2/mndot_workzone_project/Tesla/campaign_8348ccbe-b6ca-4be8-82ff-b4eba2616879-Tesla_-_Princeton_169_new/campaign/processed_json/segments/9b1c0b60-a317-4614-b1d3-ac66ae257922/part_3/010951.json,,,0.972765240307908,87.52,82.8947368421053,77.3026315789474,16.1772853185596,100,74.83,0.954566907995837,0.913291395144391,
/media/vsi-dev/Lacie_2/mndot_workzone_project/Tesla/campaign_8348ccbe-b6ca-4be8-82ff-b4eba2616879-Tesla_-_Princeton_169_new/campaign/processed_json/segments/9b1c0b60-a317-4614-b1d3-ac66ae257922/part_3/010952.json,,,0.968920783299383,87.91,83.8815789473684,82.8947368421053,13.3518005540166,97.5069252077562,76.03,0.95063633922634,0.923042572707385,
/media/vsi-dev/Lacie_2/mndot_workzone_project/Tesla/campaign_8348ccbe-b6ca-4be8-82ff-b4eba2616879-Tesla_-_Princeton_169_new/campaign/processed_json/segments/9b1c0b60-a317-4614-b1d3-ac66ae257922/part_3/010953.json,,,0.968620922016178,87.73,83.5526315789474,79.6052631578947,15.4293628808864,99.7783933518006,75.6,0.950663122771377,0.923525374631203,
/media/vsi-dev/Lacie_2/mndot_workzone_project/Tesla/campaign_8348ccbe-b6ca-4be8-82ff-b4eba2616879-Tesla_-_Princeton_169_new/campaign/processed_json/segments/9b1c0b60-a317-4614-b1d3-ac66ae257922/part_3/010954.json,,,0.968433554391028,90.45,82.8947368421053,76.9736842105263,80.1662049861496,87.1745152354571,82.43,0.940793847036364,0.933134813477414,
/media/vsi-dev/Lacie_2/mndot_workzone_project/Tesla/campaign_8348ccbe-b6ca-4be8-82ff-b4eba2616879-Tesla_-_Princeton_169_new/campaign/processed_json/segments/9b1c0b60-a317-4614-b1d3-ac66ae257922/part_3/010955.json,,,0.968433554391028,86.89,82.2368421052632,75.3289473684211,20.9141274238227,89.3628808864266,73.24,0.951533321593774,0.933823713347444,
/media/vsi-dev/Lacie_2/mndot_workzone_project/Tesla/campaign_8348ccbe-b6ca-4be8-82ff-b4eba2616879-Tesla_-_Princeton_169_new/campaign/processed_json/segments/9b1c0b60-a317-4614-b1d3-ac66ae257922/part_3/010956.json,,,0.969120740804232,86.62,83.8815789473684,76.3157894736842,9.11357340720222,89.8891966759003,72.36,0.956205263682211,0.934763332435489,
/media/vsi-dev/Lacie_2/mndot_workzone_project/Tesla/campaign_8348ccbe-b6ca-4be8-82ff-b4eba2616879-Tesla_-_Princeton_169_new/campaign/processed_json/segments/9b1c0b60-a317-4614-b1d3-ac66ae257922/part_3/010957.json,,,0.963201498874578,81.55,83.8815789473684,72.0394736842105,27.0637119113573,0,60.29,0.954437779261037,0.936092689042278,
/media/vsi-dev/Lacie_2/mndot_workzone_project/Tesla/campaign_8348ccbe-b6ca-4be8-82ff-b4eba2616879-Tesla_-_Princeton_169_new/campaign/processed_json/segments/9b1c0b60-a317-4614-b1d3-ac66ae257922/part_3/010958.json,,,0.967721877728007,84.09,83.5526315789474,82.2368421052632,22.4653739612188,28.0332409972299,66.67,0.953578046336528,0.917306912483453,
/media/vsi-dev/Lacie_2/mndot_workzone_project/Tesla/campaign_8348ccbe-b6ca-4be8-82ff-b4eba2616879-Tesla_-_Princeton_169_new/campaign/processed_json/segments/9b1c0b60-a317-4614-b1d3-ac66ae257922/part_3/010959.json,,,0.969120740804232,89.43,83.8815789473684,82.2368421052632,79.2243767313019,58.7534626038781,79.89,0.938728647806816,0.932302125109892,
/media/vsi-dev/Lacie_2/mndot_workzone_project/Tesla/campaign_8348ccbe-b6ca-4be8-82ff-b4eba2616879-Tesla_-_Princeton_169_new/campaign/processed_json/segments/9b1c0b60-a317-4614-b1d3-ac66ae257922/part_3/010960.json,,,0.966424685849189,84.4,83.8815789473684,82.8947368421053,19.5013850415513,36.3711911357341,67.74,0.945056518842554,0.919891720057605,
/media/vsi-dev/Lacie_2/mndot_workzone_project/Tesla/campaign_8348ccbe-b6ca-4be8-82ff-b4eba2616879-Tesla_-_Princeton_169_new/campaign/processed_json/segments/9b1c0b60-a317-4614-b1d3-ac66ae257922/part_3/010961.json,,,0.967434853504781,86.65,82.8947368421053,82.5657894736842,23.2963988919668,68.6980609418283,72.84,0.949452371404032,0.931776247827862,
/media/vsi-dev/Lacie_2/mndot_workzone_project/Tesla/campaign_8348ccbe-b6ca-4be8-82ff-b4eba2616879-Tesla_-_Princeton_169_new/campaign/processed_json/segments/9b1c0b60-a317-4614-b1d3-ac66ae257922/part_3/010962.json,,,0.948439958885248,80.57,83.5526315789474,78.2894736842105,13.601108033241,0,59.93,0.949930265725641,0.916570292321363,
/media/vsi-dev/Lacie_2/mndot_workzone_project/Tesla/campaign_8348ccbe-b6ca-4be8-82ff-b4eba2616879-Tesla_-_Princeton_169_new/campaign/processed_json/segments/9b1c0b60-a317-4614-b1d3-ac66ae257922/part_3/010963.json,,,0.950400332053776,81.43,83.8815789473684,77.9605263157895,26.8421052631579,0,61.9,0.940368256549202,0.924675950045133,
/media/vsi-dev/Lacie_2/mndot_workzone_project/Tesla/campaign_8348ccbe-b6ca-4be8-82ff-b4eba2616879-Tesla_-_Princeton_169_new/campaign/processed_json/segments/9b1c0b60-a317-4614-b1d3-ac66ae257922/part_3/010964.json,,,0.943129971931401,84.26,82.2368421052632,75.3289473684211,85.7617728531856,0,69.5,0.938986409024726,0.934108671407102,
/media/vsi-dev/Lacie_2/mndot_workzone_project/Tesla/campaign_8348ccbe-b6ca-4be8-82ff-b4eba2616879-Tesla_-_Princeton_169_new/campaign/processed_json/segments/9b1c0b60-a317-4614-b1d3-ac66ae257922/part_3/010965.json,,,0.963201498874578,88.49,82.8947368421053,83.8815789473684,26.6204986149584,100,78.34,0.94355312305101,0.918595594191618,
/media/vsi-dev/Lacie_2/mndot_workzone_project/Tesla/campaign_8348ccbe-b6ca-4be8-82ff-b4eba2616879-Tesla_-_Princeton_169_new/campaign/processed_json/segments/9b1c0b60-a317-4614-b1d3-ac66ae257922/part_3/010966.json,,,0.955712965581526,82.01,84.8684210526316,79.2763157894737,22.9916897506925,0,62.15,0.943384729355241,0.948362792636061,
/media/vsi-dev/Lacie_2/mndot_workzone_project/Tesla/campaign_8348ccbe-b6ca-4be8-82ff-b4eba2616879-Tesla_-_Princeton_169_new/campaign/processed_json/segments/9b1c0b60-a317-4614-b1d3-ac66ae257922/part_3/010967.json,,,0.963201498874578,85.42,82.2368421052632,76.6447368421053,79.584487534626,3.46260387811634,69.64,0.941548275528687,0.961932788880177,
/media/vsi-dev/Lacie_2/mndot_workzone_project/Tesla/campaign_8348ccbe-b6ca-4be8-82ff-b4eba2616879-Tesla_-_Princeton_169_new/campaign/processed_json/segments/9b1c0b60-a317-4614-b1d3-ac66ae257922/part_3/010968.json,,,0.978191324262237,89.04,83.8815789473684,83.8815789473684,21.3296398891967,100,77.9,0.948450727994644,0.926775693994209,
/media/vsi-dev/Lacie_2/mndot_workzone_project/Tesla/campaign_8348ccbe-b6ca-4be8-82ff-b4eba2616879-Tesla_-_Princeton_169_new/campaign/processed_json/segments/9b1c0b60-a317-4614-b1d3-ac66ae257922/part_3/010969.json,,,0.969220734554469,86.22,82.8947368421053,74.671052631579,85.6509695290859,10.1662049861496,71.14,0.939278381907494,0.960141969721038,
/media/vsi-dev/Lacie_2/mndot_workzone_project/Tesla/campaign_8348ccbe-b6ca-4be8-82ff-b4eba2616879-Tesla_-_Princeton_169_new/campaign/processed_json/segments/9b1c0b60-a317-4614-b1d3-ac66ae257922/part_3/010970.json,,,0.995012479192682,87.68,84.2105263157895,84.5394736842105,2.96398891966759,82.8808864265928,72.87,0.948512707049017,0.924166610631847,
/media/vsi-dev/Lacie_2/mndot_workzone_project/Tesla/campaign_8348ccbe-b6ca-4be8-82ff-b4eba2616879-Tesla_-_Princeton_169_new/campaign/processed_json/segments/9b1c0b60-a317-4614-b1d3-ac66ae257922/part_3/010971.json,,,0.992825857903813,92.87,84.2105263157895,84.2105263157895,79.1689750692521,100,86.65,0.938542639720206,0.911110665113937,
/media/vsi-dev/Lacie_2/mndot_workzone_project/Tesla/campaign_8348ccbe-b6ca-4be8-82ff-b4eba2616879-Tesla_-_Princeton_169_new/campaign/processed_json/segments/9b1c0b60-a317-4614-b1d3-ac66ae257922/part_3/010972.json,,,0.996394017227934,89.15,84.2105263157895,84.5394736842105,10.6094182825485,100,76.55,0.951740930824774,0.915340236984961,
/media/vsi-dev/Lacie_2/mndot_workzone_project/Tesla/campaign_8348ccbe-b6ca-4be8-82ff-b4eba2616879-Tesla_-_Princeton_169_new/campaign/processed_json/segments/9b1c0b60-a317-4614-b1d3-ac66ae257922/part_3/010973.json,,,0.981167097577432,82.94,82.8947368421053,78.2894736842105,25.3462603878116,0,61.67,0.950385937516024,0.952100923057429,
/media/vsi-dev/Lacie_2/mndot_workzone_project/Tesla/campaign_8348ccbe-b6ca-4be8-82ff-b4eba2616879-Tesla_-_Princeton_169_new/campaign/processed_json/segments/9b1c0b60-a317-4614-b1d3-ac66ae257922/part_3/010974.json,,,0.98728157159029,88.94,84.2105263157895,84.2105263157895,16.1218836565097,95.4016620498615,76.65,0.945353008854498,0.933870686830405,
/media/vsi-dev/Lacie_2/mndot_workzone_project/Tesla/campaign_8348ccbe-b6ca-4be8-82ff-b4eba2616879-Tesla_-_Princeton_169_new/campaign/processed_json/segments/9b1c0b60-a317-4614-b1d3-ac66ae257922/part_3/010975.json,,,0.992825857903813,89.33,84.2105263157895,85.1973684210526,20.415512465374,92.409972299169,77.13,0.944892814431566,0.931727023089019,
/media/vsi-dev/Lacie_2/mndot_workzone_project/Tesla/campaign_8348ccbe-b6ca-4be8-82ff-b4eba2616879-Tesla_-_Princeton_169_new/campaign/processed_json/segments/9b1c0b60-a317-4614-b1d3-ac66ae257922/part_3/010976.json,,,0.999887506327888,89.31,82.8947368421053,81.9078947368421,18.9196675900277,95.983379501385,76.11,0.947299337441127,0.939687361736574,
/media/vsi-dev/Lacie_2/mndot_workzone_project/Tesla/campaign_8348ccbe-b6ca-4be8-82ff-b4eba2616879-Tesla_-_Princeton_169_new/campaign/processed_json/segments/9b1c0b60-a317-4614-b1d3-ac66ae257922/part_3/010977.json,,,0.997889729757728,88.63,81.5789473684211,80.2631578947369,16.3711911357341,95.3462603878116,74.72,0.944633868927404,0.938290603332753,
/media/vsi-dev/Lacie_2/mndot_workzone_project/Tesla/campaign_8348ccbe-b6ca-4be8-82ff-b4eba2616879-Tesla_-_Princeton_169_new/campaign/processed_json/segments/9b1c0b60-a317-4614-b1d3-ac66ae257922/part_3/010978.json,,,0.998201619028437,92.18,80.2631578947369,79.6052631578947,81.2465373961219,94.7091412742382,83.73,0.938219590673361,0.937613681638433,
/media/vsi-dev/Lacie_2/mndot_workzone_project/Tesla/campaign_8348ccbe-b6ca-4be8-82ff-b4eba2616879-Tesla_-_Princeton_169_new/campaign/processed_json/segments/9b1c0b60-a317-4614-b1d3-ac66ae257922/part_3/010979.json,,,0.968433554391028,81.02,79.2763157894737,71.0526315789474,23.1578947368421,0,58.09,0.94815917434577,0.956342236924078,
/media/vsi-dev/Lacie_2/mndot_workzone_project/Tesla/campaign_8348ccbe-b6ca-4be8-82ff-b4eba2616879-Tesla_-_Princeton_169_new/campaign/processed_json/segments/9b1c0b60-a317-4614-b1d3-ac66ae257922/part_3/010980.json,,,0.965191424665858,81.02,80.2631578947369,71.7105263157895,24.3767313019391,0,58.71,0.942738488565444,0.950254840717114,
/media/vsi-dev/Lacie_2/mndot_workzone_project/Tesla/campaign_8348ccbe-b6ca-4be8-82ff-b4eba2616879-Tesla_-_Princeton_169_new/campaign/processed_json/segments/9b1c0b60-a317-4614-b1d3-ac66ae257922/part_3/010981.json,,,0.968433554391028,87.33,80.2631578947369,78.6184210526316,23.7119113573407,91.6620498614958,74.39,0.945490525923151,0.938175165440895,
/media/vsi-dev/Lacie_2/mndot_workzone_project/Tesla/campaign_8348ccbe-b6ca-4be8-82ff-b4eba2616879-Tesla_-_Princeton_169_new/campaign/processed_json/segments/9b1c0b60-a317-4614-b1d3-ac66ae257922/part_3/010982.json,,,0.967434853504781,90.32,79.2763157894737,77.6315789473684,78.3379501385042,92.6869806094183,82.11,0.939666942200135,0.937810775157563,
/media/vsi-dev/Lacie_2/mndot_workzone_project/Tesla/campaign_8348ccbe-b6ca-4be8-82ff-b4eba2616879-Tesla_-_Princeton_169_new/campaign/processed_json/segments/9b1c0b60-a317-4614-b1d3-ac66ae257922/part_3/010983.json,,,0.966424685849189,87.77,78.9473684210526,77.9605263157895,34.0997229916898,93.5457063711911,75.65,0.948726090842273,0.936513527015364,
/media/vsi-dev/Lacie_2/mndot_workzone_project/Tesla/campaign_8348ccbe-b6ca-4be8-82ff-b4eba2616879-Tesla_-_Princeton_169_new/campaign/processed_json/segments/9b1c0b60-a317-4614-b1d3-ac66ae257922/part_3/010984.json,,,0.968221246881518,90.32,79.6052631578947,77.6315789473684,80.6648199445984,89.2520775623269,82.04,0.940564951400773,0.936605244989018,
/media/vsi-dev/Lacie_2/mndot_workzone_project/Tesla/campaign_8348ccbe-b6ca-4be8-82ff-b4eba2616879-Tesla_-_Princeton_169_new/campaign/processed_json/segments/9b1c0b60-a317-4614-b1d3-ac66ae257922/part_3/010985.json,,,0.965191424665858,86.89,78.9473684210526,77.3026315789474,22.5207756232687,91.3850415512465,73.42,0.955923885848565,0.935790497964618,
/media/vsi-dev/Lacie_2/mndot_workzone_project/Tesla/campaign_8348ccbe-b6ca-4be8-82ff-b4eba2616879-Tesla_-_Princeton_169_new/campaign/processed_json/segments/9b1c0b60-a317-4614-b1d3-ac66ae257922/part_3/010986.json,,,0.968433554391028,90.76,79.6052631578947,77.9605263157895,85.3739612188366,91.4958448753463,83.18,0.939610173864523,0.935536782720581,
/media/vsi-dev/Lacie_2/mndot_workzone_project/Tesla/campaign_8348ccbe-b6ca-4be8-82ff-b4eba2616879-Tesla_-_Princeton_169_new/campaign/processed_json/segments/9b1c0b60-a317-4614-b1d3-ac66ae257922/part_3/010987.json,,,0.966038349019377,86.83,78.9473684210526,76.9736842105263,18.8642659279778,94.2105263157895,73.19,0.955555383036918,0.935854969013147,
/media/vsi-dev/Lacie_2/mndot_workzone_project/Tesla/campaign_8348ccbe-b6ca-4be8-82ff-b4eba2616879-Tesla_-_Princeton_169_new/campaign/processed_json/segments/9b1c0b60-a317-4614-b1d3-ac66ae257922/part_3/010988.json,,,0.967721877728007,90.91,80.5921052631579,77.3026315789474,87.1468144044321,91.8005540166205,83.59,0.939502501921766,0.936613630183622,
/media/vsi-dev/Lacie_2/mndot_workzone_project/Tesla/campaign_8348ccbe-b6ca-4be8-82ff-b4eba2616879-Tesla_-_Princeton_169_new/campaign/processed_json/segments/9b1c0b60-a317-4614-b1d3-ac66ae257922/part_3/010989.json,,,0.965191424665858,85.84,80.9210526315789,76.9736842105263,0,92.9916897506925,70.78,0.95521848307653,0.936390016802555,
/media/vsi-dev/Lacie_2/mndot_workzone_project/Tesla/campaign_8348ccbe-b6ca-4be8-82ff-b4eba2616879-Tesla_-_Princeton_169_new/campaign/processed_json/segments/9b1c0b60-a317-4614-b1d3-ac66ae257922/part_3/010990.json,,,0.964245713669026,86.96,80.5921052631579,76.9736842105263,20.8587257617729,92.3545706371191,73.7,0.954450342322128,0.936162841186225,
/media/vsi-dev/Lacie_2/mndot_workzone_project/Tesla/campaign_8348ccbe-b6ca-4be8-82ff-b4eba2616879-Tesla_-_Princeton_169_new/campaign/processed_json/segments/9b1c0b60-a317-4614-b1d3-ac66ae257922/part_3/010991.json,,,0.968620922016178,90.76,79.6052631578947,77.9605263157895,82.9916897506925,93.1578947368421,83.08,0.941703606245207,0.936716793043954,
/media/vsi-dev/Lacie_2/mndot_workzone_project/Tesla/campaign_8348ccbe-b6ca-4be8-82ff-b4eba2616879-Tesla_-_Princeton_169_new/campaign/processed_json/segments/9b1c0b60-a317-4614-b1d3-ac66ae257922/part_3/010992.json,,,0.969233234476344,90.96,78.9473684210526,77.6315789473684,86.1772853185596,94.9861495844875,83.54,0.94166755782376,0.936234670039907,
/media/vsi-dev/Lacie_2/mndot_workzone_project/Tesla/campaign_8348ccbe-b6ca-4be8-82ff-b4eba2616879-Tesla_-_Princeton_169_new/campaign/processed_json/segments/9b1c0b60-a317-4614-b1d3-ac66ae257922/part_3/010993.json,,,0.968920783299383,87.69,78.9473684210526,77.9605263157895,28.7534626038781,96.0387811634349,75.22,0.948503245452546,0.936302958515719,
/media/vsi-dev/Lacie_2/mndot_workzone_project/Tesla/campaign_8348ccbe-b6ca-4be8-82ff-b4eba2616879-Tesla_-_Princeton_169_new/campaign/processed_json/segments/9b1c0b60-a317-4614-b1d3-ac66ae257922/part_3/010994.json,,,0.969120740804232,87.96,80.9210526315789,78.2894736842105,27.1191135734072,97.0083102493075,75.82,0.951121416100284,0.935822870733978,
/media/vsi-dev/Lacie_2/mndot_workzone_project/Tesla/campaign_8348ccbe-b6ca-4be8-82ff-b4eba2616879-Tesla_-_Princeton_169_new/campaign/processed_json/segments/9b1c0b60-a317-4614-b1d3-ac66ae257922/part_3/010995.json,,,0.969033254475011,87.86,79.2763157894737,78.2894736842105,30.8310249307479,95.1246537396122,75.59,0.949561754293959,0.936814567736838,
/media/vsi-dev/Lacie_2/mndot_workzone_project/Tesla/campaign_8348ccbe-b6ca-4be8-82ff-b4eba2616879-Tesla_-_Princeton_169_new/campaign/processed_json/segments/9b1c0b60-a317-4614-b1d3-ac66ae257922/part_3/010996.json,,,0.969120740804232,87.7,80.9210526315789,77.6315789473684,24.7368421052632,95.8448753462604,75.1,0.953046239638258,0.936151090308477,
/media/vsi-dev/Lacie_2/mndot_workzone_project/Tesla/campaign_8348ccbe-b6ca-4be8-82ff-b4eba2616879-Tesla_-_Princeton_169_new/campaign/processed_json/segments/9b1c0b60-a317-4614-b1d3-ac66ae257922/part_3/010997.json,,,0.970433403055154,91.4,81.5789473684211,77.3026315789474,87.8947368421053,95.2908587257618,84.53,0.941115194884381,0.936185929947512,
/media/vsi-dev/Lacie_2/mndot_workzone_project/Tesla/campaign_8348ccbe-b6ca-4be8-82ff-b4eba2616879-Tesla_-_Princeton_169_new/campaign/processed_json/segments/9b1c0b60-a317-4614-b1d3-ac66ae257922/part_3/010998.json,,,0.968920783299383,87.71,80.9210526315789,77.9605263157895,23.7673130193906,96.5373961218837,75.15,0.953070628536486,0.935770433390723,
/media/vsi-dev/Lacie_2/mndot_workzone_project/Tesla/campaign_8348ccbe-b6ca-4be8-82ff-b4eba2616879-Tesla_-_Princeton_169_new/campaign/processed_json/segments/9b1c0b60-a317-4614-b1d3-ac66ae257922/part_3/010999.json,,,0.969033254475011,87.91,81.5789473684211,77.6315789473684,27.3684210526316,95.5124653739612,75.64,0.952648290517242,0.936218808696573,
/media/vsi-dev/Lacie_2/mndot_workzone_project/Tesla/campaign_8348ccbe-b6ca-4be8-82ff-b4eba2616879-Tesla_-_Princeton_169_new/campaign/processed_json/segments/9b1c0b60-a317-4614-b1d3-ac66ae257922/part_3/011000.json,,,0.968620922016178,87.35,81.25,79.6052631578947,18.8919667590028,91.4958448753463,74.27,0.95394763850253,0.936264874167409,
/media/vsi-dev/Lacie_2/mndot_workzone_project/Tesla/campaign_8348ccbe-b6ca-4be8-82ff-b4eba2616879-Tesla_-_Princeton_169_new/campaign/processed_json/segments/9b1c0b60-a317-4614-b1d3-ac66ae257922/part_3/011001.json,,,0.968920783299383,86.44,81.9078947368421,78.2894736842105,2.46537396121884,92.797783933518,71.82,0.958152387579752,0.937075444815121,
/media/vsi-dev/Lacie_2/mndot_workzone_project/Tesla/campaign_8348ccbe-b6ca-4be8-82ff-b4eba2616879-Tesla_-_Princeton_169_new/campaign/processed_json/segments/9b1c0b60-a317-4614-b1d3-ac66ae257922/part_3/011002.json,,,0.972765240307908,91.56,81.5789473684211,78.6184210526316,87.4238227146815,94.0443213296399,84.67,0.941462843439793,0.936900977145113,
/media/vsi-dev/Lacie_2/mndot_workzone_project/Tesla/campaign_8348ccbe-b6ca-4be8-82ff-b4eba2616879-Tesla_-_Princeton_169_new/campaign/processed_json/segments/9b1c0b60-a317-4614-b1d3-ac66ae257922/part_3/011003.json,,,0.970433403055154,88.05,82.2368421052632,78.2894736842105,27.3130193905817,94.2382271468144,75.84,0.952474814521993,0.937075683572727,
/media/vsi-dev/Lacie_2/mndot_workzone_project/Tesla/campaign_8348ccbe-b6ca-4be8-82ff-b4eba2616879-Tesla_-_Princeton_169_new/campaign/processed_json/segments/9b1c0b60-a317-4614-b1d3-ac66ae257922/part_3/011004.json,,,0.980198673306755,92.07,82.2368421052632,78.6184210526316,89.7783933518006,93.7673130193906,85.18,0.941391401850678,0.93741836941964,
/media/vsi-dev/Lacie_2/mndot_workzone_project/Tesla/campaign_8348ccbe-b6ca-4be8-82ff-b4eba2616879-Tesla_-_Princeton_169_new/campaign/processed_json/segments/9b1c0b60-a317-4614-b1d3-ac66ae257922/part_3/011005.json,,,0.982111925534364,92.42,82.2368421052632,79.9342105263158,90.3601108033241,95.2631578947368,85.89,0.941356973849247,0.936875425857781,
/media/vsi-dev/Lacie_2/mndot_workzone_project/Tesla/campaign_8348ccbe-b6ca-4be8-82ff-b4eba2616879-Tesla_-_Princeton_169_new/campaign/processed_json/segments/9b1c0b60-a317-4614-b1d3-ac66ae257922/part_3/011006.json,,,0.97715254792786,88.61,82.2368421052632,78.9473684210526,28.1717451523546,97.0637119113573,76.59,0.952141326054787,0.936944249628903,
/media/vsi-dev/Lacie_2/mndot_workzone_project/Tesla/campaign_8348ccbe-b6ca-4be8-82ff-b4eba2616879-Tesla_-_Princeton_169_new/campaign/processed_json/segments/9b1c0b60-a317-4614-b1d3-ac66ae257922/part_3/011007.json,,,0.982111925534364,92.44,82.8947368421053,80.2631578947369,88.2825484764543,95.2631578947368,85.88,0.94235935103535,0.937743437011367,
/media/vsi-dev/Lacie_2/mndot_workzone_project/Tesla/campaign_8348ccbe-b6ca-4be8-82ff-b4eba2616879-Tesla_-_Princeton_169_new/campaign/processed_json/segments/9b1c0b60-a317-4614-b1d3-ac66ae257922/part_3/011008.json,,,0.982111925534364,89.12,82.8947368421053,79.9342105263158,30.6648199445983,95.8448753462604,77.29,0.95424003585969,0.937797171697207,
/media/vsi-dev/Lacie_2/mndot_workzone_project/Tesla/campaign_8348ccbe-b6ca-4be8-82ff-b4eba2616879-Tesla_-_Princeton_169_new/campaign/processed_json/segments/9b1c0b60-a317-4614-b1d3-ac66ae257922/part_3/011009.json,,,0.983930514272508,89.12,82.8947368421053,79.6052631578947,30.7202216066482,95.207756232687,77.1,0.954042993057951,0.937919654404426,
/media/vsi-dev/Lacie_2/mndot_workzone_project/Tesla/campaign_8348ccbe-b6ca-4be8-82ff-b4eba2616879-Tesla_-_Princeton_169_new/campaign/processed_json/segments/9b1c0b60-a317-4614-b1d3-ac66ae257922/part_3/011010.json,,,0.988059362042712,88.7,83.8815789473684,79.9342105263158,17.9224376731302,95.9002770083103,75.67,0.953760978469219,0.937569505859997,
/media/vsi-dev/Lacie_2/mndot_workzone_project/Tesla/campaign_8348ccbe-b6ca-4be8-82ff-b4eba2616879-Tesla_-_Princeton_169_new/campaign/processed_json/segments/9b1c0b60-a317-4614-b1d3-ac66ae257922/part_3/011011.json,,,0.99158560090355,92.94,83.8815789473684,79.9342105263158,87.8393351800554,96.7590027700831,86.23,0.941278977815086,0.937654333902509,
/media/vsi-dev/Lacie_2/mndot_workzone_project/Tesla/campaign_8348ccbe-b6ca-4be8-82ff-b4eba2616879-Tesla_-_Princeton_169_new/campaign/processed_json/segments/9b1c0b60-a317-4614-b1d3-ac66ae257922/part_3/011012.json,,,0.990928893001464,92.95,82.8947368421053,80.5921052631579,88.1717451523546,97.8670360110803,86.34,0.940513749863696,0.937328006051026,
/media/vsi-dev/Lacie_2/mndot_workzone_project/Tesla/campaign_8348ccbe-b6ca-4be8-82ff-b4eba2616879-Tesla_-_Princeton_169_new/campaign/processed_json/segments/9b1c0b60-a317-4614-b1d3-ac66ae257922/part_3/011013.json,,,0.988813044611233,88.6,83.8815789473684,80.5921052631579,13.6288088642659,95.8725761772853,75.24,0.956963881180856,0.937988724416751,
/media/vsi-dev/Lacie_2/mndot_workzone_project/Tesla/campaign_8348ccbe-b6ca-4be8-82ff-b4eba2616879-Tesla_-_Princeton_169_new/campaign/processed_json/segments/9b1c0b60-a317-4614-b1d3-ac66ae257922/part_3/011014.json,,,0.988813044611233,88.71,82.5657894736842,80.9210526315789,16.7036011080332,96.398891966759,75.49,0.958074841435188,0.937793885047453,
/media/vsi-dev/Lacie_2/mndot_workzone_project/Tesla/campaign_8348ccbe-b6ca-4be8-82ff-b4eba2616879-Tesla_-_Princeton_169_new/campaign/processed_json/segments/9b1c0b60-a317-4614-b1d3-ac66ae257922/part_3/011015.json,,,0.990247863518234,89.03,82.8947368421053,80.9210526315789,22.1606648199446,94.792243767313,76.16,0.95700547283628,0.93844523941158,
/media/vsi-dev/Lacie_2/mndot_workzone_project/Tesla/campaign_8348ccbe-b6ca-4be8-82ff-b4eba2616879-Tesla_-_Princeton_169_new/campaign/processed_json/segments/9b1c0b60-a317-4614-b1d3-ac66ae257922/part_3/011016.json,,,0.988059362042712,89.02,81.9078947368421,80.9210526315789,23.3795013850415,96.8421052631579,76.36,0.957366543254248,0.937762551175251,
/media/vsi-dev/Lacie_2/mndot_workzone_project/Tesla/campaign_8348ccbe-b6ca-4be8-82ff-b4eba2616879-Tesla_-_Princeton_169_new/campaign/processed_json/segments/9b1c0b60-a317-4614-b1d3-ac66ae257922/part_3/011017.json,,,0.988059362042712,88.66,82.2368421052632,81.25,14.7368421052632,97.7008310249308,75.4,0.959883582443071,0.93828463750274,
/media/vsi-dev/Lacie_2/mndot_workzone_project/Tesla/campaign_8348ccbe-b6ca-4be8-82ff-b4eba2616879-Tesla_-_Princeton_169_new/campaign/processed_json/segments/9b1c0b60-a317-4614-b1d3-ac66ae257922/part_3/011018.json,,,0.988059362042712,88.67,81.9078947368421,78.9473684210526,21.3019390581717,98.393351800554,75.65,0.949690754382183,0.938742376993128,
/media/vsi-dev/Lacie_2/mndot_workzone_project/Tesla/campaign_8348ccbe-b6ca-4be8-82ff-b4eba2616879-Tesla_-_Princeton_169_new/campaign/processed_json/segments/9b1c0b60-a317-4614-b1d3-ac66ae257922/part_3/011019.json,,,0.98728157159029,88.67,82.2368421052632,81.25,17.8116343490305,96.9252077562327,75.7,0.950681665827592,0.938960920224082,
/media/vsi-dev/Lacie_2/mndot_workzone_project/Tesla/campaign_8348ccbe-b6ca-4be8-82ff-b4eba2616879-Tesla_-_Princeton_169_new/campaign/processed_json/segments/9b1c0b60-a317-4614-b1d3-ac66ae257922/part_3/011020.json,,,0.98728157159029,88.1,82.2368421052632,81.25,8.80886426592798,95.9002770083103,74.21,0.952961642881191,0.939031657815657,
/media/vsi-dev/Lacie_2/mndot_workzone_project/Tesla/campaign_8348ccbe-b6ca-4be8-82ff-b4eba2616879-Tesla_-_Princeton_169_new/campaign/processed_json/segments/9b1c0b60-a317-4614-b1d3-ac66ae257922/part_3/011021.json,,,0.993409314468916,92.72,82.2368421052632,81.5789473684211,83.6842105263158,96.0387811634349,85.5,0.93982093665944,0.938769952857239,
/media/vsi-dev/Lacie_2/mndot_workzone_project/Tesla/campaign_8348ccbe-b6ca-4be8-82ff-b4eba2616879-Tesla_-_Princeton_169_new/campaign/processed_json/segments/9b1c0b60-a317-4614-b1d3-ac66ae257922/part_3/011022.json,,,0.995497666030972,92.88,82.2368421052632,81.5789473684211,85.4570637119113,95.4570637119114,85.68,0.940448685515134,0.93825866905906,
/media/vsi-dev/Lacie_2/mndot_workzone_project/Tesla/campaign_8348ccbe-b6ca-4be8-82ff-b4eba2616879-Tesla_-_Princeton_169_new/campaign/processed_json/segments/9b1c0b60-a317-4614-b1d3-ac66ae257922/part_3/011023.json,,,0.99158560090355,88.39,82.2368421052632,81.5789473684211,11.4127423822715,95.2908587257618,74.6,0.950509201450556,0.938534073253783,
/media/vsi-dev/Lacie_2/mndot_workzone_project/Tesla/campaign_8348ccbe-b6ca-4be8-82ff-b4eba2616879-Tesla_-_Princeton_169_new/campaign/processed_json/segments/9b1c0b60-a317-4614-b1d3-ac66ae257922/part_3/011024.json,,,0.995497666030972,93.2,83.8815789473684,81.25,87.7562326869806,96.8698060941828,86.6,0.93648499609327,0.93771897223784,
/media/vsi-dev/Lacie_2/mndot_workzone_project/Tesla/campaign_8348ccbe-b6ca-4be8-82ff-b4eba2616879-Tesla_-_Princeton_169_new/campaign/processed_json/segments/9b1c0b60-a317-4614-b1d3-ac66ae257922/part_3/011025.json,,,0.990928893001464,88.72,81.9078947368421,81.5789473684211,16.01108033241,97.1191135734072,75.46,0.951745330692892,0.937797251379157,
/media/vsi-dev/Lacie_2/mndot_workzone_project/Tesla/campaign_8348ccbe-b6ca-4be8-82ff-b4eba2616879-Tesla_-_Princeton_169_new/campaign/processed_json/segments/9b1c0b60-a317-4614-b1d3-ac66ae257922/part_3/011026.json,,,0.995497666030972,89.7,81.5789473684211,79.9342105263158,30.8587257617729,100,77.52,0.949467265328538,0.937417540419394,
/media/vsi-dev/Lacie_2/mndot_workzone_project/Tesla/campaign_8348ccbe-b6ca-4be8-82ff-b4eba2616879-Tesla_-_Princeton_169_new/campaign/processed_json/segments/9b1c0b60-a317-4614-b1d3-ac66ae257922/part_3/011027.json,,,0.994502665947899,89.35,82.2368421052632,81.25,24.7645429362881,96.7036011080332,76.71,0.949713883584455,0.938463431017651,
/media/vsi-dev/Lacie_2/mndot_workzone_project/Tesla/campaign_8348ccbe-b6ca-4be8-82ff-b4eba2616879-Tesla_-_Princeton_169_new/campaign/processed_json/segments/9b1c0b60-a317-4614-b1d3-ac66ae257922/part_3/011028.json,,,0.996394017227934,89.62,81.5789473684211,79.2763157894737,28.8642659279778,100,77.06,0.955765897629466,0.938112078055396,
/media/vsi-dev/Lacie_2/mndot_workzone_project/Tesla/campaign_8348ccbe-b6ca-4be8-82ff-b4eba2616879-Tesla_-_Princeton_169_new/campaign/processed_json/segments/9b1c0b60-a317-4614-b1d3-ac66ae257922/part_3/011029.json,,,0.996805114543033,89.29,82.8947368421053,81.25,18.3379501385042,98.6703601108033,76.25,0.953523361949234,0.938496140057528,
/media/vsi-dev/Lacie_2/mndot_workzone_project/Tesla/campaign_8348ccbe-b6ca-4be8-82ff-b4eba2616879-Tesla_-_Princeton_169_new/campaign/processed_json/segments/9b1c0b60-a317-4614-b1d3-ac66ae257922/part_3/011030.json,,,0.996394017227934,89.23,82.2368421052632,79.6052631578947,22.6592797783934,98.0609418282548,76.12,0.95397890607562,0.938843186599954,
/media/vsi-dev/Lacie_2/mndot_workzone_project/Tesla/campaign_8348ccbe-b6ca-4be8-82ff-b4eba2616879-Tesla_-_Princeton_169_new/campaign/processed_json/segments/9b1c0b60-a317-4614-b1d3-ac66ae257922/part_3/011031.json,,,0.990247863518234,86.62,82.8947368421053,74.671052631579,88.9473684210526,0,70.1,0.940969529944802,0.956380569688626,
/media/vsi-dev/Lacie_2/mndot_workzone_project/Tesla/campaign_8348ccbe-b6ca-4be8-82ff-b4eba2616879-Tesla_-_Princeton_169_new/campaign/processed_json/segments/9b1c0b60-a317-4614-b1d3-ac66ae257922/part_3/011032.json,,,0.996394017227934,92.73,80.2631578947369,80.9210526315789,88.6980609418282,94.0443213296399,85.17,0.942145986187272,0.938258709615958,
/media/vsi-dev/Lacie_2/mndot_workzone_project/Tesla/campaign_8348ccbe-b6ca-4be8-82ff-b4eba2616879-Tesla_-_Princeton_169_new/campaign/processed_json/segments/9b1c0b60-a317-4614-b1d3-ac66ae257922/part_3/011033.json,,,0.99158560090355,89.63,82.2368421052632,80.2631578947369,33.185595567867,97.0637119113573,77.73,0.94965560403181,0.938207535896755,
/media/vsi-dev/Lacie_2/mndot_workzone_project/Tesla/campaign_8348ccbe-b6ca-4be8-82ff-b4eba2616879-Tesla_-_Princeton_169_new/campaign/processed_json/segments/9b1c0b60-a317-4614-b1d3-ac66ae257922/part_3/011034.json,,,0.992825857903813,90.03,83.8815789473684,80.5921052631579,35.0692520775623,95.6786703601108,78.43,0.956203416367856,0.938327634590865,
/media/vsi-dev/Lacie_2/mndot_workzone_project/Tesla/campaign_8348ccbe-b6ca-4be8-82ff-b4eba2616879-Tesla_-_Princeton_169_new/campaign/processed_json/segments/9b1c0b60-a317-4614-b1d3-ac66ae257922/part_3/011035.json,,,0.988813044611233,92.63,82.5657894736842,81.9078947368421,87.2853185595568,93.0193905817175,85.77,0.939981989468178,0.937275855454101,
/media/vsi-dev/Lacie_2/mndot_workzone_project/Tesla/campaign_8348ccbe-b6ca-4be8-82ff-b4eba2616879-Tesla_-_Princeton_169_new/campaign/processed_json/segments/9b1c0b60-a317-4614-b1d3-ac66ae257922/part_3/011036.json,,,0.983930514272508,88.6,82.2368421052632,81.25,22.0498614958449,94.2936288088643,75.93,0.949335874146181,0.937784473869547,
/media/vsi-dev/Lacie_2/mndot_workzone_project/Tesla/campaign_8348ccbe-b6ca-4be8-82ff-b4eba2616879-Tesla_-_Princeton_169_new/campaign/processed_json/segments/9b1c0b60-a317-4614-b1d3-ac66ae257922/part_3/011037.json,,,0.982111925534364,88.79,82.2368421052632,80.9210526315789,27.8670360110803,93.6842105263158,76.61,0.949289686901835,0.937159473783002,
/media/vsi-dev/Lacie_2/mndot_workzone_project/Tesla/campaign_8348ccbe-b6ca-4be8-82ff-b4eba2616879-Tesla_-_Princeton_169_new/campaign/processed_json/segments/9b1c0b60-a317-4614-b1d3-ac66ae257922/part_3/011038.json,,,0.975005175298418,87.79,82.2368421052632,80.9210526315789,17.202216066482,91.7728531855956,74.74,0.95264626779968,0.937126133120802,
/media/vsi-dev/Lacie_2/mndot_workzone_project/Tesla/campaign_8348ccbe-b6ca-4be8-82ff-b4eba2616879-Tesla_-_Princeton_169_new/campaign/processed_json/segments/9b1c0b60-a317-4614-b1d3-ac66ae257922/part_3/011039.json,,,0.978191324262237,88.44,82.2368421052632,81.25,24.2936288088643,93.2963988919668,76.12,0.950086750243937,0.936069267842776,
/media/vsi-dev/Lacie_2/mndot_workzone_project/Tesla/campaign_8348ccbe-b6ca-4be8-82ff-b4eba2616879-Tesla_-_Princeton_169_new/campaign/processed_json/segments/9b1c0b60-a317-4614-b1d3-ac66ae257922/part_3/011040.json,,,0.982111925534364,92.24,82.2368421052632,80.9210526315789,88.0332409972299,93.0747922437673,85.49,0.939958878008661,0.936325304548906,
/media/vsi-dev/Lacie_2/mndot_workzone_project/Tesla/campaign_8348ccbe-b6ca-4be8-82ff-b4eba2616879-Tesla_-_Princeton_169_new/campaign/processed_json/segments/9b1c0b60-a317-4614-b1d3-ac66ae257922/part_3/011041.json,,,0.990247863518234,92.47,82.2368421052632,79.6052631578947,87.8947368421053,93.98891966759,85.22,0.939814393501389,0.937881781277537,
/media/vsi-dev/Lacie_2/mndot_workzone_project/Tesla/campaign_8348ccbe-b6ca-4be8-82ff-b4eba2616879-Tesla_-_Princeton_169_new/campaign/processed_json/segments/9b1c0b60-a317-4614-b1d3-ac66ae257922/part_3/011042.json,,,0.981167097577432,88.31,80.9210526315789,79.2763157894737,22.6315789473684,97.1191135734072,75.46,0.951311698755863,0.936667936885545,
/media/vsi-dev/Lacie_2/mndot_workzone_project/Tesla/campaign_8348ccbe-b6ca-4be8-82ff-b4eba2616879-Tesla_-_Princeton_169_new/campaign/processed_json/segments/9b1c0b60-a317-4614-b1d3-ac66ae257922/part_3/011043.json,,,0.982111925534364,88.16,81.9078947368421,79.2763157894737,18.8919667590028,96.9529085872576,75.14,0.944914207294309,0.936999902517969,
/media/vsi-dev/Lacie_2/mndot_workzone_project/Tesla/campaign_8348ccbe-b6ca-4be8-82ff-b4eba2616879-Tesla_-_Princeton_169_new/campaign/processed_json/segments/9b1c0b60-a317-4614-b1d3-ac66ae257922/part_3/011044.json,,,0.983930514272508,92.1,81.5789473684211,79.2763157894737,87.5623268698061,94.2936288088643,84.92,0.940081189463331,0.937282669831717,
/media/vsi-dev/Lacie_2/mndot_workzone_project/Tesla/campaign_8348ccbe-b6ca-4be8-82ff-b4eba2616879-Tesla_-_Princeton_169_new/campaign/processed_json/segments/9b1c0b60-a317-4614-b1d3-ac66ae257922/part_3/011045.json,,,0.97715254792786,88.16,82.2368421052632,78.6184210526316,22.6038781163435,95.5678670360111,75.43,0.953059881043692,0.936977196155189,
/media/vsi-dev/Lacie_2/mndot_workzone_project/Tesla/campaign_8348ccbe-b6ca-4be8-82ff-b4eba2616879-Tesla_-_Princeton_169_new/campaign/processed_json/segments/9b1c0b60-a317-4614-b1d3-ac66ae257922/part_3/011046.json,,,0.968221246881518,87.86,81.5789473684211,79.6052631578947,31.1634349030471,88.7811634349031,75.76,0.952901402368993,0.929893101013609,
/media/vsi-dev/Lacie_2/mndot_workzone_project/Tesla/campaign_8348ccbe-b6ca-4be8-82ff-b4eba2616879-Tesla_-_Princeton_169_new/campaign/processed_json/segments/9b1c0b60-a317-4614-b1d3-ac66ae257922/part_3/011047.json,,,0.978191324262237,90.72,80.9210526315789,79.6052631578947,89.2243767313019,75.5401662049862,82.22,0.940754531266511,0.929328906152621,
/media/vsi-dev/Lacie_2/mndot_workzone_project/Tesla/campaign_8348ccbe-b6ca-4be8-82ff-b4eba2616879-Tesla_-_Princeton_169_new/campaign/processed_json/segments/9b1c0b60-a317-4614-b1d3-ac66ae257922/part_3/011048.json,,,0.972765240307908,88.13,81.5789473684211,79.6052631578947,28.393351800554,92.382271468144,75.9,0.9497525471642,0.935734420976357,
/media/vsi-dev/Lacie_2/mndot_workzone_project/Tesla/campaign_8348ccbe-b6ca-4be8-82ff-b4eba2616879-Tesla_-_Princeton_169_new/campaign/processed_json/segments/9b1c0b60-a317-4614-b1d3-ac66ae257922/part_3/011049.json,,,0.982111925534364,92.14,81.5789473684211,80.2631578947369,90.4432132963989,91.2465373961219,85.19,0.941268428955617,0.936195799141317,
/media/vsi-dev/Lacie_2/mndot_workzone_project/Tesla/campaign_8348ccbe-b6ca-4be8-82ff-b4eba2616879-Tesla_-_Princeton_169_new/campaign/processed_json/segments/9b1c0b60-a317-4614-b1d3-ac66ae257922/part_3/011050.json,,,0.975005175298418,88.15,80.2631578947369,79.9342105263158,28.3102493074792,93.213296398892,75.72,0.950640189943976,0.935658256135094,
/media/vsi-dev/Lacie_2/mndot_workzone_project/Tesla/campaign_8348ccbe-b6ca-4be8-82ff-b4eba2616879-Tesla_-_Princeton_169_new/campaign/processed_json/segments/9b1c0b60-a317-4614-b1d3-ac66ae257922/part_3/011051.json,,,0.981167097577432,92.34,80.9210526315789,80.2631578947369,92.2714681440443,95.180055401662,85.85,0.941359684100627,0.934367560754976,
/media/vsi-dev/Lacie_2/mndot_workzone_project/Tesla/campaign_8348ccbe-b6ca-4be8-82ff-b4eba2616879-Tesla_-_Princeton_169_new/campaign/processed_json/segments/9b1c0b60-a317-4614-b1d3-ac66ae257922/part_3/011052.json,,,0.97715254792786,88.83,80.5921052631579,80.2631578947369,35.1246537396122,95.4847645429363,77.27,0.949115585401935,0.934396932346647,
/media/vsi-dev/Lacie_2/mndot_workzone_project/Tesla/campaign_8348ccbe-b6ca-4be8-82ff-b4eba2616879-Tesla_-_Princeton_169_new/campaign/processed_json/segments/9b1c0b60-a317-4614-b1d3-ac66ae257922/part_3/011053.json,,,0.973896737455057,87.17,80.2631578947369,79.2763157894737,10.2216066481994,94.6260387811634,73.08,0.962412850822745,0.935490725678862,
/media/vsi-dev/Lacie_2/mndot_workzone_project/Tesla/campaign_8348ccbe-b6ca-4be8-82ff-b4eba2616879-Tesla_-_Princeton_169_new/campaign/processed_json/segments/9b1c0b60-a317-4614-b1d3-ac66ae257922/part_3/011054.json,,,0.978191324262237,88.45,80.2631578947369,80.2631578947369,26.2049861495845,96.4819944598338,76.02,0.957578115412591,0.93375840677807,
/media/vsi-dev/Lacie_2/mndot_workzone_project/Tesla/campaign_8348ccbe-b6ca-4be8-82ff-b4eba2616879-Tesla_-_Princeton_169_new/campaign/processed_json/segments/9b1c0b60-a317-4614-b1d3-ac66ae257922/part_3/011055.json,,,0.982111925534364,92.38,80.9210526315789,79.6052631578947,93.7950138504155,94.7645429362881,85.82,0.941375708136983,0.935097158472218,
/media/vsi-dev/Lacie_2/mndot_workzone_project/Tesla/campaign_8348ccbe-b6ca-4be8-82ff-b4eba2616879-Tesla_-_Princeton_169_new/campaign/processed_json/segments/9b1c0b60-a317-4614-b1d3-ac66ae257922/part_3/011056.json,,,0.97715254792786,88.22,80.9210526315789,79.2763157894737,21.8559556786704,98.1994459833795,75.53,0.957216042026639,0.934489423552058,
/media/vsi-dev/Lacie_2/mndot_workzone_project/Tesla/campaign_8348ccbe-b6ca-4be8-82ff-b4eba2616879-Tesla_-_Princeton_169_new/campaign/processed_json/segments/9b1c0b60-a317-4614-b1d3-ac66ae257922/part_3/011057.json,,,0.981167097577432,88.23,80.9210526315789,79.6052631578947,21.9113573407202,95.0138504155125,75.16,0.957653487253648,0.93439444430579,
/media/vsi-dev/Lacie_2/mndot_workzone_project/Tesla/campaign_8348ccbe-b6ca-4be8-82ff-b4eba2616879-Tesla_-_Princeton_169_new/campaign/processed_json/segments/9b1c0b60-a317-4614-b1d3-ac66ae257922/part_3/011058.json,,,0.983930514272508,92.54,80.2631578947369,79.6052631578947,95.3739612188366,96.2326869806094,86.08,0.941329784924987,0.934198482380819,
/media/vsi-dev/Lacie_2/mndot_workzone_project/Tesla/campaign_8348ccbe-b6ca-4be8-82ff-b4eba2616879-Tesla_-_Princeton_169_new/campaign/processed_json/segments/9b1c0b60-a317-4614-b1d3-ac66ae257922/part_3/011059.json,,,0.972765240307908,87.9,80.2631578947369,79.2763157894737,20.3601108033241,98.3656509695291,75.14,0.959627640490394,0.933667446845266,
/media/vsi-dev/Lacie_2/mndot_workzone_project/Tesla/campaign_8348ccbe-b6ca-4be8-82ff-b4eba2616879-Tesla_-_Princeton_169_new/campaign/processed_json/segments/9b1c0b60-a317-4614-b1d3-ac66ae257922/part_3/011060.json,,,0.980198673306755,92.6,80.2631578947369,79.2763157894737,95.8725761772853,100,86.61,0.940725253278819,0.93372621603572,
/media/vsi-dev/Lacie_2/mndot_workzone_project/Tesla/campaign_8348ccbe-b6ca-4be8-82ff-b4eba2616879-Tesla_-_Princeton_169_new/campaign/processed_json/segments/9b1c0b60-a317-4614-b1d3-ac66ae257922/part_3/011061.json,,,0.969220734554469,87.65,80.9210526315789,78.9473684210526,25.180055401662,92.6038781163435,75.06,0.951428226037998,0.934182261287016,
/media/vsi-dev/Lacie_2/mndot_workzone_project/Tesla/campaign_8348ccbe-b6ca-4be8-82ff-b4eba2616879-Tesla_-_Princeton_169_new/campaign/processed_json/segments/9b1c0b60-a317-4614-b1d3-ac66ae257922/part_3/011062.json,,,0.966424685849189,91.94,80.2631578947369,80.2631578947369,93.0193905817175,100,86.46,0.942165430295768,0.92799438543295,
/media/vsi-dev/Lacie_2/mndot_workzone_project/Tesla/campaign_8348ccbe-b6ca-4be8-82ff-b4eba2616879-Tesla_-_Princeton_169_new/campaign/processed_json/segments/9b1c0b60-a317-4614-b1d3-ac66ae257922/part_3/011063.json,,,0.952266321667955,81.4,80.2631578947369,74.0131578947369,30,0,60.36,0.952394768720821,0.963654747413245,
/media/vsi-dev/Lacie_2/mndot_workzone_project/Tesla/campaign_8348ccbe-b6ca-4be8-82ff-b4eba2616879-Tesla_-_Princeton_169_new/campaign/processed_json/segments/9b1c0b60-a317-4614-b1d3-ac66ae257922/part_3/011064.json,,,0.965191424665858,82.29,80.9210526315789,72.3684210526316,41.0803324099723,0,61.66,0.949084110774435,0.952553763154708,
/media/vsi-dev/Lacie_2/mndot_workzone_project/Tesla/campaign_8348ccbe-b6ca-4be8-82ff-b4eba2616879-Tesla_-_Princeton_169_new/campaign/processed_json/segments/9b1c0b60-a317-4614-b1d3-ac66ae257922/part_3/011065.json,,,0.97715254792786,88.94,80.9210526315789,79.2763157894737,38.393351800554,95.4293628808864,77.55,0.94804488109288,0.935534615470231,
/media/vsi-dev/Lacie_2/mndot_workzone_project/Tesla/campaign_8348ccbe-b6ca-4be8-82ff-b4eba2616879-Tesla_-_Princeton_169_new/campaign/processed_json/segments/9b1c0b60-a317-4614-b1d3-ac66ae257922/part_3/011066.json,,,0.978191324262237,88.16,80.2631578947369,78.9473684210526,25.7063711911357,94.0997229916897,75.21,0.95859329568009,0.936212973387101,
/media/vsi-dev/Lacie_2/mndot_workzone_project/Tesla/campaign_8348ccbe-b6ca-4be8-82ff-b4eba2616879-Tesla_-_Princeton_169_new/campaign/processed_json/segments/9b1c0b60-a317-4614-b1d3-ac66ae257922/part_3/011067.json,,,0.97715254792786,88.29,81.5789473684211,78.6184210526316,25.8725761772853,95.1246537396122,75.68,0.957252115284147,0.936282703341078,
/media/vsi-dev/Lacie_2/mndot_workzone_project/Tesla/campaign_8348ccbe-b6ca-4be8-82ff-b4eba2616879-Tesla_-_Princeton_169_new/campaign/processed_json/segments/9b1c0b60-a317-4614-b1d3-ac66ae257922/part_3/011068.json,,,0.982111925534364,92.43,82.2368421052632,78.9473684210526,95.180055401662,92.1883656509695,85.86,0.94348626127726,0.936938211816816,
/media/vsi-dev/Lacie_2/mndot_workzone_project/Tesla/campaign_8348ccbe-b6ca-4be8-82ff-b4eba2616879-Tesla_-_Princeton_169_new/campaign/processed_json/segments/9b1c0b60-a317-4614-b1d3-ac66ae257922/part_3/011069.json,,,0.981167097577432,88.54,82.2368421052632,78.9473684210526,25.9556786703601,93.6842105263158,75.79,0.961114198257942,0.936485026453097,
/media/vsi-dev/Lacie_2/mndot_workzone_project/Tesla/campaign_8348ccbe-b6ca-4be8-82ff-b4eba2616879-Tesla_-_Princeton_169_new/campaign/processed_json/segments/9b1c0b60-a317-4614-b1d3-ac66ae257922/part_3/011070.json,,,0.982111925534364,89.71,84.2105263157895,78.9473684210526,42.3268698060942,93.5180055401662,78.78,0.954783458746998,0.936604738470833,
/media/vsi-dev/Lacie_2/mndot_workzone_project/Tesla/campaign_8348ccbe-b6ca-4be8-82ff-b4eba2616879-Tesla_-_Princeton_169_new/campaign/processed_json/segments/9b1c0b60-a317-4614-b1d3-ac66ae257922/part_3/011071.json,,,0.97715254792786,88.68,83.5526315789474,80.5921052631579,27.617728531856,93.1024930747923,76.79,0.951613216924772,0.935984103307983,
/media/vsi-dev/Lacie_2/mndot_workzone_project/Tesla/campaign_8348ccbe-b6ca-4be8-82ff-b4eba2616879-Tesla_-_Princeton_169_new/campaign/processed_json/segments/9b1c0b60-a317-4614-b1d3-ac66ae257922/part_3/011072.json,,,0.982111925534364,88.74,82.8947368421053,78.9473684210526,27.202216066482,93.9058171745152,76.21,0.961222009968685,0.936128460544264,
/media/vsi-dev/Lacie_2/mndot_workzone_project/Tesla/campaign_8348ccbe-b6ca-4be8-82ff-b4eba2616879-Tesla_-_Princeton_169_new/campaign/processed_json/segments/9b1c0b60-a317-4614-b1d3-ac66ae257922/part_3/011073.json,,,0.981167097577432,92.59,83.8815789473684,79.2763157894737,94.2105263157895,92.7423822714681,86.38,0.942320240701103,0.936403286003648,
/media/vsi-dev/Lacie_2/mndot_workzone_project/Tesla/campaign_8348ccbe-b6ca-4be8-82ff-b4eba2616879-Tesla_-_Princeton_169_new/campaign/processed_json/segments/9b1c0b60-a317-4614-b1d3-ac66ae257922/part_3/011074.json,,,0.975005175298418,88.31,83.8815789473684,81.25,20.3047091412742,92.9362880886427,75.98,0.956561984956811,0.934973180829115,
/media/vsi-dev/Lacie_2/mndot_workzone_project/Tesla/campaign_8348ccbe-b6ca-4be8-82ff-b4eba2616879-Tesla_-_Princeton_169_new/campaign/processed_json/segments/9b1c0b60-a317-4614-b1d3-ac66ae257922/part_3/011075.json,,,0.985653900195345,92.74,83.8815789473684,79.6052631578947,93.6842105263158,92.1329639889197,86.31,0.942451006416579,0.936410378637369,
/media/vsi-dev/Lacie_2/mndot_workzone_project/Tesla/campaign_8348ccbe-b6ca-4be8-82ff-b4eba2616879-Tesla_-_Princeton_169_new/campaign/processed_json/segments/9b1c0b60-a317-4614-b1d3-ac66ae257922/part_3/011076.json,,,0.97715254792786,89.04,83.8815789473684,78.9473684210526,33.3518005540166,95.7063711911357,77.65,0.95392858542537,0.935424343208632,
/media/vsi-dev/Lacie_2/mndot_workzone_project/Tesla/campaign_8348ccbe-b6ca-4be8-82ff-b4eba2616879-Tesla_-_Princeton_169_new/campaign/processed_json/segments/9b1c0b60-a317-4614-b1d3-ac66ae257922/part_3/011077.json,,,0.972765240307908,88.03,82.8947368421053,78.9473684210526,20.5817174515235,95.595567867036,75.45,0.959006560869083,0.935417610683785,
/media/vsi-dev/Lacie_2/mndot_workzone_project/Tesla/campaign_8348ccbe-b6ca-4be8-82ff-b4eba2616879-Tesla_-_Princeton_169_new/campaign/processed_json/segments/9b1c0b60-a317-4614-b1d3-ac66ae257922/part_3/011078.json,,,0.973896737455057,88.33,83.8815789473684,79.6052631578947,24.0997229916898,92.9085872576177,76.07,0.95751274626132,0.936607666972127,
/media/vsi-dev/Lacie_2/mndot_workzone_project/Tesla/campaign_8348ccbe-b6ca-4be8-82ff-b4eba2616879-Tesla_-_Princeton_169_new/campaign/processed_json/segments/9b1c0b60-a317-4614-b1d3-ac66ae257922/part_3/011079.json,,,0.973896737455057,88.55,83.5526315789474,79.6052631578947,29.0858725761773,94.1551246537396,76.86,0.948912451612962,0.93601501964696,
/media/vsi-dev/Lacie_2/mndot_workzone_project/Tesla/campaign_8348ccbe-b6ca-4be8-82ff-b4eba2616879-Tesla_-_Princeton_169_new/campaign/processed_json/segments/9b1c0b60-a317-4614-b1d3-ac66ae257922/part_3/011080.json,,,0.980198673306755,92.53,83.8815789473684,80.9210526315789,90.7202216066482,92.7423822714681,86.35,0.942092035368108,0.936273344176636,
/media/vsi-dev/Lacie_2/mndot_workzone_project/Tesla/campaign_8348ccbe-b6ca-4be8-82ff-b4eba2616879-Tesla_-_Princeton_169_new/campaign/processed_json/segments/9b1c0b60-a317-4614-b1d3-ac66ae257922/part_3/011081.json,,,0.980198673306755,89.07,82.8947368421053,79.9342105263158,34.9307479224377,91.4958448753463,77.29,0.957996857449716,0.937002109260668,
/media/vsi-dev/Lacie_2/mndot_workzone_project/Tesla/campaign_8348ccbe-b6ca-4be8-82ff-b4eba2616879-Tesla_-_Princeton_169_new/campaign/processed_json/segments/9b1c0b60-a317-4614-b1d3-ac66ae257922/part_3/011082.json,,,0.982111925534364,92.34,82.8947368421053,79.2763157894737,91.2465373961219,92.7423822714681,85.65,0.942973851093116,0.936674064350438,
/media/vsi-dev/Lacie_2/mndot_workzone_project/Tesla/campaign_8348ccbe-b6ca-4be8-82ff-b4eba2616879-Tesla_-_Princeton_169_new/campaign/processed_json/segments/9b1c0b60-a317-4614-b1d3-ac66ae257922/part_3/011083.json,,,0.983930514272508,92.17,83.5526315789474,79.9342105263158,85.9279778393352,91.4681440443213,85.05,0.942112862405894,0.937159087766136,
/media/vsi-dev/Lacie_2/mndot_workzone_project/Tesla/campaign_8348ccbe-b6ca-4be8-82ff-b4eba2616879-Tesla_-_Princeton_169_new/campaign/processed_json/segments/9b1c0b60-a317-4614-b1d3-ac66ae257922/part_3/011084.json,,,0.97715254792786,88.58,82.5657894736842,79.6052631578947,26.9529085872576,94.4875346260388,76.34,0.959845423470069,0.935658110282539,
/media/vsi-dev/Lacie_2/mndot_workzone_project/Tesla/campaign_8348ccbe-b6ca-4be8-82ff-b4eba2616879-Tesla_-_Princeton_169_new/campaign/processed_json/segments/9b1c0b60-a317-4614-b1d3-ac66ae257922/part_3/011085.json,,,0.980198673306755,88.89,83.8815789473684,79.6052631578947,28.1994459833795,93.601108033241,76.8,0.96007614535994,0.936308884733401,
/media/vsi-dev/Lacie_2/mndot_workzone_project/Tesla/campaign_8348ccbe-b6ca-4be8-82ff-b4eba2616879-Tesla_-_Princeton_169_new/campaign/processed_json/segments/9b1c0b60-a317-4614-b1d3-ac66ae257922/part_3/011086.json,,,0.982111925534364,88.2,82.8947368421053,80.2631578947369,14.5152354570637,94.9030470914127,74.85,0.961548433696492,0.93570423632729,
/media/vsi-dev/Lacie_2/mndot_workzone_project/Tesla/campaign_8348ccbe-b6ca-4be8-82ff-b4eba2616879-Tesla_-_Princeton_169_new/campaign/processed_json/segments/9b1c0b60-a317-4614-b1d3-ac66ae257922/part_3/011087.json,,,0.985653900195345,89.2,82.8947368421053,80.9210526315789,29.6398891966759,93.3795013850416,77.07,0.958067552297545,0.936604925028825,
/media/vsi-dev/Lacie_2/mndot_workzone_project/Tesla/campaign_8348ccbe-b6ca-4be8-82ff-b4eba2616879-Tesla_-_Princeton_169_new/campaign/processed_json/segments/9b1c0b60-a317-4614-b1d3-ac66ae257922/part_3/011088.json,,,0.988813044611233,89.01,82.2368421052632,80.9210526315789,23.9058171745152,95.2908587257618,76.3,0.957771264886302,0.936346172119398,
/media/vsi-dev/Lacie_2/mndot_workzone_project/Tesla/campaign_8348ccbe-b6ca-4be8-82ff-b4eba2616879-Tesla_-_Princeton_169_new/campaign/processed_json/segments/9b1c0b60-a317-4614-b1d3-ac66ae257922/part_3/011089.json,,,0.984804140218096,88.38,82.2368421052632,81.25,13.0193905817175,97.1191135734072,75.05,0.961933800219538,0.935132841893943,
/media/vsi-dev/Lacie_2/mndot_workzone_project/Tesla/campaign_8348ccbe-b6ca-4be8-82ff-b4eba2616879-Tesla_-_Princeton_169_new/campaign/processed_json/segments/9b1c0b60-a317-4614-b1d3-ac66ae257922/part_3/011090.json,,,0.985653900195345,92.53,82.2368421052632,79.9342105263158,90.4432132963989,94.5983379501385,85.8,0.941977145964768,0.936775210820861,
/media/vsi-dev/Lacie_2/mndot_workzone_project/Tesla/campaign_8348ccbe-b6ca-4be8-82ff-b4eba2616879-Tesla_-_Princeton_169_new/campaign/processed_json/segments/9b1c0b60-a317-4614-b1d3-ac66ae257922/part_3/011091.json,,,0.985653900195345,88.54,81.5789473684211,80.5921052631579,18.7534626038781,96.0664819944598,75.36,0.961045245739287,0.935815002584789,
/media/vsi-dev/Lacie_2/mndot_workzone_project/Tesla/campaign_8348ccbe-b6ca-4be8-82ff-b4eba2616879-Tesla_-_Princeton_169_new/campaign/processed_json/segments/9b1c0b60-a317-4614-b1d3-ac66ae257922/part_3/011092.json,,,0.983930514272508,88.31,81.5789473684211,80.5921052631579,16.0387811634349,95.6509695290859,74.9,0.963281783454763,0.93620938693231,
/media/vsi-dev/Lacie_2/mndot_workzone_project/Tesla/campaign_8348ccbe-b6ca-4be8-82ff-b4eba2616879-Tesla_-_Princeton_169_new/campaign/processed_json/segments/9b1c0b60-a317-4614-b1d3-ac66ae257922/part_3/011093.json,,,0.990247863518234,92.86,81.5789473684211,81.25,90.803324099723,95.595567867036,86.19,0.941278681956652,0.935656343858454,
/media/vsi-dev/Lacie_2/mndot_workzone_project/Tesla/campaign_8348ccbe-b6ca-4be8-82ff-b4eba2616879-Tesla_-_Princeton_169_new/campaign/processed_json/segments/9b1c0b60-a317-4614-b1d3-ac66ae257922/part_3/011094.json,,,0.972765240307908,85.77,81.5789473684211,74.0131578947369,89.8891966759003,0,69.66,0.941609570130193,0.958232373749057,
/media/vsi-dev/Lacie_2/mndot_workzone_project/Tesla/campaign_8348ccbe-b6ca-4be8-82ff-b4eba2616879-Tesla_-_Princeton_169_new/campaign/processed_json/segments/9b1c0b60-a317-4614-b1d3-ac66ae257922/part_3/011095.json,,,0.990247863518234,92.58,81.5789473684211,80.9210526315789,89.0858725761773,92.7700831024931,85.43,0.94175379045994,0.937586418452864,
/media/vsi-dev/Lacie_2/mndot_workzone_project/Tesla/campaign_8348ccbe-b6ca-4be8-82ff-b4eba2616879-Tesla_-_Princeton_169_new/campaign/processed_json/segments/9b1c0b60-a317-4614-b1d3-ac66ae257922/part_3/011096.json,,,0.98728157159029,89.61,82.2368421052632,80.5921052631579,38.1163434903047,92.4376731301939,77.91,0.958250932530949,0.937152380729898,
/media/vsi-dev/Lacie_2/mndot_workzone_project/Tesla/campaign_8348ccbe-b6ca-4be8-82ff-b4eba2616879-Tesla_-_Princeton_169_new/campaign/processed_json/segments/9b1c0b60-a317-4614-b1d3-ac66ae257922/part_3/011097.json,,,0.992825857903813,93.01,81.5789473684211,81.25,91.5789473684211,95.7340720221607,86.33,0.940922477472392,0.935828255680442,
/media/vsi-dev/Lacie_2/mndot_workzone_project/Tesla/campaign_8348ccbe-b6ca-4be8-82ff-b4eba2616879-Tesla_-_Princeton_169_new/campaign/processed_json/segments/9b1c0b60-a317-4614-b1d3-ac66ae257922/part_3/011098.json,,,0.990247863518234,92.7,81.5789473684211,81.25,89.2797783933518,94.1551246537396,85.76,0.94195993889534,0.936416963786024,
/media/vsi-dev/Lacie_2/mndot_workzone_project/Tesla/campaign_8348ccbe-b6ca-4be8-82ff-b4eba2616879-Tesla_-_Princeton_169_new/campaign/processed_json/segments/9b1c0b60-a317-4614-b1d3-ac66ae257922/part_3/011099.json,,,0.99158560090355,92.77,82.5657894736842,80.9210526315789,88.1440443213296,94.3490304709141,85.81,0.942186229513145,0.936107505669256,
/media/vsi-dev/Lacie_2/mndot_workzone_project/Tesla/campaign_8348ccbe-b6ca-4be8-82ff-b4eba2616879-Tesla_-_Princeton_169_new/campaign/processed_json/segments/9b1c0b60-a317-4614-b1d3-ac66ae257922/part_3/011100.json,,,0.99158560090355,92.48,81.25,81.25,88.3379501385042,91.1080332409972,85.06,0.943048688847377,0.935837306547064,
/media/vsi-dev/Lacie_2/mndot_workzone_project/Tesla/campaign_8348ccbe-b6ca-4be8-82ff-b4eba2616879-Tesla_-_Princeton_169_new/campaign/processed_json/segments/9b1c0b60-a317-4614-b1d3-ac66ae257922/part_3/011101.json,,,0.990247863518234,89.22,84.2105263157895,81.25,25.983379501385,92.2991689750693,76.82,0.950111292212275,0.93772023613188,
/media/vsi-dev/Lacie_2/mndot_workzone_project/Tesla/campaign_8348ccbe-b6ca-4be8-82ff-b4eba2616879-Tesla_-_Princeton_169_new/campaign/processed_json/segments/9b1c0b60-a317-4614-b1d3-ac66ae257922/part_3/011102.json,,,0.995012479192682,93.05,82.8947368421053,81.5789473684211,89.7229916897507,93.213296398892,86.17,0.942435369475004,0.935315325512243,
/media/vsi-dev/Lacie_2/mndot_workzone_project/Tesla/campaign_8348ccbe-b6ca-4be8-82ff-b4eba2616879-Tesla_-_Princeton_169_new/campaign/processed_json/segments/9b1c0b60-a317-4614-b1d3-ac66ae257922/part_3/011103.json,,,0.994502665947899,93.05,82.2368421052632,81.25,90.4432132963989,94.4321329639889,86.18,0.942791752308591,0.936841686133153,
/media/vsi-dev/Lacie_2/mndot_workzone_project/Tesla/campaign_8348ccbe-b6ca-4be8-82ff-b4eba2616879-Tesla_-_Princeton_169_new/campaign/processed_json/segments/9b1c0b60-a317-4614-b1d3-ac66ae257922/part_3/011104.json,,,0.992825857903813,89.32,82.5657894736842,80.9210526315789,25.7894736842105,95.595567867036,76.71,0.956218477515003,0.93594687297989,
/media/vsi-dev/Lacie_2/mndot_workzone_project/Tesla/campaign_8348ccbe-b6ca-4be8-82ff-b4eba2616879-Tesla_-_Princeton_169_new/campaign/processed_json/segments/9b1c0b60-a317-4614-b1d3-ac66ae257922/part_3/011105.json,,,0.980198673306755,82.43,82.5657894736842,74.671052631579,22.9916897506925,0,60.19,0.956748715694693,0.957973754844465,
/media/vsi-dev/Lacie_2/mndot_workzone_project/Tesla/campaign_8348ccbe-b6ca-4be8-82ff-b4eba2616879-Tesla_-_Princeton_169_new/campaign/processed_json/segments/9b1c0b60-a317-4614-b1d3-ac66ae257922/part_3/011106.json,,,0.99158560090355,90.56,82.8947368421053,80.9210526315789,48.3379501385042,93.6842105263158,79.91,0.956502292912096,0.936613971627563,
/media/vsi-dev/Lacie_2/mndot_workzone_project/Tesla/campaign_8348ccbe-b6ca-4be8-82ff-b4eba2616879-Tesla_-_Princeton_169_new/campaign/processed_json/segments/9b1c0b60-a317-4614-b1d3-ac66ae257922/part_3/011107.json,,,0.990928893001464,89.1,82.8947368421053,80.9210526315789,24.4598337950138,93.8227146814404,76.35,0.954754148058342,0.937052491329515,
/media/vsi-dev/Lacie_2/mndot_workzone_project/Tesla/campaign_8348ccbe-b6ca-4be8-82ff-b4eba2616879-Tesla_-_Princeton_169_new/campaign/processed_json/segments/9b1c0b60-a317-4614-b1d3-ac66ae257922/part_3/011108.json,,,0.990928893001464,88.59,82.8947368421053,80.9210526315789,14.016620498615,96.0387811634349,75.11,0.954637050200149,0.935880105339611,
/media/vsi-dev/Lacie_2/mndot_workzone_project/Tesla/campaign_8348ccbe-b6ca-4be8-82ff-b4eba2616879-Tesla_-_Princeton_169_new/campaign/processed_json/segments/9b1c0b60-a317-4614-b1d3-ac66ae257922/part_3/011109.json,,,0.99158560090355,93.1,84.2105263157895,80.9210526315789,91.6897506925208,95.0415512465374,86.89,0.932329461480212,0.93554225699016,
/media/vsi-dev/Lacie_2/mndot_workzone_project/Tesla/campaign_8348ccbe-b6ca-4be8-82ff-b4eba2616879-Tesla_-_Princeton_169_new/campaign/processed_json/segments/9b1c0b60-a317-4614-b1d3-ac66ae257922/part_3/011110.json,,,0.97715254792786,82.36,83.5526315789474,74.671052631579,22.2991689750693,0,60.37,0.954759729812166,0.957807490176812,
/media/vsi-dev/Lacie_2/mndot_workzone_project/Tesla/campaign_8348ccbe-b6ca-4be8-82ff-b4eba2616879-Tesla_-_Princeton_169_new/campaign/processed_json/segments/9b1c0b60-a317-4614-b1d3-ac66ae257922/part_3/011111.json,,,0.99158560090355,88.77,83.8815789473684,79.2763157894737,19.6952908587258,94.0720221606648,75.47,0.954383713646277,0.937356605097659,
/media/vsi-dev/Lacie_2/mndot_workzone_project/Tesla/campaign_8348ccbe-b6ca-4be8-82ff-b4eba2616879-Tesla_-_Princeton_169_new/campaign/processed_json/segments/9b1c0b60-a317-4614-b1d3-ac66ae257922/part_3/011112.json,,,0.99158560090355,89.38,82.8947368421053,80.5921052631579,29.0027700831025,94.5706371191136,77.03,0.954361116907016,0.936006593449773,
/media/vsi-dev/Lacie_2/mndot_workzone_project/Tesla/campaign_8348ccbe-b6ca-4be8-82ff-b4eba2616879-Tesla_-_Princeton_169_new/campaign/processed_json/segments/9b1c0b60-a317-4614-b1d3-ac66ae257922/part_3/011113.json,,,0.990928893001464,88.77,82.8947368421053,81.25,20.7756232686981,91.5789473684211,75.55,0.956626868788273,0.934744929101912,
/media/vsi-dev/Lacie_2/mndot_workzone_project/Tesla/campaign_8348ccbe-b6ca-4be8-82ff-b4eba2616879-Tesla_-_Princeton_169_new/campaign/processed_json/segments/9b1c0b60-a317-4614-b1d3-ac66ae257922/part_3/011114.json,,,0.988813044611233,88.59,82.2368421052632,78.9473684210526,20.0831024930748,95.9279778393352,75.23,0.957043907737767,0.937327963708518,
/media/vsi-dev/Lacie_2/mndot_workzone_project/Tesla/campaign_8348ccbe-b6ca-4be8-82ff-b4eba2616879-Tesla_-_Princeton_169_new/campaign/processed_json/segments/9b1c0b60-a317-4614-b1d3-ac66ae257922/part_3/011115.json,,,0.985653900195345,89.32,82.2368421052632,80.5921052631579,33.8781163434903,95.595567867036,77.68,0.946657213016167,0.935741339753724,
/media/vsi-dev/Lacie_2/mndot_workzone_project/Tesla/campaign_8348ccbe-b6ca-4be8-82ff-b4eba2616879-Tesla_-_Princeton_169_new/campaign/processed_json/segments/9b1c0b60-a317-4614-b1d3-ac66ae257922/part_3/011116.json,,,0.988059362042712,89.54,82.5657894736842,79.9342105263158,34.9861495844875,96.7590027700831,77.93,0.947553514587883,0.936749686113198,
/media/vsi-dev/Lacie_2/mndot_workzone_project/Tesla/campaign_8348ccbe-b6ca-4be8-82ff-b4eba2616879-Tesla_-_Princeton_169_new/campaign/processed_json/segments/9b1c0b60-a317-4614-b1d3-ac66ae257922/part_3/011117.json,,,0.988059362042712,89.4,82.2368421052632,80.5921052631579,33.4072022160665,95.4847645429363,77.6,0.947674406316803,0.936445959180385,
/media/vsi-dev/Lacie_2/mndot_workzone_project/Tesla/campaign_8348ccbe-b6ca-4be8-82ff-b4eba2616879-Tesla_-_Princeton_169_new/campaign/processed_json/segments/9b1c0b60-a317-4614-b1d3-ac66ae257922/part_3/011118.json,,,0.988059362042712,89.06,81.5789473684211,80.2631578947369,28.7257617728532,94.6537396121884,76.52,0.95593455112397,0.936882105313794,
/media/vsi-dev/Lacie_2/mndot_workzone_project/Tesla/campaign_8348ccbe-b6ca-4be8-82ff-b4eba2616879-Tesla_-_Princeton_169_new/campaign/processed_json/segments/9b1c0b60-a317-4614-b1d3-ac66ae257922/part_3/011119.json,,,0.985653900195345,88.59,81.5789473684211,80.2631578947369,24.2382271468144,92.7700831024931,75.57,0.956478775947871,0.937570223431655,
/media/vsi-dev/Lacie_2/mndot_workzone_project/Tesla/campaign_8348ccbe-b6ca-4be8-82ff-b4eba2616879-Tesla_-_Princeton_169_new/campaign/processed_json/segments/9b1c0b60-a317-4614-b1d3-ac66ae257922/part_3/011120.json,,,0.984804140218096,88.52,81.5789473684211,80.2631578947369,23.185595567867,93.6288088642659,75.53,0.955172374978802,0.936667742600473,
/media/vsi-dev/Lacie_2/mndot_workzone_project/Tesla/campaign_8348ccbe-b6ca-4be8-82ff-b4eba2616879-Tesla_-_Princeton_169_new/campaign/processed_json/segments/9b1c0b60-a317-4614-b1d3-ac66ae257922/part_3/011121.json,,,0.988813044611233,89.25,81.5789473684211,80.2631578947369,32.4376731301939,94.0997229916897,76.98,0.952888054659632,0.937231002288381,
/media/vsi-dev/Lacie_2/mndot_workzone_project/Tesla/campaign_8348ccbe-b6ca-4be8-82ff-b4eba2616879-Tesla_-_Princeton_169_new/campaign/processed_json/segments/9b1c0b60-a317-4614-b1d3-ac66ae257922/part_3/011122.json,,,0.980198673306755,88.27,80.9210526315789,79.6052631578947,25.6509695290859,92.2160664819945,75.31,0.95681992484354,0.937303968319755,
/media/vsi-dev/Lacie_2/mndot_workzone_project/Tesla/campaign_8348ccbe-b6ca-4be8-82ff-b4eba2616879-Tesla_-_Princeton_169_new/campaign/processed_json/segments/9b1c0b60-a317-4614-b1d3-ac66ae257922/part_3/011123.json,,,0.980198673306755,88.1,80.9210526315789,79.6052631578947,23.5180055401662,91.5789473684211,74.89,0.956812489265372,0.936913643240213,
/media/vsi-dev/Lacie_2/mndot_workzone_project/Tesla/campaign_8348ccbe-b6ca-4be8-82ff-b4eba2616879-Tesla_-_Princeton_169_new/campaign/processed_json/segments/9b1c0b60-a317-4614-b1d3-ac66ae257922/part_3/011124.json,,,0.980198673306755,88.27,80.9210526315789,79.2763157894737,27.3961218836565,91.3019390581717,75.33,0.956408341541098,0.937023864447856,
/media/vsi-dev/Lacie_2/mndot_workzone_project/Tesla/campaign_8348ccbe-b6ca-4be8-82ff-b4eba2616879-Tesla_-_Princeton_169_new/campaign/processed_json/segments/9b1c0b60-a317-4614-b1d3-ac66ae257922/part_3/011125.json,,,0.98728157159029,92.4,80.2631578947369,79.6052631578947,93.9335180055402,92.8254847645429,85.36,0.940953993400363,0.935845282284902,
/media/vsi-dev/Lacie_2/mndot_workzone_project/Tesla/campaign_8348ccbe-b6ca-4be8-82ff-b4eba2616879-Tesla_-_Princeton_169_new/campaign/processed_json/segments/9b1c0b60-a317-4614-b1d3-ac66ae257922/part_3/011126.json,,,0.983930514272508,92.39,81.5789473684211,79.2763157894737,93.5457063711911,93.4626038781163,85.69,0.939866599702918,0.935638813399919,
/media/vsi-dev/Lacie_2/mndot_workzone_project/Tesla/campaign_8348ccbe-b6ca-4be8-82ff-b4eba2616879-Tesla_-_Princeton_169_new/campaign/processed_json/segments/9b1c0b60-a317-4614-b1d3-ac66ae257922/part_3/011127.json,,,0.985653900195345,92.26,81.25,79.2763157894737,93.2686980609418,91.1634349030471,85.2,0.939679589951894,0.935799456131273,
/media/vsi-dev/Lacie_2/mndot_workzone_project/Tesla/campaign_8348ccbe-b6ca-4be8-82ff-b4eba2616879-Tesla_-_Princeton_169_new/campaign/processed_json/segments/9b1c0b60-a317-4614-b1d3-ac66ae257922/part_3/011128.json,,,0.981167097577432,88.52,80.9210526315789,79.6052631578947,28.005540166205,94.404432132964,75.96,0.953341931890337,0.935632630524581,
/media/vsi-dev/Lacie_2/mndot_workzone_project/Tesla/campaign_8348ccbe-b6ca-4be8-82ff-b4eba2616879-Tesla_-_Princeton_169_new/campaign/processed_json/segments/9b1c0b60-a317-4614-b1d3-ac66ae257922/part_3/011129.json,,,0.97715254792786,88.17,80.2631578947369,79.2763157894737,25.3739612188366,95.4293628808864,75.44,0.955976606860692,0.935165002366561,
/media/vsi-dev/Lacie_2/mndot_workzone_project/Tesla/campaign_8348ccbe-b6ca-4be8-82ff-b4eba2616879-Tesla_-_Princeton_169_new/campaign/processed_json/segments/9b1c0b60-a317-4614-b1d3-ac66ae257922/part_3/011130.json,,,0.983930514272508,92.41,82.8947368421053,79.2763157894737,90.7202216066482,94.5152354570637,85.8,0.937199982605408,0.935898591969178,
/media/vsi-dev/Lacie_2/mndot_workzone_project/Tesla/campaign_8348ccbe-b6ca-4be8-82ff-b4eba2616879-Tesla_-_Princeton_169_new/campaign/processed_json/segments/9b1c0b60-a317-4614-b1d3-ac66ae257922/part_3/011131.json,,,0.983930514272508,92.36,82.2368421052632,78.9473684210526,91.0526315789474,95.0138504155125,85.64,0.93865989882954,0.936349673326326,
/media/vsi-dev/Lacie_2/mndot_workzone_project/Tesla/campaign_8348ccbe-b6ca-4be8-82ff-b4eba2616879-Tesla_-_Princeton_169_new/campaign/processed_json/segments/9b1c0b60-a317-4614-b1d3-ac66ae257922/part_3/011132.json,,,0.981167097577432,88.66,81.25,79.6052631578947,30.2770083102493,95.2354570637119,76.49,0.945555741352223,0.935964736481948,
/media/vsi-dev/Lacie_2/mndot_workzone_project/Tesla/campaign_8348ccbe-b6ca-4be8-82ff-b4eba2616879-Tesla_-_Princeton_169_new/campaign/processed_json/segments/9b1c0b60-a317-4614-b1d3-ac66ae257922/part_3/011133.json,,,0.982111925534364,92.21,82.8947368421053,79.9342105263158,90.9418282548477,90.3047091412742,85.42,0.939610325136291,0.9365472373827,
/media/vsi-dev/Lacie_2/mndot_workzone_project/Tesla/campaign_8348ccbe-b6ca-4be8-82ff-b4eba2616879-Tesla_-_Princeton_169_new/campaign/processed_json/segments/9b1c0b60-a317-4614-b1d3-ac66ae257922/part_3/011134.json,,,0.980198673306755,88.6,82.2368421052632,78.9473684210526,30.2493074792244,92.7423822714681,76.25,0.95347247600981,0.935946965770564,
/media/vsi-dev/Lacie_2/mndot_workzone_project/Tesla/campaign_8348ccbe-b6ca-4be8-82ff-b4eba2616879-Tesla_-_Princeton_169_new/campaign/processed_json/segments/9b1c0b60-a317-4614-b1d3-ac66ae257922/part_3/011135.json,,,0.982111925534364,88.78,81.5789473684211,78.9473684210526,34.4598337950138,93.2686980609418,76.72,0.945051704964537,0.935514036309621,
/media/vsi-dev/Lacie_2/mndot_workzone_project/Tesla/campaign_8348ccbe-b6ca-4be8-82ff-b4eba2616879-Tesla_-_Princeton_169_new/campaign/processed_json/segments/9b1c0b60-a317-4614-b1d3-ac66ae257922/part_3/011136.json,,,0.988059362042712,92.51,81.9078947368421,78.9473684210526,92.2991689750693,93.8504155124654,85.56,0.941289496877284,0.935296524672573,
/media/vsi-dev/Lacie_2/mndot_workzone_project/Tesla/campaign_8348ccbe-b6ca-4be8-82ff-b4eba2616879-Tesla_-_Princeton_169_new/campaign/processed_json/segments/9b1c0b60-a317-4614-b1d3-ac66ae257922/part_3/011137.json,,,0.988813044611233,88.79,81.5789473684211,79.2763157894737,26.8975069252078,95.595567867036,76.04,0.948368298537748,0.933865553769172,
/media/vsi-dev/Lacie_2/mndot_workzone_project/Tesla/campaign_8348ccbe-b6ca-4be8-82ff-b4eba2616879-Tesla_-_Princeton_169_new/campaign/processed_json/segments/9b1c0b60-a317-4614-b1d3-ac66ae257922/part_3/011138.json,,,0.99158560090355,92.98,81.25,79.2763157894737,96.2326869806094,96.2049861495845,86.4,0.941500548477821,0.934529351538828,
/media/vsi-dev/Lacie_2/mndot_workzone_project/Tesla/campaign_8348ccbe-b6ca-4be8-82ff-b4eba2616879-Tesla_-_Princeton_169_new/campaign/processed_json/segments/9b1c0b60-a317-4614-b1d3-ac66ae257922/part_3/011139.json,,,0.985653900195345,87.14,81.5789473684211,79.6052631578947,31.218836565097,65.595567867036,72.28,0.947665442666552,0.932518264561444,
/media/vsi-dev/Lacie_2/mndot_workzone_project/Tesla/campaign_8348ccbe-b6ca-4be8-82ff-b4eba2616879-Tesla_-_Princeton_169_new/campaign/processed_json/segments/9b1c0b60-a317-4614-b1d3-ac66ae257922/part_3/011140.json,,,0.994502665947899,93.1,81.5789473684211,79.6052631578947,95.6509695290859,95.3185595567867,86.38,0.94106034338258,0.93546334177785,
/media/vsi-dev/Lacie_2/mndot_workzone_project/Tesla/campaign_8348ccbe-b6ca-4be8-82ff-b4eba2616879-Tesla_-_Princeton_169_new/campaign/processed_json/segments/9b1c0b60-a317-4614-b1d3-ac66ae257922/part_3/011141.json,,,0.990247863518234,92.94,82.8947368421053,78.9473684210526,95.2631578947368,94.9307479224377,86.46,0.938975570983488,0.935976193439899,
/media/vsi-dev/Lacie_2/mndot_workzone_project/Tesla/campaign_8348ccbe-b6ca-4be8-82ff-b4eba2616879-Tesla_-_Princeton_169_new/campaign/processed_json/segments/9b1c0b60-a317-4614-b1d3-ac66ae257922/part_3/011142.json,,,0.992825857903813,92.88,81.25,78.9473684210526,95.1246537396122,95.0415512465374,85.97,0.941417368332762,0.936013991530725,
/media/vsi-dev/Lacie_2/mndot_workzone_project/Tesla/campaign_8348ccbe-b6ca-4be8-82ff-b4eba2616879-Tesla_-_Princeton_169_new/campaign/processed_json/segments/9b1c0b60-a317-4614-b1d3-ac66ae257922/part_3/011143.json,,,0.984804140218096,88.89,81.9078947368421,79.2763157894737,30.1939058171745,95.595567867036,76.64,0.948713579567218,0.935227344536078,
/media/vsi-dev/Lacie_2/mndot_workzone_project/Tesla/campaign_8348ccbe-b6ca-4be8-82ff-b4eba2616879-Tesla_-_Princeton_169_new/campaign/processed_json/segments/9b1c0b60-a317-4614-b1d3-ac66ae257922/part_3/011144.json,,,0.988813044611233,89.78,81.5789473684211,78.6184210526316,46.1772853185596,92.3545706371191,78.29,0.954595319010867,0.936195842399399,
/media/vsi-dev/Lacie_2/mndot_workzone_project/Tesla/campaign_8348ccbe-b6ca-4be8-82ff-b4eba2616879-Tesla_-_Princeton_169_new/campaign/processed_json/segments/9b1c0b60-a317-4614-b1d3-ac66ae257922/part_3/011145.json,,,0.990247863518234,89.11,81.5789473684211,78.6184210526316,31.191135734072,95.2908587257618,76.49,0.956805050747085,0.934089384150889,
/media/vsi-dev/Lacie_2/mndot_workzone_project/Tesla/campaign_8348ccbe-b6ca-4be8-82ff-b4eba2616879-Tesla_-_Princeton_169_new/campaign/processed_json/segments/9b1c0b60-a317-4614-b1d3-ac66ae257922/part_3/011146.json,,,0.988813044611233,89.27,82.2368421052632,78.2894736842105,36.7590027700831,94.0720221606648,77.2,0.94799978724463,0.935473724564694,
/media/vsi-dev/Lacie_2/mndot_workzone_project/Tesla/campaign_8348ccbe-b6ca-4be8-82ff-b4eba2616879-Tesla_-_Princeton_169_new/campaign/processed_json/segments/9b1c0b60-a317-4614-b1d3-ac66ae257922/part_3/011147.json,,,0.993409314468916,92.89,82.2368421052632,78.6184210526316,94.404432132964,94.0997229916897,85.92,0.942861261511115,0.935490464577982,
/media/vsi-dev/Lacie_2/mndot_workzone_project/Tesla/campaign_8348ccbe-b6ca-4be8-82ff-b4eba2616879-Tesla_-_Princeton_169_new/campaign/processed_json/segments/9b1c0b60-a317-4614-b1d3-ac66ae257922/part_3/011148.json,,,0.994502665947899,92.88,82.2368421052632,78.6184210526316,96.2049861495845,91.6343490304709,85.82,0.941950989352015,0.935496453194789,
/media/vsi-dev/Lacie_2/mndot_workzone_project/Tesla/campaign_8348ccbe-b6ca-4be8-82ff-b4eba2616879-Tesla_-_Princeton_169_new/campaign/processed_json/segments/9b1c0b60-a317-4614-b1d3-ac66ae257922/part_3/011149.json,,,0.98728157159029,89.52,80.9210526315789,78.9473684210526,44.0997229916898,93.6288088642659,78.03,0.946682187983551,0.934854082554958,
/media/vsi-dev/Lacie_2/mndot_workzone_project/Tesla/campaign_8348ccbe-b6ca-4be8-82ff-b4eba2616879-Tesla_-_Princeton_169_new/campaign/processed_json/segments/9b1c0b60-a317-4614-b1d3-ac66ae257922/part_3/011150.json,,,0.988813044611233,88.98,82.2368421052632,78.9473684210526,32.5484764542936,91.8282548476454,76.44,0.950325710418029,0.935150249452941,
/media/vsi-dev/Lacie_2/mndot_workzone_project/Tesla/campaign_8348ccbe-b6ca-4be8-82ff-b4eba2616879-Tesla_-_Princeton_169_new/campaign/processed_json/segments/9b1c0b60-a317-4614-b1d3-ac66ae257922/part_3/011151.json,,,0.988059362042712,88.4,80.9210526315789,78.6184210526316,23.8504155124654,93.2686980609418,74.89,0.957150093397921,0.934635183443891,
/media/vsi-dev/Lacie_2/mndot_workzone_project/Tesla/campaign_8348ccbe-b6ca-4be8-82ff-b4eba2616879-Tesla_-_Princeton_169_new/campaign/processed_json/segments/9b1c0b60-a317-4614-b1d3-ac66ae257922/part_3/011152.json,,,0.988059362042712,88.98,82.2368421052632,78.6184210526316,32.0775623268698,91.8282548476454,76.31,0.958247679168945,0.935223334812127,
/media/vsi-dev/Lacie_2/mndot_workzone_project/Tesla/campaign_8348ccbe-b6ca-4be8-82ff-b4eba2616879-Tesla_-_Princeton_169_new/campaign/processed_json/segments/9b1c0b60-a317-4614-b1d3-ac66ae257922/part_3/011153.json,,,0.992825857903813,88.18,81.5789473684211,78.9473684210526,17.1191135734072,90.7756232686981,73.81,0.958300896855567,0.936042929981023,
/media/vsi-dev/Lacie_2/mndot_workzone_project/Tesla/campaign_8348ccbe-b6ca-4be8-82ff-b4eba2616879-Tesla_-_Princeton_169_new/campaign/processed_json/segments/9b1c0b60-a317-4614-b1d3-ac66ae257922/part_3/011154.json,,,0.990247863518234,88.17,81.5789473684211,78.2894736842105,18.7257617728532,91.6620498614958,74,0.959695458738739,0.935832486170034,
/media/vsi-dev/Lacie_2/mndot_workzone_project/Tesla/campaign_8348ccbe-b6ca-4be8-82ff-b4eba2616879-Tesla_-_Princeton_169_new/campaign/processed_json/segments/9b1c0b60-a317-4614-b1d3-ac66ae257922/part_3/011155.json,,,0.990247863518234,88.34,81.9078947368421,78.6184210526316,21.6897506925208,90.2770083102493,74.43,0.959515790931925,0.936353723967955,
/media/vsi-dev/Lacie_2/mndot_workzone_project/Tesla/campaign_8348ccbe-b6ca-4be8-82ff-b4eba2616879-Tesla_-_Princeton_169_new/campaign/processed_json/segments/9b1c0b60-a317-4614-b1d3-ac66ae257922/part_3/011156.json,,,0.993409314468916,92.8,81.5789473684211,78.6184210526316,96.0941828254848,92.0775623268698,85.68,0.94299123266839,0.935809291268624,
/media/vsi-dev/Lacie_2/mndot_workzone_project/Tesla/campaign_8348ccbe-b6ca-4be8-82ff-b4eba2616879-Tesla_-_Princeton_169_new/campaign/processed_json/segments/9b1c0b60-a317-4614-b1d3-ac66ae257922/part_3/011157.json,,,0.993409314468916,92.86,81.5789473684211,78.9473684210526,96.3434903047092,92.4653739612188,85.87,0.942464691266787,0.935342170503829,
/media/vsi-dev/Lacie_2/mndot_workzone_project/Tesla/campaign_8348ccbe-b6ca-4be8-82ff-b4eba2616879-Tesla_-_Princeton_169_new/campaign/processed_json/segments/9b1c0b60-a317-4614-b1d3-ac66ae257922/part_3/011158.json,,,0.990247863518234,92.62,80.9210526315789,78.6184210526316,96.4265927977839,92.6038781163435,85.6,0.942129642479811,0.935362144079994,
/media/vsi-dev/Lacie_2/mndot_workzone_project/Tesla/campaign_8348ccbe-b6ca-4be8-82ff-b4eba2616879-Tesla_-_Princeton_169_new/campaign/processed_json/segments/9b1c0b60-a317-4614-b1d3-ac66ae257922/part_3/011159.json,,,0.994502665947899,92.95,81.5789473684211,78.9473684210526,94.2936288088643,95.4293628808864,86,0.942020258703323,0.935050102849125,
/media/vsi-dev/Lacie_2/mndot_workzone_project/Tesla/campaign_8348ccbe-b6ca-4be8-82ff-b4eba2616879-Tesla_-_Princeton_169_new/campaign/processed_json/segments/9b1c0b60-a317-4614-b1d3-ac66ae257922/part_3/011160.json,,,0.984804140218096,88.48,81.25,78.6184210526316,25.7063711911357,95.5124653739612,75.57,0.951485372957445,0.934514002317824,
/media/vsi-dev/Lacie_2/mndot_workzone_project/Tesla/campaign_8348ccbe-b6ca-4be8-82ff-b4eba2616879-Tesla_-_Princeton_169_new/campaign/processed_json/segments/9b1c0b60-a317-4614-b1d3-ac66ae257922/part_3/011161.json,,,0.988059362042712,88.95,80.9210526315789,78.6184210526316,33.3518005540166,94.2382271468144,76.43,0.950940985350901,0.93485296325667,
/media/vsi-dev/Lacie_2/mndot_workzone_project/Tesla/campaign_8348ccbe-b6ca-4be8-82ff-b4eba2616879-Tesla_-_Princeton_169_new/campaign/processed_json/segments/9b1c0b60-a317-4614-b1d3-ac66ae257922/part_3/011162.json,,,0.983930514272508,88.06,80.5921052631579,78.2894736842105,22.3545706371191,94.0720221606648,74.57,0.952526771918843,0.935160927095967,
/media/vsi-dev/Lacie_2/mndot_workzone_project/Tesla/campaign_8348ccbe-b6ca-4be8-82ff-b4eba2616879-Tesla_-_Princeton_169_new/campaign/processed_json/segments/9b1c0b60-a317-4614-b1d3-ac66ae257922/part_3/011163.json,,,0.98728157159029,89.01,80.2631578947369,77.9605263157895,36.8975069252078,93.2409972299169,76.45,0.957959946837187,0.935454728377654,
/media/vsi-dev/Lacie_2/mndot_workzone_project/Tesla/campaign_8348ccbe-b6ca-4be8-82ff-b4eba2616879-Tesla_-_Princeton_169_new/campaign/processed_json/segments/9b1c0b60-a317-4614-b1d3-ac66ae257922/part_3/011164.json,,,0.990247863518234,92.47,80.2631578947369,77.6315789473684,96.5096952908587,93.2686980609418,85.22,0.94187292704171,0.935364336579357,
/media/vsi-dev/Lacie_2/mndot_workzone_project/Tesla/campaign_8348ccbe-b6ca-4be8-82ff-b4eba2616879-Tesla_-_Princeton_169_new/campaign/processed_json/segments/9b1c0b60-a317-4614-b1d3-ac66ae257922/part_3/011165.json,,,0.988813044611233,92.69,83.8815789473684,77.6315789473684,94.792243767313,92.9916897506925,85.99,0.938758275954981,0.935081319649504,
/media/vsi-dev/Lacie_2/mndot_workzone_project/Tesla/campaign_8348ccbe-b6ca-4be8-82ff-b4eba2616879-Tesla_-_Princeton_169_new/campaign/processed_json/segments/9b1c0b60-a317-4614-b1d3-ac66ae257922/part_3/011166.json,,,0.980198673306755,89.58,83.8815789473684,79.6052631578947,39.8891966759003,97.5346260387812,79.04,0.941255467444593,0.934300254778397,
/media/vsi-dev/Lacie_2/mndot_workzone_project/Tesla/campaign_8348ccbe-b6ca-4be8-82ff-b4eba2616879-Tesla_-_Princeton_169_new/campaign/processed_json/segments/9b1c0b60-a317-4614-b1d3-ac66ae257922/part_3/011167.json,,,0.973896737455057,92.07,83.8815789473684,80.5921052631579,90.1108033240997,92.3268698060942,86.05,0.940925883617972,0.9280165458545,
/media/vsi-dev/Lacie_2/mndot_workzone_project/Tesla/campaign_8348ccbe-b6ca-4be8-82ff-b4eba2616879-Tesla_-_Princeton_169_new/campaign/processed_json/segments/9b1c0b60-a317-4614-b1d3-ac66ae257922/part_3/011168.json,,,0.975005175298418,88.25,83.8815789473684,80.2631578947369,35.0969529085873,82.1329639889197,76.21,0.945858087477077,0.930670431179464,
/media/vsi-dev/Lacie_2/mndot_workzone_project/Tesla/campaign_8348ccbe-b6ca-4be8-82ff-b4eba2616879-Tesla_-_Princeton_169_new/campaign/processed_json/segments/9b1c0b60-a317-4614-b1d3-ac66ae257922/part_3/011169.json,,,0.98728157159029,88.88,83.8815789473684,79.6052631578947,37.0083102493075,83.4349030470914,76.5,0.944616145389976,0.933757734974735,
/media/vsi-dev/Lacie_2/mndot_workzone_project/Tesla/campaign_8348ccbe-b6ca-4be8-82ff-b4eba2616879-Tesla_-_Princeton_169_new/campaign/processed_json/segments/9b1c0b60-a317-4614-b1d3-ac66ae257922/part_3/011170.json,,,0.992825857903813,92.65,83.8815789473684,79.2763157894737,91.994459833795,88.6703601108033,85.43,0.94040982376153,0.93624146378818,
/media/vsi-dev/Lacie_2/mndot_workzone_project/Tesla/campaign_8348ccbe-b6ca-4be8-82ff-b4eba2616879-Tesla_-_Princeton_169_new/campaign/processed_json/segments/9b1c0b60-a317-4614-b1d3-ac66ae257922/part_3/011171.json,,,0.993409314468916,92.72,83.8815789473684,79.9342105263158,91.1634349030471,88.7534626038781,85.52,0.941230666756244,0.93632267000555,
/media/vsi-dev/Lacie_2/mndot_workzone_project/Tesla/campaign_8348ccbe-b6ca-4be8-82ff-b4eba2616879-Tesla_-_Princeton_169_new/campaign/processed_json/segments/9b1c0b60-a317-4614-b1d3-ac66ae257922/part_3/011172.json,,,0.992825857903813,92.72,83.5526315789474,80.2631578947369,96.2603878116343,84.6537396121884,85.65,0.941340765492959,0.933060055155273,
/media/vsi-dev/Lacie_2/mndot_workzone_project/Tesla/campaign_8348ccbe-b6ca-4be8-82ff-b4eba2616879-Tesla_-_Princeton_169_new/campaign/processed_json/segments/9b1c0b60-a317-4614-b1d3-ac66ae257922/part_3/011173.json,,,0.996394017227934,92.82,82.8947368421053,78.9473684210526,93.3518005540166,90,85.45,0.942141604928704,0.936431949182376,
/media/vsi-dev/Lacie_2/mndot_workzone_project/Tesla/campaign_8348ccbe-b6ca-4be8-82ff-b4eba2616879-Tesla_-_Princeton_169_new/campaign/processed_json/segments/9b1c0b60-a317-4614-b1d3-ac66ae257922/part_3/011174.json,,,0.99158560090355,89.46,84.2105263157895,80.2631578947369,36.01108033241,90.2770083102493,77.65,0.938475669029826,0.935449404042623,
/media/vsi-dev/Lacie_2/mndot_workzone_project/Tesla/campaign_8348ccbe-b6ca-4be8-82ff-b4eba2616879-Tesla_-_Princeton_169_new/campaign/processed_json/segments/9b1c0b60-a317-4614-b1d3-ac66ae257922/part_3/011175.json,,,0.995012479192682,89.49,83.8815789473684,78.6184210526316,38.2825484764543,88.6980609418282,77.2,0.944971834445556,0.936010086539255,
/media/vsi-dev/Lacie_2/mndot_workzone_project/Tesla/campaign_8348ccbe-b6ca-4be8-82ff-b4eba2616879-Tesla_-_Princeton_169_new/campaign/processed_json/segments/9b1c0b60-a317-4614-b1d3-ac66ae257922/part_3/011176.json,,,0.997191451372845,89.38,82.8947368421053,78.9473684210526,34.2936288088643,89.1689750692521,76.52,0.953059544898911,0.935684000356986,
/media/vsi-dev/Lacie_2/mndot_workzone_project/Tesla/campaign_8348ccbe-b6ca-4be8-82ff-b4eba2616879-Tesla_-_Princeton_169_new/campaign/processed_json/segments/9b1c0b60-a317-4614-b1d3-ac66ae257922/part_3/011177.json,,,0.999800019998667,93.22,83.8815789473684,78.9473684210526,96.814404432133,89.2243767313019,86.14,0.940750980682177,0.93640114677877,
/media/vsi-dev/Lacie_2/mndot_workzone_project/Tesla/campaign_8348ccbe-b6ca-4be8-82ff-b4eba2616879-Tesla_-_Princeton_169_new/campaign/processed_json/segments/9b1c0b60-a317-4614-b1d3-ac66ae257922/part_3/011178.json,,,0.999200319914684,89.32,83.8815789473684,79.2763157894737,24.2659279778393,95.0415512465374,76.27,0.949725750343779,0.934781178838294,
/media/vsi-dev/Lacie_2/mndot_workzone_project/Tesla/campaign_8348ccbe-b6ca-4be8-82ff-b4eba2616879-Tesla_-_Princeton_169_new/campaign/processed_json/segments/9b1c0b60-a317-4614-b1d3-ac66ae257922/part_3/011179.json,,,0.999200319914684,89.35,83.8815789473684,79.2763157894737,27.1745152354571,91.3296398891967,76.18,0.953986287383414,0.936689834709843,
/media/vsi-dev/Lacie_2/mndot_workzone_project/Tesla/campaign_8348ccbe-b6ca-4be8-82ff-b4eba2616879-Tesla_-_Princeton_169_new/campaign/processed_json/segments/9b1c0b60-a317-4614-b1d3-ac66ae257922/part_3/011180.json,,,0.998201619028437,89,83.8815789473684,78.9473684210526,23.4349030470914,90.7479224376731,75.43,0.953127652016148,0.937242035900316,
/media/vsi-dev/Lacie_2/mndot_workzone_project/Tesla/campaign_8348ccbe-b6ca-4be8-82ff-b4eba2616879-Tesla_-_Princeton_169_new/campaign/processed_json/segments/9b1c0b60-a317-4614-b1d3-ac66ae257922/part_3/011181.json,,,0.997889729757728,89.56,83.8815789473684,78.9473684210526,31.4958448753463,93.0193905817175,76.96,0.950654069887517,0.9355234735998,
/media/vsi-dev/Lacie_2/mndot_workzone_project/Tesla/campaign_8348ccbe-b6ca-4be8-82ff-b4eba2616879-Tesla_-_Princeton_169_new/campaign/processed_json/segments/9b1c0b60-a317-4614-b1d3-ac66ae257922/part_3/011182.json,,,0.997191451372845,89.74,83.8815789473684,78.6184210526316,37.4792243767313,91.0526315789474,77.46,0.950801821931388,0.936168428096029,
/media/vsi-dev/Lacie_2/mndot_workzone_project/Tesla/campaign_8348ccbe-b6ca-4be8-82ff-b4eba2616879-Tesla_-_Princeton_169_new/campaign/processed_json/segments/9b1c0b60-a317-4614-b1d3-ac66ae257922/part_3/011183.json,,,0.995012479192682,88.84,83.5526315789474,78.2894736842105,20.6925207756233,95.207756232687,75.38,0.954048279007358,0.935073044520192,
/media/vsi-dev/Lacie_2/mndot_workzone_project/Tesla/campaign_8348ccbe-b6ca-4be8-82ff-b4eba2616879-Tesla_-_Princeton_169_new/campaign/processed_json/segments/9b1c0b60-a317-4614-b1d3-ac66ae257922/part_3/011184.json,,,0.995497666030972,92.86,83.8815789473684,78.2894736842105,93.4072022160665,91.3019390581717,85.73,0.938772568750485,0.935837896471615,
/media/vsi-dev/Lacie_2/mndot_workzone_project/Tesla/campaign_8348ccbe-b6ca-4be8-82ff-b4eba2616879-Tesla_-_Princeton_169_new/campaign/processed_json/segments/9b1c0b60-a317-4614-b1d3-ac66ae257922/part_3/011185.json,,,0.996394017227934,89.8,82.8947368421053,78.9473684210526,38.9196675900277,92.1883656509695,77.66,0.952627439462406,0.935718369531488,
/media/vsi-dev/Lacie_2/mndot_workzone_project/Tesla/campaign_8348ccbe-b6ca-4be8-82ff-b4eba2616879-Tesla_-_Princeton_169_new/campaign/processed_json/segments/9b1c0b60-a317-4614-b1d3-ac66ae257922/part_3/011186.json,,,0.995012479192682,92.57,82.2368421052632,78.6184210526316,91.3573407202216,90.9695290858726,84.99,0.941326076440742,0.935669748935149,
/media/vsi-dev/Lacie_2/mndot_workzone_project/Tesla/campaign_8348ccbe-b6ca-4be8-82ff-b4eba2616879-Tesla_-_Princeton_169_new/campaign/processed_json/segments/9b1c0b60-a317-4614-b1d3-ac66ae257922/part_3/011187.json,,,0.992825857903813,88.87,82.8947368421053,78.2894736842105,27.9501385041551,92.409972299169,75.82,0.946931613545273,0.935482322041859,
/media/vsi-dev/Lacie_2/mndot_workzone_project/Tesla/campaign_8348ccbe-b6ca-4be8-82ff-b4eba2616879-Tesla_-_Princeton_169_new/campaign/processed_json/segments/9b1c0b60-a317-4614-b1d3-ac66ae257922/part_3/011188.json,,,0.995497666030972,88.83,81.5789473684211,78.2894736842105,25.3739612188366,93.6842105263158,75.27,0.955132126161811,0.935080588815844,
/media/vsi-dev/Lacie_2/mndot_workzone_project/Tesla/campaign_8348ccbe-b6ca-4be8-82ff-b4eba2616879-Tesla_-_Princeton_169_new/campaign/processed_json/segments/9b1c0b60-a317-4614-b1d3-ac66ae257922/part_3/011189.json,,,0.996805114543033,93.17,82.8947368421053,78.6184210526316,95.9002770083103,94.3490304709141,86.37,0.939975969274143,0.935325438253708,
/media/vsi-dev/Lacie_2/mndot_workzone_project/Tesla/campaign_8348ccbe-b6ca-4be8-82ff-b4eba2616879-Tesla_-_Princeton_169_new/campaign/processed_json/segments/9b1c0b60-a317-4614-b1d3-ac66ae257922/part_3/011190.json,,,0.994502665947899,88.78,82.2368421052632,79.6052631578947,26.6481994459834,89.0304709141274,75.34,0.950425574117031,0.936338095879316,
/media/vsi-dev/Lacie_2/mndot_workzone_project/Tesla/campaign_8348ccbe-b6ca-4be8-82ff-b4eba2616879-Tesla_-_Princeton_169_new/campaign/processed_json/segments/9b1c0b60-a317-4614-b1d3-ac66ae257922/part_3/011191.json,,,0.99158560090355,88.7,82.2368421052632,78.2894736842105,27.8116343490305,91.9113573407202,75.53,0.947621304341934,0.935265215760136,
/media/vsi-dev/Lacie_2/mndot_workzone_project/Tesla/campaign_8348ccbe-b6ca-4be8-82ff-b4eba2616879-Tesla_-_Princeton_169_new/campaign/processed_json/segments/9b1c0b60-a317-4614-b1d3-ac66ae257922/part_3/011192.json,,,0.996394017227934,92.5,82.2368421052632,77.9605263157895,91.7451523545706,89.6952908587258,84.66,0.94192970699043,0.935928666191612,
/media/vsi-dev/Lacie_2/mndot_workzone_project/Tesla/campaign_8348ccbe-b6ca-4be8-82ff-b4eba2616879-Tesla_-_Princeton_169_new/campaign/processed_json/segments/9b1c0b60-a317-4614-b1d3-ac66ae257922/part_3/011193.json,,,0.995012479192682,89.11,81.5789473684211,78.2894736842105,34.7368421052632,90.7202216066482,76.2,0.948094076614444,0.935126454362409,
/media/vsi-dev/Lacie_2/mndot_workzone_project/Tesla/campaign_8348ccbe-b6ca-4be8-82ff-b4eba2616879-Tesla_-_Princeton_169_new/campaign/processed_json/segments/9b1c0b60-a317-4614-b1d3-ac66ae257922/part_3/011194.json,,,0.994502665947899,89.07,82.2368421052632,78.6184210526316,34.5706371191136,88.3656509695291,76.12,0.94772462449347,0.936052649791221,
/media/vsi-dev/Lacie_2/mndot_workzone_project/Tesla/campaign_8348ccbe-b6ca-4be8-82ff-b4eba2616879-Tesla_-_Princeton_169_new/campaign/processed_json/segments/9b1c0b60-a317-4614-b1d3-ac66ae257922/part_3/011195.json,,,0.997191451372845,92.55,81.5789473684211,77.9605263157895,93.7119113573407,89.3628808864266,84.71,0.942335173015643,0.935747179103862,
/media/vsi-dev/Lacie_2/mndot_workzone_project/Tesla/campaign_8348ccbe-b6ca-4be8-82ff-b4eba2616879-Tesla_-_Princeton_169_new/campaign/processed_json/segments/9b1c0b60-a317-4614-b1d3-ac66ae257922/part_3/011196.json,,,0.994502665947899,88.55,82.8947368421053,78.2894736842105,22.8531855955679,90.0554016620499,74.73,0.951684866471765,0.936319287805217,
/media/vsi-dev/Lacie_2/mndot_workzone_project/Tesla/campaign_8348ccbe-b6ca-4be8-82ff-b4eba2616879-Tesla_-_Princeton_169_new/campaign/processed_json/segments/9b1c0b60-a317-4614-b1d3-ac66ae257922/part_3/011197.json,,,0.997889729757728,92.95,83.8815789473684,78.2894736842105,93.2409972299169,90.5817174515235,85.62,0.942389781977384,0.936017781119331,
/media/vsi-dev/Lacie_2/mndot_workzone_project/Tesla/campaign_8348ccbe-b6ca-4be8-82ff-b4eba2616879-Tesla_-_Princeton_169_new/campaign/processed_json/segments/9b1c0b60-a317-4614-b1d3-ac66ae257922/part_3/011198.json,,,0.995012479192682,89.41,83.8815789473684,80.5921052631579,33.9058171745152,86.6204986149585,76.85,0.951774638089957,0.934813260739691,
/media/vsi-dev/Lacie_2/mndot_workzone_project/Tesla/campaign_8348ccbe-b6ca-4be8-82ff-b4eba2616879-Tesla_-_Princeton_169_new/campaign/processed_json/segments/9b1c0b60-a317-4614-b1d3-ac66ae257922/part_3/011199.json,,,0.994502665947899,89.61,84.2105263157895,79.6052631578947,37.0914127423823,88.7534626038781,77.45,0.94916420853755,0.935761663328467,
/media/vsi-dev/Lacie_2/mndot_workzone_project/Tesla/campaign_8348ccbe-b6ca-4be8-82ff-b4eba2616879-Tesla_-_Princeton_169_new/campaign/processed_json/segments/9b1c0b60-a317-4614-b1d3-ac66ae257922/part_3/011200.json,,,0.995012479192682,89.65,83.8815789473684,80.2631578947369,36.0387811634349,89.584487534626,77.51,0.949374701630024,0.935466393308327,
/media/vsi-dev/Lacie_2/mndot_workzone_project/Tesla/campaign_8348ccbe-b6ca-4be8-82ff-b4eba2616879-Tesla_-_Princeton_169_new/campaign/processed_json/segments/9b1c0b60-a317-4614-b1d3-ac66ae257922/part_3/011201.json,,,0.990247863518234,88.76,83.8815789473684,79.2763157894737,26.3434903047091,89.1135734072022,75.7,0.951823181384674,0.935149547604812,
/media/vsi-dev/Lacie_2/mndot_workzone_project/Tesla/campaign_8348ccbe-b6ca-4be8-82ff-b4eba2616879-Tesla_-_Princeton_169_new/campaign/processed_json/segments/9b1c0b60-a317-4614-b1d3-ac66ae257922/part_3/011202.json,,,0.988059362042712,88.48,83.8815789473684,79.2763157894737,24.1551246537396,87.8116343490305,75.18,0.952943009980104,0.935149218988162,
/media/vsi-dev/Lacie_2/mndot_workzone_project/Tesla/campaign_8348ccbe-b6ca-4be8-82ff-b4eba2616879-Tesla_-_Princeton_169_new/campaign/processed_json/segments/9b1c0b60-a317-4614-b1d3-ac66ae257922/part_3/011203.json,,,0.990928893001464,88.84,83.8815789473684,79.2763157894737,29.4459833795014,86.8698060941828,75.83,0.952444858024787,0.935119810997457,
/media/vsi-dev/Lacie_2/mndot_workzone_project/Tesla/campaign_8348ccbe-b6ca-4be8-82ff-b4eba2616879-Tesla_-_Princeton_169_new/campaign/processed_json/segments/9b1c0b60-a317-4614-b1d3-ac66ae257922/part_3/011204.json,,,0.995012479192682,92.89,82.5657894736842,78.6184210526316,96.7590027700831,90.3047091412742,85.8,0.942054350262274,0.934411917767506,
/media/vsi-dev/Lacie_2/mndot_workzone_project/Tesla/campaign_8348ccbe-b6ca-4be8-82ff-b4eba2616879-Tesla_-_Princeton_169_new/campaign/processed_json/segments/9b1c0b60-a317-4614-b1d3-ac66ae257922/part_3/011205.json,,,0.990928893001464,89.68,83.8815789473684,78.2894736842105,43.7950138504155,89.1689750692521,78.01,0.946961328282812,0.936816989928157,
/media/vsi-dev/Lacie_2/mndot_workzone_project/Tesla/campaign_8348ccbe-b6ca-4be8-82ff-b4eba2616879-Tesla_-_Princeton_169_new/campaign/processed_json/segments/9b1c0b60-a317-4614-b1d3-ac66ae257922/part_3/011206.json,,,0.995012479192682,92.71,83.8815789473684,77.9605263157895,93.185595567867,88.9473684210526,85.27,0.943662717486539,0.936296667661626,
/media/vsi-dev/Lacie_2/mndot_workzone_project/Tesla/campaign_8348ccbe-b6ca-4be8-82ff-b4eba2616879-Tesla_-_Princeton_169_new/campaign/processed_json/segments/9b1c0b60-a317-4614-b1d3-ac66ae257922/part_3/011207.json,,,0.995497666030972,93.2,84.5394736842105,78.9473684210526,95.3739612188366,91.8005540166205,86.51,0.942280578380074,0.935416758408481,
/media/vsi-dev/Lacie_2/mndot_workzone_project/Tesla/campaign_8348ccbe-b6ca-4be8-82ff-b4eba2616879-Tesla_-_Princeton_169_new/campaign/processed_json/segments/9b1c0b60-a317-4614-b1d3-ac66ae257922/part_3/011208.json,,,0.990247863518234,89.03,83.8815789473684,78.6184210526316,30.8864265927978,89.5290858725762,76.27,0.954171769904739,0.936573262698211,
/media/vsi-dev/Lacie_2/mndot_workzone_project/Tesla/campaign_8348ccbe-b6ca-4be8-82ff-b4eba2616879-Tesla_-_Princeton_169_new/campaign/processed_json/segments/9b1c0b60-a317-4614-b1d3-ac66ae257922/part_3/011209.json,,,0.994502665947899,92.9,82.5657894736842,78.2894736842105,96.1218836565097,91.606648199446,85.81,0.943525815182354,0.93599389952354,
/media/vsi-dev/Lacie_2/mndot_workzone_project/Tesla/campaign_8348ccbe-b6ca-4be8-82ff-b4eba2616879-Tesla_-_Princeton_169_new/campaign/processed_json/segments/9b1c0b60-a317-4614-b1d3-ac66ae257922/part_3/011210.json,,,0.997889729757728,93.06,83.8815789473684,76.9736842105263,96.398891966759,91.6343490304709,85.86,0.943851016409004,0.936438961775481,
/media/vsi-dev/Lacie_2/mndot_workzone_project/Tesla/campaign_8348ccbe-b6ca-4be8-82ff-b4eba2616879-Tesla_-_Princeton_169_new/campaign/processed_json/segments/9b1c0b60-a317-4614-b1d3-ac66ae257922/part_3/011211.json,,,0.992825857903813,89.17,82.2368421052632,78.9473684210526,32.9916897506925,90.6094182825485,76.35,0.955267719672326,0.936387429595043,
/media/vsi-dev/Lacie_2/mndot_workzone_project/Tesla/campaign_8348ccbe-b6ca-4be8-82ff-b4eba2616879-Tesla_-_Princeton_169_new/campaign/processed_json/segments/9b1c0b60-a317-4614-b1d3-ac66ae257922/part_3/011212.json,,,0.99158560090355,89.05,83.5526315789474,79.2763157894737,26.2880886426593,92.9362880886427,76.19,0.955084095790047,0.93566103283838,
/media/vsi-dev/Lacie_2/mndot_workzone_project/Tesla/campaign_8348ccbe-b6ca-4be8-82ff-b4eba2616879-Tesla_-_Princeton_169_new/campaign/processed_json/segments/9b1c0b60-a317-4614-b1d3-ac66ae257922/part_3/011213.json,,,0.990928893001464,88.96,83.5526315789474,78.9473684210526,27.4515235457064,90.9141274238227,75.97,0.957257577180706,0.936611364688603,
/media/vsi-dev/Lacie_2/mndot_workzone_project/Tesla/campaign_8348ccbe-b6ca-4be8-82ff-b4eba2616879-Tesla_-_Princeton_169_new/campaign/processed_json/segments/9b1c0b60-a317-4614-b1d3-ac66ae257922/part_3/011214.json,,,0.993409314468916,93.11,84.2105263157895,79.6052631578947,93.9335180055402,92.2160664819945,86.46,0.943087874769402,0.936362508339352,
/media/vsi-dev/Lacie_2/mndot_workzone_project/Tesla/campaign_8348ccbe-b6ca-4be8-82ff-b4eba2616879-Tesla_-_Princeton_169_new/campaign/processed_json/segments/9b1c0b60-a317-4614-b1d3-ac66ae257922/part_3/011215.json,,,0.98728157159029,89.39,82.8947368421053,79.2763157894737,35.7617728531856,92.6869806094183,77.39,0.9580892346076,0.935990703525022,
/media/vsi-dev/Lacie_2/mndot_workzone_project/Tesla/campaign_8348ccbe-b6ca-4be8-82ff-b4eba2616879-Tesla_-_Princeton_169_new/campaign/processed_json/segments/9b1c0b60-a317-4614-b1d3-ac66ae257922/part_3/011216.json,,,0.983930514272508,88.39,82.8947368421053,79.2763157894737,24.1551246537396,90.8310249307479,75.35,0.952755041879501,0.936637176012743,
/media/vsi-dev/Lacie_2/mndot_workzone_project/Tesla/campaign_8348ccbe-b6ca-4be8-82ff-b4eba2616879-Tesla_-_Princeton_169_new/campaign/processed_json/segments/9b1c0b60-a317-4614-b1d3-ac66ae257922/part_3/011217.json,,,0.981167097577432,88.32,83.8815789473684,79.6052631578947,18.6149584487535,94.5152354570637,75.46,0.952987925526518,0.935803769118906,
/media/vsi-dev/Lacie_2/mndot_workzone_project/Tesla/campaign_8348ccbe-b6ca-4be8-82ff-b4eba2616879-Tesla_-_Princeton_169_new/campaign/processed_json/segments/9b1c0b60-a317-4614-b1d3-ac66ae257922/part_3/011218.json,,,0.978191324262237,88.22,83.5526315789474,79.2763157894737,19.612188365651,94.4598337950139,75.42,0.956612829704824,0.936248079773208,
/media/vsi-dev/Lacie_2/mndot_workzone_project/Tesla/campaign_8348ccbe-b6ca-4be8-82ff-b4eba2616879-Tesla_-_Princeton_169_new/campaign/processed_json/segments/9b1c0b60-a317-4614-b1d3-ac66ae257922/part_3/011219.json,,,0.980198673306755,88.41,82.8947368421053,79.6052631578947,20.7479224376731,95.6232686980609,75.67,0.957785590694889,0.935714298088211,
/media/vsi-dev/Lacie_2/mndot_workzone_project/Tesla/campaign_8348ccbe-b6ca-4be8-82ff-b4eba2616879-Tesla_-_Princeton_169_new/campaign/processed_json/segments/9b1c0b60-a317-4614-b1d3-ac66ae257922/part_3/011220.json,,,0.972765240307908,85.58,82.8947368421053,74.3421052631579,86.814404432133,0,69.61,0.941071218021393,0.94167381719301,
/media/vsi-dev/Lacie_2/mndot_workzone_project/Tesla/campaign_8348ccbe-b6ca-4be8-82ff-b4eba2616879-Tesla_-_Princeton_169_new/campaign/processed_json/segments/9b1c0b60-a317-4614-b1d3-ac66ae257922/part_3/011221.json,,,0.97715254792786,87.88,84.2105263157895,79.9342105263158,15.1246537396122,93.5734072022161,74.95,0.945023462453551,0.936068019106049,
/media/vsi-dev/Lacie_2/mndot_workzone_project/Tesla/campaign_8348ccbe-b6ca-4be8-82ff-b4eba2616879-Tesla_-_Princeton_169_new/campaign/processed_json/segments/9b1c0b60-a317-4614-b1d3-ac66ae257922/part_3/011222.json,,,0.97715254792786,88.12,83.8815789473684,80.2631578947369,19.8614958448753,91.9667590027701,75.44,0.948880149248636,0.93653598615338,
/media/vsi-dev/Lacie_2/mndot_workzone_project/Tesla/campaign_8348ccbe-b6ca-4be8-82ff-b4eba2616879-Tesla_-_Princeton_169_new/campaign/processed_json/segments/9b1c0b60-a317-4614-b1d3-ac66ae257922/part_3/011223.json,,,0.980198673306755,88.34,83.8815789473684,80.2631578947369,21.9390581717452,91.8559556786704,75.73,0.947600217227807,0.936524234067665,
/media/vsi-dev/Lacie_2/mndot_workzone_project/Tesla/campaign_8348ccbe-b6ca-4be8-82ff-b4eba2616879-Tesla_-_Princeton_169_new/campaign/processed_json/segments/9b1c0b60-a317-4614-b1d3-ac66ae257922/part_3/011224.json,,,0.984804140218096,92.42,82.8947368421053,80.2631578947369,88.5041551246537,93.7396121883657,85.66,0.93998764370405,0.936129155386442,
/media/vsi-dev/Lacie_2/mndot_workzone_project/Tesla/campaign_8348ccbe-b6ca-4be8-82ff-b4eba2616879-Tesla_-_Princeton_169_new/campaign/processed_json/segments/9b1c0b60-a317-4614-b1d3-ac66ae257922/part_3/011225.json,,,0.975005175298418,88.07,83.8815789473684,79.6052631578947,19.9168975069252,94.2659279778393,75.59,0.946339540679626,0.936832739996994,
/media/vsi-dev/Lacie_2/mndot_workzone_project/Tesla/campaign_8348ccbe-b6ca-4be8-82ff-b4eba2616879-Tesla_-_Princeton_169_new/campaign/processed_json/segments/9b1c0b60-a317-4614-b1d3-ac66ae257922/part_3/011226.json,,,0.972765240307908,87.44,83.8815789473684,80.5921052631579,8.72576177285319,94.1551246537396,74.2,0.948072563405253,0.936657424042159,
/media/vsi-dev/Lacie_2/mndot_workzone_project/Tesla/campaign_8348ccbe-b6ca-4be8-82ff-b4eba2616879-Tesla_-_Princeton_169_new/campaign/processed_json/segments/9b1c0b60-a317-4614-b1d3-ac66ae257922/part_3/011227.json,,,0.975005175298418,88.88,83.8815789473684,79.6052631578947,33.6565096952909,94.4598337950139,77.67,0.944599215357272,0.936931047972986,
/media/vsi-dev/Lacie_2/mndot_workzone_project/Tesla/campaign_8348ccbe-b6ca-4be8-82ff-b4eba2616879-Tesla_-_Princeton_169_new/campaign/processed_json/segments/9b1c0b60-a317-4614-b1d3-ac66ae257922/part_3/011228.json,,,0.975005175298418,87.91,84.2105263157895,80.5921052631579,15.9556786703601,92.9362880886427,75.19,0.946778819582446,0.936590150083267,
/media/vsi-dev/Lacie_2/mndot_workzone_project/Tesla/campaign_8348ccbe-b6ca-4be8-82ff-b4eba2616879-Tesla_-_Princeton_169_new/campaign/processed_json/segments/9b1c0b60-a317-4614-b1d3-ac66ae257922/part_3/011229.json,,,0.973896737455057,88.26,84.2105263157895,79.9342105263158,23.8504155124654,92.9639889196676,76.18,0.94606287539054,0.936727745912364,
/media/vsi-dev/Lacie_2/mndot_workzone_project/Tesla/campaign_8348ccbe-b6ca-4be8-82ff-b4eba2616879-Tesla_-_Princeton_169_new/campaign/processed_json/segments/9b1c0b60-a317-4614-b1d3-ac66ae257922/part_3/011230.json,,,0.984804140218096,92.38,84.2105263157895,80.2631578947369,86.4819944598338,92.7700831024931,85.6,0.938117900788209,0.936702614552722,
/media/vsi-dev/Lacie_2/mndot_workzone_project/Tesla/campaign_8348ccbe-b6ca-4be8-82ff-b4eba2616879-Tesla_-_Princeton_169_new/campaign/processed_json/segments/9b1c0b60-a317-4614-b1d3-ac66ae257922/part_3/011231.json,,,0.980198673306755,88.67,83.8815789473684,80.5921052631579,24.5706371191136,94.5706371191136,76.62,0.946235275533243,0.935330903370141,
/media/vsi-dev/Lacie_2/mndot_workzone_project/Tesla/campaign_8348ccbe-b6ca-4be8-82ff-b4eba2616879-Tesla_-_Princeton_169_new/campaign/processed_json/segments/9b1c0b60-a317-4614-b1d3-ac66ae257922/part_3/011232.json,,,0.982111925534364,92.03,83.8815789473684,77.9605263157895,86.7313019390582,93.6842105263158,84.99,0.938049113292198,0.937175786266375,
/media/vsi-dev/Lacie_2/mndot_workzone_project/Tesla/campaign_8348ccbe-b6ca-4be8-82ff-b4eba2616879-Tesla_-_Princeton_169_new/campaign/processed_json/segments/9b1c0b60-a317-4614-b1d3-ac66ae257922/part_3/011233.json,,,0.981167097577432,88.41,83.8815789473684,78.9473684210526,22.3545706371191,94.3490304709141,75.78,0.948174294096726,0.936783733465584,
/media/vsi-dev/Lacie_2/mndot_workzone_project/Tesla/campaign_8348ccbe-b6ca-4be8-82ff-b4eba2616879-Tesla_-_Princeton_169_new/campaign/processed_json/segments/9b1c0b60-a317-4614-b1d3-ac66ae257922/part_3/011234.json,,,0.97715254792786,88.16,84.2105263157895,80.5921052631579,17.3961218836565,93.601108033241,75.52,0.949923866769496,0.936447654044837,
/media/vsi-dev/Lacie_2/mndot_workzone_project/Tesla/campaign_8348ccbe-b6ca-4be8-82ff-b4eba2616879-Tesla_-_Princeton_169_new/campaign/processed_json/segments/9b1c0b60-a317-4614-b1d3-ac66ae257922/part_3/011235.json,,,0.984804140218096,92.23,83.8815789473684,79.9342105263158,84.819944598338,93.7396121883657,85.29,0.935959092973793,0.93667900756357,
/media/vsi-dev/Lacie_2/mndot_workzone_project/Tesla/campaign_8348ccbe-b6ca-4be8-82ff-b4eba2616879-Tesla_-_Princeton_169_new/campaign/processed_json/segments/9b1c0b60-a317-4614-b1d3-ac66ae257922/part_3/011236.json,,,0.984804140218096,92.36,82.8947368421053,78.9473684210526,87.590027700831,96.786703601108,85.58,0.936814940283552,0.93638814562529,
/media/vsi-dev/Lacie_2/mndot_workzone_project/Tesla/campaign_8348ccbe-b6ca-4be8-82ff-b4eba2616879-Tesla_-_Princeton_169_new/campaign/processed_json/segments/9b1c0b60-a317-4614-b1d3-ac66ae257922/part_3/011237.json,,,0.980198673306755,88.49,83.8815789473684,78.6184210526316,25.0415512465374,96.1772853185596,76.31,0.93942785288012,0.936473498958236,
/media/vsi-dev/Lacie_2/mndot_workzone_project/Tesla/campaign_8348ccbe-b6ca-4be8-82ff-b4eba2616879-Tesla_-_Princeton_169_new/campaign/processed_json/segments/9b1c0b60-a317-4614-b1d3-ac66ae257922/part_3/011238.json,,,0.980198673306755,88.4,83.8815789473684,80.9210526315789,20.0554016620499,94.5429362880886,76.02,0.941936623395945,0.936474437855929,
/media/vsi-dev/Lacie_2/mndot_workzone_project/Tesla/campaign_8348ccbe-b6ca-4be8-82ff-b4eba2616879-Tesla_-_Princeton_169_new/campaign/processed_json/segments/9b1c0b60-a317-4614-b1d3-ac66ae257922/part_3/011239.json,,,0.990247863518234,92.56,84.2105263157895,79.2763157894737,84.792243767313,96.0664819944598,85.54,0.936813945307525,0.936973373156731,
/media/vsi-dev/Lacie_2/mndot_workzone_project/Tesla/campaign_8348ccbe-b6ca-4be8-82ff-b4eba2616879-Tesla_-_Princeton_169_new/campaign/processed_json/segments/9b1c0b60-a317-4614-b1d3-ac66ae257922/part_3/011240.json,,,0.988059362042712,89.38,83.8815789473684,78.9473684210526,30.4432132963989,98.6703601108033,77.62,0.94584404163706,0.935537697510903,
/media/vsi-dev/Lacie_2/mndot_workzone_project/Tesla/campaign_8348ccbe-b6ca-4be8-82ff-b4eba2616879-Tesla_-_Princeton_169_new/campaign/processed_json/segments/9b1c0b60-a317-4614-b1d3-ac66ae257922/part_3/011241.json,,,0.990247863518234,88.81,83.5526315789474,79.2763157894737,19.7229916897507,96.4542936288089,75.73,0.954818905908124,0.936016661059773,
/media/vsi-dev/Lacie_2/mndot_workzone_project/Tesla/campaign_8348ccbe-b6ca-4be8-82ff-b4eba2616879-Tesla_-_Princeton_169_new/campaign/processed_json/segments/9b1c0b60-a317-4614-b1d3-ac66ae257922/part_3/011242.json,,,0.993409314468916,89.34,84.2105263157895,79.2763157894737,25.5401662049861,96.9252077562327,76.85,0.949741415109386,0.936335484861313,
/media/vsi-dev/Lacie_2/mndot_workzone_project/Tesla/campaign_8348ccbe-b6ca-4be8-82ff-b4eba2616879-Tesla_-_Princeton_169_new/campaign/processed_json/segments/9b1c0b60-a317-4614-b1d3-ac66ae257922/part_3/011243.json,,,0.996394017227934,92.98,83.8815789473684,78.6184210526316,89.3905817174515,96.3434903047092,85.98,0.936740052366358,0.936873636337494,
/media/vsi-dev/Lacie_2/mndot_workzone_project/Tesla/campaign_8348ccbe-b6ca-4be8-82ff-b4eba2616879-Tesla_-_Princeton_169_new/campaign/processed_json/segments/9b1c0b60-a317-4614-b1d3-ac66ae257922/part_3/011244.json,,,0.993409314468916,89.21,84.2105263157895,78.6184210526316,25.6786703601108,96.398891966759,76.58,0.947339942685536,0.937309489660237,
/media/vsi-dev/Lacie_2/mndot_workzone_project/Tesla/campaign_8348ccbe-b6ca-4be8-82ff-b4eba2616879-Tesla_-_Princeton_169_new/campaign/processed_json/segments/9b1c0b60-a317-4614-b1d3-ac66ae257922/part_3/011245.json,,,0.990928893001464,87.74,83.8815789473684,81.25,5.23545706371191,87.6454293628809,72.94,0.956307750971648,0.936829465074905,
/media/vsi-dev/Lacie_2/mndot_workzone_project/Tesla/campaign_8348ccbe-b6ca-4be8-82ff-b4eba2616879-Tesla_-_Princeton_169_new/campaign/processed_json/segments/9b1c0b60-a317-4614-b1d3-ac66ae257922/part_3/011246.json,,,0.992825857903813,92.52,83.8815789473684,78.2894736842105,87.0914127423823,94.0443213296399,85.19,0.935714816649316,0.937555463162884,
/media/vsi-dev/Lacie_2/mndot_workzone_project/Tesla/campaign_8348ccbe-b6ca-4be8-82ff-b4eba2616879-Tesla_-_Princeton_169_new/campaign/processed_json/segments/9b1c0b60-a317-4614-b1d3-ac66ae257922/part_3/011247.json,,,0.985653900195345,88.41,84.2105263157895,78.2894736842105,18.4487534626039,96.7313019390582,75.43,0.944766024052266,0.93664861086164,
/media/vsi-dev/Lacie_2/mndot_workzone_project/Tesla/campaign_8348ccbe-b6ca-4be8-82ff-b4eba2616879-Tesla_-_Princeton_169_new/campaign/processed_json/segments/9b1c0b60-a317-4614-b1d3-ac66ae257922/part_3/011248.json,,,0.988059362042712,88.72,83.8815789473684,78.2894736842105,25.0415512465374,94.0720221606648,75.93,0.945146276023844,0.937374201785228,
/media/vsi-dev/Lacie_2/mndot_workzone_project/Tesla/campaign_8348ccbe-b6ca-4be8-82ff-b4eba2616879-Tesla_-_Princeton_169_new/campaign/processed_json/segments/9b1c0b60-a317-4614-b1d3-ac66ae257922/part_3/011249.json,,,0.98728157159029,89.18,84.2105263157895,78.6184210526316,35.9556786703601,94.7645429362881,77.75,0.922013103534658,0.93660221063373,
/media/vsi-dev/Lacie_2/mndot_workzone_project/Tesla/campaign_8348ccbe-b6ca-4be8-82ff-b4eba2616879-Tesla_-_Princeton_169_new/campaign/processed_json/segments/9b1c0b60-a317-4614-b1d3-ac66ae257922/part_3/011250.json,,,0.992825857903813,92.3,84.2105263157895,79.2763157894737,82.6592797783933,92.2437673130194,84.65,0.935564307719119,0.937159819243011,
/media/vsi-dev/Lacie_2/mndot_workzone_project/Tesla/campaign_8348ccbe-b6ca-4be8-82ff-b4eba2616879-Tesla_-_Princeton_169_new/campaign/processed_json/segments/9b1c0b60-a317-4614-b1d3-ac66ae257922/part_3/011251.json,,,0.990247863518234,88.82,82.8947368421053,78.6184210526316,25.4570637119114,95.5124653739612,76,0.944606485599348,0.935995677247707,
/media/vsi-dev/Lacie_2/mndot_workzone_project/Tesla/campaign_8348ccbe-b6ca-4be8-82ff-b4eba2616879-Tesla_-_Princeton_169_new/campaign/processed_json/segments/9b1c0b60-a317-4614-b1d3-ac66ae257922/part_3/011252.json,,,0.990247863518234,88.96,83.8815789473684,78.6184210526316,26.7036011080332,94.8199445983379,76.38,0.944177166583659,0.935959869771178,
/media/vsi-dev/Lacie_2/mndot_workzone_project/Tesla/campaign_8348ccbe-b6ca-4be8-82ff-b4eba2616879-Tesla_-_Princeton_169_new/campaign/processed_json/segments/9b1c0b60-a317-4614-b1d3-ac66ae257922/part_3/011253.json,,,0.993409314468916,92.94,82.8947368421053,78.6184210526316,90.8864265927978,98.2271468144044,86.19,0.937456183225716,0.935578175906355,
/media/vsi-dev/Lacie_2/mndot_workzone_project/Tesla/campaign_8348ccbe-b6ca-4be8-82ff-b4eba2616879-Tesla_-_Princeton_169_new/campaign/processed_json/segments/9b1c0b60-a317-4614-b1d3-ac66ae257922/part_3/011254.json,,,0.990247863518234,88.14,82.8947368421053,77.9605263157895,11.9113573407202,97.3961218836565,74.1,0.953165032670476,0.935871164973244,
/media/vsi-dev/Lacie_2/mndot_workzone_project/Tesla/campaign_8348ccbe-b6ca-4be8-82ff-b4eba2616879-Tesla_-_Princeton_169_new/campaign/processed_json/segments/9b1c0b60-a317-4614-b1d3-ac66ae257922/part_3/011255.json,,,0.99158560090355,89.13,82.8947368421053,78.2894736842105,26.6481994459834,98.2548476454294,76.52,0.950281199354969,0.935600701716345,
/media/vsi-dev/Lacie_2/mndot_workzone_project/Tesla/campaign_8348ccbe-b6ca-4be8-82ff-b4eba2616879-Tesla_-_Princeton_169_new/campaign/processed_json/segments/9b1c0b60-a317-4614-b1d3-ac66ae257922/part_3/011256.json,,,0.99158560090355,92.69,83.8815789473684,79.9342105263158,88.5872576177285,92.7146814404432,85.71,0.938855672889282,0.93547456468222,
/media/vsi-dev/Lacie_2/mndot_workzone_project/Tesla/campaign_8348ccbe-b6ca-4be8-82ff-b4eba2616879-Tesla_-_Princeton_169_new/campaign/processed_json/segments/9b1c0b60-a317-4614-b1d3-ac66ae257922/part_3/011257.json,,,0.990247863518234,92.71,82.8947368421053,79.2763157894737,89.8891966759003,95.6786703601108,85.86,0.939345227785291,0.936000117427352,
/media/vsi-dev/Lacie_2/mndot_workzone_project/Tesla/campaign_8348ccbe-b6ca-4be8-82ff-b4eba2616879-Tesla_-_Princeton_169_new/campaign/processed_json/segments/9b1c0b60-a317-4614-b1d3-ac66ae257922/part_3/011258.json,,,0.985653900195345,89.24,82.2368421052632,79.2763157894737,33.6565096952909,96.3434903047092,77.39,0.951133386258369,0.935149565161393,
/media/vsi-dev/Lacie_2/mndot_workzone_project/Tesla/campaign_8348ccbe-b6ca-4be8-82ff-b4eba2616879-Tesla_-_Princeton_169_new/campaign/processed_json/segments/9b1c0b60-a317-4614-b1d3-ac66ae257922/part_3/011259.json,,,0.988813044611233,92.44,82.5657894736842,78.9473684210526,87.1191135734072,96.398891966759,85.36,0.940342362856966,0.934345938584983,
/media/vsi-dev/Lacie_2/mndot_workzone_project/Tesla/campaign_8348ccbe-b6ca-4be8-82ff-b4eba2616879-Tesla_-_Princeton_169_new/campaign/processed_json/segments/9b1c0b60-a317-4614-b1d3-ac66ae257922/part_3/011260.json,,,0.985653900195345,88.71,81.5789473684211,79.2763157894737,26.814404432133,96.0664819944598,76.11,0.950148464859966,0.934009559245601,
/media/vsi-dev/Lacie_2/mndot_workzone_project/Tesla/campaign_8348ccbe-b6ca-4be8-82ff-b4eba2616879-Tesla_-_Princeton_169_new/campaign/processed_json/segments/9b1c0b60-a317-4614-b1d3-ac66ae257922/part_3/011261.json,,,0.990247863518234,92.74,81.5789473684211,78.2894736842105,94.2936288088643,96.6759002770083,85.97,0.94007272246974,0.933699213809444,
/media/vsi-dev/Lacie_2/mndot_workzone_project/Tesla/campaign_8348ccbe-b6ca-4be8-82ff-b4eba2616879-Tesla_-_Princeton_169_new/campaign/processed_json/segments/9b1c0b60-a317-4614-b1d3-ac66ae257922/part_3/011262.json,,,0.988813044611233,92.59,81.5789473684211,78.2894736842105,93.6565096952909,95.6509695290859,85.73,0.940141287358854,0.933950302216698,
/media/vsi-dev/Lacie_2/mndot_workzone_project/Tesla/campaign_8348ccbe-b6ca-4be8-82ff-b4eba2616879-Tesla_-_Princeton_169_new/campaign/processed_json/segments/9b1c0b60-a317-4614-b1d3-ac66ae257922/part_3/011263.json,,,0.98728157159029,92.44,81.5789473684211,77.9605263157895,92.1883656509695,96.786703601108,85.57,0.940792265415067,0.930978645847859,
/media/vsi-dev/Lacie_2/mndot_workzone_project/Tesla/campaign_8348ccbe-b6ca-4be8-82ff-b4eba2616879-Tesla_-_Princeton_169_new/campaign/processed_json/segments/9b1c0b60-a317-4614-b1d3-ac66ae257922/part_3/011264.json,,,0.970433403055154,81.23,81.5789473684211,69.4078947368421,23.213296398892,0,58.32,0.951117220530109,0.957603586581065,
/media/vsi-dev/Lacie_2/mndot_workzone_project/Tesla/campaign_8348ccbe-b6ca-4be8-82ff-b4eba2616879-Tesla_-_Princeton_169_new/campaign/processed_json/segments/9b1c0b60-a317-4614-b1d3-ac66ae257922/part_3/011265.json,,,0.969033254475011,88.13,82.2368421052632,80.5921052631579,22.8531855955679,100,76.63,0.950118715397222,0.921171339051745,
/media/vsi-dev/Lacie_2/mndot_workzone_project/Tesla/campaign_8348ccbe-b6ca-4be8-82ff-b4eba2616879-Tesla_-_Princeton_169_new/campaign/processed_json/segments/9b1c0b60-a317-4614-b1d3-ac66ae257922/part_3/011266.json,,,0.982111925534364,85.82,80.9210526315789,70.0657894736842,93.7673130193906,0,68.86,0.941268683572197,0.958049009027595,
/media/vsi-dev/Lacie_2/mndot_workzone_project/Tesla/campaign_8348ccbe-b6ca-4be8-82ff-b4eba2616879-Tesla_-_Princeton_169_new/campaign/processed_json/segments/9b1c0b60-a317-4614-b1d3-ac66ae257922/part_3/011267.json,,,0.992825857903813,92.71,81.9078947368421,78.6184210526316,92.9085872576177,94.0443213296399,85.58,0.94155953680638,0.935036259912287,
/media/vsi-dev/Lacie_2/mndot_workzone_project/Tesla/campaign_8348ccbe-b6ca-4be8-82ff-b4eba2616879-Tesla_-_Princeton_169_new/campaign/processed_json/segments/9b1c0b60-a317-4614-b1d3-ac66ae257922/part_3/011268.json,,,0.97715254792786,81.82,80.9210526315789,70.3947368421053,26.8975069252078,0,59,0.957722794322384,0.955704200703194,
/media/vsi-dev/Lacie_2/mndot_workzone_project/Tesla/campaign_8348ccbe-b6ca-4be8-82ff-b4eba2616879-Tesla_-_Princeton_169_new/campaign/processed_json/segments/9b1c0b60-a317-4614-b1d3-ac66ae257922/part_3/011269.json,,,0.988059362042712,89.26,81.25,79.9342105263158,38.8642659279778,90.5817174515235,77.2,0.954978766785492,0.931119854030914,
/media/vsi-dev/Lacie_2/mndot_workzone_project/Tesla/campaign_8348ccbe-b6ca-4be8-82ff-b4eba2616879-Tesla_-_Princeton_169_new/campaign/processed_json/segments/9b1c0b60-a317-4614-b1d3-ac66ae257922/part_3/011270.json,,,0.988813044611233,88.88,81.5789473684211,78.9473684210526,28.6149584487535,94.2382271468144,76.04,0.956519404367098,0.934201429131424,
/media/vsi-dev/Lacie_2/mndot_workzone_project/Tesla/campaign_8348ccbe-b6ca-4be8-82ff-b4eba2616879-Tesla_-_Princeton_169_new/campaign/processed_json/segments/9b1c0b60-a317-4614-b1d3-ac66ae257922/part_3/011271.json,,,0.984804140218096,87.38,81.9078947368421,80.5921052631579,28.1440443213296,71.0803324099723,73.02,0.956718627330228,0.921421110164217,
/media/vsi-dev/Lacie_2/mndot_workzone_project/Tesla/campaign_8348ccbe-b6ca-4be8-82ff-b4eba2616879-Tesla_-_Princeton_169_new/campaign/processed_json/segments/9b1c0b60-a317-4614-b1d3-ac66ae257922/part_3/011272.json,,,0.969033254475011,88.01,80.5921052631579,81.5789473684211,28.9750692520776,90.8864265927978,76.05,0.95548519470743,0.927666161975503,
/media/vsi-dev/Lacie_2/mndot_workzone_project/Tesla/campaign_8348ccbe-b6ca-4be8-82ff-b4eba2616879-Tesla_-_Princeton_169_new/campaign/processed_json/segments/9b1c0b60-a317-4614-b1d3-ac66ae257922/part_3/011273.json,,,0.968433554391028,85.43,80.9210526315789,81.9078947368421,25.4847645429363,53.5180055401662,70.04,0.95675369833945,0.910957285742704,
/media/vsi-dev/Lacie_2/mndot_workzone_project/Tesla/campaign_8348ccbe-b6ca-4be8-82ff-b4eba2616879-Tesla_-_Princeton_169_new/campaign/processed_json/segments/9b1c0b60-a317-4614-b1d3-ac66ae257922/part_3/011274.json,,,0.988059362042712,88.42,82.8947368421053,80.2631578947369,25.5678670360111,86.2603878116344,75.14,0.949924361284359,0.934369907704287,
/media/vsi-dev/Lacie_2/mndot_workzone_project/Tesla/campaign_8348ccbe-b6ca-4be8-82ff-b4eba2616879-Tesla_-_Princeton_169_new/campaign/processed_json/segments/9b1c0b60-a317-4614-b1d3-ac66ae257922/part_3/011275.json,,,0.988813044611233,88.81,80.9210526315789,80.2631578947369,32.1606648199446,91.7728531855956,76.31,0.950789098521084,0.922966322336168,
/media/vsi-dev/Lacie_2/mndot_workzone_project/Tesla/campaign_8348ccbe-b6ca-4be8-82ff-b4eba2616879-Tesla_-_Princeton_169_new/campaign/processed_json/segments/9b1c0b60-a317-4614-b1d3-ac66ae257922/part_3/011276.json,,,0.997889729757728,92.6,80.2631578947369,78.2894736842105,94.9307479224377,90.0554016620499,84.71,0.943857598040496,0.936202172218747,
/media/vsi-dev/Lacie_2/mndot_workzone_project/Tesla/campaign_8348ccbe-b6ca-4be8-82ff-b4eba2616879-Tesla_-_Princeton_169_new/campaign/processed_json/segments/9b1c0b60-a317-4614-b1d3-ac66ae257922/part_3/011277.json,,,0.995012479192682,92.54,80.2631578947369,77.6315789473684,96.5650969529086,91.0526315789474,84.9,0.943113020005376,0.935190834462492,
/media/vsi-dev/Lacie_2/mndot_workzone_project/Tesla/campaign_8348ccbe-b6ca-4be8-82ff-b4eba2616879-Tesla_-_Princeton_169_new/campaign/processed_json/segments/9b1c0b60-a317-4614-b1d3-ac66ae257922/part_3/011278.json,,,0.995497666030972,92.91,80.9210526315789,80.5921052631579,96.814404432133,89.2797783933518,85.76,0.943776875182271,0.935092627997784,
/media/vsi-dev/Lacie_2/mndot_workzone_project/Tesla/campaign_8348ccbe-b6ca-4be8-82ff-b4eba2616879-Tesla_-_Princeton_169_new/campaign/processed_json/segments/9b1c0b60-a317-4614-b1d3-ac66ae257922/part_3/011279.json,,,0.988813044611233,83.07,80.2631578947369,81.9078947368421,29.1689750692521,0,62.32,0.956944265078758,0.902366183574033,
/media/vsi-dev/Lacie_2/mndot_workzone_project/Tesla/campaign_8348ccbe-b6ca-4be8-82ff-b4eba2616879-Tesla_-_Princeton_169_new/campaign/processed_json/segments/9b1c0b60-a317-4614-b1d3-ac66ae257922/part_3/011280.json,,,0.996805114543033,92.71,80.9210526315789,78.2894736842105,96.2049861495845,90.0277008310249,85.1,0.945020321070152,0.934685602225381,
/media/vsi-dev/Lacie_2/mndot_workzone_project/Tesla/campaign_8348ccbe-b6ca-4be8-82ff-b4eba2616879-Tesla_-_Princeton_169_new/campaign/processed_json/segments/9b1c0b60-a317-4614-b1d3-ac66ae257922/part_3/011281.json,,,0.994502665947899,89.49,80.2631578947369,79.6052631578947,40.5263157894737,90.2770083102493,77.03,0.954368249406321,0.934958761675341,
/media/vsi-dev/Lacie_2/mndot_workzone_project/Tesla/campaign_8348ccbe-b6ca-4be8-82ff-b4eba2616879-Tesla_-_Princeton_169_new/campaign/processed_json/segments/9b1c0b60-a317-4614-b1d3-ac66ae257922/part_3/011282.json,,,0.982111925534364,88.26,80.9210526315789,83.5526315789474,42.6038781163435,87.6731301939058,77.81,0.953913611564403,0.831648180787945,
/media/vsi-dev/Lacie_2/mndot_workzone_project/Tesla/campaign_8348ccbe-b6ca-4be8-82ff-b4eba2616879-Tesla_-_Princeton_169_new/campaign/processed_json/segments/9b1c0b60-a317-4614-b1d3-ac66ae257922/part_3/011283.json,,,0.998488643251663,83.73,79.6052631578947,80.2631578947369,32.5207756232687,0,62.28,0.960667118408813,0.927306791770158,
/media/vsi-dev/Lacie_2/mndot_workzone_project/Tesla/campaign_8348ccbe-b6ca-4be8-82ff-b4eba2616879-Tesla_-_Princeton_169_new/campaign/processed_json/segments/9b1c0b60-a317-4614-b1d3-ac66ae257922/part_3/011284.json,,,0.998488643251663,93.47,80.9210526315789,81.5789473684211,99.0027700831025,92.1606648199446,86.82,0.945656550714007,0.934385819430976,
/media/vsi-dev/Lacie_2/mndot_workzone_project/Tesla/campaign_8348ccbe-b6ca-4be8-82ff-b4eba2616879-Tesla_-_Princeton_169_new/campaign/processed_json/segments/9b1c0b60-a317-4614-b1d3-ac66ae257922/part_3/011285.json,,,0.996394017227934,84.43,84.2105263157895,80.9210526315789,33.4903047091413,0,64.04,0.961054913028378,0.935160415801031,
/media/vsi-dev/Lacie_2/mndot_workzone_project/Tesla/campaign_8348ccbe-b6ca-4be8-82ff-b4eba2616879-Tesla_-_Princeton_169_new/campaign/processed_json/segments/9b1c0b60-a317-4614-b1d3-ac66ae257922/part_3/011286.json,,,0.995012479192682,93.34,83.8815789473684,82.5657894736842,100,94.3490304709141,88.21,0.945760714494734,0.879808752910066,
/media/vsi-dev/Lacie_2/mndot_workzone_project/Tesla/campaign_8348ccbe-b6ca-4be8-82ff-b4eba2616879-Tesla_-_Princeton_169_new/campaign/processed_json/segments/9b1c0b60-a317-4614-b1d3-ac66ae257922/part_3/011287.json,,,0.990928893001464,89.86,84.2105263157895,80.5921052631579,34.7091412742382,100,78.97,0.96217686595411,0.901616472320148,
/media/vsi-dev/Lacie_2/mndot_workzone_project/Tesla/campaign_8348ccbe-b6ca-4be8-82ff-b4eba2616879-Tesla_-_Princeton_169_new/campaign/processed_json/segments/9b1c0b60-a317-4614-b1d3-ac66ae257922/part_3/011288.json,,,0.992825857903813,93.74,84.2105263157895,80.9210526315789,99.0304709141274,99.3351800554017,88.59,0.945026027434883,0.913627229206535,
/media/vsi-dev/Lacie_2/mndot_workzone_project/Tesla/campaign_8348ccbe-b6ca-4be8-82ff-b4eba2616879-Tesla_-_Princeton_169_new/campaign/processed_json/segments/9b1c0b60-a317-4614-b1d3-ac66ae257922/part_3/011289.json,,,0.990928893001464,93.18,84.2105263157895,80.5921052631579,94.5983379501385,100,87.83,0.945120516769592,0.895528764510707,
/media/vsi-dev/Lacie_2/mndot_workzone_project/Tesla/campaign_8348ccbe-b6ca-4be8-82ff-b4eba2616879-Tesla_-_Princeton_169_new/campaign/processed_json/segments/9b1c0b60-a317-4614-b1d3-ac66ae257922/part_3/011290.json,,,0.868837785471576,79.16,84.2105263157895,63.1578947368421,39.5013850415512,32.382271468144,64.33,0.952436335806954,0.915018930939479,
/media/vsi-dev/Lacie_2/mndot_workzone_project/Tesla/campaign_8348ccbe-b6ca-4be8-82ff-b4eba2616879-Tesla_-_Princeton_169_new/campaign/processed_json/segments/9b1c0b60-a317-4614-b1d3-ac66ae257922/part_3/011291.json,,,0.856109326280298,77.66,83.8815789473684,67.7631578947369,37.3407202216067,0,60.67,0.95867315863714,0.955674613953889,
/media/vsi-dev/Lacie_2/mndot_workzone_project/Tesla/campaign_8348ccbe-b6ca-4be8-82ff-b4eba2616879-Tesla_-_Princeton_169_new/campaign/processed_json/segments/9b1c0b60-a317-4614-b1d3-ac66ae257922/part_3/011292.json,,,0.884810977338322,84.29,83.8815789473684,65.7894736842105,83.8781163434903,58.0332409972299,75.53,0.943582905263824,0.924921213166944,
/media/vsi-dev/Lacie_2/mndot_workzone_project/Tesla/campaign_8348ccbe-b6ca-4be8-82ff-b4eba2616879-Tesla_-_Princeton_169_new/campaign/processed_json/segments/9b1c0b60-a317-4614-b1d3-ac66ae257922/part_3/011293.json,,,0.884810977338322,85.5,83.8815789473684,63.1578947368421,94.3490304709141,73.2963988919668,78.59,0.945367285028161,0.921626237691984,
/media/vsi-dev/Lacie_2/mndot_workzone_project/Tesla/campaign_8348ccbe-b6ca-4be8-82ff-b4eba2616879-Tesla_-_Princeton_169_new/campaign/processed_json/segments/9b1c0b60-a317-4614-b1d3-ac66ae257922/part_3/011294.json,,,0.876970769963174,77.1,83.8815789473684,63.4868421052632,33.4072022160665,0,58.53,0.96046659337105,0.900858644364973,
/media/vsi-dev/Lacie_2/mndot_workzone_project/Tesla/campaign_8348ccbe-b6ca-4be8-82ff-b4eba2616879-Tesla_-_Princeton_169_new/campaign/processed_json/segments/9b1c0b60-a317-4614-b1d3-ac66ae257922/part_3/011295.json,,,0.882878860873073,78.54,83.8815789473684,66.7763157894737,27.0914127423823,11.6620498614958,60.52,0.962647786451048,0.938611503827952,
/media/vsi-dev/Lacie_2/mndot_workzone_project/Tesla/campaign_8348ccbe-b6ca-4be8-82ff-b4eba2616879-Tesla_-_Princeton_169_new/campaign/processed_json/segments/9b1c0b60-a317-4614-b1d3-ac66ae257922/part_3/011296.json,,,0.964245713669026,88.56,82.8947368421053,85.8552631578947,16.0387811634349,100,77.52,0.965862859414458,0.93243487883579,
/media/vsi-dev/Lacie_2/mndot_workzone_project/Tesla/campaign_8348ccbe-b6ca-4be8-82ff-b4eba2616879-Tesla_-_Princeton_169_new/campaign/processed_json/segments/9b1c0b60-a317-4614-b1d3-ac66ae257922/part_3/011297.json,,,0.963201498874578,86.47,83.8815789473684,86.8421052631579,26.6481994459834,52.3268698060942,72.53,0.957744109591489,0.935554789673234,
/media/vsi-dev/Lacie_2/mndot_workzone_project/Tesla/campaign_8348ccbe-b6ca-4be8-82ff-b4eba2616879-Tesla_-_Princeton_169_new/campaign/processed_json/segments/9b1c0b60-a317-4614-b1d3-ac66ae257922/part_3/011298.json,,,0.983930514272508,87.64,83.8815789473684,84.2105263157895,91.9113573407202,0,73.63,0.945035208902726,0.937564698237521,
/media/vsi-dev/Lacie_2/mndot_workzone_project/Tesla/campaign_8348ccbe-b6ca-4be8-82ff-b4eba2616879-Tesla_-_Princeton_169_new/campaign/processed_json/segments/9b1c0b60-a317-4614-b1d3-ac66ae257922/part_3/011299.json,,,0.983930514272508,89.46,83.8815789473684,85.5263157894737,29.7229916897507,87.7008310249308,77.91,0.957157074705852,0.937112574956063,
/media/vsi-dev/Lacie_2/mndot_workzone_project/Tesla/campaign_8348ccbe-b6ca-4be8-82ff-b4eba2616879-Tesla_-_Princeton_169_new/campaign/processed_json/segments/9b1c0b60-a317-4614-b1d3-ac66ae257922/part_3/011300.json,,,0.984804140218096,89.77,83.5526315789474,82.5657894736842,37.5346260387812,89.9168975069252,78.45,0.961952738442309,0.938150297201136,
/media/vsi-dev/Lacie_2/mndot_workzone_project/Tesla/campaign_8348ccbe-b6ca-4be8-82ff-b4eba2616879-Tesla_-_Princeton_169_new/campaign/processed_json/segments/9b1c0b60-a317-4614-b1d3-ac66ae257922/part_3/011301.json,,,0.985653900195345,89.46,82.8947368421053,82.8947368421053,29.6675900277008,92.3545706371191,77.55,0.963913841734339,0.93766310514767,
/media/vsi-dev/Lacie_2/mndot_workzone_project/Tesla/campaign_8348ccbe-b6ca-4be8-82ff-b4eba2616879-Tesla_-_Princeton_169_new/campaign/processed_json/segments/9b1c0b60-a317-4614-b1d3-ac66ae257922/part_3/011302.json,,,0.982111925534364,83.67,82.2368421052632,82.5657894736842,29.5013850415512,0,63.38,0.965020057250071,0.938025026797322,
/media/vsi-dev/Lacie_2/mndot_workzone_project/Tesla/campaign_8348ccbe-b6ca-4be8-82ff-b4eba2616879-Tesla_-_Princeton_169_new/campaign/processed_json/segments/9b1c0b60-a317-4614-b1d3-ac66ae257922/part_3/011303.json,,,0.835889799023805,75.07,82.5657894736842,44.7368421052632,31.4127423822715,35.7894736842105,57.57,0.956826558596733,0.903597737254219,
/media/vsi-dev/Lacie_2/mndot_workzone_project/Tesla/campaign_8348ccbe-b6ca-4be8-82ff-b4eba2616879-Tesla_-_Princeton_169_new/campaign/processed_json/segments/9b1c0b60-a317-4614-b1d3-ac66ae257922/part_3/011304.json,,,0.980198673306755,87.44,82.2368421052632,87.5,28.2825484764543,56.1495844875346,73.09,0.96530421632966,0.934723755896528,
/media/vsi-dev/Lacie_2/mndot_workzone_project/Tesla/campaign_8348ccbe-b6ca-4be8-82ff-b4eba2616879-Tesla_-_Princeton_169_new/campaign/processed_json/segments/9b1c0b60-a317-4614-b1d3-ac66ae257922/part_3/011305.json,,,0.969233234476344,92.83,82.8947368421053,87.8289473684211,90.4986149584488,92.8808864265928,88.13,0.946619059987463,0.9343317478306,
/media/vsi-dev/Lacie_2/mndot_workzone_project/Tesla/campaign_8348ccbe-b6ca-4be8-82ff-b4eba2616879-Tesla_-_Princeton_169_new/campaign/processed_json/segments/9b1c0b60-a317-4614-b1d3-ac66ae257922/part_3/011306.json,,,0.828865998078886,71.46,82.5657894736842,31.25,28.3102493074792,13.2409972299169,49.61,0.959554170975497,0.886348067516822,
/media/vsi-dev/Lacie_2/mndot_workzone_project/Tesla/campaign_8348ccbe-b6ca-4be8-82ff-b4eba2616879-Tesla_-_Princeton_169_new/campaign/processed_json/segments/9b1c0b60-a317-4614-b1d3-ac66ae257922/part_3/011307.json,,,0.966424685849189,91.43,82.2368421052632,88.1578947368421,82.6315789473684,78.7534626038781,84.76,0.947020163843544,0.939406786236573,
/media/vsi-dev/Lacie_2/mndot_workzone_project/Tesla/campaign_8348ccbe-b6ca-4be8-82ff-b4eba2616879-Tesla_-_Princeton_169_new/campaign/processed_json/segments/9b1c0b60-a317-4614-b1d3-ac66ae257922/part_3/011308.json,,,0.807002546817483,68.65,81.9078947368421,17.7631578947368,30.5817174515235,0,43.89,0.954477939359106,0.926417592526698,
/media/vsi-dev/Lacie_2/mndot_workzone_project/Tesla/campaign_8348ccbe-b6ca-4be8-82ff-b4eba2616879-Tesla_-_Princeton_169_new/campaign/processed_json/segments/9b1c0b60-a317-4614-b1d3-ac66ae257922/part_3/011309.json,,,0.952266321667955,85.93,81.5789473684211,81.9078947368421,88.8642659279778,0,71.91,0.94483300276068,0.963027446253868,
/media/vsi-dev/Lacie_2/mndot_workzone_project/Tesla/campaign_8348ccbe-b6ca-4be8-82ff-b4eba2616879-Tesla_-_Princeton_169_new/campaign/processed_json/segments/9b1c0b60-a317-4614-b1d3-ac66ae257922/part_3/011310.json,,,0.966424685849189,83.35,82.2368421052632,84.2105263157895,29.8337950138504,0,63.96,0.955708180058234,0.955089887085347,
/media/vsi-dev/Lacie_2/mndot_workzone_project/Tesla/campaign_8348ccbe-b6ca-4be8-82ff-b4eba2616879-Tesla_-_Princeton_169_new/campaign/processed_json/segments/9b1c0b60-a317-4614-b1d3-ac66ae257922/part_3/011311.json,,,0.966038349019377,92.09,81.9078947368421,88.1578947368421,90.5817174515235,83.3795013850416,86.53,0.944863138452197,0.939017910533726,
/media/vsi-dev/Lacie_2/mndot_workzone_project/Tesla/campaign_8348ccbe-b6ca-4be8-82ff-b4eba2616879-Tesla_-_Princeton_169_new/campaign/processed_json/segments/9b1c0b60-a317-4614-b1d3-ac66ae257922/part_3/011312.json,,,0.968433554391028,92.36,82.2368421052632,88.1578947368421,91.5512465373961,84.4321329639889,86.94,0.945273228499911,0.93913917059093,
/media/vsi-dev/Lacie_2/mndot_workzone_project/Tesla/campaign_8348ccbe-b6ca-4be8-82ff-b4eba2616879-Tesla_-_Princeton_169_new/campaign/processed_json/segments/9b1c0b60-a317-4614-b1d3-ac66ae257922/part_3/011313.json,,,0.968433554391028,92.81,84.2105263157895,88.8157894736842,90.4709141274238,87.9224376731302,88.09,0.94641791394139,0.937629020324428,
/media/vsi-dev/Lacie_2/mndot_workzone_project/Tesla/campaign_8348ccbe-b6ca-4be8-82ff-b4eba2616879-Tesla_-_Princeton_169_new/campaign/processed_json/segments/9b1c0b60-a317-4614-b1d3-ac66ae257922/part_3/011314.json,,,0.968221246881518,89.19,81.5789473684211,88.1578947368421,34.7091412742382,86.0941828254848,78.56,0.964028482865957,0.939419137743736,
/media/vsi-dev/Lacie_2/mndot_workzone_project/Tesla/campaign_8348ccbe-b6ca-4be8-82ff-b4eba2616879-Tesla_-_Princeton_169_new/campaign/processed_json/segments/9b1c0b60-a317-4614-b1d3-ac66ae257922/part_3/011315.json,,,0.966424685849189,88.42,80.9210526315789,88.1578947368421,28.4487534626039,82.5484764542936,76.88,0.961109625854474,0.939818422517186,
/media/vsi-dev/Lacie_2/mndot_workzone_project/Tesla/campaign_8348ccbe-b6ca-4be8-82ff-b4eba2616879-Tesla_-_Princeton_169_new/campaign/processed_json/segments/9b1c0b60-a317-4614-b1d3-ac66ae257922/part_3/011316.json,,,0.966038349019377,82.98,81.5789473684211,88.1578947368421,18.5872576177285,0,63.23,0.966033646117952,0.938248064453721,
/media/vsi-dev/Lacie_2/mndot_workzone_project/Tesla/campaign_8348ccbe-b6ca-4be8-82ff-b4eba2616879-Tesla_-_Princeton_169_new/campaign/processed_json/segments/9b1c0b60-a317-4614-b1d3-ac66ae257922/part_3/011317.json,,,0.864664335101591,75.25,81.25,45.0657894736842,52.7700831024931,0,55.12,0.958733760187667,0.902902616763143,
/media/vsi-dev/Lacie_2/mndot_workzone_project/Tesla/campaign_8348ccbe-b6ca-4be8-82ff-b4eba2616879-Tesla_-_Princeton_169_new/campaign/processed_json/segments/9b1c0b60-a317-4614-b1d3-ac66ae257922/part_3/011318.json,,,0.980198673306755,88.99,81.5789473684211,88.1578947368421,22.1329639889197,86.3711911357341,76.74,0.965578094988744,0.94283131008297,
/media/vsi-dev/Lacie_2/mndot_workzone_project/Tesla/campaign_8348ccbe-b6ca-4be8-82ff-b4eba2616879-Tesla_-_Princeton_169_new/campaign/processed_json/segments/9b1c0b60-a317-4614-b1d3-ac66ae257922/part_3/011319.json,,,0.978191324262237,86.52,80.9210526315789,88.1578947368421,18.0886426592798,52.2714681440443,70.81,0.967104389789765,0.939347426195197,
/media/vsi-dev/Lacie_2/mndot_workzone_project/Tesla/campaign_8348ccbe-b6ca-4be8-82ff-b4eba2616879-Tesla_-_Princeton_169_new/campaign/processed_json/segments/9b1c0b60-a317-4614-b1d3-ac66ae257922/part_3/011320.json,,,0.968433554391028,83.56,82.2368421052632,84.2105263157895,29.584487534626,0,63.98,0.964471852099064,0.958131027769626,
/media/vsi-dev/Lacie_2/mndot_workzone_project/Tesla/campaign_8348ccbe-b6ca-4be8-82ff-b4eba2616879-Tesla_-_Princeton_169_new/campaign/processed_json/segments/9b1c0b60-a317-4614-b1d3-ac66ae257922/part_3/011321.json,,,0.980198673306755,88.94,81.5789473684211,88.1578947368421,23.3518005540166,84.3767313019391,76.62,0.965795800443991,0.942595272251852,
/media/vsi-dev/Lacie_2/mndot_workzone_project/Tesla/campaign_8348ccbe-b6ca-4be8-82ff-b4eba2616879-Tesla_-_Princeton_169_new/campaign/processed_json/segments/9b1c0b60-a317-4614-b1d3-ac66ae257922/part_3/011322.json,,,0.97715254792786,87.37,80.2631578947369,88.1578947368421,22.9916897506925,64.2382271468144,73.13,0.965653909524416,0.937234077661292,
/media/vsi-dev/Lacie_2/mndot_workzone_project/Tesla/campaign_8348ccbe-b6ca-4be8-82ff-b4eba2616879-Tesla_-_Princeton_169_new/campaign/processed_json/segments/9b1c0b60-a317-4614-b1d3-ac66ae257922/part_3/011323.json,,,0.97715254792786,89,82.8947368421053,88.1578947368421,19.612188365651,87.8947368421053,77,0.967140431557296,0.943781953286454,
/media/vsi-dev/Lacie_2/mndot_workzone_project/Tesla/campaign_8348ccbe-b6ca-4be8-82ff-b4eba2616879-Tesla_-_Princeton_169_new/campaign/processed_json/segments/9b1c0b60-a317-4614-b1d3-ac66ae257922/part_3/011324.json,,,0.97715254792786,89.14,80.2631578947369,88.1578947368421,25.5678670360111,90.1108033240997,77.42,0.965079133943116,0.943800355952781,
/media/vsi-dev/Lacie_2/mndot_workzone_project/Tesla/campaign_8348ccbe-b6ca-4be8-82ff-b4eba2616879-Tesla_-_Princeton_169_new/campaign/processed_json/segments/9b1c0b60-a317-4614-b1d3-ac66ae257922/part_3/011325.json,,,0.973896737455057,89.42,83.8815789473684,88.4868421052632,26.1772853185596,89.2797783933518,78.55,0.960581073635948,0.944222645898065,
/media/vsi-dev/Lacie_2/mndot_workzone_project/Tesla/campaign_8348ccbe-b6ca-4be8-82ff-b4eba2616879-Tesla_-_Princeton_169_new/campaign/processed_json/segments/9b1c0b60-a317-4614-b1d3-ac66ae257922/part_3/011326.json,,,0.973896737455057,89.29,78.2894736842105,87.5,34.9584487534626,91.5235457063712,78.23,0.961442416050338,0.943234118745982,
/media/vsi-dev/Lacie_2/mndot_workzone_project/Tesla/campaign_8348ccbe-b6ca-4be8-82ff-b4eba2616879-Tesla_-_Princeton_169_new/campaign/processed_json/segments/9b1c0b60-a317-4614-b1d3-ac66ae257922/part_3/011327.json,,,0.972765240307908,89.75,79.6052631578947,88.1578947368421,37.7562326869806,93.3518005540166,79.51,0.960731403785672,0.942590721948391,
/media/vsi-dev/Lacie_2/mndot_workzone_project/Tesla/campaign_8348ccbe-b6ca-4be8-82ff-b4eba2616879-Tesla_-_Princeton_169_new/campaign/processed_json/segments/9b1c0b60-a317-4614-b1d3-ac66ae257922/part_3/011328.json,,,0.97715254792786,89.57,80.9210526315789,88.4868421052632,31.4681440443213,90.0554016620499,78.58,0.961836057645785,0.943576242974708,
/media/vsi-dev/Lacie_2/mndot_workzone_project/Tesla/campaign_8348ccbe-b6ca-4be8-82ff-b4eba2616879-Tesla_-_Princeton_169_new/campaign/processed_json/segments/9b1c0b60-a317-4614-b1d3-ac66ae257922/part_3/011329.json,,,0.975005175298418,89.77,80.9210526315789,88.8157894736842,32.797783933518,92.7700831024931,79.29,0.963213705959279,0.942562513918322,
/media/vsi-dev/Lacie_2/mndot_workzone_project/Tesla/campaign_8348ccbe-b6ca-4be8-82ff-b4eba2616879-Tesla_-_Princeton_169_new/campaign/processed_json/segments/9b1c0b60-a317-4614-b1d3-ac66ae257922/part_3/011330.json,,,0.973896737455057,89.87,82.2368421052632,87.5,35.4293628808864,92.3545706371191,79.62,0.962997367919055,0.943634903436839,
/media/vsi-dev/Lacie_2/mndot_workzone_project/Tesla/campaign_8348ccbe-b6ca-4be8-82ff-b4eba2616879-Tesla_-_Princeton_169_new/campaign/processed_json/segments/9b1c0b60-a317-4614-b1d3-ac66ae257922/part_3/011331.json,,,0.970433403055154,88.98,79.9342105263158,88.8157894736842,23.7396121883657,93.1578947368421,77.7,0.965424653949406,0.943131972135911,
/media/vsi-dev/Lacie_2/mndot_workzone_project/Tesla/campaign_8348ccbe-b6ca-4be8-82ff-b4eba2616879-Tesla_-_Princeton_169_new/campaign/processed_json/segments/9b1c0b60-a317-4614-b1d3-ac66ae257922/part_3/011332.json,,,0.969120740804232,87.76,80.2631578947369,88.8157894736842,3.65650969529086,92.7146814404432,74.73,0.967392119915544,0.943206131217116,
/media/vsi-dev/Lacie_2/mndot_workzone_project/Tesla/campaign_8348ccbe-b6ca-4be8-82ff-b4eba2616879-Tesla_-_Princeton_169_new/campaign/processed_json/segments/9b1c0b60-a317-4614-b1d3-ac66ae257922/part_3/011333.json,,,0.972765240307908,92.49,80.5921052631579,88.8157894736842,88.1994459833795,88.1163434903047,86.72,0.944088580299797,0.94505869100153,
/media/vsi-dev/Lacie_2/mndot_workzone_project/Tesla/campaign_8348ccbe-b6ca-4be8-82ff-b4eba2616879-Tesla_-_Princeton_169_new/campaign/processed_json/segments/9b1c0b60-a317-4614-b1d3-ac66ae257922/part_3/011334.json,,,0.968920783299383,88.45,81.25,87.8289473684211,18.6426592797784,89.3074792243767,76.47,0.966302315806156,0.944637600341018,
/media/vsi-dev/Lacie_2/mndot_workzone_project/Tesla/campaign_8348ccbe-b6ca-4be8-82ff-b4eba2616879-Tesla_-_Princeton_169_new/campaign/processed_json/segments/9b1c0b60-a317-4614-b1d3-ac66ae257922/part_3/011335.json,,,0.968221246881518,88.89,82.2368421052632,88.1578947368421,26.5927977839335,86.7590027700831,77.67,0.963886084784805,0.945583402992826,
/media/vsi-dev/Lacie_2/mndot_workzone_project/Tesla/campaign_8348ccbe-b6ca-4be8-82ff-b4eba2616879-Tesla_-_Princeton_169_new/campaign/processed_json/segments/9b1c0b60-a317-4614-b1d3-ac66ae257922/part_3/011336.json,,,0.968433554391028,87.83,82.2368421052632,87.8289473684211,10.5540166204986,84.6260387811634,74.87,0.968240532833885,0.946229240887863,
/media/vsi-dev/Lacie_2/mndot_workzone_project/Tesla/campaign_8348ccbe-b6ca-4be8-82ff-b4eba2616879-Tesla_-_Princeton_169_new/campaign/processed_json/segments/9b1c0b60-a317-4614-b1d3-ac66ae257922/part_3/011337.json,,,0.969033254475011,88.67,80.5921052631579,87.5,27.1468144044321,86.786703601108,77.06,0.9630099013196,0.945944479529866,
/media/vsi-dev/Lacie_2/mndot_workzone_project/Tesla/campaign_8348ccbe-b6ca-4be8-82ff-b4eba2616879-Tesla_-_Princeton_169_new/campaign/processed_json/segments/9b1c0b60-a317-4614-b1d3-ac66ae257922/part_3/011338.json,,,0.970433403055154,88.19,78.9473684210526,87.8289473684211,19.6675900277008,87.5346260387812,75.67,0.964509786707884,0.945889150423966,
/media/vsi-dev/Lacie_2/mndot_workzone_project/Tesla/campaign_8348ccbe-b6ca-4be8-82ff-b4eba2616879-Tesla_-_Princeton_169_new/campaign/processed_json/segments/9b1c0b60-a317-4614-b1d3-ac66ae257922/part_3/011339.json,,,0.972765240307908,87.79,79.6052631578947,88.8157894736842,8.89196675900277,86.398891966759,74.38,0.967380057785659,0.945610102790467,
/media/vsi-dev/Lacie_2/mndot_workzone_project/Tesla/campaign_8348ccbe-b6ca-4be8-82ff-b4eba2616879-Tesla_-_Princeton_169_new/campaign/processed_json/segments/9b1c0b60-a317-4614-b1d3-ac66ae257922/part_3/011340.json,,,0.969233234476344,88.7,83.8815789473684,88.8157894736842,16.5373961218837,87.8670360110803,77.03,0.966830869788085,0.945219915891174,
/media/vsi-dev/Lacie_2/mndot_workzone_project/Tesla/campaign_8348ccbe-b6ca-4be8-82ff-b4eba2616879-Tesla_-_Princeton_169_new/campaign/processed_json/segments/9b1c0b60-a317-4614-b1d3-ac66ae257922/part_3/011341.json,,,0.969233234476344,87.88,80.2631578947369,88.1578947368421,10.3047091412742,88.7257617728532,74.95,0.968064654028962,0.945209082952022,
/media/vsi-dev/Lacie_2/mndot_workzone_project/Tesla/campaign_8348ccbe-b6ca-4be8-82ff-b4eba2616879-Tesla_-_Princeton_169_new/campaign/processed_json/segments/9b1c0b60-a317-4614-b1d3-ac66ae257922/part_3/011342.json,,,0.911456990197016,80.82,81.9078947368421,87.5,17.0637119113573,0,62.97,0.965859523244291,0.951726454779219,
/media/vsi-dev/Lacie_2/mndot_workzone_project/Tesla/campaign_8348ccbe-b6ca-4be8-82ff-b4eba2616879-Tesla_-_Princeton_169_new/campaign/processed_json/segments/9b1c0b60-a317-4614-b1d3-ac66ae257922/part_3/011343.json,,,0.882878860873073,79.46,80.5921052631579,88.4868421052632,13.2409972299169,0,62.32,0.966699902286854,0.954918738560785,
/media/vsi-dev/Lacie_2/mndot_workzone_project/Tesla/campaign_8348ccbe-b6ca-4be8-82ff-b4eba2616879-Tesla_-_Princeton_169_new/campaign/processed_json/segments/9b1c0b60-a317-4614-b1d3-ac66ae257922/part_3/011344.json,,,0.917791084882767,85.98,80.5921052631579,88.8157894736842,3.49030470914127,98.4764542936288,75.63,0.968947560169638,0.932787863375175,
/media/vsi-dev/Lacie_2/mndot_workzone_project/Tesla/campaign_8348ccbe-b6ca-4be8-82ff-b4eba2616879-Tesla_-_Princeton_169_new/campaign/processed_json/segments/9b1c0b60-a317-4614-b1d3-ac66ae257922/part_3/011345.json,,,0.909821297840686,86.46,81.25,88.1578947368421,17.9778393351801,100,77.96,0.965625706102979,0.922316361998365,
/media/vsi-dev/Lacie_2/mndot_workzone_project/Tesla/campaign_8348ccbe-b6ca-4be8-82ff-b4eba2616879-Tesla_-_Princeton_169_new/campaign/processed_json/segments/9b1c0b60-a317-4614-b1d3-ac66ae257922/part_3/011346.json,,,0.923785863063882,87.2,82.8947368421053,88.1578947368421,19.3628808864266,100,78.62,0.965347336735057,0.914563103448952,
/media/vsi-dev/Lacie_2/mndot_workzone_project/Tesla/campaign_8348ccbe-b6ca-4be8-82ff-b4eba2616879-Tesla_-_Princeton_169_new/campaign/processed_json/segments/9b1c0b60-a317-4614-b1d3-ac66ae257922/part_3/011347.json,,,0.962059092380158,82.14,81.25,86.8421052631579,12.382271468144,0,61.76,0.967164474020798,0.928054163935146,
/media/vsi-dev/Lacie_2/mndot_workzone_project/Tesla/campaign_8348ccbe-b6ca-4be8-82ff-b4eba2616879-Tesla_-_Princeton_169_new/campaign/processed_json/segments/9b1c0b60-a317-4614-b1d3-ac66ae257922/part_3/011348.json,,,0.964245713669026,87.17,81.9078947368421,89.4736842105263,15.4847645429363,72.1606648199446,74.05,0.965533958624507,0.932642594214377,
/media/vsi-dev/Lacie_2/mndot_workzone_project/Tesla/campaign_8348ccbe-b6ca-4be8-82ff-b4eba2616879-Tesla_-_Princeton_169_new/campaign/processed_json/segments/9b1c0b60-a317-4614-b1d3-ac66ae257922/part_3/011349.json,,,0.969033254475011,87.49,78.6184210526316,88.8157894736842,19.6675900277008,75.9279778393352,74.11,0.964259319008207,0.943967009064361,
/media/vsi-dev/Lacie_2/mndot_workzone_project/Tesla/campaign_8348ccbe-b6ca-4be8-82ff-b4eba2616879-Tesla_-_Princeton_169_new/campaign/processed_json/segments/9b1c0b60-a317-4614-b1d3-ac66ae257922/part_3/011350.json,,,0.969033254475011,87.39,80.5921052631579,88.1578947368421,0.083102493074792,89.7506925207756,73.68,0.970465292212364,0.944991841833589,
/media/vsi-dev/Lacie_2/mndot_workzone_project/Tesla/campaign_8348ccbe-b6ca-4be8-82ff-b4eba2616879-Tesla_-_Princeton_169_new/campaign/processed_json/segments/9b1c0b60-a317-4614-b1d3-ac66ae257922/part_3/011351.json,,,0.968920783299383,87.99,79.9342105263158,88.1578947368421,17.0360110803324,85.180055401662,75.31,0.96580814507029,0.944925668464417,
/media/vsi-dev/Lacie_2/mndot_workzone_project/Tesla/campaign_8348ccbe-b6ca-4be8-82ff-b4eba2616879-Tesla_-_Princeton_169_new/campaign/processed_json/segments/9b1c0b60-a317-4614-b1d3-ac66ae257922/part_3/011352.json,,,0.960162127477808,82.59,79.2763157894737,85.5263157894737,24.1551246537396,0,62.63,0.963462169642858,0.949948847474335,
/media/vsi-dev/Lacie_2/mndot_workzone_project/Tesla/campaign_8348ccbe-b6ca-4be8-82ff-b4eba2616879-Tesla_-_Princeton_169_new/campaign/processed_json/segments/9b1c0b60-a317-4614-b1d3-ac66ae257922/part_3/011353.json,,,0.960818835379895,88.79,81.9078947368421,88.1578947368421,23.1024930747922,97.8947368421053,78.62,0.964291335953357,0.926253038718177,
/media/vsi-dev/Lacie_2/mndot_workzone_project/Tesla/campaign_8348ccbe-b6ca-4be8-82ff-b4eba2616879-Tesla_-_Princeton_169_new/campaign/processed_json/segments/9b1c0b60-a317-4614-b1d3-ac66ae257922/part_3/011354.json,,,0.969220734554469,88.42,80.5921052631579,88.1578947368421,16.814404432133,90.7202216066482,76.32,0.966302808992797,0.946005978345019,
/media/vsi-dev/Lacie_2/mndot_workzone_project/Tesla/campaign_8348ccbe-b6ca-4be8-82ff-b4eba2616879-Tesla_-_Princeton_169_new/campaign/processed_json/segments/9b1c0b60-a317-4614-b1d3-ac66ae257922/part_3/011355.json,,,0.968920783299383,88.95,80.9210526315789,88.1578947368421,25.8448753462604,90.6925207756233,77.75,0.963727364215413,0.94567274967162,
/media/vsi-dev/Lacie_2/mndot_workzone_project/Tesla/campaign_8348ccbe-b6ca-4be8-82ff-b4eba2616879-Tesla_-_Princeton_169_new/campaign/processed_json/segments/9b1c0b60-a317-4614-b1d3-ac66ae257922/part_3/011356.json,,,0.968920783299383,89.2,82.5657894736842,88.1578947368421,28.5872576177285,88.7811634349031,78.37,0.963572622507277,0.946433273040534,
/media/vsi-dev/Lacie_2/mndot_workzone_project/Tesla/campaign_8348ccbe-b6ca-4be8-82ff-b4eba2616879-Tesla_-_Princeton_169_new/campaign/processed_json/segments/9b1c0b60-a317-4614-b1d3-ac66ae257922/part_3/011357.json,,,0.969033254475011,89.22,83.8815789473684,87.8289473684211,22.9916897506925,92.2714681440443,78.36,0.965286385349042,0.945731952451748,
/media/vsi-dev/Lacie_2/mndot_workzone_project/Tesla/campaign_8348ccbe-b6ca-4be8-82ff-b4eba2616879-Tesla_-_Princeton_169_new/campaign/processed_json/segments/9b1c0b60-a317-4614-b1d3-ac66ae257922/part_3/011358.json,,,0.969033254475011,88.59,81.9078947368421,87.5,16.0941828254848,93.1024930747923,76.76,0.966591013657411,0.945384157084754,
/media/vsi-dev/Lacie_2/mndot_workzone_project/Tesla/campaign_8348ccbe-b6ca-4be8-82ff-b4eba2616879-Tesla_-_Princeton_169_new/campaign/processed_json/segments/9b1c0b60-a317-4614-b1d3-ac66ae257922/part_3/011359.json,,,0.969033254475011,89.04,81.5789473684211,88.1578947368421,24.0997229916898,92.3545706371191,77.94,0.96452517151123,0.945687496450387,
/media/vsi-dev/Lacie_2/mndot_workzone_project/Tesla/campaign_8348ccbe-b6ca-4be8-82ff-b4eba2616879-Tesla_-_Princeton_169_new/campaign/processed_json/segments/9b1c0b60-a317-4614-b1d3-ac66ae257922/part_3/011360.json,,,0.969233234476344,88.59,80.9210526315789,88.1578947368421,19.4459833795014,90.387811634349,76.76,0.965487074448931,0.94611436691974,
/media/vsi-dev/Lacie_2/mndot_workzone_project/Tesla/campaign_8348ccbe-b6ca-4be8-82ff-b4eba2616879-Tesla_-_Princeton_169_new/campaign/processed_json/segments/9b1c0b60-a317-4614-b1d3-ac66ae257922/part_3/011361.json,,,0.973896737455057,92.22,80.9210526315789,87.8289473684211,81.5235457063712,90.4709141274238,85.88,0.944756715578907,0.946114597953421,
/media/vsi-dev/Lacie_2/mndot_workzone_project/Tesla/campaign_8348ccbe-b6ca-4be8-82ff-b4eba2616879-Tesla_-_Princeton_169_new/campaign/processed_json/segments/9b1c0b60-a317-4614-b1d3-ac66ae257922/part_3/011362.json,,,0.969233234476344,88.8,79.2763157894737,89.1447368421053,25.6786703601108,89.4182825484765,77.34,0.962777533894264,0.946225071862973,
/media/vsi-dev/Lacie_2/mndot_workzone_project/Tesla/campaign_8348ccbe-b6ca-4be8-82ff-b4eba2616879-Tesla_-_Princeton_169_new/campaign/processed_json/segments/9b1c0b60-a317-4614-b1d3-ac66ae257922/part_3/011363.json,,,0.970433403055154,88.62,81.25,87.5,21.4681440443213,88.9473684210526,76.74,0.964187163783363,0.946662783835641,
/media/vsi-dev/Lacie_2/mndot_workzone_project/Tesla/campaign_8348ccbe-b6ca-4be8-82ff-b4eba2616879-Tesla_-_Princeton_169_new/campaign/processed_json/segments/9b1c0b60-a317-4614-b1d3-ac66ae257922/part_3/011364.json,,,0.969233234476344,88.68,81.5789473684211,87.8289473684211,19.5013850415513,91.4127423822715,77.01,0.965028537458189,0.945870253495867,
/media/vsi-dev/Lacie_2/mndot_workzone_project/Tesla/campaign_8348ccbe-b6ca-4be8-82ff-b4eba2616879-Tesla_-_Princeton_169_new/campaign/processed_json/segments/9b1c0b60-a317-4614-b1d3-ac66ae257922/part_3/011365.json,,,0.969220734554469,88.5,81.9078947368421,88.1578947368421,16.2049861495845,89.9722991689751,76.51,0.966372155726202,0.946410735679229,
/media/vsi-dev/Lacie_2/mndot_workzone_project/Tesla/campaign_8348ccbe-b6ca-4be8-82ff-b4eba2616879-Tesla_-_Princeton_169_new/campaign/processed_json/segments/9b1c0b60-a317-4614-b1d3-ac66ae257922/part_3/011366.json,,,0.969220734554469,88.56,80.9210526315789,88.8157894736842,17.2299168975069,90.803324099723,76.68,0.965942943348386,0.945786830938618,
/media/vsi-dev/Lacie_2/mndot_workzone_project/Tesla/campaign_8348ccbe-b6ca-4be8-82ff-b4eba2616879-Tesla_-_Princeton_169_new/campaign/processed_json/segments/9b1c0b60-a317-4614-b1d3-ac66ae257922/part_3/011367.json,,,0.969120740804232,88.92,82.5657894736842,88.8157894736842,20.6371191135734,90.2770083102493,77.61,0.965588287004175,0.945735034816344,
/media/vsi-dev/Lacie_2/mndot_workzone_project/Tesla/campaign_8348ccbe-b6ca-4be8-82ff-b4eba2616879-Tesla_-_Princeton_169_new/campaign/processed_json/segments/9b1c0b60-a317-4614-b1d3-ac66ae257922/part_3/011368.json,,,0.969233234476344,88.84,80.9210526315789,88.4868421052632,22.6315789473684,91.1080332409972,77.43,0.964136442458845,0.945328574413127,
/media/vsi-dev/Lacie_2/mndot_workzone_project/Tesla/campaign_8348ccbe-b6ca-4be8-82ff-b4eba2616879-Tesla_-_Princeton_169_new/campaign/processed_json/segments/9b1c0b60-a317-4614-b1d3-ac66ae257922/part_3/011369.json,,,0.968433554391028,83.97,82.8947368421053,86.8421052631579,27.0914127423823,0,64.67,0.963001212519623,0.973120914867598,
/media/vsi-dev/Lacie_2/mndot_workzone_project/Tesla/campaign_8348ccbe-b6ca-4be8-82ff-b4eba2616879-Tesla_-_Princeton_169_new/campaign/processed_json/segments/9b1c0b60-a317-4614-b1d3-ac66ae257922/part_3/011370.json,,,0.972765240307908,88.23,81.5789473684211,88.8157894736842,9.75069252077562,88.6149584487535,75.44,0.967903984519674,0.946213907008506,
/media/vsi-dev/Lacie_2/mndot_workzone_project/Tesla/campaign_8348ccbe-b6ca-4be8-82ff-b4eba2616879-Tesla_-_Princeton_169_new/campaign/processed_json/segments/9b1c0b60-a317-4614-b1d3-ac66ae257922/part_3/011371.json,,,0.973896737455057,88.11,84.2105263157895,89.4736842105263,0,88.2548476454294,74.93,0.971662745921022,0.94636282434108,
/media/vsi-dev/Lacie_2/mndot_workzone_project/Tesla/campaign_8348ccbe-b6ca-4be8-82ff-b4eba2616879-Tesla_-_Princeton_169_new/campaign/processed_json/segments/9b1c0b60-a317-4614-b1d3-ac66ae257922/part_3/011372.json,,,0.978191324262237,88.23,81.9078947368421,88.8157894736842,5.51246537396122,88.6426592797784,74.91,0.967793906241102,0.946282041495416,
/media/vsi-dev/Lacie_2/mndot_workzone_project/Tesla/campaign_8348ccbe-b6ca-4be8-82ff-b4eba2616879-Tesla_-_Princeton_169_new/campaign/processed_json/segments/9b1c0b60-a317-4614-b1d3-ac66ae257922/part_3/011373.json,,,0.970433403055154,89.32,85.1973684210526,89.4736842105263,21.9667590027701,88.1440443213296,78.47,0.964501571371452,0.946627508018396,
/media/vsi-dev/Lacie_2/mndot_workzone_project/Tesla/campaign_8348ccbe-b6ca-4be8-82ff-b4eba2616879-Tesla_-_Princeton_169_new/campaign/processed_json/segments/9b1c0b60-a317-4614-b1d3-ac66ae257922/part_3/011374.json,,,0.97715254792786,88.68,80.2631578947369,88.8157894736842,15.2908587257618,90.803324099723,76.2,0.966138400790964,0.945506695314916,
/media/vsi-dev/Lacie_2/mndot_workzone_project/Tesla/campaign_8348ccbe-b6ca-4be8-82ff-b4eba2616879-Tesla_-_Princeton_169_new/campaign/processed_json/segments/9b1c0b60-a317-4614-b1d3-ac66ae257922/part_3/011375.json,,,0.973896737455057,89.89,83.8815789473684,89.4736842105263,29.8060941828255,90.9418282548477,79.66,0.962111863946613,0.945338856571653,
/media/vsi-dev/Lacie_2/mndot_workzone_project/Tesla/campaign_8348ccbe-b6ca-4be8-82ff-b4eba2616879-Tesla_-_Princeton_169_new/campaign/processed_json/segments/9b1c0b60-a317-4614-b1d3-ac66ae257922/part_3/011376.json,,,0.970433403055154,89.25,83.8815789473684,90.1315789473684,20.0277008310249,90.2493074792244,78.3,0.965940370223369,0.945283977973318,
/media/vsi-dev/Lacie_2/mndot_workzone_project/Tesla/campaign_8348ccbe-b6ca-4be8-82ff-b4eba2616879-Tesla_-_Princeton_169_new/campaign/processed_json/segments/9b1c0b60-a317-4614-b1d3-ac66ae257922/part_3/011377.json,,,0.969233234476344,88.85,82.8947368421053,89.4736842105263,17.5623268698061,90.1108033240997,77.42,0.966177096314789,0.945574249855081,
/media/vsi-dev/Lacie_2/mndot_workzone_project/Tesla/campaign_8348ccbe-b6ca-4be8-82ff-b4eba2616879-Tesla_-_Princeton_169_new/campaign/processed_json/segments/9b1c0b60-a317-4614-b1d3-ac66ae257922/part_3/011378.json,,,0.975005175298418,89.64,83.5526315789474,88.8157894736842,25.9002770083103,91.3573407202216,78.85,0.963915450300712,0.945689117404334,
/media/vsi-dev/Lacie_2/mndot_workzone_project/Tesla/campaign_8348ccbe-b6ca-4be8-82ff-b4eba2616879-Tesla_-_Princeton_169_new/campaign/processed_json/segments/9b1c0b60-a317-4614-b1d3-ac66ae257922/part_3/011379.json,,,0.969233234476344,88.91,81.5789473684211,89.8026315789474,22.797783933518,88.6703601108033,77.67,0.960592888894452,0.946505455678392,
/media/vsi-dev/Lacie_2/mndot_workzone_project/Tesla/campaign_8348ccbe-b6ca-4be8-82ff-b4eba2616879-Tesla_-_Princeton_169_new/campaign/processed_json/segments/9b1c0b60-a317-4614-b1d3-ac66ae257922/part_3/011380.json,,,0.97715254792786,89.33,84.8684210526316,90.1315789473684,16.0941828254848,88.9196675900277,77.81,0.965740052946201,0.946540115944651,
/media/vsi-dev/Lacie_2/mndot_workzone_project/Tesla/campaign_8348ccbe-b6ca-4be8-82ff-b4eba2616879-Tesla_-_Princeton_169_new/campaign/processed_json/segments/9b1c0b60-a317-4614-b1d3-ac66ae257922/part_3/011381.json,,,0.969033254475011,89.51,86.8421052631579,89.4736842105263,22.7700831024931,88.8365650969529,79.17,0.96114161972246,0.946630025234671,
/media/vsi-dev/Lacie_2/mndot_workzone_project/Tesla/campaign_8348ccbe-b6ca-4be8-82ff-b4eba2616879-Tesla_-_Princeton_169_new/campaign/processed_json/segments/9b1c0b60-a317-4614-b1d3-ac66ae257922/part_3/011382.json,,,0.970433403055154,89.35,84.8684210526316,89.4736842105263,21.5512465373961,89.5567867036011,78.53,0.965924807997337,0.94627846115936,
/media/vsi-dev/Lacie_2/mndot_workzone_project/Tesla/campaign_8348ccbe-b6ca-4be8-82ff-b4eba2616879-Tesla_-_Princeton_169_new/campaign/processed_json/segments/9b1c0b60-a317-4614-b1d3-ac66ae257922/part_3/011383.json,,,0.970433403055154,89.22,85.1973684210526,89.4736842105263,18.4210526315789,89.7506925207756,78.19,0.966964810846121,0.946031718022801,
/media/vsi-dev/Lacie_2/mndot_workzone_project/Tesla/campaign_8348ccbe-b6ca-4be8-82ff-b4eba2616879-Tesla_-_Princeton_169_new/campaign/processed_json/segments/9b1c0b60-a317-4614-b1d3-ac66ae257922/part_3/011384.json,,,0.975005175298418,89.6,83.8815789473684,89.4736842105263,24.7368421052632,89.8337950138504,78.74,0.964385281562155,0.946029413255908,
/media/vsi-dev/Lacie_2/mndot_workzone_project/Tesla/campaign_8348ccbe-b6ca-4be8-82ff-b4eba2616879-Tesla_-_Princeton_169_new/campaign/processed_json/segments/9b1c0b60-a317-4614-b1d3-ac66ae257922/part_3/011385.json,,,0.978191324262237,88.83,82.8947368421053,88.8157894736842,10.6648199445983,91.8282548476454,76.45,0.967123211465411,0.945072644157778,
/media/vsi-dev/Lacie_2/mndot_workzone_project/Tesla/campaign_8348ccbe-b6ca-4be8-82ff-b4eba2616879-Tesla_-_Princeton_169_new/campaign/processed_json/segments/9b1c0b60-a317-4614-b1d3-ac66ae257922/part_3/011386.json,,,0.973896737455057,89.57,84.2105263157895,89.4736842105263,24.3767313019391,89.7783933518006,78.78,0.96454304772606,0.94561863341146,
/media/vsi-dev/Lacie_2/mndot_workzone_project/Tesla/campaign_8348ccbe-b6ca-4be8-82ff-b4eba2616879-Tesla_-_Princeton_169_new/campaign/processed_json/segments/9b1c0b60-a317-4614-b1d3-ac66ae257922/part_3/011387.json,,,0.980198673306755,93.48,85.1973684210526,89.8026315789474,85.4016620498615,90.803324099723,88.39,0.946146720574904,0.945609136986766,
/media/vsi-dev/Lacie_2/mndot_workzone_project/Tesla/campaign_8348ccbe-b6ca-4be8-82ff-b4eba2616879-Tesla_-_Princeton_169_new/campaign/processed_json/segments/9b1c0b60-a317-4614-b1d3-ac66ae257922/part_3/011388.json,,,0.975005175298418,89.19,82.8947368421053,89.8026315789474,20.5817174515235,88.1717451523546,77.68,0.965541283703725,0.946492306529754,
/media/vsi-dev/Lacie_2/mndot_workzone_project/Tesla/campaign_8348ccbe-b6ca-4be8-82ff-b4eba2616879-Tesla_-_Princeton_169_new/campaign/processed_json/segments/9b1c0b60-a317-4614-b1d3-ac66ae257922/part_3/011389.json,,,0.981167097577432,88.56,79.9342105263158,89.4736842105263,14.792243767313,86.8421052631579,75.6,0.960286227736777,0.946887093133632,
/media/vsi-dev/Lacie_2/mndot_workzone_project/Tesla/campaign_8348ccbe-b6ca-4be8-82ff-b4eba2616879-Tesla_-_Princeton_169_new/campaign/processed_json/segments/9b1c0b60-a317-4614-b1d3-ac66ae257922/part_3/011390.json,,,0.970433403055154,89.16,83.5526315789474,90.1315789473684,21.8559556786704,87.4515235457064,78.06,0.965243150007557,0.946763204236247,
/media/vsi-dev/Lacie_2/mndot_workzone_project/Tesla/campaign_8348ccbe-b6ca-4be8-82ff-b4eba2616879-Tesla_-_Princeton_169_new/campaign/processed_json/segments/9b1c0b60-a317-4614-b1d3-ac66ae257922/part_3/011391.json,,,0.980198673306755,89.59,84.5394736842105,89.4736842105263,22.1606648199446,87.2853185595568,78.18,0.964723272489378,0.946730195436731,
/media/vsi-dev/Lacie_2/mndot_workzone_project/Tesla/campaign_8348ccbe-b6ca-4be8-82ff-b4eba2616879-Tesla_-_Princeton_169_new/campaign/processed_json/segments/9b1c0b60-a317-4614-b1d3-ac66ae257922/part_3/011392.json,,,0.97715254792786,89.31,82.8947368421053,89.1447368421053,22.7146814404432,88.5318559556787,77.84,0.962651187482192,0.946252516696333,
/media/vsi-dev/Lacie_2/mndot_workzone_project/Tesla/campaign_8348ccbe-b6ca-4be8-82ff-b4eba2616879-Tesla_-_Princeton_169_new/campaign/processed_json/segments/9b1c0b60-a317-4614-b1d3-ac66ae257922/part_3/011393.json,,,0.978191324262237,89.45,84.5394736842105,89.4736842105263,18.5872576177285,90.0831024930748,78.05,0.964047310878514,0.945860391076339,
/media/vsi-dev/Lacie_2/mndot_workzone_project/Tesla/campaign_8348ccbe-b6ca-4be8-82ff-b4eba2616879-Tesla_-_Princeton_169_new/campaign/processed_json/segments/9b1c0b60-a317-4614-b1d3-ac66ae257922/part_3/011394.json,,,0.980198673306755,90.04,83.5526315789474,89.4736842105263,30.7479224376731,88.8919667590028,79.39,0.960915065745728,0.946311605779261,
/media/vsi-dev/Lacie_2/mndot_workzone_project/Tesla/campaign_8348ccbe-b6ca-4be8-82ff-b4eba2616879-Tesla_-_Princeton_169_new/campaign/processed_json/segments/9b1c0b60-a317-4614-b1d3-ac66ae257922/part_3/011395.json,,,0.975005175298418,89.58,85.8552631578947,89.4736842105263,21.994459833795,88.2548476454294,78.69,0.9639394476094,0.946461396128868,
/media/vsi-dev/Lacie_2/mndot_workzone_project/Tesla/campaign_8348ccbe-b6ca-4be8-82ff-b4eba2616879-Tesla_-_Princeton_169_new/campaign/processed_json/segments/9b1c0b60-a317-4614-b1d3-ac66ae257922/part_3/011396.json,,,0.975005175298418,89.57,83.5526315789474,88.8157894736842,27.2576177285319,89.0581717451524,78.7,0.96243053631721,0.946462814146856,
/media/vsi-dev/Lacie_2/mndot_workzone_project/Tesla/campaign_8348ccbe-b6ca-4be8-82ff-b4eba2616879-Tesla_-_Princeton_169_new/campaign/processed_json/segments/9b1c0b60-a317-4614-b1d3-ac66ae257922/part_3/011397.json,,,0.972765240307908,88.74,84.2105263157895,89.4736842105263,11.4127423822715,89.3905817174515,76.78,0.964926362973512,0.946442071999747,
/media/vsi-dev/Lacie_2/mndot_workzone_project/Tesla/campaign_8348ccbe-b6ca-4be8-82ff-b4eba2616879-Tesla_-_Princeton_169_new/campaign/processed_json/segments/9b1c0b60-a317-4614-b1d3-ac66ae257922/part_3/011398.json,,,0.969120740804232,88.43,81.5789473684211,88.8157894736842,16.4819944598338,87.8670360110803,76.34,0.966560933886102,0.946502079215658,
/media/vsi-dev/Lacie_2/mndot_workzone_project/Tesla/campaign_8348ccbe-b6ca-4be8-82ff-b4eba2616879-Tesla_-_Princeton_169_new/campaign/processed_json/segments/9b1c0b60-a317-4614-b1d3-ac66ae257922/part_3/011399.json,,,0.981167097577432,89.43,78.6184210526316,88.1578947368421,31.7728531855956,89.3905817174515,77.75,0.962071544003076,0.946377839054911,
/media/vsi-dev/Lacie_2/mndot_workzone_project/Tesla/campaign_8348ccbe-b6ca-4be8-82ff-b4eba2616879-Tesla_-_Princeton_169_new/campaign/processed_json/segments/9b1c0b60-a317-4614-b1d3-ac66ae257922/part_3/011400.json,,,0.966038349019377,83.88,84.2105263157895,87.5,26.7036011080332,0,65.12,0.963683348787729,0.955665077914294,
/media/vsi-dev/Lacie_2/mndot_workzone_project/Tesla/campaign_8348ccbe-b6ca-4be8-82ff-b4eba2616879-Tesla_-_Princeton_169_new/campaign/processed_json/segments/9b1c0b60-a317-4614-b1d3-ac66ae257922/part_3/011401.json,,,0.969220734554469,88.96,84.2105263157895,88.4868421052632,19.3074792243767,89.4182825484765,77.68,0.965611282001804,0.946263230259791,
/media/vsi-dev/Lacie_2/mndot_workzone_project/Tesla/campaign_8348ccbe-b6ca-4be8-82ff-b4eba2616879-Tesla_-_Princeton_169_new/campaign/processed_json/segments/9b1c0b60-a317-4614-b1d3-ac66ae257922/part_3/011402.json,,,0.969033254475011,89.28,84.2105263157895,88.8157894736842,25.8448753462604,88.1163434903047,78.55,0.963733944891464,0.946454798866954,
/media/vsi-dev/Lacie_2/mndot_workzone_project/Tesla/campaign_8348ccbe-b6ca-4be8-82ff-b4eba2616879-Tesla_-_Princeton_169_new/campaign/processed_json/segments/9b1c0b60-a317-4614-b1d3-ac66ae257922/part_3/011403.json,,,0.969220734554469,92.02,80.9210526315789,89.1447368421053,82.1052631578947,87.1468144044321,85.86,0.944659272315795,0.946434786667432,
/media/vsi-dev/Lacie_2/mndot_workzone_project/Tesla/campaign_8348ccbe-b6ca-4be8-82ff-b4eba2616879-Tesla_-_Princeton_169_new/campaign/processed_json/segments/9b1c0b60-a317-4614-b1d3-ac66ae257922/part_3/011404.json,,,0.968221246881518,88.17,80.9210526315789,89.4736842105263,14.2382271468144,86.2880886426593,75.76,0.966764333037666,0.946524527962273,
/media/vsi-dev/Lacie_2/mndot_workzone_project/Tesla/campaign_8348ccbe-b6ca-4be8-82ff-b4eba2616879-Tesla_-_Princeton_169_new/campaign/processed_json/segments/9b1c0b60-a317-4614-b1d3-ac66ae257922/part_3/011405.json,,,0.968920783299383,88.5,80.9210526315789,89.8026315789474,19.4736842105263,85.7894736842105,76.56,0.965136203102901,0.946500598812301,
/media/vsi-dev/Lacie_2/mndot_workzone_project/Tesla/campaign_8348ccbe-b6ca-4be8-82ff-b4eba2616879-Tesla_-_Princeton_169_new/campaign/processed_json/segments/9b1c0b60-a317-4614-b1d3-ac66ae257922/part_3/011406.json,,,0.969233234476344,91.92,83.5526315789474,89.4736842105263,76.3157894736842,84.9584487534626,85.56,0.946298108890272,0.946668583317174,
/media/vsi-dev/Lacie_2/mndot_workzone_project/Tesla/campaign_8348ccbe-b6ca-4be8-82ff-b4eba2616879-Tesla_-_Princeton_169_new/campaign/processed_json/segments/9b1c0b60-a317-4614-b1d3-ac66ae257922/part_3/011407.json,,,0.969033254475011,88.78,84.2105263157895,89.4736842105263,18.6426592797784,85.2631578947368,77.25,0.965884253872337,0.94643890371701,
/media/vsi-dev/Lacie_2/mndot_workzone_project/Tesla/campaign_8348ccbe-b6ca-4be8-82ff-b4eba2616879-Tesla_-_Princeton_169_new/campaign/processed_json/segments/9b1c0b60-a317-4614-b1d3-ac66ae257922/part_3/011408.json,,,0.968920783299383,88.22,82.2368421052632,88.8157894736842,13.6288088642659,86.1218836565097,75.84,0.966473202278773,0.946463705020941,
/media/vsi-dev/Lacie_2/mndot_workzone_project/Tesla/campaign_8348ccbe-b6ca-4be8-82ff-b4eba2616879-Tesla_-_Princeton_169_new/campaign/processed_json/segments/9b1c0b60-a317-4614-b1d3-ac66ae257922/part_3/011409.json,,,0.969120740804232,88.73,81.9078947368421,89.4736842105263,24.7091412742382,83.3240997229917,77.17,0.963133731721904,0.947004608436277,
/media/vsi-dev/Lacie_2/mndot_workzone_project/Tesla/campaign_8348ccbe-b6ca-4be8-82ff-b4eba2616879-Tesla_-_Princeton_169_new/campaign/processed_json/segments/9b1c0b60-a317-4614-b1d3-ac66ae257922/part_3/011410.json,,,0.969233234476344,88.42,82.8947368421053,89.4736842105263,16.5096952908587,83.8227146814404,76.32,0.965556077232519,0.94668600497187,
/media/vsi-dev/Lacie_2/mndot_workzone_project/Tesla/campaign_8348ccbe-b6ca-4be8-82ff-b4eba2616879-Tesla_-_Princeton_169_new/campaign/processed_json/segments/9b1c0b60-a317-4614-b1d3-ac66ae257922/part_3/011411.json,,,0.975005175298418,92.21,80.9210526315789,89.8026315789474,83.7396121883657,83.3795013850416,85.74,0.944006959380853,0.946892132197888,
/media/vsi-dev/Lacie_2/mndot_workzone_project/Tesla/campaign_8348ccbe-b6ca-4be8-82ff-b4eba2616879-Tesla_-_Princeton_169_new/campaign/processed_json/segments/9b1c0b60-a317-4614-b1d3-ac66ae257922/part_3/011412.json,,,0.969233234476344,88.29,81.5789473684211,90.1315789473684,16.0941828254848,83.1024930747922,75.96,0.966343871991652,0.946958304391714,
/media/vsi-dev/Lacie_2/mndot_workzone_project/Tesla/campaign_8348ccbe-b6ca-4be8-82ff-b4eba2616879-Tesla_-_Princeton_169_new/campaign/processed_json/segments/9b1c0b60-a317-4614-b1d3-ac66ae257922/part_3/011413.json,,,0.970433403055154,88.14,80.5921052631579,89.4736842105263,16.5373961218837,82.9639889196676,75.51,0.964729362036149,0.947365801543541,
/media/vsi-dev/Lacie_2/mndot_workzone_project/Tesla/campaign_8348ccbe-b6ca-4be8-82ff-b4eba2616879-Tesla_-_Princeton_169_new/campaign/processed_json/segments/9b1c0b60-a317-4614-b1d3-ac66ae257922/part_3/011414.json,,,0.97715254792786,92.45,84.8684210526316,89.4736842105263,79.9445983379501,82.1606648199446,86.08,0.945635436586491,0.947431782235342,
/media/vsi-dev/Lacie_2/mndot_workzone_project/Tesla/campaign_8348ccbe-b6ca-4be8-82ff-b4eba2616879-Tesla_-_Princeton_169_new/campaign/processed_json/segments/9b1c0b60-a317-4614-b1d3-ac66ae257922/part_3/011415.json,,,0.980198673306755,89.12,83.5526315789474,89.4736842105263,21.606648199446,82.2160664819945,77.03,0.962665482170194,0.947597220270732,
/media/vsi-dev/Lacie_2/mndot_workzone_project/Tesla/campaign_8348ccbe-b6ca-4be8-82ff-b4eba2616879-Tesla_-_Princeton_169_new/campaign/processed_json/segments/9b1c0b60-a317-4614-b1d3-ac66ae257922/part_3/011416.json,,,0.973896737455057,89.35,85.5263157894737,89.4736842105263,21.1634349030471,86.2049861495845,78.17,0.966187095212722,0.946420626665565,
/media/vsi-dev/Lacie_2/mndot_workzone_project/Tesla/campaign_8348ccbe-b6ca-4be8-82ff-b4eba2616879-Tesla_-_Princeton_169_new/campaign/processed_json/segments/9b1c0b60-a317-4614-b1d3-ac66ae257922/part_3/011417.json,,,0.980198673306755,92.96,84.5394736842105,89.4736842105263,81.994459833795,87.4238227146815,87.08,0.945413363370087,0.946320878851248,
/media/vsi-dev/Lacie_2/mndot_workzone_project/Tesla/campaign_8348ccbe-b6ca-4be8-82ff-b4eba2616879-Tesla_-_Princeton_169_new/campaign/processed_json/segments/9b1c0b60-a317-4614-b1d3-ac66ae257922/part_3/011418.json,,,0.975005175298418,90.27,86.8421052631579,89.4736842105263,30.2216066481994,89.6398891966759,80.42,0.96403237275812,0.945802867543332,
/media/vsi-dev/Lacie_2/mndot_workzone_project/Tesla/campaign_8348ccbe-b6ca-4be8-82ff-b4eba2616879-Tesla_-_Princeton_169_new/campaign/processed_json/segments/9b1c0b60-a317-4614-b1d3-ac66ae257922/part_3/011419.json,,,0.983930514272508,90.58,86.8421052631579,89.4736842105263,30.0277008310249,89.0581717451524,80.31,0.964004580846166,0.946177810922438,
/media/vsi-dev/Lacie_2/mndot_workzone_project/Tesla/campaign_8348ccbe-b6ca-4be8-82ff-b4eba2616879-Tesla_-_Princeton_169_new/campaign/processed_json/segments/9b1c0b60-a317-4614-b1d3-ac66ae257922/part_3/011420.json,,,0.985653900195345,93.45,86.8421052631579,89.4736842105263,80.4986149584488,88.5318559556787,87.72,0.947251918742442,0.946776842848612,
/media/vsi-dev/Lacie_2/mndot_workzone_project/Tesla/campaign_8348ccbe-b6ca-4be8-82ff-b4eba2616879-Tesla_-_Princeton_169_new/campaign/processed_json/segments/9b1c0b60-a317-4614-b1d3-ac66ae257922/part_3/011421.json,,,0.978191324262237,90.44,86.1842105263158,89.4736842105263,30.0277008310249,91.8005540166205,80.52,0.96428550117263,0.946049849780874,
/media/vsi-dev/Lacie_2/mndot_workzone_project/Tesla/campaign_8348ccbe-b6ca-4be8-82ff-b4eba2616879-Tesla_-_Princeton_169_new/campaign/processed_json/segments/9b1c0b60-a317-4614-b1d3-ac66ae257922/part_3/011422.json,,,0.978191324262237,90.28,86.8421052631579,89.4736842105263,27.0914127423823,90.5540166204986,80.1,0.964822725015913,0.946466857647036,
/media/vsi-dev/Lacie_2/mndot_workzone_project/Tesla/campaign_8348ccbe-b6ca-4be8-82ff-b4eba2616879-Tesla_-_Princeton_169_new/campaign/processed_json/segments/9b1c0b60-a317-4614-b1d3-ac66ae257922/part_3/011423.json,,,0.980198673306755,89.98,87.1710526315789,89.4736842105263,21.1080332409972,89.3905817174515,79.13,0.965640178730303,0.946637731087695,
/media/vsi-dev/Lacie_2/mndot_workzone_project/Tesla/campaign_8348ccbe-b6ca-4be8-82ff-b4eba2616879-Tesla_-_Princeton_169_new/campaign/processed_json/segments/9b1c0b60-a317-4614-b1d3-ac66ae257922/part_3/011424.json,,,0.975005175298418,90.39,86.8421052631579,90.1315789473684,30.8587257617729,89.6675900277008,80.72,0.964029617860515,0.946633411756904,
/media/vsi-dev/Lacie_2/mndot_workzone_project/Tesla/campaign_8348ccbe-b6ca-4be8-82ff-b4eba2616879-Tesla_-_Princeton_169_new/campaign/processed_json/segments/9b1c0b60-a317-4614-b1d3-ac66ae257922/part_3/011425.json,,,0.981167097577432,93.51,86.8421052631579,89.1447368421053,82.9085872576177,90.9695290858726,88.34,0.946605605406694,0.946360343578136,
/media/vsi-dev/Lacie_2/mndot_workzone_project/Tesla/campaign_8348ccbe-b6ca-4be8-82ff-b4eba2616879-Tesla_-_Princeton_169_new/campaign/processed_json/segments/9b1c0b60-a317-4614-b1d3-ac66ae257922/part_3/011426.json,,,0.973896737455057,89.68,85.8552631578947,89.8026315789474,21.4958448753463,90.0554016620499,78.99,0.96608351393881,0.946455344441293,
/media/vsi-dev/Lacie_2/mndot_workzone_project/Tesla/campaign_8348ccbe-b6ca-4be8-82ff-b4eba2616879-Tesla_-_Princeton_169_new/campaign/processed_json/segments/9b1c0b60-a317-4614-b1d3-ac66ae257922/part_3/011427.json,,,0.972765240307908,89.36,85.5263157894737,89.4736842105263,17.590027700831,90.7202216066482,78.31,0.966392226137012,0.946094639355874,
/media/vsi-dev/Lacie_2/mndot_workzone_project/Tesla/campaign_8348ccbe-b6ca-4be8-82ff-b4eba2616879-Tesla_-_Princeton_169_new/campaign/processed_json/segments/9b1c0b60-a317-4614-b1d3-ac66ae257922/part_3/011428.json,,,0.982111925534364,93.41,86.1842105263158,89.1447368421053,84.4875346260388,88.3656509695291,87.99,0.946577651512789,0.94662511070883,
/media/vsi-dev/Lacie_2/mndot_workzone_project/Tesla/campaign_8348ccbe-b6ca-4be8-82ff-b4eba2616879-Tesla_-_Princeton_169_new/campaign/processed_json/segments/9b1c0b60-a317-4614-b1d3-ac66ae257922/part_3/011429.json,,,0.970433403055154,89.37,85.5263157894737,88.8157894736842,20.415512465374,91.0249307479224,78.58,0.966457137781455,0.946018970894294,
/media/vsi-dev/Lacie_2/mndot_workzone_project/Tesla/campaign_8348ccbe-b6ca-4be8-82ff-b4eba2616879-Tesla_-_Princeton_169_new/campaign/processed_json/segments/9b1c0b60-a317-4614-b1d3-ac66ae257922/part_3/011430.json,,,0.969220734554469,89.32,85.5263157894737,88.8157894736842,21.6343490304709,89.7229916897507,78.57,0.965932543467543,0.946295827315532,
/media/vsi-dev/Lacie_2/mndot_workzone_project/Tesla/campaign_8348ccbe-b6ca-4be8-82ff-b4eba2616879-Tesla_-_Princeton_169_new/campaign/processed_json/segments/9b1c0b60-a317-4614-b1d3-ac66ae257922/part_3/011431.json,,,0.969220734554469,88.86,85.8552631578947,88.4868421052632,15.2631578947368,88.3656509695291,77.41,0.966256586186389,0.946390911754478,
/media/vsi-dev/Lacie_2/mndot_workzone_project/Tesla/campaign_8348ccbe-b6ca-4be8-82ff-b4eba2616879-Tesla_-_Princeton_169_new/campaign/processed_json/segments/9b1c0b60-a317-4614-b1d3-ac66ae257922/part_3/011432.json,,,0.968920783299383,89.22,86.5131578947369,89.1447368421053,24.3767313019391,83.2963988919668,78.4,0.965072868188394,0.945718906927508,
/media/vsi-dev/Lacie_2/mndot_workzone_project/Tesla/campaign_8348ccbe-b6ca-4be8-82ff-b4eba2616879-Tesla_-_Princeton_169_new/campaign/processed_json/segments/9b1c0b60-a317-4614-b1d3-ac66ae257922/part_3/011433.json,,,0.968620922016178,89.29,86.5131578947369,88.4868421052632,22.1329639889197,87.7839335180055,78.55,0.966393615415956,0.946497906913903,
/media/vsi-dev/Lacie_2/mndot_workzone_project/Tesla/campaign_8348ccbe-b6ca-4be8-82ff-b4eba2616879-Tesla_-_Princeton_169_new/campaign/processed_json/segments/9b1c0b60-a317-4614-b1d3-ac66ae257922/part_3/011434.json,,,0.966786233276824,87.61,86.8421052631579,88.4868421052632,0,81.9113573407202,74.46,0.969182638123859,0.946285512466015,
/media/vsi-dev/Lacie_2/mndot_workzone_project/Tesla/campaign_8348ccbe-b6ca-4be8-82ff-b4eba2616879-Tesla_-_Princeton_169_new/campaign/processed_json/segments/9b1c0b60-a317-4614-b1d3-ac66ae257922/part_3/011435.json,,,0.968433554391028,88.44,86.8421052631579,88.8157894736842,5.01385041551247,88.9750692520776,76.37,0.968320522769128,0.94682164957683,
/media/vsi-dev/Lacie_2/mndot_workzone_project/Tesla/campaign_8348ccbe-b6ca-4be8-82ff-b4eba2616879-Tesla_-_Princeton_169_new/campaign/processed_json/segments/9b1c0b60-a317-4614-b1d3-ac66ae257922/part_3/011436.json,,,0.969220734554469,89.08,85.8552631578947,88.1578947368421,19.2797783933518,88.4210526315789,77.93,0.966857570305122,0.946909371440757,
/media/vsi-dev/Lacie_2/mndot_workzone_project/Tesla/campaign_8348ccbe-b6ca-4be8-82ff-b4eba2616879-Tesla_-_Princeton_169_new/campaign/processed_json/segments/9b1c0b60-a317-4614-b1d3-ac66ae257922/part_3/011437.json,,,0.968433554391028,89.27,87.5,88.8157894736842,19.3074792243767,87.8393351800554,78.53,0.964233757518647,0.94756104218142,
/media/vsi-dev/Lacie_2/mndot_workzone_project/Tesla/campaign_8348ccbe-b6ca-4be8-82ff-b4eba2616879-Tesla_-_Princeton_169_new/campaign/processed_json/segments/9b1c0b60-a317-4614-b1d3-ac66ae257922/part_3/011438.json,,,0.968920783299383,89.08,86.5131578947369,88.1578947368421,18.7257617728532,88.1163434903047,77.99,0.96504988074062,0.947500907147667,
/media/vsi-dev/Lacie_2/mndot_workzone_project/Tesla/campaign_8348ccbe-b6ca-4be8-82ff-b4eba2616879-Tesla_-_Princeton_169_new/campaign/processed_json/segments/9b1c0b60-a317-4614-b1d3-ac66ae257922/part_3/011439.json,,,0.964245713669026,84.05,86.8421052631579,87.5,21.9390581717452,0,65.28,0.964314582203489,0.972918943180486,
/media/vsi-dev/Lacie_2/mndot_workzone_project/Tesla/campaign_8348ccbe-b6ca-4be8-82ff-b4eba2616879-Tesla_-_Princeton_169_new/campaign/processed_json/segments/9b1c0b60-a317-4614-b1d3-ac66ae257922/part_3/011440.json,,,0.967434853504781,88.94,87.1710526315789,88.1578947368421,18.9750692520776,84.8753462603878,77.75,0.966122667471271,0.947970702133592,
/media/vsi-dev/Lacie_2/mndot_workzone_project/Tesla/campaign_8348ccbe-b6ca-4be8-82ff-b4eba2616879-Tesla_-_Princeton_169_new/campaign/processed_json/segments/9b1c0b60-a317-4614-b1d3-ac66ae257922/part_3/011441.json,,,0.968920783299383,92.68,87.5,88.1578947368421,78.4764542936288,90.0554016620499,87.45,0.947427462766695,0.94725015194358,
/media/vsi-dev/Lacie_2/mndot_workzone_project/Tesla/campaign_8348ccbe-b6ca-4be8-82ff-b4eba2616879-Tesla_-_Princeton_169_new/campaign/processed_json/segments/9b1c0b60-a317-4614-b1d3-ac66ae257922/part_3/011442.json,,,0.967434853504781,89.27,86.8421052631579,89.1447368421053,19.2520775623269,88.9750692520776,78.6,0.965696404695606,0.947569699342494,
/media/vsi-dev/Lacie_2/mndot_workzone_project/Tesla/campaign_8348ccbe-b6ca-4be8-82ff-b4eba2616879-Tesla_-_Princeton_169_new/campaign/processed_json/segments/9b1c0b60-a317-4614-b1d3-ac66ae257922/part_3/011443.json,,,0.969033254475011,88.7,85.1973684210526,88.1578947368421,15.0138504155125,87.8116343490305,77,0.966550846231796,0.947784070241848,
/media/vsi-dev/Lacie_2/mndot_workzone_project/Tesla/campaign_8348ccbe-b6ca-4be8-82ff-b4eba2616879-Tesla_-_Princeton_169_new/campaign/processed_json/segments/9b1c0b60-a317-4614-b1d3-ac66ae257922/part_3/011444.json,,,0.969233234476344,88.21,86.8421052631579,88.8157894736842,0,89.0858725761773,75.65,0.970263132761279,0.947583287244681,
/media/vsi-dev/Lacie_2/mndot_workzone_project/Tesla/campaign_8348ccbe-b6ca-4be8-82ff-b4eba2616879-Tesla_-_Princeton_169_new/campaign/processed_json/segments/9b1c0b60-a317-4614-b1d3-ac66ae257922/part_3/011445.json,,,0.975005175298418,89.62,87.5,89.4736842105263,20.9972299168975,86.2326869806094,78.74,0.963950081442985,0.948118759750105,
/media/vsi-dev/Lacie_2/mndot_workzone_project/Tesla/campaign_8348ccbe-b6ca-4be8-82ff-b4eba2616879-Tesla_-_Princeton_169_new/campaign/processed_json/segments/9b1c0b60-a317-4614-b1d3-ac66ae257922/part_3/011446.json,,,0.969233234476344,89.02,85.8552631578947,88.8157894736842,19.0858725761773,86.7313019390582,77.83,0.963841818562624,0.948196243039385,
/media/vsi-dev/Lacie_2/mndot_workzone_project/Tesla/campaign_8348ccbe-b6ca-4be8-82ff-b4eba2616879-Tesla_-_Princeton_169_new/campaign/processed_json/segments/9b1c0b60-a317-4614-b1d3-ac66ae257922/part_3/011447.json,,,0.969233234476344,88.62,86.8421052631579,88.1578947368421,8.33795013850416,89.7229916897507,76.78,0.965973974898521,0.947424922256845,
/media/vsi-dev/Lacie_2/mndot_workzone_project/Tesla/campaign_8348ccbe-b6ca-4be8-82ff-b4eba2616879-Tesla_-_Princeton_169_new/campaign/processed_json/segments/9b1c0b60-a317-4614-b1d3-ac66ae257922/part_3/011448.json,,,0.969233234476344,89.82,86.5131578947369,88.8157894736842,28.5318559556787,89.584487534626,79.87,0.962346719453012,0.947596306290826,
/media/vsi-dev/Lacie_2/mndot_workzone_project/Tesla/campaign_8348ccbe-b6ca-4be8-82ff-b4eba2616879-Tesla_-_Princeton_169_new/campaign/processed_json/segments/9b1c0b60-a317-4614-b1d3-ac66ae257922/part_3/011449.json,,,0.970433403055154,88.89,85.8552631578947,88.8157894736842,13.9058171745152,88.2271468144044,77.3,0.967132391854496,0.947975204525936,
/media/vsi-dev/Lacie_2/mndot_workzone_project/Tesla/campaign_8348ccbe-b6ca-4be8-82ff-b4eba2616879-Tesla_-_Princeton_169_new/campaign/processed_json/segments/9b1c0b60-a317-4614-b1d3-ac66ae257922/part_3/011450.json,,,0.972765240307908,89.46,85.8552631578947,88.1578947368421,21.1634349030471,90.9695290858726,78.58,0.964354742435168,0.94753560378143,
/media/vsi-dev/Lacie_2/mndot_workzone_project/Tesla/campaign_8348ccbe-b6ca-4be8-82ff-b4eba2616879-Tesla_-_Princeton_169_new/campaign/processed_json/segments/9b1c0b60-a317-4614-b1d3-ac66ae257922/part_3/011451.json,,,0.972765240307908,89.4,86.1842105263158,88.8157894736842,18.808864265928,90.0277008310249,78.39,0.965791551022151,0.94799910021815,
/media/vsi-dev/Lacie_2/mndot_workzone_project/Tesla/campaign_8348ccbe-b6ca-4be8-82ff-b4eba2616879-Tesla_-_Princeton_169_new/campaign/processed_json/segments/9b1c0b60-a317-4614-b1d3-ac66ae257922/part_3/011452.json,,,0.970433403055154,89.58,86.5131578947369,89.1447368421053,22.2160664819945,89.9168975069252,79.08,0.965218276372083,0.948023572434329,
/media/vsi-dev/Lacie_2/mndot_workzone_project/Tesla/campaign_8348ccbe-b6ca-4be8-82ff-b4eba2616879-Tesla_-_Princeton_169_new/campaign/processed_json/segments/9b1c0b60-a317-4614-b1d3-ac66ae257922/part_3/011453.json,,,0.972765240307908,89.18,86.8421052631579,88.8157894736842,14.2382271468144,89.1135734072022,77.78,0.967436591031094,0.94804684486024,
/media/vsi-dev/Lacie_2/mndot_workzone_project/Tesla/campaign_8348ccbe-b6ca-4be8-82ff-b4eba2616879-Tesla_-_Princeton_169_new/campaign/processed_json/segments/9b1c0b60-a317-4614-b1d3-ac66ae257922/part_3/011454.json,,,0.969220734554469,89.45,86.1842105263158,88.4868421052632,22.8531855955679,90.0831024930748,78.9,0.964554373000177,0.947980683309638,
/media/vsi-dev/Lacie_2/mndot_workzone_project/Tesla/campaign_8348ccbe-b6ca-4be8-82ff-b4eba2616879-Tesla_-_Princeton_169_new/campaign/processed_json/segments/9b1c0b60-a317-4614-b1d3-ac66ae257922/part_3/011455.json,,,0.968920783299383,88.74,86.5131578947369,89.4736842105263,8.83656509695291,88.8919667590028,77.04,0.968607544199601,0.948176669239094,
/media/vsi-dev/Lacie_2/mndot_workzone_project/Tesla/campaign_8348ccbe-b6ca-4be8-82ff-b4eba2616879-Tesla_-_Princeton_169_new/campaign/processed_json/segments/9b1c0b60-a317-4614-b1d3-ac66ae257922/part_3/011456.json,,,0.968920783299383,89,85.8552631578947,88.4868421052632,18.5041551246537,87.3684210526316,77.76,0.966129489178907,0.948241898499391,
/media/vsi-dev/Lacie_2/mndot_workzone_project/Tesla/campaign_8348ccbe-b6ca-4be8-82ff-b4eba2616879-Tesla_-_Princeton_169_new/campaign/processed_json/segments/9b1c0b60-a317-4614-b1d3-ac66ae257922/part_3/011457.json,,,0.968920783299383,88.88,84.5394736842105,88.4868421052632,17.0083102493075,89.4459833795014,77.45,0.966447739253798,0.947934201011064,
/media/vsi-dev/Lacie_2/mndot_workzone_project/Tesla/campaign_8348ccbe-b6ca-4be8-82ff-b4eba2616879-Tesla_-_Princeton_169_new/campaign/processed_json/segments/9b1c0b60-a317-4614-b1d3-ac66ae257922/part_3/011458.json,,,0.968433554391028,88.5,84.2105263157895,88.1578947368421,11.994459833795,89.612188365651,76.53,0.967699392548902,0.947778016785356,
/media/vsi-dev/Lacie_2/mndot_workzone_project/Tesla/campaign_8348ccbe-b6ca-4be8-82ff-b4eba2616879-Tesla_-_Princeton_169_new/campaign/processed_json/segments/9b1c0b60-a317-4614-b1d3-ac66ae257922/part_3/011459.json,,,0.968620922016178,89.32,86.1842105263158,88.8157894736842,20.5817174515235,89.6398891966759,78.6,0.96582369735247,0.948049531706876,
/media/vsi-dev/Lacie_2/mndot_workzone_project/Tesla/campaign_8348ccbe-b6ca-4be8-82ff-b4eba2616879-Tesla_-_Princeton_169_new/campaign/processed_json/segments/9b1c0b60-a317-4614-b1d3-ac66ae257922/part_3/011460.json,,,0.968920783299383,88.87,85.5263157894737,88.4868421052632,12.8808864265928,91.0803324099723,77.38,0.967873921829982,0.947804779162557,
/media/vsi-dev/Lacie_2/mndot_workzone_project/Tesla/campaign_8348ccbe-b6ca-4be8-82ff-b4eba2616879-Tesla_-_Princeton_169_new/campaign/processed_json/segments/9b1c0b60-a317-4614-b1d3-ac66ae257922/part_3/011461.json,,,0.968620922016178,89.17,86.1842105263158,88.8157894736842,17.5623268698061,89.8891966759003,78.19,0.96672872166241,0.947937574656284,
/media/vsi-dev/Lacie_2/mndot_workzone_project/Tesla/campaign_8348ccbe-b6ca-4be8-82ff-b4eba2616879-Tesla_-_Princeton_169_new/campaign/processed_json/segments/9b1c0b60-a317-4614-b1d3-ac66ae257922/part_3/011462.json,,,0.967721877728007,88.9,85.5263157894737,87.5,15.0692520775623,92.6315789473684,77.63,0.967110794351668,0.947273012183032,
/media/vsi-dev/Lacie_2/mndot_workzone_project/Tesla/campaign_8348ccbe-b6ca-4be8-82ff-b4eba2616879-Tesla_-_Princeton_169_new/campaign/processed_json/segments/9b1c0b60-a317-4614-b1d3-ac66ae257922/part_3/011463.json,,,0.967721877728007,89.63,86.1842105263158,88.1578947368421,28.1163434903047,89.6675900277008,79.53,0.963159160919971,0.947988478876838,
/media/vsi-dev/Lacie_2/mndot_workzone_project/Tesla/campaign_8348ccbe-b6ca-4be8-82ff-b4eba2616879-Tesla_-_Princeton_169_new/campaign/processed_json/segments/9b1c0b60-a317-4614-b1d3-ac66ae257922/part_3/011464.json,,,0.968433554391028,88.68,86.1842105263158,88.1578947368421,12.6592797783934,87.8670360110803,76.96,0.967491748217305,0.94800381640735,
/media/vsi-dev/Lacie_2/mndot_workzone_project/Tesla/campaign_8348ccbe-b6ca-4be8-82ff-b4eba2616879-Tesla_-_Princeton_169_new/campaign/processed_json/segments/9b1c0b60-a317-4614-b1d3-ac66ae257922/part_3/011465.json,,,0.968221246881518,89.26,86.1842105263158,88.4868421052632,20.5817174515235,89.6398891966759,78.5,0.965504819316516,0.94775300712905,
/media/vsi-dev/Lacie_2/mndot_workzone_project/Tesla/campaign_8348ccbe-b6ca-4be8-82ff-b4eba2616879-Tesla_-_Princeton_169_new/campaign/processed_json/segments/9b1c0b60-a317-4614-b1d3-ac66ae257922/part_3/011466.json,,,0.969033254475011,92.55,87.1710526315789,88.1578947368421,77.0083102493075,89.8614958448754,87.1,0.94714018520552,0.947629817229282,
/media/vsi-dev/Lacie_2/mndot_workzone_project/Tesla/campaign_8348ccbe-b6ca-4be8-82ff-b4eba2616879-Tesla_-_Princeton_169_new/campaign/processed_json/segments/9b1c0b60-a317-4614-b1d3-ac66ae257922/part_3/011467.json,,,0.968920783299383,92.51,87.1710526315789,89.1447368421053,75.5401662049862,88.7257617728532,87.01,0.947299284148218,0.947966902583362,
/media/vsi-dev/Lacie_2/mndot_workzone_project/Tesla/campaign_8348ccbe-b6ca-4be8-82ff-b4eba2616879-Tesla_-_Princeton_169_new/campaign/processed_json/segments/9b1c0b60-a317-4614-b1d3-ac66ae257922/part_3/011468.json,,,0.966786233276824,88.23,85.8552631578947,88.1578947368421,7.03601108033241,87.8393351800554,76.01,0.968589715908574,0.947271068001906,
/media/vsi-dev/Lacie_2/mndot_workzone_project/Tesla/campaign_8348ccbe-b6ca-4be8-82ff-b4eba2616879-Tesla_-_Princeton_169_new/campaign/processed_json/segments/9b1c0b60-a317-4614-b1d3-ac66ae257922/part_3/011469.json,,,0.964245713669026,88.09,85.8552631578947,88.1578947368421,6.8421052631579,87.4238227146815,75.92,0.968306081673271,0.947260740715166,
/media/vsi-dev/Lacie_2/mndot_workzone_project/Tesla/campaign_8348ccbe-b6ca-4be8-82ff-b4eba2616879-Tesla_-_Princeton_169_new/campaign/processed_json/segments/9b1c0b60-a317-4614-b1d3-ac66ae257922/part_3/011470.json,,,0.967434853504781,88.83,85.8552631578947,88.1578947368421,17.3684210526316,87.4238227146815,77.49,0.965834705246282,0.947610404394466,
/media/vsi-dev/Lacie_2/mndot_workzone_project/Tesla/campaign_8348ccbe-b6ca-4be8-82ff-b4eba2616879-Tesla_-_Princeton_169_new/campaign/processed_json/segments/9b1c0b60-a317-4614-b1d3-ac66ae257922/part_3/011471.json,,,0.967434853504781,88.19,85.8552631578947,88.1578947368421,7.50692520775623,85.983379501385,75.81,0.968417732711174,0.947976693569889,
/media/vsi-dev/Lacie_2/mndot_workzone_project/Tesla/campaign_8348ccbe-b6ca-4be8-82ff-b4eba2616879-Tesla_-_Princeton_169_new/campaign/processed_json/segments/9b1c0b60-a317-4614-b1d3-ac66ae257922/part_3/011472.json,,,0.968221246881518,89.22,86.5131578947369,88.1578947368421,24.9307479224377,85.0415512465374,78.45,0.963339765079938,0.948166119894965,
/media/vsi-dev/Lacie_2/mndot_workzone_project/Tesla/campaign_8348ccbe-b6ca-4be8-82ff-b4eba2616879-Tesla_-_Princeton_169_new/campaign/processed_json/segments/9b1c0b60-a317-4614-b1d3-ac66ae257922/part_3/011473.json,,,0.967434853504781,88.92,85.8552631578947,88.1578947368421,15.2631578947368,91.6620498614958,77.8,0.965383573446787,0.94515657973922,
/media/vsi-dev/Lacie_2/mndot_workzone_project/Tesla/campaign_8348ccbe-b6ca-4be8-82ff-b4eba2616879-Tesla_-_Princeton_169_new/campaign/processed_json/segments/9b1c0b60-a317-4614-b1d3-ac66ae257922/part_3/011474.json,,,0.967434853504781,88.32,85.8552631578947,88.8157894736842,8.42105263157895,86.0387811634349,76.15,0.96867728151927,0.947599649584789,
/media/vsi-dev/Lacie_2/mndot_workzone_project/Tesla/campaign_8348ccbe-b6ca-4be8-82ff-b4eba2616879-Tesla_-_Princeton_169_new/campaign/processed_json/segments/9b1c0b60-a317-4614-b1d3-ac66ae257922/part_3/011475.json,,,0.968221246881518,88.62,84.8684210526316,87.5,12.409972299169,91.4681440443213,76.86,0.96728559728917,0.947160675744247,
/media/vsi-dev/Lacie_2/mndot_workzone_project/Tesla/campaign_8348ccbe-b6ca-4be8-82ff-b4eba2616879-Tesla_-_Princeton_169_new/campaign/processed_json/segments/9b1c0b60-a317-4614-b1d3-ac66ae257922/part_3/011476.json,,,0.967434853504781,88.33,85.8552631578947,87.8289473684211,10.8587257617729,86.0664819944598,76.22,0.967767725115221,0.946906369312491,
/media/vsi-dev/Lacie_2/mndot_workzone_project/Tesla/campaign_8348ccbe-b6ca-4be8-82ff-b4eba2616879-Tesla_-_Princeton_169_new/campaign/processed_json/segments/9b1c0b60-a317-4614-b1d3-ac66ae257922/part_3/011477.json,,,0.966424685849189,88.04,85.5263157894737,87.5,10.0277008310249,84.4598337950139,75.64,0.966969484228366,0.945338756166244,
/media/vsi-dev/Lacie_2/mndot_workzone_project/Tesla/campaign_8348ccbe-b6ca-4be8-82ff-b4eba2616879-Tesla_-_Princeton_169_new/campaign/processed_json/segments/9b1c0b60-a317-4614-b1d3-ac66ae257922/part_3/011478.json,,,0.963201498874578,88.22,85.8552631578947,88.4868421052632,11.6897506925208,85.9556786703601,76.5,0.9674713357495,0.941815873970084,
/media/vsi-dev/Lacie_2/mndot_workzone_project/Tesla/campaign_8348ccbe-b6ca-4be8-82ff-b4eba2616879-Tesla_-_Princeton_169_new/campaign/processed_json/segments/9b1c0b60-a317-4614-b1d3-ac66ae257922/part_3/011479.json,,,0.968221246881518,88.7,86.5131578947369,88.1578947368421,11.1080332409972,89.612188365651,77.08,0.966199819824526,0.947863347034473,
/media/vsi-dev/Lacie_2/mndot_workzone_project/Tesla/campaign_8348ccbe-b6ca-4be8-82ff-b4eba2616879-Tesla_-_Princeton_169_new/campaign/processed_json/segments/9b1c0b60-a317-4614-b1d3-ac66ae257922/part_3/011480.json,,,0.969033254475011,88.16,86.1842105263158,87.5,4.26592797783934,88.6980609418282,75.63,0.966831192736655,0.948206291222045,
/media/vsi-dev/Lacie_2/mndot_workzone_project/Tesla/campaign_8348ccbe-b6ca-4be8-82ff-b4eba2616879-Tesla_-_Princeton_169_new/campaign/processed_json/segments/9b1c0b60-a317-4614-b1d3-ac66ae257922/part_3/011481.json,,,0.969233234476344,88.6,82.5657894736842,88.1578947368421,17.9224376731302,88.5041551246537,76.75,0.964958083810322,0.948372299456416,
/media/vsi-dev/Lacie_2/mndot_workzone_project/Tesla/campaign_8348ccbe-b6ca-4be8-82ff-b4eba2616879-Tesla_-_Princeton_169_new/campaign/processed_json/segments/9b1c0b60-a317-4614-b1d3-ac66ae257922/part_3/011482.json,,,0.968620922016178,88.93,85.8552631578947,88.1578947368421,16.0941828254848,89.5567867036011,77.62,0.965181966478792,0.948241804483268,
/media/vsi-dev/Lacie_2/mndot_workzone_project/Tesla/campaign_8348ccbe-b6ca-4be8-82ff-b4eba2616879-Tesla_-_Princeton_169_new/campaign/processed_json/segments/9b1c0b60-a317-4614-b1d3-ac66ae257922/part_3/011483.json,,,0.969220734554469,89.54,85.8552631578947,88.1578947368421,26.4542936288089,89.8337950138504,79.19,0.961188852438462,0.947857308226367,
/media/vsi-dev/Lacie_2/mndot_workzone_project/Tesla/campaign_8348ccbe-b6ca-4be8-82ff-b4eba2616879-Tesla_-_Princeton_169_new/campaign/processed_json/segments/9b1c0b60-a317-4614-b1d3-ac66ae257922/part_3/011484.json,,,0.969033254475011,89.22,86.1842105263158,87.8289473684211,21.3296398891967,89.5567867036011,78.39,0.962133388564154,0.948200152648584,
/media/vsi-dev/Lacie_2/mndot_workzone_project/Tesla/campaign_8348ccbe-b6ca-4be8-82ff-b4eba2616879-Tesla_-_Princeton_169_new/campaign/processed_json/segments/9b1c0b60-a317-4614-b1d3-ac66ae257922/part_3/011485.json,,,0.968920783299383,88.62,85.1973684210526,88.1578947368421,11.7451523545706,89.7783933518006,76.8,0.965773890775392,0.948173923679895,
/media/vsi-dev/Lacie_2/mndot_workzone_project/Tesla/campaign_8348ccbe-b6ca-4be8-82ff-b4eba2616879-Tesla_-_Princeton_169_new/campaign/processed_json/segments/9b1c0b60-a317-4614-b1d3-ac66ae257922/part_3/011486.json,,,0.968433554391028,88.15,84.2105263157895,88.1578947368421,6.34349030470914,89.3905817174515,75.65,0.967732337094939,0.947957058664779,
/media/vsi-dev/Lacie_2/mndot_workzone_project/Tesla/campaign_8348ccbe-b6ca-4be8-82ff-b4eba2616879-Tesla_-_Princeton_169_new/campaign/processed_json/segments/9b1c0b60-a317-4614-b1d3-ac66ae257922/part_3/011487.json,,,0.968433554391028,89.42,84.8684210526316,88.1578947368421,24.7091412742382,91.7174515235457,78.93,0.963002359131459,0.94765090133032,
/media/vsi-dev/Lacie_2/mndot_workzone_project/Tesla/campaign_8348ccbe-b6ca-4be8-82ff-b4eba2616879-Tesla_-_Princeton_169_new/campaign/processed_json/segments/9b1c0b60-a317-4614-b1d3-ac66ae257922/part_3/011488.json,,,0.966786233276824,88.76,86.1842105263158,88.1578947368421,13.3240997229917,90.5263157894737,77.44,0.963439007972566,0.94787024619571,
/media/vsi-dev/Lacie_2/mndot_workzone_project/Tesla/campaign_8348ccbe-b6ca-4be8-82ff-b4eba2616879-Tesla_-_Princeton_169_new/campaign/processed_json/segments/9b1c0b60-a317-4614-b1d3-ac66ae257922/part_3/011489.json,,,0.966424685849189,88.1,86.1842105263158,88.1578947368421,0.38781163434903,91.8282548476454,75.71,0.967888773235273,0.947714476393232,
/media/vsi-dev/Lacie_2/mndot_workzone_project/Tesla/campaign_8348ccbe-b6ca-4be8-82ff-b4eba2616879-Tesla_-_Princeton_169_new/campaign/processed_json/segments/9b1c0b60-a317-4614-b1d3-ac66ae257922/part_3/011490.json,,,0.966038349019377,88.33,85.5263157894737,88.4868421052632,6.26038781163435,91.0526315789474,76.37,0.966280141908941,0.948099864576603,
/media/vsi-dev/Lacie_2/mndot_workzone_project/Tesla/campaign_8348ccbe-b6ca-4be8-82ff-b4eba2616879-Tesla_-_Princeton_169_new/campaign/processed_json/segments/9b1c0b60-a317-4614-b1d3-ac66ae257922/part_3/011491.json,,,0.965191424665858,88.98,86.1842105263158,88.1578947368421,18.3656509695291,89.8614958448754,78.1,0.964551491981284,0.948302432247876,
/media/vsi-dev/Lacie_2/mndot_workzone_project/Tesla/campaign_8348ccbe-b6ca-4be8-82ff-b4eba2616879-Tesla_-_Princeton_169_new/campaign/processed_json/segments/9b1c0b60-a317-4614-b1d3-ac66ae257922/part_3/011492.json,,,0.96264254894526,88.02,86.8421052631579,87.8289473684211,0,92.6592797783934,75.88,0.96802359048704,0.948100825841826,
/media/vsi-dev/Lacie_2/mndot_workzone_project/Tesla/campaign_8348ccbe-b6ca-4be8-82ff-b4eba2616879-Tesla_-_Princeton_169_new/campaign/processed_json/segments/9b1c0b60-a317-4614-b1d3-ac66ae257922/part_3/011493.json,,,0.954887134671689,82.35,86.1842105263158,87.1710526315789,1.05263157894737,0,61.87,0.967110679391046,0.97311554896532,
/media/vsi-dev/Lacie_2/mndot_workzone_project/Tesla/campaign_8348ccbe-b6ca-4be8-82ff-b4eba2616879-Tesla_-_Princeton_169_new/campaign/processed_json/segments/9b1c0b60-a317-4614-b1d3-ac66ae257922/part_3/011494.json,,,0.96264254894526,87.96,86.1842105263158,88.1578947368421,0,92.2991689750693,75.73,0.967599234867144,0.948203559016659,
/media/vsi-dev/Lacie_2/mndot_workzone_project/Tesla/campaign_8348ccbe-b6ca-4be8-82ff-b4eba2616879-Tesla_-_Princeton_169_new/campaign/processed_json/segments/9b1c0b60-a317-4614-b1d3-ac66ae257922/part_3/011495.json,,,0.964245713669026,88.02,85.8552631578947,88.1578947368421,0,92.8531855955679,75.71,0.96797827357474,0.948309150852531,
/media/vsi-dev/Lacie_2/mndot_workzone_project/Tesla/campaign_8348ccbe-b6ca-4be8-82ff-b4eba2616879-Tesla_-_Princeton_169_new/campaign/processed_json/segments/9b1c0b60-a317-4614-b1d3-ac66ae257922/part_3/011496.json,,,0.964730900507316,88.88,86.8421052631579,88.1578947368421,14.4875346260388,91.7174515235457,77.98,0.961172535172074,0.948727631921765,
/media/vsi-dev/Lacie_2/mndot_workzone_project/Tesla/campaign_8348ccbe-b6ca-4be8-82ff-b4eba2616879-Tesla_-_Princeton_169_new/campaign/processed_json/segments/9b1c0b60-a317-4614-b1d3-ac66ae257922/part_3/011497.json,,,0.962059092380158,88.25,86.1842105263158,88.1578947368421,7.28531855955679,91.3296398891967,76.65,0.962736070957635,0.948526351358473,
/media/vsi-dev/Lacie_2/mndot_workzone_project/Tesla/campaign_8348ccbe-b6ca-4be8-82ff-b4eba2616879-Tesla_-_Princeton_169_new/campaign/processed_json/segments/9b1c0b60-a317-4614-b1d3-ac66ae257922/part_3/011498.json,,,0.966038349019377,88.96,84.5394736842105,87.5,19.196675900277,92.7423822714681,77.97,0.964167839716194,0.948463400774916,
/media/vsi-dev/Lacie_2/mndot_workzone_project/Tesla/campaign_8348ccbe-b6ca-4be8-82ff-b4eba2616879-Tesla_-_Princeton_169_new/campaign/processed_json/segments/9b1c0b60-a317-4614-b1d3-ac66ae257922/part_3/011499.json,,,0.963201498874578,88.56,85.5263157894737,88.4868421052632,12.0775623268698,90.8587257617728,77.22,0.966282271082288,0.948576321644101,
/media/vsi-dev/Lacie_2/mndot_workzone_project/Tesla/campaign_8348ccbe-b6ca-4be8-82ff-b4eba2616879-Tesla_-_Princeton_169_new/campaign/processed_json/segments/9b1c0b60-a317-4614-b1d3-ac66ae257922/part_3/011500.json,,,0.963201498874578,88.07,84.2105263157895,87.5,7.42382271468144,91.8282548476454,75.98,0.966947782007793,0.948354440823111,
/media/vsi-dev/Lacie_2/mndot_workzone_project/Tesla/campaign_8348ccbe-b6ca-4be8-82ff-b4eba2616879-Tesla_-_Princeton_169_new/campaign/processed_json/segments/9b1c0b60-a317-4614-b1d3-ac66ae257922/part_3/011501.json,,,0.960818835379895,88.15,85.5263157894737,88.8157894736842,7.64542936288089,89.4736842105263,76.44,0.965791497742835,0.948629053036325,
/media/vsi-dev/Lacie_2/mndot_workzone_project/Tesla/campaign_8348ccbe-b6ca-4be8-82ff-b4eba2616879-Tesla_-_Princeton_169_new/campaign/processed_json/segments/9b1c0b60-a317-4614-b1d3-ac66ae257922/part_3/011502.json,,,0.964245713669026,88.17,86.1842105263158,88.1578947368421,4.21052631578947,91.3019390581717,76.19,0.964513764539261,0.948305734099832,
/media/vsi-dev/Lacie_2/mndot_workzone_project/Tesla/campaign_8348ccbe-b6ca-4be8-82ff-b4eba2616879-Tesla_-_Princeton_169_new/campaign/processed_json/segments/9b1c0b60-a317-4614-b1d3-ac66ae257922/part_3/011503.json,,,0.96264254894526,88.54,86.1842105263158,88.8157894736842,10,91.4681440443213,77.28,0.964127334741769,0.947847277341054,
/media/vsi-dev/Lacie_2/mndot_workzone_project/Tesla/campaign_8348ccbe-b6ca-4be8-82ff-b4eba2616879-Tesla_-_Princeton_169_new/campaign/processed_json/segments/9b1c0b60-a317-4614-b1d3-ac66ae257922/part_3/011504.json,,,0.96264254894526,88.31,86.1842105263158,88.1578947368421,6.45429362880886,92.2714681440443,76.68,0.965492249339643,0.947656591810016,
/media/vsi-dev/Lacie_2/mndot_workzone_project/Tesla/campaign_8348ccbe-b6ca-4be8-82ff-b4eba2616879-Tesla_-_Princeton_169_new/campaign/processed_json/segments/9b1c0b60-a317-4614-b1d3-ac66ae257922/part_3/011505.json,,,0.964730900507316,88.5,86.1842105263158,88.8157894736842,4.18282548476454,94.9030470914127,76.93,0.966250797744668,0.947525215475681,
/media/vsi-dev/Lacie_2/mndot_workzone_project/Tesla/campaign_8348ccbe-b6ca-4be8-82ff-b4eba2616879-Tesla_-_Princeton_169_new/campaign/processed_json/segments/9b1c0b60-a317-4614-b1d3-ac66ae257922/part_3/011506.json,,,0.965191424665858,88.07,85.5263157894737,88.1578947368421,0,94.1828254847646,75.8,0.966070715133897,0.948113921353788,
/media/vsi-dev/Lacie_2/mndot_workzone_project/Tesla/campaign_8348ccbe-b6ca-4be8-82ff-b4eba2616879-Tesla_-_Princeton_169_new/campaign/processed_json/segments/9b1c0b60-a317-4614-b1d3-ac66ae257922/part_3/011507.json,,,0.965191424665858,88.51,85.5263157894737,88.1578947368421,8.31024930747923,93.3518005540166,76.92,0.964364703842053,0.948651420984331,
/media/vsi-dev/Lacie_2/mndot_workzone_project/Tesla/campaign_8348ccbe-b6ca-4be8-82ff-b4eba2616879-Tesla_-_Princeton_169_new/campaign/processed_json/segments/9b1c0b60-a317-4614-b1d3-ac66ae257922/part_3/011508.json,,,0.968221246881518,92.39,86.8421052631579,88.4868421052632,71.5789473684211,93.1024930747923,86.78,0.946119348196466,0.948944137716919,
/media/vsi-dev/Lacie_2/mndot_workzone_project/Tesla/campaign_8348ccbe-b6ca-4be8-82ff-b4eba2616879-Tesla_-_Princeton_169_new/campaign/processed_json/segments/9b1c0b60-a317-4614-b1d3-ac66ae257922/part_3/011509.json,,,0.968620922016178,92.12,86.1842105263158,88.8157894736842,69.3905817174515,91.191135734072,86.06,0.946156373131174,0.94937074743742,
/media/vsi-dev/Lacie_2/mndot_workzone_project/Tesla/campaign_8348ccbe-b6ca-4be8-82ff-b4eba2616879-Tesla_-_Princeton_169_new/campaign/processed_json/segments/9b1c0b60-a317-4614-b1d3-ac66ae257922/part_3/011510.json,,,0.967721877728007,87.97,84.2105263157895,88.1578947368421,0,92.6592797783934,75.2,0.968666557650864,0.94904067116755,
/media/vsi-dev/Lacie_2/mndot_workzone_project/Tesla/campaign_8348ccbe-b6ca-4be8-82ff-b4eba2616879-Tesla_-_Princeton_169_new/campaign/processed_json/segments/9b1c0b60-a317-4614-b1d3-ac66ae257922/part_3/011511.json,,,0.967434853504781,88.07,84.2105263157895,88.8157894736842,0,93.2963988919668,75.49,0.968901687868437,0.948654860220186,
/media/vsi-dev/Lacie_2/mndot_workzone_project/Tesla/campaign_8348ccbe-b6ca-4be8-82ff-b4eba2616879-Tesla_-_Princeton_169_new/campaign/processed_json/segments/9b1c0b60-a317-4614-b1d3-ac66ae257922/part_3/011512.json,,,0.968221246881518,88.29,85.8552631578947,88.4868421052632,0,94.2105263157895,76.01,0.966914363643872,0.948407556543743,
/media/vsi-dev/Lacie_2/mndot_workzone_project/Tesla/campaign_8348ccbe-b6ca-4be8-82ff-b4eba2616879-Tesla_-_Princeton_169_new/campaign/processed_json/segments/9b1c0b60-a317-4614-b1d3-ac66ae257922/part_3/011513.json,,,0.968620922016178,88.9,83.8815789473684,88.1578947368421,15.6786703601108,93.3795013850416,77.54,0.965052561717068,0.948543164714925,
/media/vsi-dev/Lacie_2/mndot_workzone_project/Tesla/campaign_8348ccbe-b6ca-4be8-82ff-b4eba2616879-Tesla_-_Princeton_169_new/campaign/processed_json/segments/9b1c0b60-a317-4614-b1d3-ac66ae257922/part_3/011514.json,,,0.968620922016178,88.84,82.8947368421053,88.1578947368421,17.0914127423823,93.1578947368421,77.42,0.964358999677681,0.948706851705391,
/media/vsi-dev/Lacie_2/mndot_workzone_project/Tesla/campaign_8348ccbe-b6ca-4be8-82ff-b4eba2616879-Tesla_-_Princeton_169_new/campaign/processed_json/segments/9b1c0b60-a317-4614-b1d3-ac66ae257922/part_3/011515.json,,,0.968920783299383,89.15,84.5394736842105,88.1578947368421,17.3407202216067,94.5152354570637,78.15,0.964662909278524,0.948410022607958,
/media/vsi-dev/Lacie_2/mndot_workzone_project/Tesla/campaign_8348ccbe-b6ca-4be8-82ff-b4eba2616879-Tesla_-_Princeton_169_new/campaign/processed_json/segments/9b1c0b60-a317-4614-b1d3-ac66ae257922/part_3/011516.json,,,0.968620922016178,89.12,85.1973684210526,88.1578947368421,16.8975069252078,93.2409972299169,78.1,0.964984607494898,0.948836070304031,
/media/vsi-dev/Lacie_2/mndot_workzone_project/Tesla/campaign_8348ccbe-b6ca-4be8-82ff-b4eba2616879-Tesla_-_Princeton_169_new/campaign/processed_json/segments/9b1c0b60-a317-4614-b1d3-ac66ae257922/part_3/011517.json,,,0.968920783299383,89.28,86.5131578947369,88.4868421052632,17.1191135734072,93.1301939058172,78.58,0.960234602662274,0.948664454557547,
/media/vsi-dev/Lacie_2/mndot_workzone_project/Tesla/campaign_8348ccbe-b6ca-4be8-82ff-b4eba2616879-Tesla_-_Princeton_169_new/campaign/processed_json/segments/9b1c0b60-a317-4614-b1d3-ac66ae257922/part_3/011518.json,,,0.973896737455057,92.74,85.8552631578947,88.8157894736842,72.8808864265928,95.4570637119114,87.12,0.945013892715699,0.948449550176384,
/media/vsi-dev/Lacie_2/mndot_workzone_project/Tesla/campaign_8348ccbe-b6ca-4be8-82ff-b4eba2616879-Tesla_-_Princeton_169_new/campaign/processed_json/segments/9b1c0b60-a317-4614-b1d3-ac66ae257922/part_3/011519.json,,,0.969120740804232,89,84.2105263157895,88.8157894736842,14.0720221606648,94.1828254847646,77.72,0.965622484513807,0.948797212302599,
/media/vsi-dev/Lacie_2/mndot_workzone_project/Tesla/campaign_8348ccbe-b6ca-4be8-82ff-b4eba2616879-Tesla_-_Princeton_169_new/campaign/processed_json/segments/9b1c0b60-a317-4614-b1d3-ac66ae257922/part_3/011520.json,,,0.969233234476344,89.17,84.8684210526316,87.8289473684211,16.3711911357341,95.5401662049862,78.16,0.964947988626387,0.948447415094993,
/media/vsi-dev/Lacie_2/mndot_workzone_project/Tesla/campaign_8348ccbe-b6ca-4be8-82ff-b4eba2616879-Tesla_-_Princeton_169_new/campaign/processed_json/segments/9b1c0b60-a317-4614-b1d3-ac66ae257922/part_3/011521.json,,,0.969233234476344,88.88,83.8815789473684,88.1578947368421,15.0692520775623,93.213296398892,77.42,0.96476528696297,0.949023084184306,
/media/vsi-dev/Lacie_2/mndot_workzone_project/Tesla/campaign_8348ccbe-b6ca-4be8-82ff-b4eba2616879-Tesla_-_Princeton_169_new/campaign/processed_json/segments/9b1c0b60-a317-4614-b1d3-ac66ae257922/part_3/011522.json,,,0.973896737455057,89.14,84.2105263157895,88.4868421052632,13.0470914127424,95.2354570637119,77.62,0.96505672463785,0.948524103605491,
/media/vsi-dev/Lacie_2/mndot_workzone_project/Tesla/campaign_8348ccbe-b6ca-4be8-82ff-b4eba2616879-Tesla_-_Princeton_169_new/campaign/processed_json/segments/9b1c0b60-a317-4614-b1d3-ac66ae257922/part_3/011523.json,,,0.97715254792786,89.06,83.8815789473684,87.5,10.0554016620499,97.6731301939058,77.13,0.963986115695048,0.947974655608415,
/media/vsi-dev/Lacie_2/mndot_workzone_project/Tesla/campaign_8348ccbe-b6ca-4be8-82ff-b4eba2616879-Tesla_-_Princeton_169_new/campaign/processed_json/segments/9b1c0b60-a317-4614-b1d3-ac66ae257922/part_3/011524.json,,,0.972765240307908,89.3,84.5394736842105,88.1578947368421,16.786703601108,95.207756232687,78.17,0.963734794713782,0.948602259399691,
/media/vsi-dev/Lacie_2/mndot_workzone_project/Tesla/campaign_8348ccbe-b6ca-4be8-82ff-b4eba2616879-Tesla_-_Princeton_169_new/campaign/processed_json/segments/9b1c0b60-a317-4614-b1d3-ac66ae257922/part_3/011525.json,,,0.973896737455057,88.7,84.5394736842105,88.8157894736842,4.54293628808864,94.5429362880886,76.45,0.96800369864348,0.948891811442704,
/media/vsi-dev/Lacie_2/mndot_workzone_project/Tesla/campaign_8348ccbe-b6ca-4be8-82ff-b4eba2616879-Tesla_-_Princeton_169_new/campaign/processed_json/segments/9b1c0b60-a317-4614-b1d3-ac66ae257922/part_3/011526.json,,,0.975005175298418,88.83,84.5394736842105,88.4868421052632,9.58448753462604,91.9113573407202,76.71,0.965952371095503,0.949060127318105,
/media/vsi-dev/Lacie_2/mndot_workzone_project/Tesla/campaign_8348ccbe-b6ca-4be8-82ff-b4eba2616879-Tesla_-_Princeton_169_new/campaign/processed_json/segments/9b1c0b60-a317-4614-b1d3-ac66ae257922/part_3/011527.json,,,0.973896737455057,88.52,83.8815789473684,87.5,7.25761772853186,93.0747922437673,76.04,0.966098955324972,0.948974084561893,
/media/vsi-dev/Lacie_2/mndot_workzone_project/Tesla/campaign_8348ccbe-b6ca-4be8-82ff-b4eba2616879-Tesla_-_Princeton_169_new/campaign/processed_json/segments/9b1c0b60-a317-4614-b1d3-ac66ae257922/part_3/011528.json,,,0.983930514272508,89.53,82.5657894736842,88.8157894736842,19.0304709141274,92.0775623268698,77.64,0.962336395666369,0.949238201799721,
/media/vsi-dev/Lacie_2/mndot_workzone_project/Tesla/campaign_8348ccbe-b6ca-4be8-82ff-b4eba2616879-Tesla_-_Princeton_169_new/campaign/processed_json/segments/9b1c0b60-a317-4614-b1d3-ac66ae257922/part_3/011529.json,,,0.983930514272508,88.94,81.25,88.8157894736842,9.66759002770083,93.5457063711911,76.08,0.966423047014974,0.948910110954026,
/media/vsi-dev/Lacie_2/mndot_workzone_project/Tesla/campaign_8348ccbe-b6ca-4be8-82ff-b4eba2616879-Tesla_-_Princeton_169_new/campaign/processed_json/segments/9b1c0b60-a317-4614-b1d3-ac66ae257922/part_3/011530.json,,,0.985653900195345,89.32,84.2105263157895,88.8157894736842,10.1385041551247,92.1883656509695,76.84,0.966898747059293,0.949338018911632,
/media/vsi-dev/Lacie_2/mndot_workzone_project/Tesla/campaign_8348ccbe-b6ca-4be8-82ff-b4eba2616879-Tesla_-_Princeton_169_new/campaign/processed_json/segments/9b1c0b60-a317-4614-b1d3-ac66ae257922/part_3/011531.json,,,0.98728157159029,88.6,81.25,88.1578947368421,3.93351800554017,92.3545706371191,74.85,0.968010802780943,0.949291088398348,
/media/vsi-dev/Lacie_2/mndot_workzone_project/Tesla/campaign_8348ccbe-b6ca-4be8-82ff-b4eba2616879-Tesla_-_Princeton_169_new/campaign/processed_json/segments/9b1c0b60-a317-4614-b1d3-ac66ae257922/part_3/011532.json,,,0.982111925534364,89.28,81.9078947368421,88.4868421052632,17.1468144044321,92.7423822714681,77.17,0.96390456043696,0.949242635884312,
/media/vsi-dev/Lacie_2/mndot_workzone_project/Tesla/campaign_8348ccbe-b6ca-4be8-82ff-b4eba2616879-Tesla_-_Princeton_169_new/campaign/processed_json/segments/9b1c0b60-a317-4614-b1d3-ac66ae257922/part_3/011533.json,,,0.984804140218096,92.83,83.8815789473684,88.1578947368421,74.9030470914127,92.4653739612188,86.2,0.946163006330514,0.949486450512783,
/media/vsi-dev/Lacie_2/mndot_workzone_project/Tesla/campaign_8348ccbe-b6ca-4be8-82ff-b4eba2616879-Tesla_-_Princeton_169_new/campaign/processed_json/segments/9b1c0b60-a317-4614-b1d3-ac66ae257922/part_3/011534.json,,,0.972765240307908,89.43,84.8684210526316,88.1578947368421,19.3351800554017,94.1551246537396,78.49,0.963727719786966,0.94872738726818,
/media/vsi-dev/Lacie_2/mndot_workzone_project/Tesla/campaign_8348ccbe-b6ca-4be8-82ff-b4eba2616879-Tesla_-_Princeton_169_new/campaign/processed_json/segments/9b1c0b60-a317-4614-b1d3-ac66ae257922/part_3/011535.json,,,0.972765240307908,89.26,83.5526315789474,88.1578947368421,19.2243767313019,94.0997229916897,78.07,0.963540280675209,0.948919916385762,
/media/vsi-dev/Lacie_2/mndot_workzone_project/Tesla/campaign_8348ccbe-b6ca-4be8-82ff-b4eba2616879-Tesla_-_Princeton_169_new/campaign/processed_json/segments/9b1c0b60-a317-4614-b1d3-ac66ae257922/part_3/011536.json,,,0.969220734554469,88.48,80.9210526315789,88.1578947368421,13.1578947368421,94.4875346260388,76.44,0.964731919198836,0.9488322189266,
/media/vsi-dev/Lacie_2/mndot_workzone_project/Tesla/campaign_8348ccbe-b6ca-4be8-82ff-b4eba2616879-Tesla_-_Princeton_169_new/campaign/processed_json/segments/9b1c0b60-a317-4614-b1d3-ac66ae257922/part_3/011537.json,,,0.969220734554469,88.33,83.5526315789474,87.5,6.0387811634349,94.5983379501385,75.99,0.967567555669394,0.948660313586868,
/media/vsi-dev/Lacie_2/mndot_workzone_project/Tesla/campaign_8348ccbe-b6ca-4be8-82ff-b4eba2616879-Tesla_-_Princeton_169_new/campaign/processed_json/segments/9b1c0b60-a317-4614-b1d3-ac66ae257922/part_3/011538.json,,,0.969033254475011,87.79,81.9078947368421,88.1578947368421,0,93.0747922437673,74.58,0.970489689243544,0.948958231628177,
/media/vsi-dev/Lacie_2/mndot_workzone_project/Tesla/campaign_8348ccbe-b6ca-4be8-82ff-b4eba2616879-Tesla_-_Princeton_169_new/campaign/processed_json/segments/9b1c0b60-a317-4614-b1d3-ac66ae257922/part_3/011539.json,,,0.972765240307908,88.99,81.5789473684211,87.5,20.8864265927978,93.3518005540166,77.42,0.962697300448167,0.948797253750946,
/media/vsi-dev/Lacie_2/mndot_workzone_project/Tesla/campaign_8348ccbe-b6ca-4be8-82ff-b4eba2616879-Tesla_-_Princeton_169_new/campaign/processed_json/segments/9b1c0b60-a317-4614-b1d3-ac66ae257922/part_3/011540.json,,,0.972765240307908,88.62,80.2631578947369,87.8289473684211,15.4016620498615,94.3213296398892,76.45,0.964275788891707,0.948847486571868,
/media/vsi-dev/Lacie_2/mndot_workzone_project/Tesla/campaign_8348ccbe-b6ca-4be8-82ff-b4eba2616879-Tesla_-_Princeton_169_new/campaign/processed_json/segments/9b1c0b60-a317-4614-b1d3-ac66ae257922/part_3/011541.json,,,0.969120740804232,88.08,81.9078947368421,88.1578947368421,6.06648199445983,93.3518005540166,75.49,0.963567916794155,0.948787864248545,
/media/vsi-dev/Lacie_2/mndot_workzone_project/Tesla/campaign_8348ccbe-b6ca-4be8-82ff-b4eba2616879-Tesla_-_Princeton_169_new/campaign/processed_json/segments/9b1c0b60-a317-4614-b1d3-ac66ae257922/part_3/011542.json,,,0.968620922016178,88.19,80.5921052631579,87.8289473684211,11.218836565097,93.5180055401662,75.8,0.963471903538721,0.948689828823978,
/media/vsi-dev/Lacie_2/mndot_workzone_project/Tesla/campaign_8348ccbe-b6ca-4be8-82ff-b4eba2616879-Tesla_-_Princeton_169_new/campaign/processed_json/segments/9b1c0b60-a317-4614-b1d3-ac66ae257922/part_3/011543.json,,,0.968620922016178,87.82,81.25,88.1578947368421,2.68698060941828,93.4349030470914,74.81,0.966306982712086,0.948447448957251,
/media/vsi-dev/Lacie_2/mndot_workzone_project/Tesla/campaign_8348ccbe-b6ca-4be8-82ff-b4eba2616879-Tesla_-_Princeton_169_new/campaign/processed_json/segments/9b1c0b60-a317-4614-b1d3-ac66ae257922/part_3/011544.json,,,0.969120740804232,88.61,83.8815789473684,87.5,12.4376731301939,93.4349030470914,76.85,0.962017368993672,0.948602966450202,
/media/vsi-dev/Lacie_2/mndot_workzone_project/Tesla/campaign_8348ccbe-b6ca-4be8-82ff-b4eba2616879-Tesla_-_Princeton_169_new/campaign/processed_json/segments/9b1c0b60-a317-4614-b1d3-ac66ae257922/part_3/011545.json,,,0.970433403055154,89.29,84.8684210526316,87.8289473684211,19.2243767313019,94.0997229916897,78.37,0.96412684764618,0.948474565202786,
/media/vsi-dev/Lacie_2/mndot_workzone_project/Tesla/campaign_8348ccbe-b6ca-4be8-82ff-b4eba2616879-Tesla_-_Princeton_169_new/campaign/processed_json/segments/9b1c0b60-a317-4614-b1d3-ac66ae257922/part_3/011546.json,,,0.975005175298418,92.08,81.5789473684211,87.5,73.6842105263158,94.1551246537396,85.37,0.944394630289028,0.948700246257623,
/media/vsi-dev/Lacie_2/mndot_workzone_project/Tesla/campaign_8348ccbe-b6ca-4be8-82ff-b4eba2616879-Tesla_-_Princeton_169_new/campaign/processed_json/segments/9b1c0b60-a317-4614-b1d3-ac66ae257922/part_3/011547.json,,,0.969233234476344,88.86,84.5394736842105,87.5,14.7645429362881,93.2409972299169,77.38,0.96546238891287,0.948892862157248,
/media/vsi-dev/Lacie_2/mndot_workzone_project/Tesla/campaign_8348ccbe-b6ca-4be8-82ff-b4eba2616879-Tesla_-_Princeton_169_new/campaign/processed_json/segments/9b1c0b60-a317-4614-b1d3-ac66ae257922/part_3/011548.json,,,0.970433403055154,89.05,84.8684210526316,87.5,17.3961218836565,92.2160664819945,77.72,0.965005382110518,0.949179788051144,
/media/vsi-dev/Lacie_2/mndot_workzone_project/Tesla/campaign_8348ccbe-b6ca-4be8-82ff-b4eba2616879-Tesla_-_Princeton_169_new/campaign/processed_json/segments/9b1c0b60-a317-4614-b1d3-ac66ae257922/part_3/011549.json,,,0.969233234476344,88.31,81.5789473684211,87.5,12.409972299169,92.0498614958449,75.97,0.965621677960617,0.949306173039768,
/media/vsi-dev/Lacie_2/mndot_workzone_project/Tesla/campaign_8348ccbe-b6ca-4be8-82ff-b4eba2616879-Tesla_-_Princeton_169_new/campaign/processed_json/segments/9b1c0b60-a317-4614-b1d3-ac66ae257922/part_3/011550.json,,,0.973896737455057,91.97,82.8947368421053,87.5,71.0249307479224,92.9085872576177,85.18,0.945195856684107,0.948757704970397,
/media/vsi-dev/Lacie_2/mndot_workzone_project/Tesla/campaign_8348ccbe-b6ca-4be8-82ff-b4eba2616879-Tesla_-_Princeton_169_new/campaign/processed_json/segments/9b1c0b60-a317-4614-b1d3-ac66ae257922/part_3/011551.json,,,0.972765240307908,89.44,84.5394736842105,87.5,21.994459833795,93.9058171745152,78.55,0.962867579169001,0.948500623533138,
/media/vsi-dev/Lacie_2/mndot_workzone_project/Tesla/campaign_8348ccbe-b6ca-4be8-82ff-b4eba2616879-Tesla_-_Princeton_169_new/campaign/processed_json/segments/9b1c0b60-a317-4614-b1d3-ac66ae257922/part_3/011552.json,,,0.969220734554469,88.06,84.2105263157895,87.5,2.54847645429363,91.994459833795,75.28,0.96872507025395,0.949049136812569,
/media/vsi-dev/Lacie_2/mndot_workzone_project/Tesla/campaign_8348ccbe-b6ca-4be8-82ff-b4eba2616879-Tesla_-_Princeton_169_new/campaign/processed_json/segments/9b1c0b60-a317-4614-b1d3-ac66ae257922/part_3/011553.json,,,0.969233234476344,88.98,85.5263157894737,87.5,14.3490304709141,93.9335180055402,77.71,0.964269604835403,0.948479620632985,
/media/vsi-dev/Lacie_2/mndot_workzone_project/Tesla/campaign_8348ccbe-b6ca-4be8-82ff-b4eba2616879-Tesla_-_Princeton_169_new/campaign/processed_json/segments/9b1c0b60-a317-4614-b1d3-ac66ae257922/part_3/011554.json,,,0.970433403055154,88.66,84.2105263157895,87.5,11.0526315789474,93.4626038781163,76.76,0.96541408420335,0.948333453990293,
/media/vsi-dev/Lacie_2/mndot_workzone_project/Tesla/campaign_8348ccbe-b6ca-4be8-82ff-b4eba2616879-Tesla_-_Princeton_169_new/campaign/processed_json/segments/9b1c0b60-a317-4614-b1d3-ac66ae257922/part_3/011555.json,,,0.969233234476344,88.21,84.5394736842105,87.1710526315789,2.68698060941828,94.792243767313,75.71,0.967004888992989,0.948263452239953,
/media/vsi-dev/Lacie_2/mndot_workzone_project/Tesla/campaign_8348ccbe-b6ca-4be8-82ff-b4eba2616879-Tesla_-_Princeton_169_new/campaign/processed_json/segments/9b1c0b60-a317-4614-b1d3-ac66ae257922/part_3/011556.json,,,0.969220734554469,88.48,84.5394736842105,87.5,9.00277008310249,92.409972299169,76.4,0.966742396938604,0.948873396092754,
/media/vsi-dev/Lacie_2/mndot_workzone_project/Tesla/campaign_8348ccbe-b6ca-4be8-82ff-b4eba2616879-Tesla_-_Princeton_169_new/campaign/processed_json/segments/9b1c0b60-a317-4614-b1d3-ac66ae257922/part_3/011557.json,,,0.969233234476344,88.84,84.2105263157895,87.8289473684211,14.1551246537396,93.4072022160665,77.32,0.965426622346538,0.948788845409791,
/media/vsi-dev/Lacie_2/mndot_workzone_project/Tesla/campaign_8348ccbe-b6ca-4be8-82ff-b4eba2616879-Tesla_-_Princeton_169_new/campaign/processed_json/segments/9b1c0b60-a317-4614-b1d3-ac66ae257922/part_3/011558.json,,,0.969233234476344,88.58,84.2105263157895,87.1710526315789,12.382271468144,92.1329639889197,76.66,0.965404528075895,0.949161521733719,
/media/vsi-dev/Lacie_2/mndot_workzone_project/Tesla/campaign_8348ccbe-b6ca-4be8-82ff-b4eba2616879-Tesla_-_Princeton_169_new/campaign/processed_json/segments/9b1c0b60-a317-4614-b1d3-ac66ae257922/part_3/011559.json,,,0.969033254475011,88.89,84.5394736842105,87.5,14.9861495844875,93.6565096952909,77.48,0.964709776906975,0.948865177332499,
/media/vsi-dev/Lacie_2/mndot_workzone_project/Tesla/campaign_8348ccbe-b6ca-4be8-82ff-b4eba2616879-Tesla_-_Princeton_169_new/campaign/processed_json/segments/9b1c0b60-a317-4614-b1d3-ac66ae257922/part_3/011560.json,,,0.968920783299383,88.65,83.5526315789474,87.5,11.6343490304709,94.9030470914127,76.87,0.966376925756919,0.948178491901375,
/media/vsi-dev/Lacie_2/mndot_workzone_project/Tesla/campaign_8348ccbe-b6ca-4be8-82ff-b4eba2616879-Tesla_-_Princeton_169_new/campaign/processed_json/segments/9b1c0b60-a317-4614-b1d3-ac66ae257922/part_3/011561.json,,,0.969120740804232,88.34,84.8684210526316,86.8421052631579,3.8781163434903,95.7617728531856,76.04,0.968123430030601,0.948156377269461,
/media/vsi-dev/Lacie_2/mndot_workzone_project/Tesla/campaign_8348ccbe-b6ca-4be8-82ff-b4eba2616879-Tesla_-_Princeton_169_new/campaign/processed_json/segments/9b1c0b60-a317-4614-b1d3-ac66ae257922/part_3/011562.json,,,0.972765240307908,88.6,85.5263157894737,87.5,4.70914127423823,94.3213296398892,76.34,0.967106230197116,0.948482681170672,
/media/vsi-dev/Lacie_2/mndot_workzone_project/Tesla/campaign_8348ccbe-b6ca-4be8-82ff-b4eba2616879-Tesla_-_Princeton_169_new/campaign/processed_json/segments/9b1c0b60-a317-4614-b1d3-ac66ae257922/part_3/011563.json,,,0.970433403055154,88.69,84.8684210526316,87.1710526315789,10.803324099723,93.7396121883657,76.86,0.96401782043931,0.948517802896315,
/media/vsi-dev/Lacie_2/mndot_workzone_project/Tesla/campaign_8348ccbe-b6ca-4be8-82ff-b4eba2616879-Tesla_-_Princeton_169_new/campaign/processed_json/segments/9b1c0b60-a317-4614-b1d3-ac66ae257922/part_3/011564.json,,,0.968620922016178,88.89,84.8684210526316,87.1710526315789,15.6786703601108,93.6565096952909,77.57,0.964035819815293,0.947967352131463,
/media/vsi-dev/Lacie_2/mndot_workzone_project/Tesla/campaign_8348ccbe-b6ca-4be8-82ff-b4eba2616879-Tesla_-_Princeton_169_new/campaign/processed_json/segments/9b1c0b60-a317-4614-b1d3-ac66ae257922/part_3/011565.json,,,0.968920783299383,88.5,84.2105263157895,87.5,10.8587257617729,91.7451523545706,76.48,0.966424814640253,0.948369498314049,
/media/vsi-dev/Lacie_2/mndot_workzone_project/Tesla/campaign_8348ccbe-b6ca-4be8-82ff-b4eba2616879-Tesla_-_Princeton_169_new/campaign/processed_json/segments/9b1c0b60-a317-4614-b1d3-ac66ae257922/part_3/011566.json,,,0.968433554391028,88.44,85.1973684210526,87.5,7.17451523545706,92.7700831024931,76.38,0.966299905119701,0.948571920712498,
/media/vsi-dev/Lacie_2/mndot_workzone_project/Tesla/campaign_8348ccbe-b6ca-4be8-82ff-b4eba2616879-Tesla_-_Princeton_169_new/campaign/processed_json/segments/9b1c0b60-a317-4614-b1d3-ac66ae257922/part_3/011567.json,,,0.966786233276824,88.24,84.5394736842105,86.8421052631579,7.25761772853186,93.1301939058172,76.05,0.967045696353128,0.947956015452455,
/media/vsi-dev/Lacie_2/mndot_workzone_project/Tesla/campaign_8348ccbe-b6ca-4be8-82ff-b4eba2616879-Tesla_-_Princeton_169_new/campaign/processed_json/segments/9b1c0b60-a317-4614-b1d3-ac66ae257922/part_3/011568.json,,,0.967721877728007,88.34,84.8684210526316,86.8421052631579,8.42105263157895,92.4930747922438,76.22,0.966132800558644,0.947993162029232,
/media/vsi-dev/Lacie_2/mndot_workzone_project/Tesla/campaign_8348ccbe-b6ca-4be8-82ff-b4eba2616879-Tesla_-_Princeton_169_new/campaign/processed_json/segments/9b1c0b60-a317-4614-b1d3-ac66ae257922/part_3/011569.json,,,0.968433554391028,88.23,84.2105263157895,87.5,7.92243767313019,90.5540166204986,75.86,0.966208911734661,0.948374194502695,
/media/vsi-dev/Lacie_2/mndot_workzone_project/Tesla/campaign_8348ccbe-b6ca-4be8-82ff-b4eba2616879-Tesla_-_Princeton_169_new/campaign/processed_json/segments/9b1c0b60-a317-4614-b1d3-ac66ae257922/part_3/011570.json,,,0.968920783299383,88.79,84.2105263157895,87.5,17.5346260387812,90.7479224376731,77.31,0.962191342418075,0.948520216804009,
/media/vsi-dev/Lacie_2/mndot_workzone_project/Tesla/campaign_8348ccbe-b6ca-4be8-82ff-b4eba2616879-Tesla_-_Princeton_169_new/campaign/processed_json/segments/9b1c0b60-a317-4614-b1d3-ac66ae257922/part_3/011571.json,,,0.968620922016178,87.98,83.8815789473684,87.5,1.19113573407202,93.5457063711911,75.2,0.967357858107609,0.947907505077785,
/media/vsi-dev/Lacie_2/mndot_workzone_project/Tesla/campaign_8348ccbe-b6ca-4be8-82ff-b4eba2616879-Tesla_-_Princeton_169_new/campaign/processed_json/segments/9b1c0b60-a317-4614-b1d3-ac66ae257922/part_3/011572.json,,,0.969120740804232,89.06,83.5526315789474,86.8421052631579,21.0803324099723,93.9335180055402,77.93,0.964716302739664,0.947974596475592,
/media/vsi-dev/Lacie_2/mndot_workzone_project/Tesla/campaign_8348ccbe-b6ca-4be8-82ff-b4eba2616879-Tesla_-_Princeton_169_new/campaign/processed_json/segments/9b1c0b60-a317-4614-b1d3-ac66ae257922/part_3/011573.json,,,0.969033254475011,88.34,83.8815789473684,87.5,6.67590027700831,93.4349030470914,76.02,0.968621950875993,0.948298550601733,
/media/vsi-dev/Lacie_2/mndot_workzone_project/Tesla/campaign_8348ccbe-b6ca-4be8-82ff-b4eba2616879-Tesla_-_Princeton_169_new/campaign/processed_json/segments/9b1c0b60-a317-4614-b1d3-ac66ae257922/part_3/011574.json,,,0.968920783299383,88.48,83.5526315789474,87.5,10.5817174515235,92.8531855955679,76.41,0.967618050690185,0.948141315957168,
/media/vsi-dev/Lacie_2/mndot_workzone_project/Tesla/campaign_8348ccbe-b6ca-4be8-82ff-b4eba2616879-Tesla_-_Princeton_169_new/campaign/processed_json/segments/9b1c0b60-a317-4614-b1d3-ac66ae257922/part_3/011575.json,,,0.968221246881518,88.19,84.2105263157895,87.5,5.18005540166205,92.9916897506925,75.81,0.965667753050466,0.947969530100558,
/media/vsi-dev/Lacie_2/mndot_workzone_project/Tesla/campaign_8348ccbe-b6ca-4be8-82ff-b4eba2616879-Tesla_-_Princeton_169_new/campaign/processed_json/segments/9b1c0b60-a317-4614-b1d3-ac66ae257922/part_3/011576.json,,,0.968433554391028,88.31,84.2105263157895,87.5,9.00277008310249,91.218836565097,76.11,0.964777527204563,0.948374768919625,
/media/vsi-dev/Lacie_2/mndot_workzone_project/Tesla/campaign_8348ccbe-b6ca-4be8-82ff-b4eba2616879-Tesla_-_Princeton_169_new/campaign/processed_json/segments/9b1c0b60-a317-4614-b1d3-ac66ae257922/part_3/011577.json,,,0.968620922016178,88.94,85.1973684210526,87.1710526315789,17.2299168975069,92.5484764542936,77.73,0.962007693599998,0.948164044868458,
/media/vsi-dev/Lacie_2/mndot_workzone_project/Tesla/campaign_8348ccbe-b6ca-4be8-82ff-b4eba2616879-Tesla_-_Princeton_169_new/campaign/processed_json/segments/9b1c0b60-a317-4614-b1d3-ac66ae257922/part_3/011578.json,,,0.969120740804232,89.95,84.2105263157895,87.8289473684211,35.2631578947368,91.9390581717451,80.24,0.960494790202426,0.948284488337975,
/media/vsi-dev/Lacie_2/mndot_workzone_project/Tesla/campaign_8348ccbe-b6ca-4be8-82ff-b4eba2616879-Tesla_-_Princeton_169_new/campaign/processed_json/segments/9b1c0b60-a317-4614-b1d3-ac66ae257922/part_3/011579.json,,,0.969120740804232,89.12,84.2105263157895,88.1578947368421,20.415512465374,91.4681440443213,78.06,0.964863045126494,0.94830200905185,
/media/vsi-dev/Lacie_2/mndot_workzone_project/Tesla/campaign_8348ccbe-b6ca-4be8-82ff-b4eba2616879-Tesla_-_Princeton_169_new/campaign/processed_json/segments/9b1c0b60-a317-4614-b1d3-ac66ae257922/part_3/011580.json,,,0.972765240307908,89.07,84.2105263157895,88.1578947368421,19.2243767313019,89.196675900277,77.54,0.96526023441698,0.948962738927586,
/media/vsi-dev/Lacie_2/mndot_workzone_project/Tesla/campaign_8348ccbe-b6ca-4be8-82ff-b4eba2616879-Tesla_-_Princeton_169_new/campaign/processed_json/segments/9b1c0b60-a317-4614-b1d3-ac66ae257922/part_3/011581.json,,,0.969220734554469,88.61,84.2105263157895,87.5,13.1301939058172,91.0249307479224,76.71,0.967082334183867,0.948193053899389,
/media/vsi-dev/Lacie_2/mndot_workzone_project/Tesla/campaign_8348ccbe-b6ca-4be8-82ff-b4eba2616879-Tesla_-_Princeton_169_new/campaign/processed_json/segments/9b1c0b60-a317-4614-b1d3-ac66ae257922/part_3/011582.json,,,0.970433403055154,88.97,84.8684210526316,87.5,16.9806094182826,91.4404432132964,77.54,0.965783773360493,0.948191508517764,
/media/vsi-dev/Lacie_2/mndot_workzone_project/Tesla/campaign_8348ccbe-b6ca-4be8-82ff-b4eba2616879-Tesla_-_Princeton_169_new/campaign/processed_json/segments/9b1c0b60-a317-4614-b1d3-ac66ae257922/part_3/011583.json,,,0.969233234476344,89.25,85.5263157894737,88.1578947368421,19.6398891966759,91.7174515235457,78.37,0.9649161272239,0.948091207062481,
/media/vsi-dev/Lacie_2/mndot_workzone_project/Tesla/campaign_8348ccbe-b6ca-4be8-82ff-b4eba2616879-Tesla_-_Princeton_169_new/campaign/processed_json/segments/9b1c0b60-a317-4614-b1d3-ac66ae257922/part_3/011584.json,,,0.969233234476344,88.96,84.2105263157895,88.1578947368421,18.4487534626039,90.4986149584488,77.62,0.965282336795179,0.948521102000369,
/media/vsi-dev/Lacie_2/mndot_workzone_project/Tesla/campaign_8348ccbe-b6ca-4be8-82ff-b4eba2616879-Tesla_-_Princeton_169_new/campaign/processed_json/segments/9b1c0b60-a317-4614-b1d3-ac66ae257922/part_3/011585.json,,,0.969033254475011,88.9,84.8684210526316,88.1578947368421,16.5650969529086,90,77.47,0.966473983304446,0.948254274140002,
/media/vsi-dev/Lacie_2/mndot_workzone_project/Tesla/campaign_8348ccbe-b6ca-4be8-82ff-b4eba2616879-Tesla_-_Princeton_169_new/campaign/processed_json/segments/9b1c0b60-a317-4614-b1d3-ac66ae257922/part_3/011586.json,,,0.973896737455057,89.32,85.8552631578947,88.1578947368421,17.1191135734072,91.3850415512465,78.05,0.966012316033411,0.94805554101842,
/media/vsi-dev/Lacie_2/mndot_workzone_project/Tesla/campaign_8348ccbe-b6ca-4be8-82ff-b4eba2616879-Tesla_-_Princeton_169_new/campaign/processed_json/segments/9b1c0b60-a317-4614-b1d3-ac66ae257922/part_3/011587.json,,,0.973896737455057,89.26,86.1842105263158,88.1578947368421,18.4764542936288,88.2271468144044,77.88,0.965857525999711,0.949004838907277,
/media/vsi-dev/Lacie_2/mndot_workzone_project/Tesla/campaign_8348ccbe-b6ca-4be8-82ff-b4eba2616879-Tesla_-_Princeton_169_new/campaign/processed_json/segments/9b1c0b60-a317-4614-b1d3-ac66ae257922/part_3/011588.json,,,0.969233234476344,88.74,86.1842105263158,88.1578947368421,12.8254847645429,88.5041551246537,77.07,0.965745189333523,0.948672043005086,
/media/vsi-dev/Lacie_2/mndot_workzone_project/Tesla/campaign_8348ccbe-b6ca-4be8-82ff-b4eba2616879-Tesla_-_Princeton_169_new/campaign/processed_json/segments/9b1c0b60-a317-4614-b1d3-ac66ae257922/part_3/011589.json,,,0.97715254792786,89.01,86.1842105263158,88.1578947368421,12.2714681440443,88.2548476454294,76.95,0.965473388725658,0.948810422785078,
/media/vsi-dev/Lacie_2/mndot_workzone_project/Tesla/campaign_8348ccbe-b6ca-4be8-82ff-b4eba2616879-Tesla_-_Princeton_169_new/campaign/processed_json/segments/9b1c0b60-a317-4614-b1d3-ac66ae257922/part_3/011590.json,,,0.973896737455057,89.13,86.1842105263158,88.1578947368421,16.4265927977839,88.6149584487535,77.62,0.964487550732615,0.948272130367426,
/media/vsi-dev/Lacie_2/mndot_workzone_project/Tesla/campaign_8348ccbe-b6ca-4be8-82ff-b4eba2616879-Tesla_-_Princeton_169_new/campaign/processed_json/segments/9b1c0b60-a317-4614-b1d3-ac66ae257922/part_3/011591.json,,,0.980198673306755,89.41,84.2105263157895,88.1578947368421,21.1634349030471,87.9501385041551,77.65,0.965496368203032,0.94874403301141,
/media/vsi-dev/Lacie_2/mndot_workzone_project/Tesla/campaign_8348ccbe-b6ca-4be8-82ff-b4eba2616879-Tesla_-_Princeton_169_new/campaign/processed_json/segments/9b1c0b60-a317-4614-b1d3-ac66ae257922/part_3/011592.json,,,0.973896737455057,89.29,86.1842105263158,88.1578947368421,17.8393351800554,90,78.04,0.963289720152273,0.948191671653411,
/media/vsi-dev/Lacie_2/mndot_workzone_project/Tesla/campaign_8348ccbe-b6ca-4be8-82ff-b4eba2616879-Tesla_-_Princeton_169_new/campaign/processed_json/segments/9b1c0b60-a317-4614-b1d3-ac66ae257922/part_3/011593.json,,,0.97715254792786,88.29,81.9078947368421,88.1578947368421,5.87257617728532,90.7756232686981,75.1,0.968230429365406,0.948002363767713,
/media/vsi-dev/Lacie_2/mndot_workzone_project/Tesla/campaign_8348ccbe-b6ca-4be8-82ff-b4eba2616879-Tesla_-_Princeton_169_new/campaign/processed_json/segments/9b1c0b60-a317-4614-b1d3-ac66ae257922/part_3/011594.json,,,0.972765240307908,87.75,80.9210526315789,88.1578947368421,1.60664819944598,91.3573407202216,74.24,0.967216193129319,0.947546708322294,
/media/vsi-dev/Lacie_2/mndot_workzone_project/Tesla/campaign_8348ccbe-b6ca-4be8-82ff-b4eba2616879-Tesla_-_Princeton_169_new/campaign/processed_json/segments/9b1c0b60-a317-4614-b1d3-ac66ae257922/part_3/011595.json,,,0.970433403055154,88.98,85.8552631578947,88.1578947368421,15.2631578947368,89.9445983379501,77.55,0.966099311789439,0.947703624331375,
/media/vsi-dev/Lacie_2/mndot_workzone_project/Tesla/campaign_8348ccbe-b6ca-4be8-82ff-b4eba2616879-Tesla_-_Princeton_169_new/campaign/processed_json/segments/9b1c0b60-a317-4614-b1d3-ac66ae257922/part_3/011596.json,,,0.97715254792786,92.8,85.5263157894737,88.1578947368421,78.2825484764543,90.6094182825485,86.91,0.94664747183747,0.948198219233559,
/media/vsi-dev/Lacie_2/mndot_workzone_project/Tesla/campaign_8348ccbe-b6ca-4be8-82ff-b4eba2616879-Tesla_-_Princeton_169_new/campaign/processed_json/segments/9b1c0b60-a317-4614-b1d3-ac66ae257922/part_3/011597.json,,,0.970433403055154,88.71,85.8552631578947,87.8289473684211,11.9667590027701,89.2243767313019,76.86,0.96739950839716,0.947926638423932,
/media/vsi-dev/Lacie_2/mndot_workzone_project/Tesla/campaign_8348ccbe-b6ca-4be8-82ff-b4eba2616879-Tesla_-_Princeton_169_new/campaign/processed_json/segments/9b1c0b60-a317-4614-b1d3-ac66ae257922/part_3/011598.json,,,0.972765240307908,89.29,86.1842105263158,88.1578947368421,19.8060941828255,88.4487534626039,78.11,0.965151536525435,0.948293683109016,
/media/vsi-dev/Lacie_2/mndot_workzone_project/Tesla/campaign_8348ccbe-b6ca-4be8-82ff-b4eba2616879-Tesla_-_Princeton_169_new/campaign/processed_json/segments/9b1c0b60-a317-4614-b1d3-ac66ae257922/part_3/011599.json,,,0.973896737455057,88.04,86.1842105263158,88.1578947368421,0,85.6232686980609,74.74,0.969469205490551,0.949303258518162,
/media/vsi-dev/Lacie_2/mndot_workzone_project/Tesla/campaign_8348ccbe-b6ca-4be8-82ff-b4eba2616879-Tesla_-_Princeton_169_new/campaign/processed_json/segments/9b1c0b60-a317-4614-b1d3-ac66ae257922/part_3/011600.json,,,0.981167097577432,89.45,84.8684210526316,88.1578947368421,21.7174515235457,86.01108033241,77.64,0.966020501512946,0.94883768665592,
/media/vsi-dev/Lacie_2/mndot_workzone_project/Tesla/campaign_8348ccbe-b6ca-4be8-82ff-b4eba2616879-Tesla_-_Princeton_169_new/campaign/processed_json/segments/9b1c0b60-a317-4614-b1d3-ac66ae257922/part_3/011601.json,,,0.981167097577432,89.97,85.5263157894737,87.5,29.3905817174515,87.5346260387812,79.01,0.963990263904524,0.948216991083351,
/media/vsi-dev/Lacie_2/mndot_workzone_project/Tesla/campaign_8348ccbe-b6ca-4be8-82ff-b4eba2616879-Tesla_-_Princeton_169_new/campaign/processed_json/segments/9b1c0b60-a317-4614-b1d3-ac66ae257922/part_3/011602.json,,,0.981167097577432,90.01,86.1842105263158,88.1578947368421,28.9196675900277,85.983379501385,79.1,0.963794529454513,0.948654029335448,
/media/vsi-dev/Lacie_2/mndot_workzone_project/Tesla/campaign_8348ccbe-b6ca-4be8-82ff-b4eba2616879-Tesla_-_Princeton_169_new/campaign/processed_json/segments/9b1c0b60-a317-4614-b1d3-ac66ae257922/part_3/011603.json,,,0.981167097577432,90.44,86.5131578947369,88.1578947368421,33.3795013850415,88.2548476454294,80.2,0.962891548838677,0.947969008495118,
/media/vsi-dev/Lacie_2/mndot_workzone_project/Tesla/campaign_8348ccbe-b6ca-4be8-82ff-b4eba2616879-Tesla_-_Princeton_169_new/campaign/processed_json/segments/9b1c0b60-a317-4614-b1d3-ac66ae257922/part_3/011604.json,,,0.981167097577432,90.08,86.1842105263158,88.1578947368421,24.9307479224377,91.4127423822715,79.31,0.96313249225311,0.947731643129986,
/media/vsi-dev/Lacie_2/mndot_workzone_project/Tesla/campaign_8348ccbe-b6ca-4be8-82ff-b4eba2616879-Tesla_-_Princeton_169_new/campaign/processed_json/segments/9b1c0b60-a317-4614-b1d3-ac66ae257922/part_3/011605.json,,,0.97715254792786,89.26,85.5263157894737,88.1578947368421,16.3157894736842,89.9722991689751,77.61,0.964837002235723,0.947849716493336,
/media/vsi-dev/Lacie_2/mndot_workzone_project/Tesla/campaign_8348ccbe-b6ca-4be8-82ff-b4eba2616879-Tesla_-_Princeton_169_new/campaign/processed_json/segments/9b1c0b60-a317-4614-b1d3-ac66ae257922/part_3/011606.json,,,0.975005175298418,89.03,86.8421052631579,88.1578947368421,12.6315789473684,88.2825484764543,77.21,0.965745830912878,0.94843818199044,
/media/vsi-dev/Lacie_2/mndot_workzone_project/Tesla/campaign_8348ccbe-b6ca-4be8-82ff-b4eba2616879-Tesla_-_Princeton_169_new/campaign/processed_json/segments/9b1c0b60-a317-4614-b1d3-ac66ae257922/part_3/011607.json,,,0.981167097577432,89.69,85.5263157894737,88.1578947368421,25.0692520775623,85.4847645429363,78.26,0.964835035467687,0.949150238066769,
/media/vsi-dev/Lacie_2/mndot_workzone_project/Tesla/campaign_8348ccbe-b6ca-4be8-82ff-b4eba2616879-Tesla_-_Princeton_169_new/campaign/processed_json/segments/9b1c0b60-a317-4614-b1d3-ac66ae257922/part_3/011608.json,,,0.981167097577432,89.31,85.1973684210526,87.5,20.4986149584488,85.4847645429363,77.28,0.966331137775875,0.949060114561929,
/media/vsi-dev/Lacie_2/mndot_workzone_project/Tesla/campaign_8348ccbe-b6ca-4be8-82ff-b4eba2616879-Tesla_-_Princeton_169_new/campaign/processed_json/segments/9b1c0b60-a317-4614-b1d3-ac66ae257922/part_3/011609.json,,,0.981167097577432,89.55,84.5394736842105,87.8289473684211,22.6592797783934,88.3379501385042,77.93,0.965147224675212,0.948390385593252,
/media/vsi-dev/Lacie_2/mndot_workzone_project/Tesla/campaign_8348ccbe-b6ca-4be8-82ff-b4eba2616879-Tesla_-_Princeton_169_new/campaign/processed_json/segments/9b1c0b60-a317-4614-b1d3-ac66ae257922/part_3/011610.json,,,0.980198673306755,88.82,84.2105263157895,87.5,11.8005540166205,88.6149584487535,76.15,0.967172033701006,0.948070665332773,
/media/vsi-dev/Lacie_2/mndot_workzone_project/Tesla/campaign_8348ccbe-b6ca-4be8-82ff-b4eba2616879-Tesla_-_Princeton_169_new/campaign/processed_json/segments/9b1c0b60-a317-4614-b1d3-ac66ae257922/part_3/011611.json,,,0.981167097577432,89.59,84.5394736842105,87.5,24.9030470914127,87.6454293628809,78.06,0.96433042612406,0.947939008958677,
/media/vsi-dev/Lacie_2/mndot_workzone_project/Tesla/campaign_8348ccbe-b6ca-4be8-82ff-b4eba2616879-Tesla_-_Princeton_169_new/campaign/processed_json/segments/9b1c0b60-a317-4614-b1d3-ac66ae257922/part_3/011612.json,,,0.980198673306755,89.31,84.5394736842105,88.1578947368421,19.0581717451524,87.8670360110803,77.42,0.965232371485151,0.948201877819822,
/media/vsi-dev/Lacie_2/mndot_workzone_project/Tesla/campaign_8348ccbe-b6ca-4be8-82ff-b4eba2616879-Tesla_-_Princeton_169_new/campaign/processed_json/segments/9b1c0b60-a317-4614-b1d3-ac66ae257922/part_3/011613.json,,,0.973896737455057,89.17,83.8815789473684,86.8421052631579,25.5678670360111,87.617728531856,77.75,0.963847187374873,0.947434081757097,
/media/vsi-dev/Lacie_2/mndot_workzone_project/Tesla/campaign_8348ccbe-b6ca-4be8-82ff-b4eba2616879-Tesla_-_Princeton_169_new/campaign/processed_json/segments/9b1c0b60-a317-4614-b1d3-ac66ae257922/part_3/011614.json,,,0.973896737455057,89.07,83.5526315789474,88.1578947368421,21.2742382271468,88.0332409972299,77.47,0.965022836036871,0.947977688970628,
/media/vsi-dev/Lacie_2/mndot_workzone_project/Tesla/campaign_8348ccbe-b6ca-4be8-82ff-b4eba2616879-Tesla_-_Princeton_169_new/campaign/processed_json/segments/9b1c0b60-a317-4614-b1d3-ac66ae257922/part_3/011615.json,,,0.972765240307908,88.9,84.5394736842105,87.5,17.7008310249307,88.4487534626039,77.11,0.967008975505099,0.947408431720136,
/media/vsi-dev/Lacie_2/mndot_workzone_project/Tesla/campaign_8348ccbe-b6ca-4be8-82ff-b4eba2616879-Tesla_-_Princeton_169_new/campaign/processed_json/segments/9b1c0b60-a317-4614-b1d3-ac66ae257922/part_3/011616.json,,,0.969220734554469,88.65,84.5394736842105,87.5,14.9307479224377,89.3628808864266,76.83,0.967771581751038,0.947401864296575,
/media/vsi-dev/Lacie_2/mndot_workzone_project/Tesla/campaign_8348ccbe-b6ca-4be8-82ff-b4eba2616879-Tesla_-_Princeton_169_new/campaign/processed_json/segments/9b1c0b60-a317-4614-b1d3-ac66ae257922/part_3/011617.json,,,0.969033254475011,87.6,83.5526315789474,87.1710526315789,3.15789473684211,85.9002770083102,74.16,0.969892570882681,0.947747608436284,
/media/vsi-dev/Lacie_2/mndot_workzone_project/Tesla/campaign_8348ccbe-b6ca-4be8-82ff-b4eba2616879-Tesla_-_Princeton_169_new/campaign/processed_json/segments/9b1c0b60-a317-4614-b1d3-ac66ae257922/part_3/011618.json,,,0.968920783299383,88.62,85.5263157894737,88.1578947368421,16.2880886426593,84.6814404432133,76.82,0.964916928352154,0.948323943633128,
/media/vsi-dev/Lacie_2/mndot_workzone_project/Tesla/campaign_8348ccbe-b6ca-4be8-82ff-b4eba2616879-Tesla_-_Princeton_169_new/campaign/processed_json/segments/9b1c0b60-a317-4614-b1d3-ac66ae257922/part_3/011619.json,,,0.968221246881518,88.21,84.2105263157895,87.8289473684211,12.0498614958449,85.6509695290859,75.84,0.966166665159752,0.947968222018852,
/media/vsi-dev/Lacie_2/mndot_workzone_project/Tesla/campaign_8348ccbe-b6ca-4be8-82ff-b4eba2616879-Tesla_-_Princeton_169_new/campaign/processed_json/segments/9b1c0b60-a317-4614-b1d3-ac66ae257922/part_3/011620.json,,,0.969120740804232,88.33,84.2105263157895,87.5,9.05817174515235,90.387811634349,76.01,0.96897769413062,0.947466385947508,
/media/vsi-dev/Lacie_2/mndot_workzone_project/Tesla/campaign_8348ccbe-b6ca-4be8-82ff-b4eba2616879-Tesla_-_Princeton_169_new/campaign/processed_json/segments/9b1c0b60-a317-4614-b1d3-ac66ae257922/part_3/011621.json,,,0.968433554391028,89.26,86.5131578947369,87.8289473684211,24.4321329639889,86.9529085872576,78.56,0.962126950824313,0.947967004184879,
/media/vsi-dev/Lacie_2/mndot_workzone_project/Tesla/campaign_8348ccbe-b6ca-4be8-82ff-b4eba2616879-Tesla_-_Princeton_169_new/campaign/processed_json/segments/9b1c0b60-a317-4614-b1d3-ac66ae257922/part_3/011622.json,,,0.967434853504781,88.86,85.1973684210526,87.5,21.7728531855956,86.398891966759,77.6,0.964655590986049,0.948081528868628,
/media/vsi-dev/Lacie_2/mndot_workzone_project/Tesla/campaign_8348ccbe-b6ca-4be8-82ff-b4eba2616879-Tesla_-_Princeton_169_new/campaign/processed_json/segments/9b1c0b60-a317-4614-b1d3-ac66ae257922/part_3/011623.json,,,0.966424685849189,88.28,85.8552631578947,87.5,7.61772853185596,89.4459833795014,76.15,0.969347865967393,0.947185138112122,
/media/vsi-dev/Lacie_2/mndot_workzone_project/Tesla/campaign_8348ccbe-b6ca-4be8-82ff-b4eba2616879-Tesla_-_Princeton_169_new/campaign/processed_json/segments/9b1c0b60-a317-4614-b1d3-ac66ae257922/part_3/011624.json,,,0.960818835379895,87.82,86.8421052631579,87.8289473684211,1.4404432132964,89.2520775623269,75.58,0.967991780848747,0.947568920250343,
/media/vsi-dev/Lacie_2/mndot_workzone_project/Tesla/campaign_8348ccbe-b6ca-4be8-82ff-b4eba2616879-Tesla_-_Princeton_169_new/campaign/processed_json/segments/9b1c0b60-a317-4614-b1d3-ac66ae257922/part_3/011625.json,,,0.964730900507316,88.39,85.8552631578947,87.5,13.2409972299169,87.5623268698061,76.69,0.965237801263722,0.9472916158083,
/media/vsi-dev/Lacie_2/mndot_workzone_project/Tesla/campaign_8348ccbe-b6ca-4be8-82ff-b4eba2616879-Tesla_-_Princeton_169_new/campaign/processed_json/segments/9b1c0b60-a317-4614-b1d3-ac66ae257922/part_3/011626.json,,,0.967434853504781,89.47,85.1973684210526,88.1578947368421,32.4376731301939,84.9030470914127,79.16,0.961969534882226,0.948457356834448,
/media/vsi-dev/Lacie_2/mndot_workzone_project/Tesla/campaign_8348ccbe-b6ca-4be8-82ff-b4eba2616879-Tesla_-_Princeton_169_new/campaign/processed_json/segments/9b1c0b60-a317-4614-b1d3-ac66ae257922/part_3/011627.json,,,0.966424685849189,89.28,86.1842105263158,87.5,28.9196675900277,85.0415512465374,78.76,0.963347708899102,0.948453989216176,
/media/vsi-dev/Lacie_2/mndot_workzone_project/Tesla/campaign_8348ccbe-b6ca-4be8-82ff-b4eba2616879-Tesla_-_Princeton_169_new/campaign/processed_json/segments/9b1c0b60-a317-4614-b1d3-ac66ae257922/part_3/011628.json,,,0.965191424665858,87.92,85.5263157894737,87.5,8.00554016620499,84.819944598338,75.41,0.966205787925174,0.948901293549076,
/media/vsi-dev/Lacie_2/mndot_workzone_project/Tesla/campaign_8348ccbe-b6ca-4be8-82ff-b4eba2616879-Tesla_-_Princeton_169_new/campaign/processed_json/segments/9b1c0b60-a317-4614-b1d3-ac66ae257922/part_3/011629.json,,,0.966038349019377,89.09,85.8552631578947,87.5,25.7617728531856,85.7894736842105,78.3,0.96388090764524,0.948547651891628,
/media/vsi-dev/Lacie_2/mndot_workzone_project/Tesla/campaign_8348ccbe-b6ca-4be8-82ff-b4eba2616879-Tesla_-_Princeton_169_new/campaign/processed_json/segments/9b1c0b60-a317-4614-b1d3-ac66ae257922/part_3/011630.json,,,0.967721877728007,88.86,86.1842105263158,87.5,20.1385041551247,85.5124653739612,77.52,0.9657056578299,0.94857395881695,
/media/vsi-dev/Lacie_2/mndot_workzone_project/Tesla/campaign_8348ccbe-b6ca-4be8-82ff-b4eba2616879-Tesla_-_Princeton_169_new/campaign/processed_json/segments/9b1c0b60-a317-4614-b1d3-ac66ae257922/part_3/011631.json,,,0.967721877728007,89.11,86.1842105263158,87.5,25.1523545706371,84.8753462603878,78.17,0.964230445498582,0.948664896062565,
/media/vsi-dev/Lacie_2/mndot_workzone_project/Tesla/campaign_8348ccbe-b6ca-4be8-82ff-b4eba2616879-Tesla_-_Princeton_169_new/campaign/processed_json/segments/9b1c0b60-a317-4614-b1d3-ac66ae257922/part_3/011632.json,,,0.967434853504781,88.62,85.8552631578947,88.1578947368421,14.1551246537396,86.7313019390582,76.91,0.96724638274162,0.94813472437497,
/media/vsi-dev/Lacie_2/mndot_workzone_project/Tesla/campaign_8348ccbe-b6ca-4be8-82ff-b4eba2616879-Tesla_-_Princeton_169_new/campaign/processed_json/segments/9b1c0b60-a317-4614-b1d3-ac66ae257922/part_3/011633.json,,,0.968920783299383,88.79,85.1973684210526,88.1578947368421,17.7008310249307,86.6204986149585,77.23,0.965560284523515,0.948602321553983,
/media/vsi-dev/Lacie_2/mndot_workzone_project/Tesla/campaign_8348ccbe-b6ca-4be8-82ff-b4eba2616879-Tesla_-_Princeton_169_new/campaign/processed_json/segments/9b1c0b60-a317-4614-b1d3-ac66ae257922/part_3/011634.json,,,0.968433554391028,89.06,84.5394736842105,88.1578947368421,23.5734072022161,87.3684210526316,78.01,0.963649804124949,0.948476064663834,
/media/vsi-dev/Lacie_2/mndot_workzone_project/Tesla/campaign_8348ccbe-b6ca-4be8-82ff-b4eba2616879-Tesla_-_Princeton_169_new/campaign/processed_json/segments/9b1c0b60-a317-4614-b1d3-ac66ae257922/part_3/011635.json,,,0.967434853504781,87.76,84.2105263157895,88.1578947368421,1.46814404432133,87.7008310249308,74.68,0.970056662927898,0.948563970757673,
/media/vsi-dev/Lacie_2/mndot_workzone_project/Tesla/campaign_8348ccbe-b6ca-4be8-82ff-b4eba2616879-Tesla_-_Princeton_169_new/campaign/processed_json/segments/9b1c0b60-a317-4614-b1d3-ac66ae257922/part_3/011636.json,,,0.967434853504781,87.91,85.8552631578947,87.8289473684211,4.37673130193906,85.7063711911357,75.19,0.964802273798943,0.949118526874397,
/media/vsi-dev/Lacie_2/mndot_workzone_project/Tesla/campaign_8348ccbe-b6ca-4be8-82ff-b4eba2616879-Tesla_-_Princeton_169_new/campaign/processed_json/segments/9b1c0b60-a317-4614-b1d3-ac66ae257922/part_3/011637.json,,,0.966786233276824,88.15,86.1842105263158,87.8289473684211,5.23545706371191,88.1717451523546,75.79,0.967229253533621,0.948546794468112,
/media/vsi-dev/Lacie_2/mndot_workzone_project/Tesla/campaign_8348ccbe-b6ca-4be8-82ff-b4eba2616879-Tesla_-_Princeton_169_new/campaign/processed_json/segments/9b1c0b60-a317-4614-b1d3-ac66ae257922/part_3/011638.json,,,0.968221246881518,91.72,85.5263157894737,87.5,70.0831024930748,87.9224376731302,85.09,0.9473317453074,0.948660734833273,
/media/vsi-dev/Lacie_2/mndot_workzone_project/Tesla/campaign_8348ccbe-b6ca-4be8-82ff-b4eba2616879-Tesla_-_Princeton_169_new/campaign/processed_json/segments/9b1c0b60-a317-4614-b1d3-ac66ae257922/part_3/011639.json,,,0.968221246881518,92.04,86.8421052631579,87.5,72.2714681440443,88.5318559556787,85.9,0.946738364327914,0.948295956272168,
/media/vsi-dev/Lacie_2/mndot_workzone_project/Tesla/campaign_8348ccbe-b6ca-4be8-82ff-b4eba2616879-Tesla_-_Princeton_169_new/campaign/processed_json/segments/9b1c0b60-a317-4614-b1d3-ac66ae257922/part_3/011640.json,,,0.967721877728007,88.15,86.8421052631579,87.8289473684211,1.96675900277008,89.5013850415512,75.7,0.967997106558521,0.948198622125978,
/media/vsi-dev/Lacie_2/mndot_workzone_project/Tesla/campaign_8348ccbe-b6ca-4be8-82ff-b4eba2616879-Tesla_-_Princeton_169_new/campaign/processed_json/segments/9b1c0b60-a317-4614-b1d3-ac66ae257922/part_3/011641.json,,,0.968920783299383,88.97,87.5,88.1578947368421,11.7451523545706,91.218836565097,77.71,0.964993032337566,0.94788461319683,
/media/vsi-dev/Lacie_2/mndot_workzone_project/Tesla/campaign_8348ccbe-b6ca-4be8-82ff-b4eba2616879-Tesla_-_Princeton_169_new/campaign/processed_json/segments/9b1c0b60-a317-4614-b1d3-ac66ae257922/part_3/011642.json,,,0.968920783299383,88.99,88.1578947368421,88.1578947368421,13.1301939058172,88.808864265928,77.75,0.965011038860665,0.948515201267368,
/media/vsi-dev/Lacie_2/mndot_workzone_project/Tesla/campaign_8348ccbe-b6ca-4be8-82ff-b4eba2616879-Tesla_-_Princeton_169_new/campaign/processed_json/segments/9b1c0b60-a317-4614-b1d3-ac66ae257922/part_3/011643.json,,,0.969033254475011,88.07,86.8421052631579,87.5,0,89.8060941828255,75.36,0.968332264873215,0.948307898493765,
/media/vsi-dev/Lacie_2/mndot_workzone_project/Tesla/campaign_8348ccbe-b6ca-4be8-82ff-b4eba2616879-Tesla_-_Princeton_169_new/campaign/processed_json/segments/9b1c0b60-a317-4614-b1d3-ac66ae257922/part_3/011644.json,,,0.969233234476344,89.1,86.1842105263158,87.8289473684211,18.9750692520776,88.9473684210526,77.96,0.965892602321624,0.948594348021247,
/media/vsi-dev/Lacie_2/mndot_workzone_project/Tesla/campaign_8348ccbe-b6ca-4be8-82ff-b4eba2616879-Tesla_-_Princeton_169_new/campaign/processed_json/segments/9b1c0b60-a317-4614-b1d3-ac66ae257922/part_3/011645.json,,,0.969220734554469,88.81,87.8289473684211,88.1578947368421,9.83379501385042,89.5567867036011,77.27,0.965179052681722,0.94857761030317,
/media/vsi-dev/Lacie_2/mndot_workzone_project/Tesla/campaign_8348ccbe-b6ca-4be8-82ff-b4eba2616879-Tesla_-_Princeton_169_new/campaign/processed_json/segments/9b1c0b60-a317-4614-b1d3-ac66ae257922/part_3/011646.json,,,0.980198673306755,90.04,86.8421052631579,88.1578947368421,24.9307479224377,89.612188365651,79.25,0.964505906796366,0.948989748567184,
/media/vsi-dev/Lacie_2/mndot_workzone_project/Tesla/campaign_8348ccbe-b6ca-4be8-82ff-b4eba2616879-Tesla_-_Princeton_169_new/campaign/processed_json/segments/9b1c0b60-a317-4614-b1d3-ac66ae257922/part_3/011647.json,,,0.97715254792786,89.91,83.8815789473684,88.1578947368421,28.9473684210526,92.1052631578947,79.32,0.961253784299249,0.948622600388728,
/media/vsi-dev/Lacie_2/mndot_workzone_project/Tesla/campaign_8348ccbe-b6ca-4be8-82ff-b4eba2616879-Tesla_-_Princeton_169_new/campaign/processed_json/segments/9b1c0b60-a317-4614-b1d3-ac66ae257922/part_3/011648.json,,,0.975005175298418,89.38,85.1973684210526,88.1578947368421,17.8670360110803,92.2160664819945,78.09,0.966071108596465,0.948389560457339,
/media/vsi-dev/Lacie_2/mndot_workzone_project/Tesla/campaign_8348ccbe-b6ca-4be8-82ff-b4eba2616879-Tesla_-_Princeton_169_new/campaign/processed_json/segments/9b1c0b60-a317-4614-b1d3-ac66ae257922/part_3/011649.json,,,0.97715254792786,89.84,86.1842105263158,88.1578947368421,24.1828254847645,91.4404432132964,79.19,0.959656748485641,0.948481344612883,
/media/vsi-dev/Lacie_2/mndot_workzone_project/Tesla/campaign_8348ccbe-b6ca-4be8-82ff-b4eba2616879-Tesla_-_Princeton_169_new/campaign/processed_json/segments/9b1c0b60-a317-4614-b1d3-ac66ae257922/part_3/011650.json,,,0.97715254792786,89.81,85.8552631578947,87.8289473684211,23.601108033241,92.7700831024931,79.1,0.95959113293962,0.948307745679858,
/media/vsi-dev/Lacie_2/mndot_workzone_project/Tesla/campaign_8348ccbe-b6ca-4be8-82ff-b4eba2616879-Tesla_-_Princeton_169_new/campaign/processed_json/segments/9b1c0b60-a317-4614-b1d3-ac66ae257922/part_3/011651.json,,,0.975005175298418,88.82,83.8815789473684,87.5,12.8531855955679,91.7728531855956,76.68,0.966768037182625,0.94833289435583,
/media/vsi-dev/Lacie_2/mndot_workzone_project/Tesla/campaign_8348ccbe-b6ca-4be8-82ff-b4eba2616879-Tesla_-_Princeton_169_new/campaign/processed_json/segments/9b1c0b60-a317-4614-b1d3-ac66ae257922/part_3/011652.json,,,0.978191324262237,89.18,87.1710526315789,88.1578947368421,8.28254847645429,92.5761772853186,77.3,0.965198035074979,0.948517303939855,
/media/vsi-dev/Lacie_2/mndot_workzone_project/Tesla/campaign_8348ccbe-b6ca-4be8-82ff-b4eba2616879-Tesla_-_Princeton_169_new/campaign/processed_json/segments/9b1c0b60-a317-4614-b1d3-ac66ae257922/part_3/011653.json,,,0.982111925534364,93.26,86.8421052631579,88.1578947368421,77.0360110803324,93.5180055401662,87.56,0.946570801552497,0.94811864134394,
/media/vsi-dev/Lacie_2/mndot_workzone_project/Tesla/campaign_8348ccbe-b6ca-4be8-82ff-b4eba2616879-Tesla_-_Princeton_169_new/campaign/processed_json/segments/9b1c0b60-a317-4614-b1d3-ac66ae257922/part_3/011654.json,,,0.975005175298418,89.66,87.1710526315789,88.1578947368421,18.6703601108033,92.6038781163435,78.85,0.96337174850898,0.948661899284334,
/media/vsi-dev/Lacie_2/mndot_workzone_project/Tesla/campaign_8348ccbe-b6ca-4be8-82ff-b4eba2616879-Tesla_-_Princeton_169_new/campaign/processed_json/segments/9b1c0b60-a317-4614-b1d3-ac66ae257922/part_3/011655.json,,,0.972765240307908,88.59,86.1842105263158,88.1578947368421,3.32409972299169,92.6592797783934,76.28,0.96775603323352,0.948695863712196,
/media/vsi-dev/Lacie_2/mndot_workzone_project/Tesla/campaign_8348ccbe-b6ca-4be8-82ff-b4eba2616879-Tesla_-_Princeton_169_new/campaign/processed_json/segments/9b1c0b60-a317-4614-b1d3-ac66ae257922/part_3/011656.json,,,0.973896737455057,89.32,87.5,88.1578947368421,13.9612188365651,91.3296398891967,78.06,0.965325141731421,0.948950294881608,
/media/vsi-dev/Lacie_2/mndot_workzone_project/Tesla/campaign_8348ccbe-b6ca-4be8-82ff-b4eba2616879-Tesla_-_Princeton_169_new/campaign/processed_json/segments/9b1c0b60-a317-4614-b1d3-ac66ae257922/part_3/011657.json,,,0.973896737455057,88.69,85.8552631578947,87.8289473684211,7.34072022160665,91.0803324099723,76.45,0.966271749500358,0.949074220283258,
/media/vsi-dev/Lacie_2/mndot_workzone_project/Tesla/campaign_8348ccbe-b6ca-4be8-82ff-b4eba2616879-Tesla_-_Princeton_169_new/campaign/processed_json/segments/9b1c0b60-a317-4614-b1d3-ac66ae257922/part_3/011658.json,,,0.978191324262237,92.22,83.5526315789474,88.1578947368421,71.8836565096953,90.4709141274238,85.34,0.946357141913324,0.94923409299159,
/media/vsi-dev/Lacie_2/mndot_workzone_project/Tesla/campaign_8348ccbe-b6ca-4be8-82ff-b4eba2616879-Tesla_-_Princeton_169_new/campaign/processed_json/segments/9b1c0b60-a317-4614-b1d3-ac66ae257922/part_3/011659.json,,,0.969233234476344,87.99,82.8947368421053,88.1578947368421,5.56786703601108,89.3074792243767,75.13,0.967944793250235,0.949369386257604,
/media/vsi-dev/Lacie_2/mndot_workzone_project/Tesla/campaign_8348ccbe-b6ca-4be8-82ff-b4eba2616879-Tesla_-_Princeton_169_new/campaign/processed_json/segments/9b1c0b60-a317-4614-b1d3-ac66ae257922/part_3/011660.json,,,0.969233234476344,89.09,85.8552631578947,88.1578947368421,15.3462603878116,92.409972299169,77.94,0.965473316569706,0.948721410431588,
/media/vsi-dev/Lacie_2/mndot_workzone_project/Tesla/campaign_8348ccbe-b6ca-4be8-82ff-b4eba2616879-Tesla_-_Princeton_169_new/campaign/processed_json/segments/9b1c0b60-a317-4614-b1d3-ac66ae257922/part_3/011661.json,,,0.970433403055154,88.93,86.5131578947369,87.8289473684211,12.3545706371191,91.0249307479224,77.39,0.966337755453489,0.949082276267792,
/media/vsi-dev/Lacie_2/mndot_workzone_project/Tesla/campaign_8348ccbe-b6ca-4be8-82ff-b4eba2616879-Tesla_-_Princeton_169_new/campaign/processed_json/segments/9b1c0b60-a317-4614-b1d3-ac66ae257922/part_3/011662.json,,,0.969220734554469,88.83,86.8421052631579,87.5,11.994459833795,90.6925207756233,77.28,0.966419610971822,0.948906964411173,
/media/vsi-dev/Lacie_2/mndot_workzone_project/Tesla/campaign_8348ccbe-b6ca-4be8-82ff-b4eba2616879-Tesla_-_Princeton_169_new/campaign/processed_json/segments/9b1c0b60-a317-4614-b1d3-ac66ae257922/part_3/011663.json,,,0.969120740804232,88.79,86.8421052631579,87.5,9.80609418282548,92.1052631578947,77.17,0.967151269514079,0.948545616964496,
/media/vsi-dev/Lacie_2/mndot_workzone_project/Tesla/campaign_8348ccbe-b6ca-4be8-82ff-b4eba2616879-Tesla_-_Princeton_169_new/campaign/processed_json/segments/9b1c0b60-a317-4614-b1d3-ac66ae257922/part_3/011664.json,,,0.969033254475011,89.03,86.8421052631579,87.5,13.7119113573407,92.4376731301939,77.8,0.966335006671117,0.948389736262147,
/media/vsi-dev/Lacie_2/mndot_workzone_project/Tesla/campaign_8348ccbe-b6ca-4be8-82ff-b4eba2616879-Tesla_-_Princeton_169_new/campaign/processed_json/segments/9b1c0b60-a317-4614-b1d3-ac66ae257922/part_3/011665.json,,,0.969120740804232,88.9,86.8421052631579,87.8289473684211,11.4404432132964,91.8005540166205,77.46,0.966882535737154,0.948551508809639,
/media/vsi-dev/Lacie_2/mndot_workzone_project/Tesla/campaign_8348ccbe-b6ca-4be8-82ff-b4eba2616879-Tesla_-_Princeton_169_new/campaign/processed_json/segments/9b1c0b60-a317-4614-b1d3-ac66ae257922/part_3/011666.json,,,0.968920783299383,89.34,86.1842105263158,87.5,22.0775623268698,91.0526315789474,78.64,0.964201953354359,0.948806220340214,
/media/vsi-dev/Lacie_2/mndot_workzone_project/Tesla/campaign_8348ccbe-b6ca-4be8-82ff-b4eba2616879-Tesla_-_Princeton_169_new/campaign/processed_json/segments/9b1c0b60-a317-4614-b1d3-ac66ae257922/part_3/011667.json,,,0.969220734554469,88.94,85.1973684210526,87.1710526315789,14.792243767313,94.0443213296399,77.6,0.965332368852604,0.948118092553535,
/media/vsi-dev/Lacie_2/mndot_workzone_project/Tesla/campaign_8348ccbe-b6ca-4be8-82ff-b4eba2616879-Tesla_-_Princeton_169_new/campaign/processed_json/segments/9b1c0b60-a317-4614-b1d3-ac66ae257922/part_3/011668.json,,,0.968920783299383,89.13,86.8421052631579,88.1578947368421,14.7645429362881,91.8005540166205,78.06,0.965986080590307,0.948832972210571,
/media/vsi-dev/Lacie_2/mndot_workzone_project/Tesla/campaign_8348ccbe-b6ca-4be8-82ff-b4eba2616879-Tesla_-_Princeton_169_new/campaign/processed_json/segments/9b1c0b60-a317-4614-b1d3-ac66ae257922/part_3/011669.json,,,0.968920783299383,88.92,85.5263157894737,87.5,14.9307479224377,92.409972299169,77.58,0.965216288678848,0.948009871135296,
/media/vsi-dev/Lacie_2/mndot_workzone_project/Tesla/campaign_8348ccbe-b6ca-4be8-82ff-b4eba2616879-Tesla_-_Princeton_169_new/campaign/processed_json/segments/9b1c0b60-a317-4614-b1d3-ac66ae257922/part_3/011670.json,,,0.969233234476344,89.1,86.8421052631579,87.5,16.0941828254848,91.6897506925208,78.03,0.963822106482566,0.948208616741809,
/media/vsi-dev/Lacie_2/mndot_workzone_project/Tesla/campaign_8348ccbe-b6ca-4be8-82ff-b4eba2616879-Tesla_-_Princeton_169_new/campaign/processed_json/segments/9b1c0b60-a317-4614-b1d3-ac66ae257922/part_3/011671.json,,,0.968620922016178,88.24,85.8552631578947,87.1710526315789,5.56786703601108,90.2770083102493,75.86,0.966926457752643,0.948488029443429,
/media/vsi-dev/Lacie_2/mndot_workzone_project/Tesla/campaign_8348ccbe-b6ca-4be8-82ff-b4eba2616879-Tesla_-_Princeton_169_new/campaign/processed_json/segments/9b1c0b60-a317-4614-b1d3-ac66ae257922/part_3/011672.json,,,0.969120740804232,88.08,86.1842105263158,87.5,2.65927977839335,88.6980609418282,75.39,0.966904678094579,0.949391635998057,
/media/vsi-dev/Lacie_2/mndot_workzone_project/Tesla/campaign_8348ccbe-b6ca-4be8-82ff-b4eba2616879-Tesla_-_Princeton_169_new/campaign/processed_json/segments/9b1c0b60-a317-4614-b1d3-ac66ae257922/part_3/011673.json,,,0.969120740804232,88.08,86.8421052631579,87.5,0,90.0554016620499,75.39,0.967105846345893,0.949015885933789,
/media/vsi-dev/Lacie_2/mndot_workzone_project/Tesla/campaign_8348ccbe-b6ca-4be8-82ff-b4eba2616879-Tesla_-_Princeton_169_new/campaign/processed_json/segments/9b1c0b60-a317-4614-b1d3-ac66ae257922/part_3/011674.json,,,0.968620922016178,88.94,86.5131578947369,87.8289473684211,14.792243767313,90.6648199445983,77.68,0.964112029790027,0.948457465699424,
/media/vsi-dev/Lacie_2/mndot_workzone_project/Tesla/campaign_8348ccbe-b6ca-4be8-82ff-b4eba2616879-Tesla_-_Princeton_169_new/campaign/processed_json/segments/9b1c0b60-a317-4614-b1d3-ac66ae257922/part_3/011675.json,,,0.969120740804232,88.77,84.5394736842105,87.5,15.2354570637119,91.1357340720222,77.14,0.966180953918783,0.948548638346926,
/media/vsi-dev/Lacie_2/mndot_workzone_project/Tesla/campaign_8348ccbe-b6ca-4be8-82ff-b4eba2616879-Tesla_-_Princeton_169_new/campaign/processed_json/segments/9b1c0b60-a317-4614-b1d3-ac66ae257922/part_3/011676.json,,,0.967721877728007,88.82,86.5131578947369,87.1710526315789,15.6232686980609,89.6398891966759,77.46,0.964330846785756,0.948504058898904,
/media/vsi-dev/Lacie_2/mndot_workzone_project/Tesla/campaign_8348ccbe-b6ca-4be8-82ff-b4eba2616879-Tesla_-_Princeton_169_new/campaign/processed_json/segments/9b1c0b60-a317-4614-b1d3-ac66ae257922/part_3/011677.json,,,0.967434853504781,88.4,86.5131578947369,87.5,7.202216066482,90.1662049861496,76.38,0.966822105002179,0.948105797581623,
/media/vsi-dev/Lacie_2/mndot_workzone_project/Tesla/campaign_8348ccbe-b6ca-4be8-82ff-b4eba2616879-Tesla_-_Princeton_169_new/campaign/processed_json/segments/9b1c0b60-a317-4614-b1d3-ac66ae257922/part_3/011678.json,,,0.966786233276824,88.46,85.5263157894737,87.5,9.33518005540166,91.7174515235457,76.63,0.966016635985609,0.947728772109138,
/media/vsi-dev/Lacie_2/mndot_workzone_project/Tesla/campaign_8348ccbe-b6ca-4be8-82ff-b4eba2616879-Tesla_-_Princeton_169_new/campaign/processed_json/segments/9b1c0b60-a317-4614-b1d3-ac66ae257922/part_3/011679.json,,,0.966786233276824,89.04,85.5263157894737,87.5,18.4764542936288,92.8531855955679,78.16,0.96348810618416,0.947350570978772,
/media/vsi-dev/Lacie_2/mndot_workzone_project/Tesla/campaign_8348ccbe-b6ca-4be8-82ff-b4eba2616879-Tesla_-_Princeton_169_new/campaign/processed_json/segments/9b1c0b60-a317-4614-b1d3-ac66ae257922/part_3/011680.json,,,0.966424685849189,88.24,85.5263157894737,87.5,4.09972299168975,93.4626038781163,76.11,0.966422916422223,0.947443492702139,
/media/vsi-dev/Lacie_2/mndot_workzone_project/Tesla/campaign_8348ccbe-b6ca-4be8-82ff-b4eba2616879-Tesla_-_Princeton_169_new/campaign/processed_json/segments/9b1c0b60-a317-4614-b1d3-ac66ae257922/part_3/011681.json,,,0.966424685849189,88.53,86.1842105263158,86.8421052631579,10.0831024930748,92.2437673130194,76.83,0.966293330557398,0.947385128259188,
/media/vsi-dev/Lacie_2/mndot_workzone_project/Tesla/campaign_8348ccbe-b6ca-4be8-82ff-b4eba2616879-Tesla_-_Princeton_169_new/campaign/processed_json/segments/9b1c0b60-a317-4614-b1d3-ac66ae257922/part_3/011682.json,,,0.967434853504781,92.56,86.5131578947369,87.5,77.6731301939058,93.4903047091413,87.34,0.945826058500867,0.947327856998312,
/media/vsi-dev/Lacie_2/mndot_workzone_project/Tesla/campaign_8348ccbe-b6ca-4be8-82ff-b4eba2616879-Tesla_-_Princeton_169_new/campaign/processed_json/segments/9b1c0b60-a317-4614-b1d3-ac66ae257922/part_3/011683.json,,,0.966424685849189,88.43,85.1973684210526,87.5,10,91.3573407202216,76.58,0.966198031309145,0.947772327932674,
/media/vsi-dev/Lacie_2/mndot_workzone_project/Tesla/campaign_8348ccbe-b6ca-4be8-82ff-b4eba2616879-Tesla_-_Princeton_169_new/campaign/processed_json/segments/9b1c0b60-a317-4614-b1d3-ac66ae257922/part_3/011684.json,,,0.968433554391028,92.17,84.5394736842105,87.5,76.01108033241,91.8282548476454,86.25,0.945539571586249,0.947721526833686,
/media/vsi-dev/Lacie_2/mndot_workzone_project/Tesla/campaign_8348ccbe-b6ca-4be8-82ff-b4eba2616879-Tesla_-_Princeton_169_new/campaign/processed_json/segments/9b1c0b60-a317-4614-b1d3-ac66ae257922/part_3/011685.json,,,0.967721877728007,88.95,85.5263157894737,87.8289473684211,15.4016620498615,92.9916897506925,77.82,0.964020293232723,0.947627243795547,
/media/vsi-dev/Lacie_2/mndot_workzone_project/Tesla/campaign_8348ccbe-b6ca-4be8-82ff-b4eba2616879-Tesla_-_Princeton_169_new/campaign/processed_json/segments/9b1c0b60-a317-4614-b1d3-ac66ae257922/part_3/011686.json,,,0.967434853504781,88.02,85.5263157894737,87.5,1.74515235457064,91.1634349030471,75.42,0.967934692695407,0.947742663718278,
/media/vsi-dev/Lacie_2/mndot_workzone_project/Tesla/campaign_8348ccbe-b6ca-4be8-82ff-b4eba2616879-Tesla_-_Princeton_169_new/campaign/processed_json/segments/9b1c0b60-a317-4614-b1d3-ac66ae257922/part_3/011687.json,,,0.969033254475011,89.14,84.8684210526316,87.5,20.5817174515235,91.7451523545706,78.13,0.965437618464459,0.947728955205953,
/media/vsi-dev/Lacie_2/mndot_workzone_project/Tesla/campaign_8348ccbe-b6ca-4be8-82ff-b4eba2616879-Tesla_-_Princeton_169_new/campaign/processed_json/segments/9b1c0b60-a317-4614-b1d3-ac66ae257922/part_3/011688.json,,,0.969033254475011,89.05,85.1973684210526,87.5,19.0027700831025,91.1080332409972,77.89,0.965927288705983,0.947776248692034,
/media/vsi-dev/Lacie_2/mndot_workzone_project/Tesla/campaign_8348ccbe-b6ca-4be8-82ff-b4eba2616879-Tesla_-_Princeton_169_new/campaign/processed_json/segments/9b1c0b60-a317-4614-b1d3-ac66ae257922/part_3/011689.json,,,0.968620922016178,88.56,83.8815789473684,87.1710526315789,13.2409972299169,92.0498614958449,76.68,0.967233690835534,0.947120848280294,
/media/vsi-dev/Lacie_2/mndot_workzone_project/Tesla/campaign_8348ccbe-b6ca-4be8-82ff-b4eba2616879-Tesla_-_Princeton_169_new/campaign/processed_json/segments/9b1c0b60-a317-4614-b1d3-ac66ae257922/part_3/011690.json,,,0.968221246881518,88.25,85.1973684210526,87.8289473684211,5.84487534626039,90.6648199445983,75.95,0.966238313634792,0.947695237828094,
/media/vsi-dev/Lacie_2/mndot_workzone_project/Tesla/campaign_8348ccbe-b6ca-4be8-82ff-b4eba2616879-Tesla_-_Princeton_169_new/campaign/processed_json/segments/9b1c0b60-a317-4614-b1d3-ac66ae257922/part_3/011691.json,,,0.968920783299383,88.33,86.1842105263158,87.8289473684211,5.0415512465374,90.2770083102493,76.07,0.966115952577665,0.947923344819939,
/media/vsi-dev/Lacie_2/mndot_workzone_project/Tesla/campaign_8348ccbe-b6ca-4be8-82ff-b4eba2616879-Tesla_-_Princeton_169_new/campaign/processed_json/segments/9b1c0b60-a317-4614-b1d3-ac66ae257922/part_3/011692.json,,,0.969233234476344,89.21,85.1973684210526,87.5,21.5789473684211,91.1634349030471,78.28,0.964901596866405,0.947625474480437,
/media/vsi-dev/Lacie_2/mndot_workzone_project/Tesla/campaign_8348ccbe-b6ca-4be8-82ff-b4eba2616879-Tesla_-_Princeton_169_new/campaign/processed_json/segments/9b1c0b60-a317-4614-b1d3-ac66ae257922/part_3/011693.json,,,0.969120740804232,89.27,85.5263157894737,87.5,21.3850415512465,91.6897506925208,78.43,0.965163632328707,0.947660050034693,
/media/vsi-dev/Lacie_2/mndot_workzone_project/Tesla/campaign_8348ccbe-b6ca-4be8-82ff-b4eba2616879-Tesla_-_Princeton_169_new/campaign/processed_json/segments/9b1c0b60-a317-4614-b1d3-ac66ae257922/part_3/011694.json,,,0.969120740804232,89,84.8684210526316,87.5,20,89.9722991689751,77.77,0.965296585629413,0.947729161389637,
/media/vsi-dev/Lacie_2/mndot_workzone_project/Tesla/campaign_8348ccbe-b6ca-4be8-82ff-b4eba2616879-Tesla_-_Princeton_169_new/campaign/processed_json/segments/9b1c0b60-a317-4614-b1d3-ac66ae257922/part_3/011695.json,,,0.968620922016178,88.83,84.5394736842105,87.5,18.781163434903,89.0858725761773,77.36,0.965719108833336,0.948040568650562,
/media/vsi-dev/Lacie_2/mndot_workzone_project/Tesla/campaign_8348ccbe-b6ca-4be8-82ff-b4eba2616879-Tesla_-_Princeton_169_new/campaign/processed_json/segments/9b1c0b60-a317-4614-b1d3-ac66ae257922/part_3/011696.json,,,0.968433554391028,89.16,84.8684210526316,87.5,23.4072022160665,90.7202216066482,78.37,0.959563542421037,0.947511839271592,
/media/vsi-dev/Lacie_2/mndot_workzone_project/Tesla/campaign_8348ccbe-b6ca-4be8-82ff-b4eba2616879-Tesla_-_Princeton_169_new/campaign/processed_json/segments/9b1c0b60-a317-4614-b1d3-ac66ae257922/part_3/011697.json,,,0.968920783299383,88.33,84.2105263157895,87.5,8.11634349030471,91.5512465373961,76.04,0.968751055760026,0.947331925630889,
/media/vsi-dev/Lacie_2/mndot_workzone_project/Tesla/campaign_8348ccbe-b6ca-4be8-82ff-b4eba2616879-Tesla_-_Princeton_169_new/campaign/processed_json/segments/9b1c0b60-a317-4614-b1d3-ac66ae257922/part_3/011698.json,,,0.968221246881518,88.18,84.2105263157895,87.1710526315789,8.33795013850416,89.8060941828255,75.72,0.96872324255059,0.947711332990792,
/media/vsi-dev/Lacie_2/mndot_workzone_project/Tesla/campaign_8348ccbe-b6ca-4be8-82ff-b4eba2616879-Tesla_-_Princeton_169_new/campaign/processed_json/segments/9b1c0b60-a317-4614-b1d3-ac66ae257922/part_3/011699.json,,,0.968920783299383,88.69,85.1973684210526,87.5,13.0193905817175,90.803324099723,76.96,0.967496056074315,0.947487966917241,
/media/vsi-dev/Lacie_2/mndot_workzone_project/Tesla/campaign_8348ccbe-b6ca-4be8-82ff-b4eba2616879-Tesla_-_Princeton_169_new/campaign/processed_json/segments/9b1c0b60-a317-4614-b1d3-ac66ae257922/part_3/011700.json,,,0.969120740804232,89.21,85.5263157894737,87.5,21.1357340720222,91.0803324099723,78.3,0.965325221891574,0.947396889766723,
/media/vsi-dev/Lacie_2/mndot_workzone_project/Tesla/campaign_8348ccbe-b6ca-4be8-82ff-b4eba2616879-Tesla_-_Princeton_169_new/campaign/processed_json/segments/9b1c0b60-a317-4614-b1d3-ac66ae257922/part_3/011701.json,,,0.969233234476344,92.35,84.5394736842105,87.5,78.7811634349031,91.5235457063712,86.62,0.945706666487476,0.947306214370317,
/media/vsi-dev/Lacie_2/mndot_workzone_project/Tesla/campaign_8348ccbe-b6ca-4be8-82ff-b4eba2616879-Tesla_-_Princeton_169_new/campaign/processed_json/segments/9b1c0b60-a317-4614-b1d3-ac66ae257922/part_3/011702.json,,,0.968221246881518,88.91,85.1973684210526,87.5,17.5346260387812,90.5540166204986,77.59,0.966291303344368,0.947776220573783,
/media/vsi-dev/Lacie_2/mndot_workzone_project/Tesla/campaign_8348ccbe-b6ca-4be8-82ff-b4eba2616879-Tesla_-_Princeton_169_new/campaign/processed_json/segments/9b1c0b60-a317-4614-b1d3-ac66ae257922/part_3/011703.json,,,0.968221246881518,88.93,84.2105263157895,86.8421052631579,20.0831024930748,92.1329639889197,77.71,0.964757723780344,0.947052187465639,
/media/vsi-dev/Lacie_2/mndot_workzone_project/Tesla/campaign_8348ccbe-b6ca-4be8-82ff-b4eba2616879-Tesla_-_Princeton_169_new/campaign/processed_json/segments/9b1c0b60-a317-4614-b1d3-ac66ae257922/part_3/011704.json,,,0.967434853504781,87.92,85.8552631578947,87.5,0,90.387811634349,75.15,0.968783670297188,0.947454927227698,
/media/vsi-dev/Lacie_2/mndot_workzone_project/Tesla/campaign_8348ccbe-b6ca-4be8-82ff-b4eba2616879-Tesla_-_Princeton_169_new/campaign/processed_json/segments/9b1c0b60-a317-4614-b1d3-ac66ae257922/part_3/011705.json,,,0.968433554391028,88.93,86.8421052631579,87.5,17.3130193905817,88.3656509695291,77.71,0.962285113895797,0.948232759884229,
/media/vsi-dev/Lacie_2/mndot_workzone_project/Tesla/campaign_8348ccbe-b6ca-4be8-82ff-b4eba2616879-Tesla_-_Princeton_169_new/campaign/processed_json/segments/9b1c0b60-a317-4614-b1d3-ac66ae257922/part_3/011706.json,,,0.968433554391028,89.14,86.8421052631579,87.5,18.1717451523546,91.1357340720222,78.25,0.962897546814293,0.94731638136732,
/media/vsi-dev/Lacie_2/mndot_workzone_project/Tesla/campaign_8348ccbe-b6ca-4be8-82ff-b4eba2616879-Tesla_-_Princeton_169_new/campaign/processed_json/segments/9b1c0b60-a317-4614-b1d3-ac66ae257922/part_3/011707.json,,,0.968920783299383,89.09,86.8421052631579,87.5,17.9778393351801,90.5817174515235,78.13,0.960918885337501,0.947670551728334,
/media/vsi-dev/Lacie_2/mndot_workzone_project/Tesla/campaign_8348ccbe-b6ca-4be8-82ff-b4eba2616879-Tesla_-_Princeton_169_new/campaign/processed_json/segments/9b1c0b60-a317-4614-b1d3-ac66ae257922/part_3/011708.json,,,0.969220734554469,88.84,85.5263157894737,87.5,13.2409972299169,92.1883656509695,77.3,0.967563321647099,0.947266710192258,
/media/vsi-dev/Lacie_2/mndot_workzone_project/Tesla/campaign_8348ccbe-b6ca-4be8-82ff-b4eba2616879-Tesla_-_Princeton_169_new/campaign/processed_json/segments/9b1c0b60-a317-4614-b1d3-ac66ae257922/part_3/011709.json,,,0.968620922016178,88.12,86.5131578947369,87.5,0,91.8005540166205,75.55,0.96792243586653,0.947446633096341,
/media/vsi-dev/Lacie_2/mndot_workzone_project/Tesla/campaign_8348ccbe-b6ca-4be8-82ff-b4eba2616879-Tesla_-_Princeton_169_new/campaign/processed_json/segments/9b1c0b60-a317-4614-b1d3-ac66ae257922/part_3/011710.json,,,0.968920783299383,88.66,86.8421052631579,87.5,9.05817174515235,91.218836565097,76.91,0.965712847940594,0.947755335271928,
/media/vsi-dev/Lacie_2/mndot_workzone_project/Tesla/campaign_8348ccbe-b6ca-4be8-82ff-b4eba2616879-Tesla_-_Princeton_169_new/campaign/processed_json/segments/9b1c0b60-a317-4614-b1d3-ac66ae257922/part_3/011711.json,,,0.969220734554469,88.55,86.1842105263158,87.5,9.36288088642659,90.0831024930748,76.6,0.966546395131227,0.948031775370036,
/media/vsi-dev/Lacie_2/mndot_workzone_project/Tesla/campaign_8348ccbe-b6ca-4be8-82ff-b4eba2616879-Tesla_-_Princeton_169_new/campaign/processed_json/segments/9b1c0b60-a317-4614-b1d3-ac66ae257922/part_3/011712.json,,,0.970433403055154,88.7,87.5,86.8421052631579,6.31578947368421,93.6842105263158,76.87,0.966100035632959,0.947410277477987,
/media/vsi-dev/Lacie_2/mndot_workzone_project/Tesla/campaign_8348ccbe-b6ca-4be8-82ff-b4eba2616879-Tesla_-_Princeton_169_new/campaign/processed_json/segments/9b1c0b60-a317-4614-b1d3-ac66ae257922/part_3/011713.json,,,0.97715254792786,89.09,85.5263157894737,87.5,12.5207756232687,91.5789473684211,77.1,0.967616674176412,0.948393263793341,
/media/vsi-dev/Lacie_2/mndot_workzone_project/Tesla/campaign_8348ccbe-b6ca-4be8-82ff-b4eba2616879-Tesla_-_Princeton_169_new/campaign/processed_json/segments/9b1c0b60-a317-4614-b1d3-ac66ae257922/part_3/011714.json,,,0.975005175298418,88.95,86.8421052631579,87.5,8.78116343490305,92.1883656509695,77.02,0.966197599287816,0.94825236592391,
/media/vsi-dev/Lacie_2/mndot_workzone_project/Tesla/campaign_8348ccbe-b6ca-4be8-82ff-b4eba2616879-Tesla_-_Princeton_169_new/campaign/processed_json/segments/9b1c0b60-a317-4614-b1d3-ac66ae257922/part_3/011715.json,,,0.970433403055154,88.07,85.1973684210526,87.1710526315789,0,92.7700831024931,75.21,0.968571611841425,0.948074593747216,
/media/vsi-dev/Lacie_2/mndot_workzone_project/Tesla/campaign_8348ccbe-b6ca-4be8-82ff-b4eba2616879-Tesla_-_Princeton_169_new/campaign/processed_json/segments/9b1c0b60-a317-4614-b1d3-ac66ae257922/part_3/011716.json,,,0.972765240307908,89.02,86.8421052631579,87.5,7.78393351800554,95.7063711911357,77.4,0.966828445685953,0.947638675436585,
/media/vsi-dev/Lacie_2/mndot_workzone_project/Tesla/campaign_8348ccbe-b6ca-4be8-82ff-b4eba2616879-Tesla_-_Princeton_169_new/campaign/processed_json/segments/9b1c0b60-a317-4614-b1d3-ac66ae257922/part_3/011717.json,,,0.972765240307908,88.57,85.8552631578947,87.5,1.88365650969529,95.9556786703601,76.26,0.968292533119486,0.94758481566126,
/media/vsi-dev/Lacie_2/mndot_workzone_project/Tesla/campaign_8348ccbe-b6ca-4be8-82ff-b4eba2616879-Tesla_-_Princeton_169_new/campaign/processed_json/segments/9b1c0b60-a317-4614-b1d3-ac66ae257922/part_3/011718.json,,,0.972765240307908,88.47,86.5131578947369,87.5,0,94.7645429362881,76,0.96820747292258,0.947964895145702,
/media/vsi-dev/Lacie_2/mndot_workzone_project/Tesla/campaign_8348ccbe-b6ca-4be8-82ff-b4eba2616879-Tesla_-_Princeton_169_new/campaign/processed_json/segments/9b1c0b60-a317-4614-b1d3-ac66ae257922/part_3/011719.json,,,0.980198673306755,89.3,84.2105263157895,86.8421052631579,13.9335180055402,96.0387811634349,77.38,0.966724975157809,0.947449702829637,
/media/vsi-dev/Lacie_2/mndot_workzone_project/Tesla/campaign_8348ccbe-b6ca-4be8-82ff-b4eba2616879-Tesla_-_Princeton_169_new/campaign/processed_json/segments/9b1c0b60-a317-4614-b1d3-ac66ae257922/part_3/011720.json,,,0.973896737455057,88.62,83.5526315789474,86.8421052631579,6.98060941828255,96.8975069252078,76.28,0.967781519159325,0.947326084971236,
/media/vsi-dev/Lacie_2/mndot_workzone_project/Tesla/campaign_8348ccbe-b6ca-4be8-82ff-b4eba2616879-Tesla_-_Princeton_169_new/campaign/processed_json/segments/9b1c0b60-a317-4614-b1d3-ac66ae257922/part_3/011721.json,,,0.969233234476344,88.14,85.5263157894737,86.8421052631579,0,94.5429362880886,75.48,0.969891159233499,0.947777296979701,
/media/vsi-dev/Lacie_2/mndot_workzone_project/Tesla/campaign_8348ccbe-b6ca-4be8-82ff-b4eba2616879-Tesla_-_Princeton_169_new/campaign/processed_json/segments/9b1c0b60-a317-4614-b1d3-ac66ae257922/part_3/011722.json,,,0.969233234476344,88.29,84.8684210526316,86.8421052631579,2.27146814404432,96.7590027700831,75.94,0.966819567989135,0.947532701753559,
/media/vsi-dev/Lacie_2/mndot_workzone_project/Tesla/campaign_8348ccbe-b6ca-4be8-82ff-b4eba2616879-Tesla_-_Princeton_169_new/campaign/processed_json/segments/9b1c0b60-a317-4614-b1d3-ac66ae257922/part_3/011723.json,,,0.969033254475011,88.61,84.2105263157895,86.8421052631579,10.2216066481994,96.01108033241,76.81,0.964747076930868,0.94761901550658,
/media/vsi-dev/Lacie_2/mndot_workzone_project/Tesla/campaign_8348ccbe-b6ca-4be8-82ff-b4eba2616879-Tesla_-_Princeton_169_new/campaign/processed_json/segments/9b1c0b60-a317-4614-b1d3-ac66ae257922/part_3/011724.json,,,0.968433554391028,88.28,83.5526315789474,86.8421052631579,8.47645429362881,93.3795013850416,75.97,0.967386738753148,0.947932453967804,
/media/vsi-dev/Lacie_2/mndot_workzone_project/Tesla/campaign_8348ccbe-b6ca-4be8-82ff-b4eba2616879-Tesla_-_Princeton_169_new/campaign/processed_json/segments/9b1c0b60-a317-4614-b1d3-ac66ae257922/part_3/011725.json,,,0.968920783299383,88.9,84.2105263157895,86.8421052631579,14.8199445983379,96.2880886426593,77.55,0.965490000368705,0.947248557526731,
/media/vsi-dev/Lacie_2/mndot_workzone_project/Tesla/campaign_8348ccbe-b6ca-4be8-82ff-b4eba2616879-Tesla_-_Princeton_169_new/campaign/processed_json/segments/9b1c0b60-a317-4614-b1d3-ac66ae257922/part_3/011726.json,,,0.968620922016178,88.85,84.2105263157895,86.8421052631579,13.6565096952909,96.6204986149585,77.43,0.966174357034203,0.947368660292523,
/media/vsi-dev/Lacie_2/mndot_workzone_project/Tesla/campaign_8348ccbe-b6ca-4be8-82ff-b4eba2616879-Tesla_-_Princeton_169_new/campaign/processed_json/segments/9b1c0b60-a317-4614-b1d3-ac66ae257922/part_3/011727.json,,,0.968221246881518,88.25,84.5394736842105,86.8421052631579,3.54570637119114,95.9002770083103,75.91,0.968875057344448,0.947309594501597,
/media/vsi-dev/Lacie_2/mndot_workzone_project/Tesla/campaign_8348ccbe-b6ca-4be8-82ff-b4eba2616879-Tesla_-_Princeton_169_new/campaign/processed_json/segments/9b1c0b60-a317-4614-b1d3-ac66ae257922/part_3/011728.json,,,0.968620922016178,89,85.1973684210526,86.8421052631579,14.4321329639889,96.3711911357341,77.8,0.965902148837747,0.947247095565446,
/media/vsi-dev/Lacie_2/mndot_workzone_project/Tesla/campaign_8348ccbe-b6ca-4be8-82ff-b4eba2616879-Tesla_-_Princeton_169_new/campaign/processed_json/segments/9b1c0b60-a317-4614-b1d3-ac66ae257922/part_3/011729.json,,,0.968620922016178,89,85.1973684210526,87.1710526315789,13.4349030470914,96.7590027700831,77.81,0.966108100017384,0.947153883997522,
/media/vsi-dev/Lacie_2/mndot_workzone_project/Tesla/campaign_8348ccbe-b6ca-4be8-82ff-b4eba2616879-Tesla_-_Princeton_169_new/campaign/processed_json/segments/9b1c0b60-a317-4614-b1d3-ac66ae257922/part_3/011730.json,,,0.969120740804232,89.15,84.8684210526316,87.1710526315789,17.8393351800554,95.2354570637119,78.14,0.965140285617739,0.947441913679937,
/media/vsi-dev/Lacie_2/mndot_workzone_project/Tesla/campaign_8348ccbe-b6ca-4be8-82ff-b4eba2616879-Tesla_-_Princeton_169_new/campaign/processed_json/segments/9b1c0b60-a317-4614-b1d3-ac66ae257922/part_3/011731.json,,,0.972765240307908,92.65,85.5263157894737,86.8421052631579,76.786703601108,95.6232686980609,87.03,0.944884936741478,0.947380189477595,
/media/vsi-dev/Lacie_2/mndot_workzone_project/Tesla/campaign_8348ccbe-b6ca-4be8-82ff-b4eba2616879-Tesla_-_Princeton_169_new/campaign/processed_json/segments/9b1c0b60-a317-4614-b1d3-ac66ae257922/part_3/011732.json,,,0.969033254475011,88.34,83.5526315789474,86.8421052631579,7.70083102493075,95.0969529085873,76.11,0.966179086193467,0.947613925081767,
/media/vsi-dev/Lacie_2/mndot_workzone_project/Tesla/campaign_8348ccbe-b6ca-4be8-82ff-b4eba2616879-Tesla_-_Princeton_169_new/campaign/processed_json/segments/9b1c0b60-a317-4614-b1d3-ac66ae257922/part_3/011733.json,,,0.969033254475011,88.27,83.8815789473684,86.8421052631579,5.59556786703601,94.9030470914127,75.87,0.967975700888858,0.947701003488162,
/media/vsi-dev/Lacie_2/mndot_workzone_project/Tesla/campaign_8348ccbe-b6ca-4be8-82ff-b4eba2616879-Tesla_-_Princeton_169_new/campaign/processed_json/segments/9b1c0b60-a317-4614-b1d3-ac66ae257922/part_3/011734.json,,,0.972765240307908,89.73,86.1842105263158,87.5,20,97.1745152354571,79.24,0.96442032123346,0.947673375313413,
/media/vsi-dev/Lacie_2/mndot_workzone_project/Tesla/campaign_8348ccbe-b6ca-4be8-82ff-b4eba2616879-Tesla_-_Princeton_169_new/campaign/processed_json/segments/9b1c0b60-a317-4614-b1d3-ac66ae257922/part_3/011735.json,,,0.970433403055154,89.36,85.1973684210526,87.5,17.8947368421053,96.5650969529086,78.54,0.964645119307173,0.947595913717113,
/media/vsi-dev/Lacie_2/mndot_workzone_project/Tesla/campaign_8348ccbe-b6ca-4be8-82ff-b4eba2616879-Tesla_-_Princeton_169_new/campaign/processed_json/segments/9b1c0b60-a317-4614-b1d3-ac66ae257922/part_3/011736.json,,,0.969220734554469,88.26,84.2105263157895,86.8421052631579,0.969529085872576,98.4487534626039,75.81,0.969146717845064,0.947293698986337,
/media/vsi-dev/Lacie_2/mndot_workzone_project/Tesla/campaign_8348ccbe-b6ca-4be8-82ff-b4eba2616879-Tesla_-_Princeton_169_new/campaign/processed_json/segments/9b1c0b60-a317-4614-b1d3-ac66ae257922/part_3/011737.json,,,0.968620922016178,88.19,85.5263157894737,86.8421052631579,0.083102493074792,96.6481994459834,75.79,0.965414605201972,0.947931120393897,
/media/vsi-dev/Lacie_2/mndot_workzone_project/Tesla/campaign_8348ccbe-b6ca-4be8-82ff-b4eba2616879-Tesla_-_Princeton_169_new/campaign/processed_json/segments/9b1c0b60-a317-4614-b1d3-ac66ae257922/part_3/011738.json,,,0.968433554391028,88.92,86.1842105263158,87.1710526315789,12.8254847645429,94.404432132964,77.65,0.963593138088884,0.948463479635087,
/media/vsi-dev/Lacie_2/mndot_workzone_project/Tesla/campaign_8348ccbe-b6ca-4be8-82ff-b4eba2616879-Tesla_-_Princeton_169_new/campaign/processed_json/segments/9b1c0b60-a317-4614-b1d3-ac66ae257922/part_3/011739.json,,,0.968920783299383,88.24,85.8552631578947,87.5,0,94.3490304709141,75.75,0.969848767707883,0.948731220053901,
/media/vsi-dev/Lacie_2/mndot_workzone_project/Tesla/campaign_8348ccbe-b6ca-4be8-82ff-b4eba2616879-Tesla_-_Princeton_169_new/campaign/processed_json/segments/9b1c0b60-a317-4614-b1d3-ac66ae257922/part_3/011740.json,,,0.968620922016178,88.63,86.5131578947369,87.5,4.2382271468144,96.1495844875346,76.84,0.966479797926452,0.948361771248616,
/media/vsi-dev/Lacie_2/mndot_workzone_project/Tesla/campaign_8348ccbe-b6ca-4be8-82ff-b4eba2616879-Tesla_-_Princeton_169_new/campaign/processed_json/segments/9b1c0b60-a317-4614-b1d3-ac66ae257922/part_3/011741.json,,,0.969033254475011,88.44,85.8552631578947,87.5,0,98.0332409972299,76.29,0.967978281884523,0.947909165518756,
/media/vsi-dev/Lacie_2/mndot_workzone_project/Tesla/campaign_8348ccbe-b6ca-4be8-82ff-b4eba2616879-Tesla_-_Princeton_169_new/campaign/processed_json/segments/9b1c0b60-a317-4614-b1d3-ac66ae257922/part_3/011742.json,,,0.969220734554469,88.19,85.8552631578947,87.1710526315789,0,94.2659279778393,75.63,0.968289477972263,0.948484599954128,
/media/vsi-dev/Lacie_2/mndot_workzone_project/Tesla/campaign_8348ccbe-b6ca-4be8-82ff-b4eba2616879-Tesla_-_Princeton_169_new/campaign/processed_json/segments/9b1c0b60-a317-4614-b1d3-ac66ae257922/part_3/011743.json,,,0.969120740804232,89.05,86.1842105263158,87.1710526315789,12.7700831024931,95.9556786703601,77.88,0.964466547533878,0.948409055595214,
/media/vsi-dev/Lacie_2/mndot_workzone_project/Tesla/campaign_8348ccbe-b6ca-4be8-82ff-b4eba2616879-Tesla_-_Princeton_169_new/campaign/processed_json/segments/9b1c0b60-a317-4614-b1d3-ac66ae257922/part_3/011744.json,,,0.968920783299383,88.38,85.8552631578947,87.1710526315789,1.13573407202216,96.786703601108,76.17,0.96752271157515,0.948193370251775,
/media/vsi-dev/Lacie_2/mndot_workzone_project/Tesla/campaign_8348ccbe-b6ca-4be8-82ff-b4eba2616879-Tesla_-_Princeton_169_new/campaign/processed_json/segments/9b1c0b60-a317-4614-b1d3-ac66ae257922/part_3/011745.json,,,0.969120740804232,88.66,86.1842105263158,86.8421052631579,6.56509695290859,96.3434903047092,76.91,0.965145595545766,0.947967393715063,
/media/vsi-dev/Lacie_2/mndot_workzone_project/Tesla/campaign_8348ccbe-b6ca-4be8-82ff-b4eba2616879-Tesla_-_Princeton_169_new/campaign/processed_json/segments/9b1c0b60-a317-4614-b1d3-ac66ae257922/part_3/011746.json,,,0.972765240307908,89.08,83.8815789473684,86.8421052631579,13.5457063711911,98.6703601108033,77.61,0.965733138922265,0.947284624153268,
/media/vsi-dev/Lacie_2/mndot_workzone_project/Tesla/campaign_8348ccbe-b6ca-4be8-82ff-b4eba2616879-Tesla_-_Princeton_169_new/campaign/processed_json/segments/9b1c0b60-a317-4614-b1d3-ac66ae257922/part_3/011747.json,,,0.969233234476344,88.74,84.2105263157895,87.5,7.89473684210526,98.5318559556787,77.05,0.967419317030966,0.947661011738352,
/media/vsi-dev/Lacie_2/mndot_workzone_project/Tesla/campaign_8348ccbe-b6ca-4be8-82ff-b4eba2616879-Tesla_-_Princeton_169_new/campaign/processed_json/segments/9b1c0b60-a317-4614-b1d3-ac66ae257922/part_3/011748.json,,,0.969233234476344,88.47,83.5526315789474,87.1710526315789,7.53462603878116,96.2880886426593,76.37,0.966988704927827,0.947938313967988,
/media/vsi-dev/Lacie_2/mndot_workzone_project/Tesla/campaign_8348ccbe-b6ca-4be8-82ff-b4eba2616879-Tesla_-_Princeton_169_new/campaign/processed_json/segments/9b1c0b60-a317-4614-b1d3-ac66ae257922/part_3/011749.json,,,0.969220734554469,88.12,84.2105263157895,86.8421052631579,0.443213296398892,96.3711911357341,75.43,0.969686785747549,0.947790328088976,
/media/vsi-dev/Lacie_2/mndot_workzone_project/Tesla/campaign_8348ccbe-b6ca-4be8-82ff-b4eba2616879-Tesla_-_Princeton_169_new/campaign/processed_json/segments/9b1c0b60-a317-4614-b1d3-ac66ae257922/part_3/011750.json,,,0.969033254475011,88.73,85.5263157894737,86.8421052631579,9.77839335180055,95.6509695290859,77.09,0.965064944980312,0.947761140348008,
/media/vsi-dev/Lacie_2/mndot_workzone_project/Tesla/campaign_8348ccbe-b6ca-4be8-82ff-b4eba2616879-Tesla_-_Princeton_169_new/campaign/processed_json/segments/9b1c0b60-a317-4614-b1d3-ac66ae257922/part_3/011751.json,,,0.969220734554469,88.7,85.8552631578947,87.5,8.08864265927978,94.4875346260388,76.96,0.966208685455494,0.948178373232341,
/media/vsi-dev/Lacie_2/mndot_workzone_project/Tesla/campaign_8348ccbe-b6ca-4be8-82ff-b4eba2616879-Tesla_-_Princeton_169_new/campaign/processed_json/segments/9b1c0b60-a317-4614-b1d3-ac66ae257922/part_3/011752.json,,,0.969233234476344,88.57,85.1973684210526,86.8421052631579,7.97783933518006,95.6232686980609,76.71,0.963619734462358,0.948050501007546,
/media/vsi-dev/Lacie_2/mndot_workzone_project/Tesla/campaign_8348ccbe-b6ca-4be8-82ff-b4eba2616879-Tesla_-_Princeton_169_new/campaign/processed_json/segments/9b1c0b60-a317-4614-b1d3-ac66ae257922/part_3/011753.json,,,0.969120740804232,89.04,84.5394736842105,86.8421052631579,16.814404432133,96.1218836565097,77.91,0.962931471943606,0.948152255573926,
/media/vsi-dev/Lacie_2/mndot_workzone_project/Tesla/campaign_8348ccbe-b6ca-4be8-82ff-b4eba2616879-Tesla_-_Princeton_169_new/campaign/processed_json/segments/9b1c0b60-a317-4614-b1d3-ac66ae257922/part_3/011754.json,,,0.969220734554469,88.7,85.1973684210526,86.8421052631579,8.58725761772853,96.8975069252078,77,0.965434004200187,0.947739394694051,
/media/vsi-dev/Lacie_2/mndot_workzone_project/Tesla/campaign_8348ccbe-b6ca-4be8-82ff-b4eba2616879-Tesla_-_Princeton_169_new/campaign/processed_json/segments/9b1c0b60-a317-4614-b1d3-ac66ae257922/part_3/011755.json,,,0.969033254475011,88.34,85.8552631578947,86.8421052631579,2.82548476454294,95.1523545706371,76.08,0.966334652914346,0.948072946757445,
/media/vsi-dev/Lacie_2/mndot_workzone_project/Tesla/campaign_8348ccbe-b6ca-4be8-82ff-b4eba2616879-Tesla_-_Princeton_169_new/campaign/processed_json/segments/9b1c0b60-a317-4614-b1d3-ac66ae257922/part_3/011756.json,,,0.969220734554469,88.05,84.5394736842105,86.1842105263158,1.4404432132964,95.8171745152355,75.37,0.965674446670965,0.947908153806432,
/media/vsi-dev/Lacie_2/mndot_workzone_project/Tesla/campaign_8348ccbe-b6ca-4be8-82ff-b4eba2616879-Tesla_-_Princeton_169_new/campaign/processed_json/segments/9b1c0b60-a317-4614-b1d3-ac66ae257922/part_3/011757.json,,,0.969220734554469,88.02,84.2105263157895,86.1842105263158,0,96.6204986149585,75.2,0.969154319144314,0.94762345873698,
/media/vsi-dev/Lacie_2/mndot_workzone_project/Tesla/campaign_8348ccbe-b6ca-4be8-82ff-b4eba2616879-Tesla_-_Princeton_169_new/campaign/processed_json/segments/9b1c0b60-a317-4614-b1d3-ac66ae257922/part_3/011758.json,,,0.969233234476344,88.74,84.2105263157895,86.1842105263158,12.6869806094183,96.6759002770083,77.09,0.966294960952511,0.94762686310579,
/media/vsi-dev/Lacie_2/mndot_workzone_project/Tesla/campaign_8348ccbe-b6ca-4be8-82ff-b4eba2616879-Tesla_-_Princeton_169_new/campaign/processed_json/segments/9b1c0b60-a317-4614-b1d3-ac66ae257922/part_3/011759.json,,,0.970433403055154,89.24,83.8815789473684,86.1842105263158,22.9085872576177,95.180055401662,78.29,0.963031757124667,0.947712576430517,
/media/vsi-dev/Lacie_2/mndot_workzone_project/Tesla/campaign_8348ccbe-b6ca-4be8-82ff-b4eba2616879-Tesla_-_Princeton_169_new/campaign/processed_json/segments/9b1c0b60-a317-4614-b1d3-ac66ae257922/part_3/011760.json,,,0.969220734554469,87.47,81.5789473684211,86.8421052631579,0,91.6620498614958,73.85,0.967052109290423,0.948772843920222,
/media/vsi-dev/Lacie_2/mndot_workzone_project/Tesla/campaign_8348ccbe-b6ca-4be8-82ff-b4eba2616879-Tesla_-_Princeton_169_new/campaign/processed_json/segments/9b1c0b60-a317-4614-b1d3-ac66ae257922/part_3/011761.json,,,0.972765240307908,88.99,84.2105263157895,86.1842105263158,16.786703601108,94.6260387811634,77.39,0.964870810136523,0.947949213941887,
/media/vsi-dev/Lacie_2/mndot_workzone_project/Tesla/campaign_8348ccbe-b6ca-4be8-82ff-b4eba2616879-Tesla_-_Princeton_169_new/campaign/processed_json/segments/9b1c0b60-a317-4614-b1d3-ac66ae257922/part_3/011762.json,,,0.973896737455057,88.87,84.5394736842105,86.1842105263158,14.1274238227147,93.8227146814404,76.97,0.964364262024491,0.948321031070631,
/media/vsi-dev/Lacie_2/mndot_workzone_project/Tesla/campaign_8348ccbe-b6ca-4be8-82ff-b4eba2616879-Tesla_-_Princeton_169_new/campaign/processed_json/segments/9b1c0b60-a317-4614-b1d3-ac66ae257922/part_3/011763.json,,,0.969233234476344,88.16,83.5526315789474,86.1842105263158,5.98337950138504,94.5152354570637,75.58,0.967931497220732,0.947998712331206,
/media/vsi-dev/Lacie_2/mndot_workzone_project/Tesla/campaign_8348ccbe-b6ca-4be8-82ff-b4eba2616879-Tesla_-_Princeton_169_new/campaign/processed_json/segments/9b1c0b60-a317-4614-b1d3-ac66ae257922/part_3/011764.json,,,0.969233234476344,88.37,84.2105263157895,86.1842105263158,8.39335180055402,94.3767313019391,76.11,0.967544357348073,0.948150072804495,
/media/vsi-dev/Lacie_2/mndot_workzone_project/Tesla/campaign_8348ccbe-b6ca-4be8-82ff-b4eba2616879-Tesla_-_Princeton_169_new/campaign/processed_json/segments/9b1c0b60-a317-4614-b1d3-ac66ae257922/part_3/011765.json,,,0.969220734554469,87.94,82.8947368421053,86.1842105263158,3.26869806094183,94.8476454293629,75.02,0.96868965494476,0.947807684916997,
/media/vsi-dev/Lacie_2/mndot_workzone_project/Tesla/campaign_8348ccbe-b6ca-4be8-82ff-b4eba2616879-Tesla_-_Princeton_169_new/campaign/processed_json/segments/9b1c0b60-a317-4614-b1d3-ac66ae257922/part_3/011766.json,,,0.969220734554469,88.58,84.2105263157895,85.5263157894737,12.2160664819945,95.6786703601108,76.67,0.966239791453663,0.947632511298738,
/media/vsi-dev/Lacie_2/mndot_workzone_project/Tesla/campaign_8348ccbe-b6ca-4be8-82ff-b4eba2616879-Tesla_-_Princeton_169_new/campaign/processed_json/segments/9b1c0b60-a317-4614-b1d3-ac66ae257922/part_3/011767.json,,,0.968620922016178,88.06,86.1842105263158,86.1842105263158,0,94.3213296398892,75.43,0.966405107992122,0.948111783994337,
/media/vsi-dev/Lacie_2/mndot_workzone_project/Tesla/campaign_8348ccbe-b6ca-4be8-82ff-b4eba2616879-Tesla_-_Princeton_169_new/campaign/processed_json/segments/9b1c0b60-a317-4614-b1d3-ac66ae257922/part_3/011768.json,,,0.969120740804232,88.84,84.8684210526316,86.1842105263158,15.2908587257618,94.404432132964,77.34,0.965443798473034,0.948131459056788,
/media/vsi-dev/Lacie_2/mndot_workzone_project/Tesla/campaign_8348ccbe-b6ca-4be8-82ff-b4eba2616879-Tesla_-_Princeton_169_new/campaign/processed_json/segments/9b1c0b60-a317-4614-b1d3-ac66ae257922/part_3/011769.json,,,0.969033254475011,88.43,84.5394736842105,85.5263157894737,9.58448753462604,95.180055401662,76.31,0.966969386832356,0.947616206422543,
/media/vsi-dev/Lacie_2/mndot_workzone_project/Tesla/campaign_8348ccbe-b6ca-4be8-82ff-b4eba2616879-Tesla_-_Princeton_169_new/campaign/processed_json/segments/9b1c0b60-a317-4614-b1d3-ac66ae257922/part_3/011770.json,,,0.969120740804232,88.34,84.8684210526316,85.8552631578947,7.64542936288089,93.9335180055402,76.03,0.967875273713344,0.948005845540738,
/media/vsi-dev/Lacie_2/mndot_workzone_project/Tesla/campaign_8348ccbe-b6ca-4be8-82ff-b4eba2616879-Tesla_-_Princeton_169_new/campaign/processed_json/segments/9b1c0b60-a317-4614-b1d3-ac66ae257922/part_3/011771.json,,,0.967721877728007,87.98,84.8684210526316,85.5263157894737,3.29639889196676,94.5152354570637,75.35,0.965439190035638,0.947434267432248,
/media/vsi-dev/Lacie_2/mndot_workzone_project/Tesla/campaign_8348ccbe-b6ca-4be8-82ff-b4eba2616879-Tesla_-_Princeton_169_new/campaign/processed_json/segments/9b1c0b60-a317-4614-b1d3-ac66ae257922/part_3/011772.json,,,0.966786233276824,88.11,85.8552631578947,86.1842105263158,4.48753462603878,92.2991689750693,75.71,0.967335637096043,0.947768409518631,
/media/vsi-dev/Lacie_2/mndot_workzone_project/Tesla/campaign_8348ccbe-b6ca-4be8-82ff-b4eba2616879-Tesla_-_Princeton_169_new/campaign/processed_json/segments/9b1c0b60-a317-4614-b1d3-ac66ae257922/part_3/011773.json,,,0.968221246881518,88.25,84.8684210526316,85.5263157894737,7.97783933518006,93.7396121883657,75.95,0.966340556660097,0.94788782073397,
/media/vsi-dev/Lacie_2/mndot_workzone_project/Tesla/campaign_8348ccbe-b6ca-4be8-82ff-b4eba2616879-Tesla_-_Princeton_169_new/campaign/processed_json/segments/9b1c0b60-a317-4614-b1d3-ac66ae257922/part_3/011774.json,,,0.967434853504781,88.76,84.8684210526316,86.1842105263158,16.1495844875346,94.0443213296399,77.4,0.963247452735443,0.94750641797731,
/media/vsi-dev/Lacie_2/mndot_workzone_project/Tesla/campaign_8348ccbe-b6ca-4be8-82ff-b4eba2616879-Tesla_-_Princeton_169_new/campaign/processed_json/segments/9b1c0b60-a317-4614-b1d3-ac66ae257922/part_3/011775.json,,,0.967721877728007,88.8,84.2105263157895,85.5263157894737,20.6094182825485,93.213296398892,77.53,0.960478923259495,0.947571557655403,
/media/vsi-dev/Lacie_2/mndot_workzone_project/Tesla/campaign_8348ccbe-b6ca-4be8-82ff-b4eba2616879-Tesla_-_Princeton_169_new/campaign/processed_json/segments/9b1c0b60-a317-4614-b1d3-ac66ae257922/part_3/011776.json,,,0.967434853504781,88.62,84.8684210526316,85.5263157894737,11.9390581717452,96.7590027700831,76.99,0.966522768026068,0.946606903966902,
/media/vsi-dev/Lacie_2/mndot_workzone_project/Tesla/campaign_8348ccbe-b6ca-4be8-82ff-b4eba2616879-Tesla_-_Princeton_169_new/campaign/processed_json/segments/9b1c0b60-a317-4614-b1d3-ac66ae257922/part_3/011777.json,,,0.967434853504781,87.77,83.8815789473684,85.8552631578947,3.04709141274238,91.994459833795,74.76,0.969094891049101,0.947420598462422,
/media/vsi-dev/Lacie_2/mndot_workzone_project/Tesla/campaign_8348ccbe-b6ca-4be8-82ff-b4eba2616879-Tesla_-_Princeton_169_new/campaign/processed_json/segments/9b1c0b60-a317-4614-b1d3-ac66ae257922/part_3/011778.json,,,0.964730900507316,87.44,84.2105263157895,85.5263157894737,0,92.2437673130194,74.32,0.965335525851355,0.94733074016222,
/media/vsi-dev/Lacie_2/mndot_workzone_project/Tesla/campaign_8348ccbe-b6ca-4be8-82ff-b4eba2616879-Tesla_-_Princeton_169_new/campaign/processed_json/segments/9b1c0b60-a317-4614-b1d3-ac66ae257922/part_3/011779.json,,,0.965191424665858,87.71,84.2105263157895,86.1842105263158,1.32963988919668,93.3240997229917,74.89,0.966716109520594,0.947592049588,
/media/vsi-dev/Lacie_2/mndot_workzone_project/Tesla/campaign_8348ccbe-b6ca-4be8-82ff-b4eba2616879-Tesla_-_Princeton_169_new/campaign/processed_json/segments/9b1c0b60-a317-4614-b1d3-ac66ae257922/part_3/011780.json,,,0.964730900507316,88.18,84.2105263157895,85.8552631578947,11.7174515235457,92.5484764542936,76.21,0.963520904381418,0.947092390804491,
/media/vsi-dev/Lacie_2/mndot_workzone_project/Tesla/campaign_8348ccbe-b6ca-4be8-82ff-b4eba2616879-Tesla_-_Princeton_169_new/campaign/processed_json/segments/9b1c0b60-a317-4614-b1d3-ac66ae257922/part_3/011781.json,,,0.965191424665858,87.63,83.8815789473684,85.5263157894737,1.99445983379501,93.3240997229917,74.69,0.966997707230231,0.947146114922723,
/media/vsi-dev/Lacie_2/mndot_workzone_project/Tesla/campaign_8348ccbe-b6ca-4be8-82ff-b4eba2616879-Tesla_-_Princeton_169_new/campaign/processed_json/segments/9b1c0b60-a317-4614-b1d3-ac66ae257922/part_3/011782.json,,,0.964245713669026,87.81,83.5526315789474,86.1842105263158,5.73407202216067,92.8254847645429,75.27,0.966199963341721,0.947155359026037,
/media/vsi-dev/Lacie_2/mndot_workzone_project/Tesla/campaign_8348ccbe-b6ca-4be8-82ff-b4eba2616879-Tesla_-_Princeton_169_new/campaign/processed_json/segments/9b1c0b60-a317-4614-b1d3-ac66ae257922/part_3/011783.json,,,0.963201498874578,87.77,83.8815789473684,86.1842105263158,3.90581717451523,94.0443213296399,75.28,0.966153079187099,0.946709719932622,
/media/vsi-dev/Lacie_2/mndot_workzone_project/Tesla/campaign_8348ccbe-b6ca-4be8-82ff-b4eba2616879-Tesla_-_Princeton_169_new/campaign/processed_json/segments/9b1c0b60-a317-4614-b1d3-ac66ae257922/part_3/011784.json,,,0.964245713669026,87.38,83.8815789473684,85.5263157894737,0,91.6897506925208,74.15,0.968343831373165,0.94684388844203,
/media/vsi-dev/Lacie_2/mndot_workzone_project/Tesla/campaign_8348ccbe-b6ca-4be8-82ff-b4eba2616879-Tesla_-_Princeton_169_new/campaign/processed_json/segments/9b1c0b60-a317-4614-b1d3-ac66ae257922/part_3/011785.json,,,0.962059092380158,87.81,84.8684210526316,85.5263157894737,6.398891966759,92.8254847645429,75.56,0.964477708597746,0.946147615283809,
/media/vsi-dev/Lacie_2/mndot_workzone_project/Tesla/campaign_8348ccbe-b6ca-4be8-82ff-b4eba2616879-Tesla_-_Princeton_169_new/campaign/processed_json/segments/9b1c0b60-a317-4614-b1d3-ac66ae257922/part_3/011786.json,,,0.966424685849189,88.07,84.2105263157895,85.5263157894737,8.83656509695291,92.4930747922438,75.69,0.967072483141411,0.946657262437015,
/media/vsi-dev/Lacie_2/mndot_workzone_project/Tesla/campaign_8348ccbe-b6ca-4be8-82ff-b4eba2616879-Tesla_-_Princeton_169_new/campaign/processed_json/segments/9b1c0b60-a317-4614-b1d3-ac66ae257922/part_3/011787.json,,,0.966786233276824,88.55,84.2105263157895,85.1973684210526,20.3047091412742,89.8891966759003,76.91,0.963940787415609,0.947224895281491,
/media/vsi-dev/Lacie_2/mndot_workzone_project/Tesla/campaign_8348ccbe-b6ca-4be8-82ff-b4eba2616879-Tesla_-_Princeton_169_new/campaign/processed_json/segments/9b1c0b60-a317-4614-b1d3-ac66ae257922/part_3/011788.json,,,0.966424685849189,88.56,84.2105263157895,85.5263157894737,21.6343490304709,88.3656509695291,76.98,0.963805157389137,0.94729113052411,
/media/vsi-dev/Lacie_2/mndot_workzone_project/Tesla/campaign_8348ccbe-b6ca-4be8-82ff-b4eba2616879-Tesla_-_Princeton_169_new/campaign/processed_json/segments/9b1c0b60-a317-4614-b1d3-ac66ae257922/part_3/011789.json,,,0.965191424665858,88.03,83.8815789473684,86.1842105263158,12.0498614958449,88.9196675900277,75.73,0.966615214638633,0.946668428222216,
/media/vsi-dev/Lacie_2/mndot_workzone_project/Tesla/campaign_8348ccbe-b6ca-4be8-82ff-b4eba2616879-Tesla_-_Princeton_169_new/campaign/processed_json/segments/9b1c0b60-a317-4614-b1d3-ac66ae257922/part_3/011790.json,,,0.967434853504781,88.16,82.5657894736842,85.5263157894737,15.8171745152355,90.0831024930748,75.87,0.964775942553402,0.946363070141348,
/media/vsi-dev/Lacie_2/mndot_workzone_project/Tesla/campaign_8348ccbe-b6ca-4be8-82ff-b4eba2616879-Tesla_-_Princeton_169_new/campaign/processed_json/segments/9b1c0b60-a317-4614-b1d3-ac66ae257922/part_3/011791.json,,,0.968620922016178,91.26,82.2368421052632,85.5263157894737,71.8836565096953,89.3351800554017,83.97,0.9453403371969,0.946901560527063,
/media/vsi-dev/Lacie_2/mndot_workzone_project/Tesla/campaign_8348ccbe-b6ca-4be8-82ff-b4eba2616879-Tesla_-_Princeton_169_new/campaign/processed_json/segments/9b1c0b60-a317-4614-b1d3-ac66ae257922/part_3/011792.json,,,0.966424685849189,88.48,84.2105263157895,85.5263157894737,15.9556786703601,92.9085872576177,76.8,0.965209872605456,0.944812243557907,
/media/vsi-dev/Lacie_2/mndot_workzone_project/Tesla/campaign_8348ccbe-b6ca-4be8-82ff-b4eba2616879-Tesla_-_Princeton_169_new/campaign/processed_json/segments/9b1c0b60-a317-4614-b1d3-ac66ae257922/part_3/011793.json,,,0.967434853504781,87.74,84.2105263157895,85.5263157894737,1.38504155124654,93.9058171745152,74.78,0.967952088434592,0.944997599302871,
/media/vsi-dev/Lacie_2/mndot_workzone_project/Tesla/campaign_8348ccbe-b6ca-4be8-82ff-b4eba2616879-Tesla_-_Princeton_169_new/campaign/processed_json/segments/9b1c0b60-a317-4614-b1d3-ac66ae257922/part_3/011794.json,,,0.968920783299383,87.63,82.8947368421053,85.5263157894737,4.29362880886427,91.1634349030471,74.4,0.964793197019739,0.946258980184896,
/media/vsi-dev/Lacie_2/mndot_workzone_project/Tesla/campaign_8348ccbe-b6ca-4be8-82ff-b4eba2616879-Tesla_-_Princeton_169_new/campaign/processed_json/segments/9b1c0b60-a317-4614-b1d3-ac66ae257922/part_3/011795.json,,,0.968433554391028,87.55,83.8815789473684,84.2105263157895,0,94.6260387811634,74.19,0.969043834768497,0.944684417787849,
/media/vsi-dev/Lacie_2/mndot_workzone_project/Tesla/campaign_8348ccbe-b6ca-4be8-82ff-b4eba2616879-Tesla_-_Princeton_169_new/campaign/processed_json/segments/9b1c0b60-a317-4614-b1d3-ac66ae257922/part_3/011796.json,,,0.96264254894526,82.46,82.8947368421053,84.2105263157895,14.5152354570637,0,61.91,0.962535367407225,0.956829001666584,
/media/vsi-dev/Lacie_2/mndot_workzone_project/Tesla/campaign_8348ccbe-b6ca-4be8-82ff-b4eba2616879-Tesla_-_Princeton_169_new/campaign/processed_json/segments/9b1c0b60-a317-4614-b1d3-ac66ae257922/part_3/011797.json,,,0.969220734554469,88.42,82.5657894736842,84.2105263157895,20.7756232686981,90.8864265927978,76.34,0.96477374755727,0.946454599945111,
/media/vsi-dev/Lacie_2/mndot_workzone_project/Tesla/campaign_8348ccbe-b6ca-4be8-82ff-b4eba2616879-Tesla_-_Princeton_169_new/campaign/processed_json/segments/9b1c0b60-a317-4614-b1d3-ac66ae257922/part_3/011798.json,,,0.972765240307908,88.88,82.8947368421053,84.2105263157895,27.2299168975069,89.5013850415512,77.19,0.962833451854727,0.946718626142031,
/media/vsi-dev/Lacie_2/mndot_workzone_project/Tesla/campaign_8348ccbe-b6ca-4be8-82ff-b4eba2616879-Tesla_-_Princeton_169_new/campaign/processed_json/segments/9b1c0b60-a317-4614-b1d3-ac66ae257922/part_3/011799.json,,,0.972765240307908,88.92,83.5526315789474,84.2105263157895,19.0581717451524,96.8975069252078,77.27,0.965525966499388,0.944589313988034,
/media/vsi-dev/Lacie_2/mndot_workzone_project/Tesla/campaign_8348ccbe-b6ca-4be8-82ff-b4eba2616879-Tesla_-_Princeton_169_new/campaign/processed_json/segments/9b1c0b60-a317-4614-b1d3-ac66ae257922/part_3/011800.json,,,0.967434853504781,88.49,82.5657894736842,84.2105263157895,15.1523545706371,100,76.84,0.966538494278593,0.939528164278139,
/media/vsi-dev/Lacie_2/mndot_workzone_project/Tesla/campaign_8348ccbe-b6ca-4be8-82ff-b4eba2616879-Tesla_-_Princeton_169_new/campaign/processed_json/segments/9b1c0b60-a317-4614-b1d3-ac66ae257922/part_3/011801.json,,,0.980198673306755,88.9,82.2368421052632,84.8684210526316,17.7008310249307,93.7673130193906,76.41,0.965339291288936,0.947194200570414,
/media/vsi-dev/Lacie_2/mndot_workzone_project/Tesla/campaign_8348ccbe-b6ca-4be8-82ff-b4eba2616879-Tesla_-_Princeton_169_new/campaign/processed_json/segments/9b1c0b60-a317-4614-b1d3-ac66ae257922/part_3/011802.json,,,0.97715254792786,88.72,82.5657894736842,84.2105263157895,15.8448753462604,95.6232686980609,76.31,0.965964810206544,0.945470071210007,
/media/vsi-dev/Lacie_2/mndot_workzone_project/Tesla/campaign_8348ccbe-b6ca-4be8-82ff-b4eba2616879-Tesla_-_Princeton_169_new/campaign/processed_json/segments/9b1c0b60-a317-4614-b1d3-ac66ae257922/part_3/011803.json,,,0.980198673306755,89.26,82.2368421052632,84.8684210526316,21.9390581717452,95.983379501385,77.37,0.964264369749732,0.946402971167364,
/media/vsi-dev/Lacie_2/mndot_workzone_project/Tesla/campaign_8348ccbe-b6ca-4be8-82ff-b4eba2616879-Tesla_-_Princeton_169_new/campaign/processed_json/segments/9b1c0b60-a317-4614-b1d3-ac66ae257922/part_3/011804.json,,,0.978191324262237,88.91,82.5657894736842,84.2105263157895,16.6759002770083,97.2853185595568,76.68,0.965877787662294,0.944944325215017,
/media/vsi-dev/Lacie_2/mndot_workzone_project/Tesla/campaign_8348ccbe-b6ca-4be8-82ff-b4eba2616879-Tesla_-_Princeton_169_new/campaign/processed_json/segments/9b1c0b60-a317-4614-b1d3-ac66ae257922/part_3/011805.json,,,0.966786233276824,82.36,81.9078947368421,83.8815789473684,11.218836565097,0,61.05,0.967361555036865,0.959689756925416,
/media/vsi-dev/Lacie_2/mndot_workzone_project/Tesla/campaign_8348ccbe-b6ca-4be8-82ff-b4eba2616879-Tesla_-_Princeton_169_new/campaign/processed_json/segments/9b1c0b60-a317-4614-b1d3-ac66ae257922/part_3/011806.json,,,0.968920783299383,88.16,82.2368421052632,83.8815789473684,13.9335180055402,95.207756232687,75.76,0.966643621826606,0.943415137823177,
/media/vsi-dev/Lacie_2/mndot_workzone_project/Tesla/campaign_8348ccbe-b6ca-4be8-82ff-b4eba2616879-Tesla_-_Princeton_169_new/campaign/processed_json/segments/9b1c0b60-a317-4614-b1d3-ac66ae257922/part_3/011807.json,,,0.968221246881518,88.69,82.2368421052632,83.8815789473684,21.1080332409972,97.7562326869806,77.2,0.964644269913654,0.943040046401438,
/media/vsi-dev/Lacie_2/mndot_workzone_project/Tesla/campaign_8348ccbe-b6ca-4be8-82ff-b4eba2616879-Tesla_-_Princeton_169_new/campaign/processed_json/segments/9b1c0b60-a317-4614-b1d3-ac66ae257922/part_3/011808.json,,,0.967434853504781,88.63,82.8947368421053,83.8815789473684,24.819944598338,92.0775623268698,77.11,0.963396209206559,0.945002745339876,
/media/vsi-dev/Lacie_2/mndot_workzone_project/Tesla/campaign_8348ccbe-b6ca-4be8-82ff-b4eba2616879-Tesla_-_Princeton_169_new/campaign/processed_json/segments/9b1c0b60-a317-4614-b1d3-ac66ae257922/part_3/011809.json,,,0.967434853504781,88.02,81.9078947368421,83.8815789473684,15.6786703601108,92.4930747922438,75.52,0.965785458644307,0.945305054225377,
/media/vsi-dev/Lacie_2/mndot_workzone_project/Tesla/campaign_8348ccbe-b6ca-4be8-82ff-b4eba2616879-Tesla_-_Princeton_169_new/campaign/processed_json/segments/9b1c0b60-a317-4614-b1d3-ac66ae257922/part_3/011810.json,,,0.964245713669026,87.89,83.5526315789474,83.8815789473684,14.3767313019391,90.8864265927978,75.57,0.963679781377058,0.945740087553406,
/media/vsi-dev/Lacie_2/mndot_workzone_project/Tesla/campaign_8348ccbe-b6ca-4be8-82ff-b4eba2616879-Tesla_-_Princeton_169_new/campaign/processed_json/segments/9b1c0b60-a317-4614-b1d3-ac66ae257922/part_3/011811.json,,,0.963201498874578,87.85,83.8815789473684,83.8815789473684,16.0941828254848,88.2548476454294,75.53,0.964605379309672,0.945961475207143,
/media/vsi-dev/Lacie_2/mndot_workzone_project/Tesla/campaign_8348ccbe-b6ca-4be8-82ff-b4eba2616879-Tesla_-_Princeton_169_new/campaign/processed_json/segments/9b1c0b60-a317-4614-b1d3-ac66ae257922/part_3/011812.json,,,0.962059092380158,87.37,82.2368421052632,82.8947368421053,14.8753462603878,87.3961218836565,74.44,0.96454718799576,0.946603136633009,
/media/vsi-dev/Lacie_2/mndot_workzone_project/Tesla/campaign_8348ccbe-b6ca-4be8-82ff-b4eba2616879-Tesla_-_Princeton_169_new/campaign/processed_json/segments/9b1c0b60-a317-4614-b1d3-ac66ae257922/part_3/011813.json,,,0.960818835379895,87.23,82.8947368421053,83.8815789473684,10.7756232686981,86.6204986149585,74.2,0.965782690655738,0.946203458495916,
/media/vsi-dev/Lacie_2/mndot_workzone_project/Tesla/campaign_8348ccbe-b6ca-4be8-82ff-b4eba2616879-Tesla_-_Princeton_169_new/campaign/processed_json/segments/9b1c0b60-a317-4614-b1d3-ac66ae257922/part_3/011814.json,,,0.962059092380158,87.3,82.8947368421053,83.8815789473684,11.9390581717452,85.9556786703601,74.27,0.964909062918083,0.946284211757693,
/media/vsi-dev/Lacie_2/mndot_workzone_project/Tesla/campaign_8348ccbe-b6ca-4be8-82ff-b4eba2616879-Tesla_-_Princeton_169_new/campaign/processed_json/segments/9b1c0b60-a317-4614-b1d3-ac66ae257922/part_3/011815.json,,,0.962059092380158,86.74,82.8947368421053,83.5526315789474,0.526315789473684,87.8393351800554,72.77,0.969114638231737,0.94617238035022,
/media/vsi-dev/Lacie_2/mndot_workzone_project/Tesla/campaign_8348ccbe-b6ca-4be8-82ff-b4eba2616879-Tesla_-_Princeton_169_new/campaign/processed_json/segments/9b1c0b60-a317-4614-b1d3-ac66ae257922/part_3/011816.json,,,0.963201498874578,87.66,82.8947368421053,83.8815789473684,13.5457063711911,89.9722991689751,75.11,0.963293342819106,0.945898523128642,
/media/vsi-dev/Lacie_2/mndot_workzone_project/Tesla/campaign_8348ccbe-b6ca-4be8-82ff-b4eba2616879-Tesla_-_Princeton_169_new/campaign/processed_json/segments/9b1c0b60-a317-4614-b1d3-ac66ae257922/part_3/011817.json,,,0.964730900507316,86.92,81.25,83.8815789473684,3.37950138504155,89.4182825484765,73.02,0.966071176239562,0.946131496835861,
/media/vsi-dev/Lacie_2/mndot_workzone_project/Tesla/campaign_8348ccbe-b6ca-4be8-82ff-b4eba2616879-Tesla_-_Princeton_169_new/campaign/processed_json/segments/9b1c0b60-a317-4614-b1d3-ac66ae257922/part_3/011818.json,,,0.966424685849189,88.32,80.5921052631579,83.8815789473684,28.5595567867036,88.808864265928,76.48,0.961246043232699,0.946123998832984,
/media/vsi-dev/Lacie_2/mndot_workzone_project/Tesla/campaign_8348ccbe-b6ca-4be8-82ff-b4eba2616879-Tesla_-_Princeton_169_new/campaign/processed_json/segments/9b1c0b60-a317-4614-b1d3-ac66ae257922/part_3/011819.json,,,0.966424685849189,88.15,82.5657894736842,84.2105263157895,19.5013850415513,90.6925207756233,76.09,0.960198649596402,0.945704236276548,
/media/vsi-dev/Lacie_2/mndot_workzone_project/Tesla/campaign_8348ccbe-b6ca-4be8-82ff-b4eba2616879-Tesla_-_Princeton_169_new/campaign/processed_json/segments/9b1c0b60-a317-4614-b1d3-ac66ae257922/part_3/011820.json,,,0.966786233276824,87.85,82.5657894736842,83.8815789473684,14.4321329639889,89.8614958448754,75.14,0.966659981091306,0.945709285290267,
/media/vsi-dev/Lacie_2/mndot_workzone_project/Tesla/campaign_8348ccbe-b6ca-4be8-82ff-b4eba2616879-Tesla_-_Princeton_169_new/campaign/processed_json/segments/9b1c0b60-a317-4614-b1d3-ac66ae257922/part_3/011821.json,,,0.967434853504781,88.07,82.8947368421053,83.8815789473684,16.6204986149585,90.3047091412742,75.63,0.965967379132422,0.945666343965539,
/media/vsi-dev/Lacie_2/mndot_workzone_project/Tesla/campaign_8348ccbe-b6ca-4be8-82ff-b4eba2616879-Tesla_-_Princeton_169_new/campaign/processed_json/segments/9b1c0b60-a317-4614-b1d3-ac66ae257922/part_3/011822.json,,,0.968433554391028,88.3,82.5657894736842,83.8815789473684,23.213296398892,87.9501385041551,76.16,0.963747941695626,0.946547733826792,
/media/vsi-dev/Lacie_2/mndot_workzone_project/Tesla/campaign_8348ccbe-b6ca-4be8-82ff-b4eba2616879-Tesla_-_Princeton_169_new/campaign/processed_json/segments/9b1c0b60-a317-4614-b1d3-ac66ae257922/part_3/011823.json,,,0.968920783299383,87.96,81.9078947368421,82.8947368421053,18.7534626038781,89.3351800554017,75.21,0.965075872995086,0.946537089038601,
/media/vsi-dev/Lacie_2/mndot_workzone_project/Tesla/campaign_8348ccbe-b6ca-4be8-82ff-b4eba2616879-Tesla_-_Princeton_169_new/campaign/processed_json/segments/9b1c0b60-a317-4614-b1d3-ac66ae257922/part_3/011824.json,,,0.968920783299383,88.7,82.8947368421053,83.8815789473684,26.6481994459834,90.2770083102493,77.12,0.963218222921297,0.94602140250182,
/media/vsi-dev/Lacie_2/mndot_workzone_project/Tesla/campaign_8348ccbe-b6ca-4be8-82ff-b4eba2616879-Tesla_-_Princeton_169_new/campaign/processed_json/segments/9b1c0b60-a317-4614-b1d3-ac66ae257922/part_3/011825.json,,,0.968920783299383,88.6,82.5657894736842,83.8815789473684,25.3462603878116,90.803324099723,76.9,0.963422245949477,0.945188073373553,
/media/vsi-dev/Lacie_2/mndot_workzone_project/Tesla/campaign_8348ccbe-b6ca-4be8-82ff-b4eba2616879-Tesla_-_Princeton_169_new/campaign/processed_json/segments/9b1c0b60-a317-4614-b1d3-ac66ae257922/part_3/011826.json,,,0.973896737455057,91.83,82.2368421052632,83.8815789473684,77.3407202216067,93.8227146814404,84.96,0.945198222464373,0.944236066072779,
/media/vsi-dev/Lacie_2/mndot_workzone_project/Tesla/campaign_8348ccbe-b6ca-4be8-82ff-b4eba2616879-Tesla_-_Princeton_169_new/campaign/processed_json/segments/9b1c0b60-a317-4614-b1d3-ac66ae257922/part_3/011827.json,,,0.968620922016178,88.49,81.9078947368421,84.2105263157895,20.1385041551247,95.0415512465374,76.65,0.964506666209518,0.943607164214182,
/media/vsi-dev/Lacie_2/mndot_workzone_project/Tesla/campaign_8348ccbe-b6ca-4be8-82ff-b4eba2616879-Tesla_-_Princeton_169_new/campaign/processed_json/segments/9b1c0b60-a317-4614-b1d3-ac66ae257922/part_3/011828.json,,,0.968920783299383,88.34,82.8947368421053,84.2105263157895,16.9252077562327,93.2409972299169,76.21,0.965840556719726,0.944513202270731,
/media/vsi-dev/Lacie_2/mndot_workzone_project/Tesla/campaign_8348ccbe-b6ca-4be8-82ff-b4eba2616879-Tesla_-_Princeton_169_new/campaign/processed_json/segments/9b1c0b60-a317-4614-b1d3-ac66ae257922/part_3/011829.json,,,0.969120740804232,88.43,82.8947368421053,84.5394736842105,19.196675900277,91.9390581717451,76.45,0.965083433186701,0.94384228092377,
/media/vsi-dev/Lacie_2/mndot_workzone_project/Tesla/campaign_8348ccbe-b6ca-4be8-82ff-b4eba2616879-Tesla_-_Princeton_169_new/campaign/processed_json/segments/9b1c0b60-a317-4614-b1d3-ac66ae257922/part_3/011830.json,,,0.968920783299383,88.49,81.5789473684211,84.2105263157895,23.4072022160665,92.2991689750693,76.63,0.963540771894839,0.944473902697567,
/media/vsi-dev/Lacie_2/mndot_workzone_project/Tesla/campaign_8348ccbe-b6ca-4be8-82ff-b4eba2616879-Tesla_-_Princeton_169_new/campaign/processed_json/segments/9b1c0b60-a317-4614-b1d3-ac66ae257922/part_3/011831.json,,,0.967434853504781,88.17,81.9078947368421,83.8815789473684,17.9224376731302,93.0470914127424,75.93,0.965226635280012,0.944577986841354,
/media/vsi-dev/Lacie_2/mndot_workzone_project/Tesla/campaign_8348ccbe-b6ca-4be8-82ff-b4eba2616879-Tesla_-_Princeton_169_new/campaign/processed_json/segments/9b1c0b60-a317-4614-b1d3-ac66ae257922/part_3/011832.json,,,0.969120740804232,88.18,81.5789473684211,84.2105263157895,17.2576177285319,92.9085872576177,75.81,0.964739291539024,0.944445147569712,
/media/vsi-dev/Lacie_2/mndot_workzone_project/Tesla/campaign_8348ccbe-b6ca-4be8-82ff-b4eba2616879-Tesla_-_Princeton_169_new/campaign/processed_json/segments/9b1c0b60-a317-4614-b1d3-ac66ae257922/part_3/011833.json,,,0.969033254475011,88.44,81.5789473684211,84.5394736842105,21.3850415512465,92.7423822714681,76.49,0.963718835607044,0.944271923654393,
/media/vsi-dev/Lacie_2/mndot_workzone_project/Tesla/campaign_8348ccbe-b6ca-4be8-82ff-b4eba2616879-Tesla_-_Princeton_169_new/campaign/processed_json/segments/9b1c0b60-a317-4614-b1d3-ac66ae257922/part_3/011834.json,,,0.966038349019377,87.21,82.2368421052632,84.2105263157895,2.93628808864266,91.5512465373961,73.66,0.96527361776921,0.944745656920454,
/media/vsi-dev/Lacie_2/mndot_workzone_project/Tesla/campaign_8348ccbe-b6ca-4be8-82ff-b4eba2616879-Tesla_-_Princeton_169_new/campaign/processed_json/segments/9b1c0b60-a317-4614-b1d3-ac66ae257922/part_3/011835.json,,,0.966038349019377,87.33,82.5657894736842,84.2105263157895,6.09418282548477,89.612188365651,73.94,0.965700318204983,0.945355639656957,
/media/vsi-dev/Lacie_2/mndot_workzone_project/Tesla/campaign_8348ccbe-b6ca-4be8-82ff-b4eba2616879-Tesla_-_Princeton_169_new/campaign/processed_json/segments/9b1c0b60-a317-4614-b1d3-ac66ae257922/part_3/011836.json,,,0.966424685849189,87.6,82.8947368421053,84.2105263157895,7.95013850415512,91.218836565097,74.57,0.966347065208092,0.945588280886706,
/media/vsi-dev/Lacie_2/mndot_workzone_project/Tesla/campaign_8348ccbe-b6ca-4be8-82ff-b4eba2616879-Tesla_-_Princeton_169_new/campaign/processed_json/segments/9b1c0b60-a317-4614-b1d3-ac66ae257922/part_3/011837.json,,,0.964245713669026,87.32,81.5789473684211,84.2105263157895,8.75346260387812,89.9168975069252,74.09,0.965621400622991,0.945434299057565,
/media/vsi-dev/Lacie_2/mndot_workzone_project/Tesla/campaign_8348ccbe-b6ca-4be8-82ff-b4eba2616879-Tesla_-_Princeton_169_new/campaign/processed_json/segments/9b1c0b60-a317-4614-b1d3-ac66ae257922/part_3/011838.json,,,0.966038349019377,87.41,81.25,84.2105263157895,9.08587257617729,90.6925207756233,74.16,0.965744394473753,0.945067549790274,
/media/vsi-dev/Lacie_2/mndot_workzone_project/Tesla/campaign_8348ccbe-b6ca-4be8-82ff-b4eba2616879-Tesla_-_Princeton_169_new/campaign/processed_json/segments/9b1c0b60-a317-4614-b1d3-ac66ae257922/part_3/011839.json,,,0.965191424665858,87.08,81.9078947368421,83.8815789473684,2.10526315789474,91.8282548476454,73.39,0.967253269064731,0.944866001887406,
/media/vsi-dev/Lacie_2/mndot_workzone_project/Tesla/campaign_8348ccbe-b6ca-4be8-82ff-b4eba2616879-Tesla_-_Princeton_169_new/campaign/processed_json/segments/9b1c0b60-a317-4614-b1d3-ac66ae257922/part_3/011840.json,,,0.966424685849189,87.66,81.5789473684211,84.2105263157895,12.5207756232687,90.7756232686981,74.78,0.96403787500881,0.944899099750382,
/media/vsi-dev/Lacie_2/mndot_workzone_project/Tesla/campaign_8348ccbe-b6ca-4be8-82ff-b4eba2616879-Tesla_-_Princeton_169_new/campaign/processed_json/segments/9b1c0b60-a317-4614-b1d3-ac66ae257922/part_3/011841.json,,,0.966038349019377,87.52,80.9210526315789,84.2105263157895,10.0831024930748,92.4653739612188,74.47,0.965299380665372,0.944239875124171,
/media/vsi-dev/Lacie_2/mndot_workzone_project/Tesla/campaign_8348ccbe-b6ca-4be8-82ff-b4eba2616879-Tesla_-_Princeton_169_new/campaign/processed_json/segments/9b1c0b60-a317-4614-b1d3-ac66ae257922/part_3/011842.json,,,0.966038349019377,87.42,80.5921052631579,83.5526315789474,11.7728531855956,91.0803324099723,74.22,0.964386053063562,0.944794743621982,
/media/vsi-dev/Lacie_2/mndot_workzone_project/Tesla/campaign_8348ccbe-b6ca-4be8-82ff-b4eba2616879-Tesla_-_Princeton_169_new/campaign/processed_json/segments/9b1c0b60-a317-4614-b1d3-ac66ae257922/part_3/011843.json,,,0.965191424665858,87.58,81.5789473684211,84.2105263157895,13.3518005540166,89.5567867036011,74.71,0.963929528608193,0.944442844526392,
/media/vsi-dev/Lacie_2/mndot_workzone_project/Tesla/campaign_8348ccbe-b6ca-4be8-82ff-b4eba2616879-Tesla_-_Princeton_169_new/campaign/processed_json/segments/9b1c0b60-a317-4614-b1d3-ac66ae257922/part_3/011844.json,,,0.966424685849189,87.77,81.5789473684211,83.8815789473684,15.0138504155125,91.3019390581717,75.12,0.962425426248896,0.943877284719893,
/media/vsi-dev/Lacie_2/mndot_workzone_project/Tesla/campaign_8348ccbe-b6ca-4be8-82ff-b4eba2616879-Tesla_-_Princeton_169_new/campaign/processed_json/segments/9b1c0b60-a317-4614-b1d3-ac66ae257922/part_3/011845.json,,,0.967721877728007,87.81,78.9473684210526,83.5526315789474,22.0498614958449,90.4432132963989,75.14,0.959780360716353,0.944262818281407,
/media/vsi-dev/Lacie_2/mndot_workzone_project/Tesla/campaign_8348ccbe-b6ca-4be8-82ff-b4eba2616879-Tesla_-_Princeton_169_new/campaign/processed_json/segments/9b1c0b60-a317-4614-b1d3-ac66ae257922/part_3/011846.json,,,0.967721877728007,88.29,81.25,84.8684210526316,23.213296398892,89.9168975069252,76.33,0.962834034253446,0.942470293153046,
/media/vsi-dev/Lacie_2/mndot_workzone_project/Tesla/campaign_8348ccbe-b6ca-4be8-82ff-b4eba2616879-Tesla_-_Princeton_169_new/campaign/processed_json/segments/9b1c0b60-a317-4614-b1d3-ac66ae257922/part_3/011847.json,,,0.968920783299383,88.73,80.9210526315789,85.1973684210526,28.6703601108033,91.4681440443213,77.37,0.961617160193363,0.940768011631473,
/media/vsi-dev/Lacie_2/mndot_workzone_project/Tesla/campaign_8348ccbe-b6ca-4be8-82ff-b4eba2616879-Tesla_-_Princeton_169_new/campaign/processed_json/segments/9b1c0b60-a317-4614-b1d3-ac66ae257922/part_3/011848.json,,,0.970433403055154,88.21,80.5921052631579,84.2105263157895,17.2576177285319,94.7368421052632,75.78,0.964973423982733,0.943167187453074,
/media/vsi-dev/Lacie_2/mndot_workzone_project/Tesla/campaign_8348ccbe-b6ca-4be8-82ff-b4eba2616879-Tesla_-_Princeton_169_new/campaign/processed_json/segments/9b1c0b60-a317-4614-b1d3-ac66ae257922/part_3/011849.json,,,0.969220734554469,88.7,83.8815789473684,84.2105263157895,20.3047091412742,94.792243767313,77.21,0.960966381016833,0.943532805637424,
/media/vsi-dev/Lacie_2/mndot_workzone_project/Tesla/campaign_8348ccbe-b6ca-4be8-82ff-b4eba2616879-Tesla_-_Princeton_169_new/campaign/processed_json/segments/9b1c0b60-a317-4614-b1d3-ac66ae257922/part_3/011850.json,,,0.969220734554469,88.14,83.5526315789474,84.2105263157895,14.1274238227147,91.1080332409972,75.67,0.967141589453378,0.943414222005613,
/media/vsi-dev/Lacie_2/mndot_workzone_project/Tesla/campaign_8348ccbe-b6ca-4be8-82ff-b4eba2616879-Tesla_-_Princeton_169_new/campaign/processed_json/segments/9b1c0b60-a317-4614-b1d3-ac66ae257922/part_3/011851.json,,,0.972765240307908,88.87,82.5657894736842,84.2105263157895,24.2105263157895,93.6288088642659,77.24,0.963871246513517,0.942963499297749,
/media/vsi-dev/Lacie_2/mndot_workzone_project/Tesla/campaign_8348ccbe-b6ca-4be8-82ff-b4eba2616879-Tesla_-_Princeton_169_new/campaign/processed_json/segments/9b1c0b60-a317-4614-b1d3-ac66ae257922/part_3/011852.json,,,0.975005175298418,88.37,82.2368421052632,83.8815789473684,13.1024930747922,95.5401662049862,75.68,0.967098167464357,0.94283236718944,
/media/vsi-dev/Lacie_2/mndot_workzone_project/Tesla/campaign_8348ccbe-b6ca-4be8-82ff-b4eba2616879-Tesla_-_Princeton_169_new/campaign/processed_json/segments/9b1c0b60-a317-4614-b1d3-ac66ae257922/part_3/011853.json,,,0.969233234476344,88.25,82.8947368421053,84.2105263157895,14.2659279778393,94.9307479224377,76.04,0.963423065231883,0.942731835108534,
/media/vsi-dev/Lacie_2/mndot_workzone_project/Tesla/campaign_8348ccbe-b6ca-4be8-82ff-b4eba2616879-Tesla_-_Princeton_169_new/campaign/processed_json/segments/9b1c0b60-a317-4614-b1d3-ac66ae257922/part_3/011854.json,,,0.972765240307908,89.31,82.8947368421053,84.2105263157895,31.4404432132964,93.2963988919668,78.37,0.961777675729507,0.943152437728655,
/media/vsi-dev/Lacie_2/mndot_workzone_project/Tesla/campaign_8348ccbe-b6ca-4be8-82ff-b4eba2616879-Tesla_-_Princeton_169_new/campaign/processed_json/segments/9b1c0b60-a317-4614-b1d3-ac66ae257922/part_3/011855.json,,,0.983930514272508,92.24,82.2368421052632,84.2105263157895,76.8975069252078,94.1551246537396,85.03,0.944897761555778,0.942199676065655,
/media/vsi-dev/Lacie_2/mndot_workzone_project/Tesla/campaign_8348ccbe-b6ca-4be8-82ff-b4eba2616879-Tesla_-_Princeton_169_new/campaign/processed_json/segments/9b1c0b60-a317-4614-b1d3-ac66ae257922/part_3/011856.json,,,0.978191324262237,88.89,83.5526315789474,84.2105263157895,20.5817174515235,91.7174515235457,76.71,0.96505358037504,0.942866233949369,
/media/vsi-dev/Lacie_2/mndot_workzone_project/Tesla/campaign_8348ccbe-b6ca-4be8-82ff-b4eba2616879-Tesla_-_Princeton_169_new/campaign/processed_json/segments/9b1c0b60-a317-4614-b1d3-ac66ae257922/part_3/011857.json,,,0.981167097577432,89.23,83.8815789473684,83.8815789473684,23.4626038781163,92.9639889196676,77.32,0.961968909185819,0.943087350539238,
/media/vsi-dev/Lacie_2/mndot_workzone_project/Tesla/campaign_8348ccbe-b6ca-4be8-82ff-b4eba2616879-Tesla_-_Princeton_169_new/campaign/processed_json/segments/9b1c0b60-a317-4614-b1d3-ac66ae257922/part_3/011858.json,,,0.978191324262237,88.67,83.8815789473684,84.2105263157895,13.4349030470914,94.0443213296399,76.1,0.967323511805166,0.942481727295884,
/media/vsi-dev/Lacie_2/mndot_workzone_project/Tesla/campaign_8348ccbe-b6ca-4be8-82ff-b4eba2616879-Tesla_-_Princeton_169_new/campaign/processed_json/segments/9b1c0b60-a317-4614-b1d3-ac66ae257922/part_3/011859.json,,,0.978191324262237,88.42,82.8947368421053,83.8815789473684,12.3268698060942,93.6842105263158,75.48,0.967165532169967,0.942646129057953,
/media/vsi-dev/Lacie_2/mndot_workzone_project/Tesla/campaign_8348ccbe-b6ca-4be8-82ff-b4eba2616879-Tesla_-_Princeton_169_new/campaign/processed_json/segments/9b1c0b60-a317-4614-b1d3-ac66ae257922/part_3/011860.json,,,0.978191324262237,88.5,82.8947368421053,83.8815789473684,13.4072022160665,94.1551246537396,75.71,0.966988471497142,0.942118955198727,
/media/vsi-dev/Lacie_2/mndot_workzone_project/Tesla/campaign_8348ccbe-b6ca-4be8-82ff-b4eba2616879-Tesla_-_Princeton_169_new/campaign/processed_json/segments/9b1c0b60-a317-4614-b1d3-ac66ae257922/part_3/011861.json,,,0.984804140218096,92.38,83.8815789473684,83.5526315789474,77.7285318559557,92.797783933518,85.25,0.946307435429066,0.942661853716959,
/media/vsi-dev/Lacie_2/mndot_workzone_project/Tesla/campaign_8348ccbe-b6ca-4be8-82ff-b4eba2616879-Tesla_-_Princeton_169_new/campaign/processed_json/segments/9b1c0b60-a317-4614-b1d3-ac66ae257922/part_3/011862.json,,,0.981167097577432,88.8,82.8947368421053,83.8815789473684,17.2299168975069,93.7396121883657,76.21,0.965250515576627,0.941557054311574,
/media/vsi-dev/Lacie_2/mndot_workzone_project/Tesla/campaign_8348ccbe-b6ca-4be8-82ff-b4eba2616879-Tesla_-_Princeton_169_new/campaign/processed_json/segments/9b1c0b60-a317-4614-b1d3-ac66ae257922/part_3/011863.json,,,0.97715254792786,88.68,82.2368421052632,83.5526315789474,18.6703601108033,95.0692520775623,76.33,0.964899255327896,0.940904534594927,
/media/vsi-dev/Lacie_2/mndot_workzone_project/Tesla/campaign_8348ccbe-b6ca-4be8-82ff-b4eba2616879-Tesla_-_Princeton_169_new/campaign/processed_json/segments/9b1c0b60-a317-4614-b1d3-ac66ae257922/part_3/011864.json,,,0.973896737455057,88.27,82.2368421052632,82.5657894736842,15.8171745152355,94.7645429362881,75.57,0.966370587597992,0.942001760566179,
/media/vsi-dev/Lacie_2/mndot_workzone_project/Tesla/campaign_8348ccbe-b6ca-4be8-82ff-b4eba2616879-Tesla_-_Princeton_169_new/campaign/processed_json/segments/9b1c0b60-a317-4614-b1d3-ac66ae257922/part_3/011865.json,,,0.975005175298418,88.51,82.2368421052632,82.5657894736842,19.5290858725762,94.5706371191136,76.09,0.965371954227763,0.942153166223357,
/media/vsi-dev/Lacie_2/mndot_workzone_project/Tesla/campaign_8348ccbe-b6ca-4be8-82ff-b4eba2616879-Tesla_-_Princeton_169_new/campaign/processed_json/segments/9b1c0b60-a317-4614-b1d3-ac66ae257922/part_3/011866.json,,,0.969120740804232,87.75,82.5657894736842,82.2368421052632,8.97506925207756,95.8725761772853,74.72,0.968318183483152,0.9411415850578,
/media/vsi-dev/Lacie_2/mndot_workzone_project/Tesla/campaign_8348ccbe-b6ca-4be8-82ff-b4eba2616879-Tesla_-_Princeton_169_new/campaign/processed_json/segments/9b1c0b60-a317-4614-b1d3-ac66ae257922/part_3/011867.json,,,0.968920783299383,87.76,82.8947368421053,82.2368421052632,11.7174515235457,94.1551246537396,74.93,0.961746107089401,0.940980027470471,
/media/vsi-dev/Lacie_2/mndot_workzone_project/Tesla/campaign_8348ccbe-b6ca-4be8-82ff-b4eba2616879-Tesla_-_Princeton_169_new/campaign/processed_json/segments/9b1c0b60-a317-4614-b1d3-ac66ae257922/part_3/011868.json,,,0.968620922016178,87.08,82.5657894736842,81.9078947368421,0,95.7894736842105,73.23,0.963302776011074,0.940761222783238,
/media/vsi-dev/Lacie_2/mndot_workzone_project/Tesla/campaign_8348ccbe-b6ca-4be8-82ff-b4eba2616879-Tesla_-_Princeton_169_new/campaign/processed_json/segments/9b1c0b60-a317-4614-b1d3-ac66ae257922/part_3/011869.json,,,0.968433554391028,87.4,82.8947368421053,81.9078947368421,5.78947368421053,94.7091412742382,74.04,0.963275814937576,0.940920425868451,
/media/vsi-dev/Lacie_2/mndot_workzone_project/Tesla/campaign_8348ccbe-b6ca-4be8-82ff-b4eba2616879-Tesla_-_Princeton_169_new/campaign/processed_json/segments/9b1c0b60-a317-4614-b1d3-ac66ae257922/part_3/011870.json,,,0.967434853504781,87.27,82.2368421052632,81.5789473684211,8.78116343490305,91.7451523545706,73.76,0.965074244468271,0.942106195188347,
/media/vsi-dev/Lacie_2/mndot_workzone_project/Tesla/campaign_8348ccbe-b6ca-4be8-82ff-b4eba2616879-Tesla_-_Princeton_169_new/campaign/processed_json/segments/9b1c0b60-a317-4614-b1d3-ac66ae257922/part_3/011871.json,,,0.968221246881518,90.85,82.2368421052632,81.5789473684211,71.0803324099723,92.6592797783934,83.14,0.945170328662918,0.941604825120491,
/media/vsi-dev/Lacie_2/mndot_workzone_project/Tesla/campaign_8348ccbe-b6ca-4be8-82ff-b4eba2616879-Tesla_-_Princeton_169_new/campaign/processed_json/segments/9b1c0b60-a317-4614-b1d3-ac66ae257922/part_3/011872.json,,,0.965191424665858,87.16,81.5789473684211,81.25,10.0277008310249,92.1329639889197,73.71,0.965129841712647,0.94139752547719,
/media/vsi-dev/Lacie_2/mndot_workzone_project/Tesla/campaign_8348ccbe-b6ca-4be8-82ff-b4eba2616879-Tesla_-_Princeton_169_new/campaign/processed_json/segments/9b1c0b60-a317-4614-b1d3-ac66ae257922/part_3/011873.json,,,0.964730900507316,87.14,82.2368421052632,81.25,6.67590027700831,94.3213296398892,73.72,0.966100543925917,0.939700330447918,
/media/vsi-dev/Lacie_2/mndot_workzone_project/Tesla/campaign_8348ccbe-b6ca-4be8-82ff-b4eba2616879-Tesla_-_Princeton_169_new/campaign/processed_json/segments/9b1c0b60-a317-4614-b1d3-ac66ae257922/part_3/011874.json,,,0.964245713669026,87,81.5789473684211,81.25,7.17451523545706,93.0193905817175,73.41,0.966599911248911,0.940207042389585,
/media/vsi-dev/Lacie_2/mndot_workzone_project/Tesla/campaign_8348ccbe-b6ca-4be8-82ff-b4eba2616879-Tesla_-_Princeton_169_new/campaign/processed_json/segments/9b1c0b60-a317-4614-b1d3-ac66ae257922/part_3/011875.json,,,0.963201498874578,86.64,82.2368421052632,81.25,0,93.1301939058172,72.56,0.969231205780219,0.939812015877267,
/media/vsi-dev/Lacie_2/mndot_workzone_project/Tesla/campaign_8348ccbe-b6ca-4be8-82ff-b4eba2616879-Tesla_-_Princeton_169_new/campaign/processed_json/segments/9b1c0b60-a317-4614-b1d3-ac66ae257922/part_3/011876.json,,,0.964245713669026,86.75,81.5789473684211,81.25,4.51523545706371,93.5734072022161,73.04,0.956960598973479,0.939239477478204,
/media/vsi-dev/Lacie_2/mndot_workzone_project/Tesla/campaign_8348ccbe-b6ca-4be8-82ff-b4eba2616879-Tesla_-_Princeton_169_new/campaign/processed_json/segments/9b1c0b60-a317-4614-b1d3-ac66ae257922/part_3/011877.json,,,0.963201498874578,86.49,82.5657894736842,80.9210526315789,0.581717451523546,92.9916897506925,72.55,0.954638748095706,0.939275381972708,
/media/vsi-dev/Lacie_2/mndot_workzone_project/Tesla/campaign_8348ccbe-b6ca-4be8-82ff-b4eba2616879-Tesla_-_Princeton_169_new/campaign/processed_json/segments/9b1c0b60-a317-4614-b1d3-ac66ae257922/part_3/011878.json,,,0.966424685849189,87.84,82.8947368421053,80.5921052631579,22.2160664819945,90.803324099723,75.49,0.958360737128641,0.940468581057038,
/media/vsi-dev/Lacie_2/mndot_workzone_project/Tesla/campaign_8348ccbe-b6ca-4be8-82ff-b4eba2616879-Tesla_-_Princeton_169_new/campaign/processed_json/segments/9b1c0b60-a317-4614-b1d3-ac66ae257922/part_3/011879.json,,,0.966786233276824,87.16,82.2368421052632,80.5921052631579,12.2714681440443,90.1385041551247,73.71,0.960055275868484,0.940005342346696,
/media/vsi-dev/Lacie_2/mndot_workzone_project/Tesla/campaign_8348ccbe-b6ca-4be8-82ff-b4eba2616879-Tesla_-_Princeton_169_new/campaign/processed_json/segments/9b1c0b60-a317-4614-b1d3-ac66ae257922/part_3/011880.json,,,0.968221246881518,87.26,82.2368421052632,79.9342105263158,13.5180055401662,91.4958448753463,73.89,0.957364235710175,0.940315820449517,
/media/vsi-dev/Lacie_2/mndot_workzone_project/Tesla/campaign_8348ccbe-b6ca-4be8-82ff-b4eba2616879-Tesla_-_Princeton_169_new/campaign/processed_json/segments/9b1c0b60-a317-4614-b1d3-ac66ae257922/part_3/011881.json,,,0.968221246881518,86.79,81.5789473684211,79.9342105263158,4.34903047091413,93.5457063711911,72.64,0.961180758803163,0.939054095922152,
/media/vsi-dev/Lacie_2/mndot_workzone_project/Tesla/campaign_8348ccbe-b6ca-4be8-82ff-b4eba2616879-Tesla_-_Princeton_169_new/campaign/processed_json/segments/9b1c0b60-a317-4614-b1d3-ac66ae257922/part_3/011882.json,,,0.966424685849189,86.99,81.5789473684211,79.9342105263158,9.47368421052632,92.9916897506925,73.32,0.961079628900583,0.939068853811054,
/media/vsi-dev/Lacie_2/mndot_workzone_project/Tesla/campaign_8348ccbe-b6ca-4be8-82ff-b4eba2616879-Tesla_-_Princeton_169_new/campaign/processed_json/segments/9b1c0b60-a317-4614-b1d3-ac66ae257922/part_3/011883.json,,,0.968221246881518,87.42,82.2368421052632,79.2763157894737,17.6731301939058,93.0747922437673,74.51,0.950173385935129,0.938165269000191,
/media/vsi-dev/Lacie_2/mndot_workzone_project/Tesla/campaign_8348ccbe-b6ca-4be8-82ff-b4eba2616879-Tesla_-_Princeton_169_new/campaign/processed_json/segments/9b1c0b60-a317-4614-b1d3-ac66ae257922/part_3/011884.json,,,0.968620922016178,87.15,81.9078947368421,79.6052631578947,10.803324099723,94.404432132964,73.7,0.954581499940471,0.93822303457344,
/media/vsi-dev/Lacie_2/mndot_workzone_project/Tesla/campaign_8348ccbe-b6ca-4be8-82ff-b4eba2616879-Tesla_-_Princeton_169_new/campaign/processed_json/segments/9b1c0b60-a317-4614-b1d3-ac66ae257922/part_3/011885.json,,,0.968221246881518,86.7,81.5789473684211,79.2763157894737,3.37950138504155,95.1246537396122,72.51,0.958492622408858,0.938038224624793,
/media/vsi-dev/Lacie_2/mndot_workzone_project/Tesla/campaign_8348ccbe-b6ca-4be8-82ff-b4eba2616879-Tesla_-_Princeton_169_new/campaign/processed_json/segments/9b1c0b60-a317-4614-b1d3-ac66ae257922/part_3/011886.json,,,0.968221246881518,86.89,81.5789473684211,79.2763157894737,6.09418282548477,95.5401662049862,72.99,0.958249864958876,0.938566139483517,
/media/vsi-dev/Lacie_2/mndot_workzone_project/Tesla/campaign_8348ccbe-b6ca-4be8-82ff-b4eba2616879-Tesla_-_Princeton_169_new/campaign/processed_json/segments/9b1c0b60-a317-4614-b1d3-ac66ae257922/part_3/011887.json,,,0.966786233276824,86.6,82.2368421052632,78.9473684210526,1.60664819944598,96.2603878116343,72.5,0.954913449420334,0.937874513059281,
/media/vsi-dev/Lacie_2/mndot_workzone_project/Tesla/campaign_8348ccbe-b6ca-4be8-82ff-b4eba2616879-Tesla_-_Princeton_169_new/campaign/processed_json/segments/9b1c0b60-a317-4614-b1d3-ac66ae257922/part_3/011888.json,,,0.966424685849189,86.74,82.2368421052632,79.2763157894737,6.0387811634349,96.2603878116343,73.2,0.942951699352332,0.937201654883622,
/media/vsi-dev/Lacie_2/mndot_workzone_project/Tesla/campaign_8348ccbe-b6ca-4be8-82ff-b4eba2616879-Tesla_-_Princeton_169_new/campaign/processed_json/segments/9b1c0b60-a317-4614-b1d3-ac66ae257922/part_3/011889.json,,,0.966038349019377,86.54,82.8947368421053,78.6184210526316,5.73407202216067,94.1274238227147,72.82,0.940461791591507,0.9365698576076,
/media/vsi-dev/Lacie_2/mndot_workzone_project/Tesla/campaign_8348ccbe-b6ca-4be8-82ff-b4eba2616879-Tesla_-_Princeton_169_new/campaign/processed_json/segments/9b1c0b60-a317-4614-b1d3-ac66ae257922/part_3/011890.json,,,0.966038349019377,87.08,82.5657894736842,78.2894736842105,15.1246537396122,95.2908587257618,74.2,0.938550191256286,0.936799573510236,
/media/vsi-dev/Lacie_2/mndot_workzone_project/Tesla/campaign_8348ccbe-b6ca-4be8-82ff-b4eba2616879-Tesla_-_Princeton_169_new/campaign/processed_json/segments/9b1c0b60-a317-4614-b1d3-ac66ae257922/part_3/011891.json,,,0.964245713669026,86.45,81.5789473684211,78.6184210526316,5.4016620498615,96.0387811634349,72.68,0.944876911372344,0.935492621044009,
/media/vsi-dev/Lacie_2/mndot_workzone_project/Tesla/campaign_8348ccbe-b6ca-4be8-82ff-b4eba2616879-Tesla_-_Princeton_169_new/campaign/processed_json/segments/9b1c0b60-a317-4614-b1d3-ac66ae257922/part_3/011892.json,,,0.964730900507316,86.12,81.9078947368421,77.9605263157895,1.85595567867036,94.9030470914127,71.87,0.942692872335696,0.936026879572644,
/media/vsi-dev/Lacie_2/mndot_workzone_project/Tesla/campaign_8348ccbe-b6ca-4be8-82ff-b4eba2616879-Tesla_-_Princeton_169_new/campaign/processed_json/segments/9b1c0b60-a317-4614-b1d3-ac66ae257922/part_3/011893.json,,,0.965191424665858,86.59,81.5789473684211,78.2894736842105,9.30747922437673,95.9002770083103,73.11,0.939445737287389,0.934418117508978,
/media/vsi-dev/Lacie_2/mndot_workzone_project/Tesla/campaign_8348ccbe-b6ca-4be8-82ff-b4eba2616879-Tesla_-_Princeton_169_new/campaign/processed_json/segments/9b1c0b60-a317-4614-b1d3-ac66ae257922/part_3/011894.json,,,0.965191424665858,86.18,81.5789473684211,77.3026315789474,4.57063711911357,95.207756232687,72.02,0.940393500307712,0.936460191421644,
/media/vsi-dev/Lacie_2/mndot_workzone_project/Tesla/campaign_8348ccbe-b6ca-4be8-82ff-b4eba2616879-Tesla_-_Princeton_169_new/campaign/processed_json/segments/9b1c0b60-a317-4614-b1d3-ac66ae257922/part_3/011895.json,,,0.966786233276824,89.74,81.9078947368421,76.9736842105263,67.9501385041551,93.9058171745152,81.23,0.921978427287615,0.936109405551581,
/media/vsi-dev/Lacie_2/mndot_workzone_project/Tesla/campaign_8348ccbe-b6ca-4be8-82ff-b4eba2616879-Tesla_-_Princeton_169_new/campaign/processed_json/segments/9b1c0b60-a317-4614-b1d3-ac66ae257922/part_3/011896.json,,,0.964730900507316,85.95,81.5789473684211,76.9736842105263,4.04432132963989,93.8227146814404,71.61,0.936010571884172,0.936053879353019,
/media/vsi-dev/Lacie_2/mndot_workzone_project/Tesla/campaign_8348ccbe-b6ca-4be8-82ff-b4eba2616879-Tesla_-_Princeton_169_new/campaign/processed_json/segments/9b1c0b60-a317-4614-b1d3-ac66ae257922/part_3/011897.json,,,0.965191424665858,86.29,81.9078947368421,76.6447368421053,9.39058171745152,95.4293628808864,72.61,0.928893250204057,0.935317478474887,
/media/vsi-dev/Lacie_2/mndot_workzone_project/Tesla/campaign_8348ccbe-b6ca-4be8-82ff-b4eba2616879-Tesla_-_Princeton_169_new/campaign/processed_json/segments/9b1c0b60-a317-4614-b1d3-ac66ae257922/part_3/011898.json,,,0.964730900507316,85.56,82.2368421052632,75.3289473684211,1.21883656509695,94.2936288088643,70.9,0.925117235431007,0.936083075240859,
/media/vsi-dev/Lacie_2/mndot_workzone_project/Tesla/campaign_8348ccbe-b6ca-4be8-82ff-b4eba2616879-Tesla_-_Princeton_169_new/campaign/processed_json/segments/9b1c0b60-a317-4614-b1d3-ac66ae257922/part_3/011899.json,,,0.965191424665858,86.24,82.8947368421053,75.6578947368421,11.8282548476454,94.3767313019391,72.76,0.917136024924894,0.93592743011342,
/media/vsi-dev/Lacie_2/mndot_workzone_project/Tesla/campaign_8348ccbe-b6ca-4be8-82ff-b4eba2616879-Tesla_-_Princeton_169_new/campaign/processed_json/segments/9b1c0b60-a317-4614-b1d3-ac66ae257922/part_3/011900.json,,,0.964730900507316,86.68,82.2368421052632,75.6578947368421,21.7728531855956,93.7119113573407,73.95,0.915064169166064,0.936012163884507,
/media/vsi-dev/Lacie_2/mndot_workzone_project/Tesla/campaign_8348ccbe-b6ca-4be8-82ff-b4eba2616879-Tesla_-_Princeton_169_new/campaign/processed_json/segments/9b1c0b60-a317-4614-b1d3-ac66ae257922/part_3/011901.json,,,0.964245713669026,86.11,81.5789473684211,73.3552631578947,15.4847645429363,92.7700831024931,72.07,0.936241861330921,0.935019597628874,
/media/vsi-dev/Lacie_2/mndot_workzone_project/Tesla/campaign_8348ccbe-b6ca-4be8-82ff-b4eba2616879-Tesla_-_Princeton_169_new/campaign/processed_json/segments/9b1c0b60-a317-4614-b1d3-ac66ae257922/part_3/011902.json,,,0.96264254894526,85.3,81.5789473684211,72.3684210526316,12.4376731301939,88.9750692520776,70.66,0.917776152251489,0.935749399535863,
/media/vsi-dev/Lacie_2/mndot_workzone_project/Tesla/campaign_8348ccbe-b6ca-4be8-82ff-b4eba2616879-Tesla_-_Princeton_169_new/campaign/processed_json/segments/9b1c0b60-a317-4614-b1d3-ac66ae257922/part_3/011903.json,,,0.964245713669026,81.48,80.9210526315789,80.5921052631579,17.617728531856,5.6786703601108,61.17,0.933814288809612,0.910050466086955,
/media/vsi-dev/Lacie_2/mndot_workzone_project/Tesla/campaign_8348ccbe-b6ca-4be8-82ff-b4eba2616879-Tesla_-_Princeton_169_new/campaign/processed_json/segments/9b1c0b60-a317-4614-b1d3-ac66ae257922/part_3/011904.json,,,0.963201498874578,81.49,81.5789473684211,81.25,10.803324099723,11.0803324099723,61.34,0.93153366414748,0.910578786360541,
/media/vsi-dev/Lacie_2/mndot_workzone_project/Tesla/campaign_8348ccbe-b6ca-4be8-82ff-b4eba2616879-Tesla_-_Princeton_169_new/campaign/processed_json/segments/9b1c0b60-a317-4614-b1d3-ac66ae257922/part_3/011905.json,,,0.966038349019377,85.11,81.5789473684211,80.5921052631579,70.803324099723,16.5373961218837,70.82,0.90258711921178,0.911490931990579,
/media/vsi-dev/Lacie_2/mndot_workzone_project/Tesla/campaign_8348ccbe-b6ca-4be8-82ff-b4eba2616879-Tesla_-_Princeton_169_new/campaign/processed_json/segments/9b1c0b60-a317-4614-b1d3-ac66ae257922/part_3/011906.json,,,0.96264254894526,84.39,81.5789473684211,80.5921052631579,11.9390581717452,57.8393351800554,68.38,0.925421582407382,0.927837629888104,
/media/vsi-dev/Lacie_2/mndot_workzone_project/Tesla/campaign_8348ccbe-b6ca-4be8-82ff-b4eba2616879-Tesla_-_Princeton_169_new/campaign/processed_json/segments/9b1c0b60-a317-4614-b1d3-ac66ae257922/part_3/011907.json,,,0.966424685849189,89.32,81.5789473684211,79.9342105263158,68.8642659279778,84.9861495844875,80.72,0.900700425510915,0.937088571094546,
/media/vsi-dev/Lacie_2/mndot_workzone_project/Tesla/campaign_8348ccbe-b6ca-4be8-82ff-b4eba2616879-Tesla_-_Princeton_169_new/campaign/processed_json/segments/9b1c0b60-a317-4614-b1d3-ac66ae257922/part_3/011908.json,,,0.966038349019377,86.09,80.9210526315789,78.9473684210526,15.9556786703601,83.4903047091413,72.17,0.92034619434984,0.937635066949132,
/media/vsi-dev/Lacie_2/mndot_workzone_project/Tesla/campaign_8348ccbe-b6ca-4be8-82ff-b4eba2616879-Tesla_-_Princeton_169_new/campaign/processed_json/segments/9b1c0b60-a317-4614-b1d3-ac66ae257922/part_3/011909.json,,,0.967721877728007,80.81,81.25,78.9473684210526,10.9695290858726,0,58.96,0.915176217415958,0.936804097394828,
/media/vsi-dev/Lacie_2/mndot_workzone_project/Tesla/campaign_8348ccbe-b6ca-4be8-82ff-b4eba2616879-Tesla_-_Princeton_169_new/campaign/processed_json/segments/9b1c0b60-a317-4614-b1d3-ac66ae257922/part_3/011910.json,,,0.967434853504781,86.87,81.5789473684211,79.6052631578947,21.4404432132964,89.0858725761773,74.18,0.912223318071918,0.937695043106855,
/media/vsi-dev/Lacie_2/mndot_workzone_project/Tesla/campaign_8348ccbe-b6ca-4be8-82ff-b4eba2616879-Tesla_-_Princeton_169_new/campaign/processed_json/segments/9b1c0b60-a317-4614-b1d3-ac66ae257922/part_3/011911.json,,,0.968920783299383,81.72,81.25,80.2631578947369,23.7396121883657,0,61.25,0.909285432902874,0.936972840209146,
/media/vsi-dev/Lacie_2/mndot_workzone_project/Tesla/campaign_8348ccbe-b6ca-4be8-82ff-b4eba2616879-Tesla_-_Princeton_169_new/campaign/processed_json/segments/9b1c0b60-a317-4614-b1d3-ac66ae257922/part_3/011912.json,,,0.972765240307908,84.71,81.5789473684211,81.9078947368421,72.2160664819945,0,68.98,0.885607740789621,0.934861816046899,
/media/vsi-dev/Lacie_2/mndot_workzone_project/Tesla/campaign_8348ccbe-b6ca-4be8-82ff-b4eba2616879-Tesla_-_Princeton_169_new/campaign/processed_json/segments/9b1c0b60-a317-4614-b1d3-ac66ae257922/part_3/011913.json,,,0.980198673306755,86.89,80.2631578947369,80.5921052631579,21.606648199446,80.2216066481995,72.81,0.919551622787025,0.93590494065339,
/media/vsi-dev/Lacie_2/mndot_workzone_project/Tesla/campaign_8348ccbe-b6ca-4be8-82ff-b4eba2616879-Tesla_-_Princeton_169_new/campaign/processed_json/segments/9b1c0b60-a317-4614-b1d3-ac66ae257922/part_3/011914.json,,,0.988059362042712,88.99,81.5789473684211,78.9473684210526,59.9445983379501,78.3656509695291,78.03,0.88532756818224,0.940447733079622,
/media/vsi-dev/Lacie_2/mndot_workzone_project/Tesla/campaign_8348ccbe-b6ca-4be8-82ff-b4eba2616879-Tesla_-_Princeton_169_new/campaign/processed_json/segments/9b1c0b60-a317-4614-b1d3-ac66ae257922/part_3/011915.json,,,0.99158560090355,88.27,81.5789473684211,80.5921052631579,40.9972299168975,80.8864265927978,76.03,0.879633071217412,0.939698427864231,
/media/vsi-dev/Lacie_2/mndot_workzone_project/Tesla/campaign_8348ccbe-b6ca-4be8-82ff-b4eba2616879-Tesla_-_Princeton_169_new/campaign/processed_json/segments/9b1c0b60-a317-4614-b1d3-ac66ae257922/part_3/011916.json,,,0.998488643251663,92.03,83.5526315789474,80.2631578947369,100,81.606648199446,85.36,0.855443592939262,0.939647389233967,
/media/vsi-dev/Lacie_2/mndot_workzone_project/Tesla/campaign_8348ccbe-b6ca-4be8-82ff-b4eba2616879-Tesla_-_Princeton_169_new/campaign/processed_json/segments/9b1c0b60-a317-4614-b1d3-ac66ae257922/part_3/011917.json,,,0.999800019998667,90.12,83.8815789473684,81.25,66.9806094182825,78.2271468144044,80.32,0.859252450591792,0.94044225605881,
/media/vsi-dev/Lacie_2/mndot_workzone_project/Tesla/campaign_8348ccbe-b6ca-4be8-82ff-b4eba2616879-Tesla_-_Princeton_169_new/campaign/processed_json/segments/9b1c0b60-a317-4614-b1d3-ac66ae257922/part_3/011918.json,,,0.999387687539834,91.67,82.8947368421053,79.2763157894737,100,80,84.58,0.845249629690959,0.941015702159008,
/media/vsi-dev/Lacie_2/mndot_workzone_project/Tesla/campaign_8348ccbe-b6ca-4be8-82ff-b4eba2616879-Tesla_-_Princeton_169_new/campaign/processed_json/segments/9b1c0b60-a317-4614-b1d3-ac66ae257922/part_3/011919.json,,,0.996805114543033,92.76,82.8947368421053,79.2763157894737,100,80.4986149584488,85.14,0.941281975068789,0.941932053466827,
/media/vsi-dev/Lacie_2/mndot_workzone_project/Tesla/campaign_8348ccbe-b6ca-4be8-82ff-b4eba2616879-Tesla_-_Princeton_169_new/campaign/processed_json/segments/9b1c0b60-a317-4614-b1d3-ac66ae257922/part_3/011920.json,,,0.999687548823039,86.75,80.9210526315789,79.9342105263158,0,83.4626038781164,70.13,0.93053343210841,0.940871968989669,
/media/vsi-dev/Lacie_2/mndot_workzone_project/Tesla/campaign_8348ccbe-b6ca-4be8-82ff-b4eba2616879-Tesla_-_Princeton_169_new/campaign/processed_json/segments/9b1c0b60-a317-4614-b1d3-ac66ae257922/part_3/011921.json,,,0.996394017227934,86.79,81.5789473684211,79.9342105263158,0,83.9335180055402,70.43,0.934664596403481,0.941915800887865,
/media/vsi-dev/Lacie_2/mndot_workzone_project/Tesla/campaign_8348ccbe-b6ca-4be8-82ff-b4eba2616879-Tesla_-_Princeton_169_new/campaign/processed_json/segments/9b1c0b60-a317-4614-b1d3-ac66ae257922/part_3/011922.json,,,0.994502665947899,81.46,81.9078947368421,79.9342105263158,0,0,57.83,0.913529898108415,0.941525351941381,
/media/vsi-dev/Lacie_2/mndot_workzone_project/Tesla/campaign_8348ccbe-b6ca-4be8-82ff-b4eba2616879-Tesla_-_Princeton_169_new/campaign/processed_json/segments/9b1c0b60-a317-4614-b1d3-ac66ae257922/part_3/011923.json,,,0.998488643251663,87.18,82.2368421052632,80.2631578947369,0,85.0692520775623,70.94,0.944789642219461,0.941468545901858,
/media/vsi-dev/Lacie_2/mndot_workzone_project/Tesla/campaign_8348ccbe-b6ca-4be8-82ff-b4eba2616879-Tesla_-_Princeton_169_new/campaign/processed_json/segments/9b1c0b60-a317-4614-b1d3-ac66ae257922/part_3/011924.json,,,0.999200319914684,90.91,81.9078947368421,80.9210526315789,61.8005540166205,86.01108033241,80.41,0.936953134149722,0.940468933747966,
/media/vsi-dev/Lacie_2/mndot_workzone_project/Tesla/campaign_8348ccbe-b6ca-4be8-82ff-b4eba2616879-Tesla_-_Princeton_169_new/campaign/processed_json/segments/9b1c0b60-a317-4614-b1d3-ac66ae257922/part_3/011925.json,,,0.997889729757728,89.13,82.8947368421053,80.9210526315789,28.3102493074792,85.9002770083102,75.74,0.951781164319832,0.940098954227865,
/media/vsi-dev/Lacie_2/mndot_workzone_project/Tesla/campaign_8348ccbe-b6ca-4be8-82ff-b4eba2616879-Tesla_-_Princeton_169_new/campaign/processed_json/segments/9b1c0b60-a317-4614-b1d3-ac66ae257922/part_3/011926.json,,,0.996805114543033,88.78,82.2368421052632,81.9078947368421,22.3545706371191,86.5927977839335,75.03,0.950071867377474,0.939415275861654,
/media/vsi-dev/Lacie_2/mndot_workzone_project/Tesla/campaign_8348ccbe-b6ca-4be8-82ff-b4eba2616879-Tesla_-_Princeton_169_new/campaign/processed_json/segments/9b1c0b60-a317-4614-b1d3-ac66ae257922/part_3/011927.json,,,0.996805114543033,88.86,82.8947368421053,79.6052631578947,24.3490304709141,89.0027700831025,75.21,0.950178111728096,0.940521233050159,
/media/vsi-dev/Lacie_2/mndot_workzone_project/Tesla/campaign_8348ccbe-b6ca-4be8-82ff-b4eba2616879-Tesla_-_Princeton_169_new/campaign/processed_json/segments/9b1c0b60-a317-4614-b1d3-ac66ae257922/part_3/011928.json,,,0.996394017227934,88.85,83.8815789473684,79.9342105263158,20.6371191135734,90.1939058171745,75.22,0.950261573096547,0.940703839064124,
/media/vsi-dev/Lacie_2/mndot_workzone_project/Tesla/campaign_8348ccbe-b6ca-4be8-82ff-b4eba2616879-Tesla_-_Princeton_169_new/campaign/processed_json/segments/9b1c0b60-a317-4614-b1d3-ac66ae257922/part_3/011929.json,,,0.995497666030972,88.44,83.8815789473684,80.2631578947369,12.8531855955679,90.9418282548477,74.27,0.952162928009868,0.939530751128082,
/media/vsi-dev/Lacie_2/mndot_workzone_project/Tesla/campaign_8348ccbe-b6ca-4be8-82ff-b4eba2616879-Tesla_-_Princeton_169_new/campaign/processed_json/segments/9b1c0b60-a317-4614-b1d3-ac66ae257922/part_3/011930.json,,,0.999200319914684,92.89,84.2105263157895,80.9210526315789,84.6537396121884,91.3296398891967,85.33,0.939614452107275,0.939672348757595,
/media/vsi-dev/Lacie_2/mndot_workzone_project/Tesla/campaign_8348ccbe-b6ca-4be8-82ff-b4eba2616879-Tesla_-_Princeton_169_new/campaign/processed_json/segments/9b1c0b60-a317-4614-b1d3-ac66ae257922/part_3/011931.json,,,0.999200319914684,92.58,82.8947368421053,78.6184210526316,84.9861495844875,92.382271468144,84.47,0.940882571595818,0.941085341660474,
/media/vsi-dev/Lacie_2/mndot_workzone_project/Tesla/campaign_8348ccbe-b6ca-4be8-82ff-b4eba2616879-Tesla_-_Princeton_169_new/campaign/processed_json/segments/9b1c0b60-a317-4614-b1d3-ac66ae257922/part_3/011932.json,,,0.996805114543033,88.69,82.8947368421053,78.2894736842105,22.0498614958449,91.4404432132964,74.82,0.947296144132618,0.94163222263584,
/media/vsi-dev/Lacie_2/mndot_workzone_project/Tesla/campaign_8348ccbe-b6ca-4be8-82ff-b4eba2616879-Tesla_-_Princeton_169_new/campaign/processed_json/segments/9b1c0b60-a317-4614-b1d3-ac66ae257922/part_3/011933.json,,,0.997191451372845,88.85,83.8815789473684,78.6184210526316,22.2991689750693,91.0249307479224,75.19,0.946989174763686,0.941838900584051,
/media/vsi-dev/Lacie_2/mndot_workzone_project/Tesla/campaign_8348ccbe-b6ca-4be8-82ff-b4eba2616879-Tesla_-_Princeton_169_new/campaign/processed_json/segments/9b1c0b60-a317-4614-b1d3-ac66ae257922/part_3/011934.json,,,0.997191451372845,89.08,83.8815789473684,78.9473684210526,24.9307479224377,91.6343490304709,75.78,0.946602743015609,0.941927488000754,
/media/vsi-dev/Lacie_2/mndot_workzone_project/Tesla/campaign_8348ccbe-b6ca-4be8-82ff-b4eba2616879-Tesla_-_Princeton_169_new/campaign/processed_json/segments/9b1c0b60-a317-4614-b1d3-ac66ae257922/part_3/011935.json,,,0.995012479192682,88.44,83.8815789473684,78.9473684210526,14.3213296398892,92.6869806094183,74.35,0.947404688019964,0.942167095938096,
/media/vsi-dev/Lacie_2/mndot_workzone_project/Tesla/campaign_8348ccbe-b6ca-4be8-82ff-b4eba2616879-Tesla_-_Princeton_169_new/campaign/processed_json/segments/9b1c0b60-a317-4614-b1d3-ac66ae257922/part_3/011936.json,,,0.998201619028437,92.24,83.8815789473684,78.9473684210526,79.4459833795014,89.8060941828255,83.66,0.941096075860155,0.943336792550333,
/media/vsi-dev/Lacie_2/mndot_workzone_project/Tesla/campaign_8348ccbe-b6ca-4be8-82ff-b4eba2616879-Tesla_-_Princeton_169_new/campaign/processed_json/segments/9b1c0b60-a317-4614-b1d3-ac66ae257922/part_3/011937.json,,,0.998988012405174,92.66,83.8815789473684,79.9342105263158,80.8587257617729,93.0747922437673,84.66,0.941380519938787,0.942733201923033,
/media/vsi-dev/Lacie_2/mndot_workzone_project/Tesla/campaign_8348ccbe-b6ca-4be8-82ff-b4eba2616879-Tesla_-_Princeton_169_new/campaign/processed_json/segments/9b1c0b60-a317-4614-b1d3-ac66ae257922/part_3/011938.json,,,0.998988012405174,92.54,83.8815789473684,79.6052631578947,80.5540166204986,91.9390581717451,84.34,0.941340336269089,0.943134177238627,
/media/vsi-dev/Lacie_2/mndot_workzone_project/Tesla/campaign_8348ccbe-b6ca-4be8-82ff-b4eba2616879-Tesla_-_Princeton_169_new/campaign/processed_json/segments/9b1c0b60-a317-4614-b1d3-ac66ae257922/part_3/011939.json,,,0.998201619028437,88.59,84.2105263157895,80.2631578947369,9.58448753462604,94.1274238227147,74.36,0.949033141339715,0.942268317333043,
/media/vsi-dev/Lacie_2/mndot_workzone_project/Tesla/campaign_8348ccbe-b6ca-4be8-82ff-b4eba2616879-Tesla_-_Princeton_169_new/campaign/processed_json/segments/9b1c0b60-a317-4614-b1d3-ac66ae257922/part_3/011940.json,,,0.999687548823039,88.72,83.8815789473684,80.5921052631579,14.9030470914127,90.1108033240997,74.55,0.947241983638179,0.94383423462171,
/media/vsi-dev/Lacie_2/mndot_workzone_project/Tesla/campaign_8348ccbe-b6ca-4be8-82ff-b4eba2616879-Tesla_-_Princeton_169_new/campaign/processed_json/segments/9b1c0b60-a317-4614-b1d3-ac66ae257922/part_3/011941.json,,,0.997191451372845,88.2,83.5526315789474,79.9342105263158,7.42382271468144,92.3268698060942,73.47,0.94909989802699,0.942956562081842,
/media/vsi-dev/Lacie_2/mndot_workzone_project/Tesla/campaign_8348ccbe-b6ca-4be8-82ff-b4eba2616879-Tesla_-_Princeton_169_new/campaign/processed_json/segments/9b1c0b60-a317-4614-b1d3-ac66ae257922/part_3/011942.json,,,0.997889729757728,88.39,83.8815789473684,80.5921052631579,10.415512465374,89.612188365651,73.82,0.950980026943438,0.9438728115481,
/media/vsi-dev/Lacie_2/mndot_workzone_project/Tesla/campaign_8348ccbe-b6ca-4be8-82ff-b4eba2616879-Tesla_-_Princeton_169_new/campaign/processed_json/segments/9b1c0b60-a317-4614-b1d3-ac66ae257922/part_3/011943.json,,,0.997191451372845,88.73,82.8947368421053,80.5921052631579,15.1246537396122,93.2686980609418,74.77,0.950829310368796,0.942924549026627,
/media/vsi-dev/Lacie_2/mndot_workzone_project/Tesla/campaign_8348ccbe-b6ca-4be8-82ff-b4eba2616879-Tesla_-_Princeton_169_new/campaign/processed_json/segments/9b1c0b60-a317-4614-b1d3-ac66ae257922/part_3/011944.json,,,0.997191451372845,88.62,83.5526315789474,78.6184210526316,15.595567867036,93.1578947368421,74.44,0.951776398452044,0.943828677662482,
/media/vsi-dev/Lacie_2/mndot_workzone_project/Tesla/campaign_8348ccbe-b6ca-4be8-82ff-b4eba2616879-Tesla_-_Princeton_169_new/campaign/processed_json/segments/9b1c0b60-a317-4614-b1d3-ac66ae257922/part_3/011945.json,,,0.994502665947899,88.87,83.8815789473684,81.25,18.0332409972299,92.7700831024931,75.59,0.942995626631878,0.942861773179805,
/media/vsi-dev/Lacie_2/mndot_workzone_project/Tesla/campaign_8348ccbe-b6ca-4be8-82ff-b4eba2616879-Tesla_-_Princeton_169_new/campaign/processed_json/segments/9b1c0b60-a317-4614-b1d3-ac66ae257922/part_3/011946.json,,,0.995012479192682,87.98,82.8947368421053,80.9210526315789,9.16897506925208,88.5872576177285,73.25,0.945570066259966,0.942531545558868,
/media/vsi-dev/Lacie_2/mndot_workzone_project/Tesla/campaign_8348ccbe-b6ca-4be8-82ff-b4eba2616879-Tesla_-_Princeton_169_new/campaign/processed_json/segments/9b1c0b60-a317-4614-b1d3-ac66ae257922/part_3/011947.json,,,0.998488643251663,92.32,83.5526315789474,79.2763157894737,77.1191135734072,93.98891966759,83.92,0.936724284764516,0.944175637150511,
/media/vsi-dev/Lacie_2/mndot_workzone_project/Tesla/campaign_8348ccbe-b6ca-4be8-82ff-b4eba2616879-Tesla_-_Princeton_169_new/campaign/processed_json/segments/9b1c0b60-a317-4614-b1d3-ac66ae257922/part_3/011948.json,,,0.992825857903813,87.65,82.8947368421053,81.5789473684211,11.6897506925208,79.8060941828255,72.53,0.949869619093241,0.942151291102457,
/media/vsi-dev/Lacie_2/mndot_workzone_project/Tesla/campaign_8348ccbe-b6ca-4be8-82ff-b4eba2616879-Tesla_-_Princeton_169_new/campaign/processed_json/segments/9b1c0b60-a317-4614-b1d3-ac66ae257922/part_3/011949.json,,,0.99158560090355,88.25,83.5526315789474,80.9210526315789,10.3601108033241,93.2963988919668,74.32,0.942309569345018,0.944011601660319,
/media/vsi-dev/Lacie_2/mndot_workzone_project/Tesla/campaign_8348ccbe-b6ca-4be8-82ff-b4eba2616879-Tesla_-_Princeton_169_new/campaign/processed_json/segments/9b1c0b60-a317-4614-b1d3-ac66ae257922/part_3/011950.json,,,0.997191451372845,92,82.8947368421053,79.6052631578947,74.5429362880886,92.8531855955679,83.26,0.936420321668827,0.944136392433318,
/media/vsi-dev/Lacie_2/mndot_workzone_project/Tesla/campaign_8348ccbe-b6ca-4be8-82ff-b4eba2616879-Tesla_-_Princeton_169_new/campaign/processed_json/segments/9b1c0b60-a317-4614-b1d3-ac66ae257922/part_3/011951.json,,,0.990928893001464,87.78,82.8947368421053,81.9078947368421,10.2493074792244,85.0415512465374,73.17,0.944767678658153,0.943199073825437,
/media/vsi-dev/Lacie_2/mndot_workzone_project/Tesla/campaign_8348ccbe-b6ca-4be8-82ff-b4eba2616879-Tesla_-_Princeton_169_new/campaign/processed_json/segments/9b1c0b60-a317-4614-b1d3-ac66ae257922/part_3/011952.json,,,0.988813044611233,88.05,82.8947368421053,80.9210526315789,9.50138504155125,93.185595567867,74,0.945925092719659,0.943922351744772,
/media/vsi-dev/Lacie_2/mndot_workzone_project/Tesla/campaign_8348ccbe-b6ca-4be8-82ff-b4eba2616879-Tesla_-_Princeton_169_new/campaign/processed_json/segments/9b1c0b60-a317-4614-b1d3-ac66ae257922/part_3/011953.json,,,0.990928893001464,88.46,82.8947368421053,80.9210526315789,15.3462603878116,92.9639889196676,74.84,0.94559487451238,0.943192865664447,
/media/vsi-dev/Lacie_2/mndot_workzone_project/Tesla/campaign_8348ccbe-b6ca-4be8-82ff-b4eba2616879-Tesla_-_Princeton_169_new/campaign/processed_json/segments/9b1c0b60-a317-4614-b1d3-ac66ae257922/part_3/011954.json,,,0.99158560090355,88.73,83.8815789473684,80.5921052631579,20,92.2714681440443,75.6,0.938778892737532,0.943746158062332,
/media/vsi-dev/Lacie_2/mndot_workzone_project/Tesla/campaign_8348ccbe-b6ca-4be8-82ff-b4eba2616879-Tesla_-_Princeton_169_new/campaign/processed_json/segments/9b1c0b60-a317-4614-b1d3-ac66ae257922/part_3/011955.json,,,0.992825857903813,88.04,83.5526315789474,80.9210526315789,7.06371191135734,91.1634349030471,73.53,0.947612607442928,0.943673698368159,
/media/vsi-dev/Lacie_2/mndot_workzone_project/Tesla/campaign_8348ccbe-b6ca-4be8-82ff-b4eba2616879-Tesla_-_Princeton_169_new/campaign/processed_json/segments/9b1c0b60-a317-4614-b1d3-ac66ae257922/part_3/011956.json,,,0.996394017227934,88.95,83.8815789473684,81.5789473684211,21.7451523545706,89.6675900277008,75.75,0.936561045105928,0.942651728297528,
/media/vsi-dev/Lacie_2/mndot_workzone_project/Tesla/campaign_8348ccbe-b6ca-4be8-82ff-b4eba2616879-Tesla_-_Princeton_169_new/campaign/processed_json/segments/9b1c0b60-a317-4614-b1d3-ac66ae257922/part_3/011957.json,,,0.995497666030972,87.61,82.8947368421053,81.5789473684211,3.10249307479224,87.8670360110803,72.4,0.94136960308921,0.941946386919152,
/media/vsi-dev/Lacie_2/mndot_workzone_project/Tesla/campaign_8348ccbe-b6ca-4be8-82ff-b4eba2616879-Tesla_-_Princeton_169_new/campaign/processed_json/segments/9b1c0b60-a317-4614-b1d3-ac66ae257922/part_3/011958.json,,,0.997889729757728,88.21,82.2368421052632,79.9342105263158,14.8199445983379,86.814404432133,73.37,0.950514731101634,0.943794501136976,
/media/vsi-dev/Lacie_2/mndot_workzone_project/Tesla/campaign_8348ccbe-b6ca-4be8-82ff-b4eba2616879-Tesla_-_Princeton_169_new/campaign/processed_json/segments/9b1c0b60-a317-4614-b1d3-ac66ae257922/part_3/011959.json,,,0.998488643251663,87.48,83.5526315789474,80.5921052631579,1.0803324099723,85.0969529085873,71.62,0.945221914415574,0.944349990882037,
/media/vsi-dev/Lacie_2/mndot_workzone_project/Tesla/campaign_8348ccbe-b6ca-4be8-82ff-b4eba2616879-Tesla_-_Princeton_169_new/campaign/processed_json/segments/9b1c0b60-a317-4614-b1d3-ac66ae257922/part_3/011960.json,,,0.999987500078125,88.04,82.8947368421053,80.5921052631579,10.0554016620499,84.4875346260388,72.71,0.951712487295852,0.943905971768856,
/media/vsi-dev/Lacie_2/mndot_workzone_project/Tesla/campaign_8348ccbe-b6ca-4be8-82ff-b4eba2616879-Tesla_-_Princeton_169_new/campaign/processed_json/segments/9b1c0b60-a317-4614-b1d3-ac66ae257922/part_3/011961.json,,,1,88.01,82.8947368421053,80.5921052631579,10.9418282548476,83.7673130193906,72.72,0.948633703739505,0.944024095010101,
/media/vsi-dev/Lacie_2/mndot_workzone_project/Tesla/campaign_8348ccbe-b6ca-4be8-82ff-b4eba2616879-Tesla_-_Princeton_169_new/campaign/processed_json/segments/9b1c0b60-a317-4614-b1d3-ac66ae257922/part_3/011962.json,,,0.999800019998667,87.58,82.8947368421053,80.9210526315789,0,86.1495844875346,71.55,0.952963604494023,0.943409715337937,
/media/vsi-dev/Lacie_2/mndot_workzone_project/Tesla/campaign_8348ccbe-b6ca-4be8-82ff-b4eba2616879-Tesla_-_Princeton_169_new/campaign/processed_json/segments/9b1c0b60-a317-4614-b1d3-ac66ae257922/part_3/011963.json,,,0.999687548823039,87.75,82.8947368421053,80.5921052631579,5.7617728531856,85.6509695290859,72.2,0.94440537411781,0.943470397281626,
/media/vsi-dev/Lacie_2/mndot_workzone_project/Tesla/campaign_8348ccbe-b6ca-4be8-82ff-b4eba2616879-Tesla_-_Princeton_169_new/campaign/processed_json/segments/9b1c0b60-a317-4614-b1d3-ac66ae257922/part_3/011964.json,,,0.999800019998667,87.67,82.8947368421053,81.5789473684211,0,86.3434903047091,71.78,0.953677760003348,0.943398155899004,
/media/vsi-dev/Lacie_2/mndot_workzone_project/Tesla/campaign_8348ccbe-b6ca-4be8-82ff-b4eba2616879-Tesla_-_Princeton_169_new/campaign/processed_json/segments/9b1c0b60-a317-4614-b1d3-ac66ae257922/part_3/011965.json,,,0.999887506327888,88.03,83.8815789473684,80.9210526315789,8.1994459833795,85.595567867036,72.94,0.942442397083762,0.943619019527476,
/media/vsi-dev/Lacie_2/mndot_workzone_project/Tesla/campaign_8348ccbe-b6ca-4be8-82ff-b4eba2616879-Tesla_-_Princeton_169_new/campaign/processed_json/segments/9b1c0b60-a317-4614-b1d3-ac66ae257922/part_3/011966.json,,,0.999800019998667,88.17,82.8947368421053,81.25,9.80609418282548,87.7839335180055,73.31,0.942532985796036,0.942467634894567,
/media/vsi-dev/Lacie_2/mndot_workzone_project/Tesla/campaign_8348ccbe-b6ca-4be8-82ff-b4eba2616879-Tesla_-_Princeton_169_new/campaign/processed_json/segments/9b1c0b60-a317-4614-b1d3-ac66ae257922/part_3/011967.json,,,0.999887506327888,87.98,83.8815789473684,80.9210526315789,4.76454293628809,88.4764542936288,72.85,0.942141611971019,0.942357752562431,
/media/vsi-dev/Lacie_2/mndot_workzone_project/Tesla/campaign_8348ccbe-b6ca-4be8-82ff-b4eba2616879-Tesla_-_Princeton_169_new/campaign/processed_json/segments/9b1c0b60-a317-4614-b1d3-ac66ae257922/part_3/011968.json,,,0.999887506327888,88.2,82.8947368421053,80.5921052631579,11.5235457063712,88.0609418282548,73.41,0.941645721368058,0.94272940397231,
/media/vsi-dev/Lacie_2/mndot_workzone_project/Tesla/campaign_8348ccbe-b6ca-4be8-82ff-b4eba2616879-Tesla_-_Princeton_169_new/campaign/processed_json/segments/9b1c0b60-a317-4614-b1d3-ac66ae257922/part_3/011969.json,,,0.999987500078125,87.92,82.8947368421053,80.9210526315789,3.15789473684211,89.4182825484765,72.49,0.949867054931085,0.94213171224478,
/media/vsi-dev/Lacie_2/mndot_workzone_project/Tesla/campaign_8348ccbe-b6ca-4be8-82ff-b4eba2616879-Tesla_-_Princeton_169_new/campaign/processed_json/segments/9b1c0b60-a317-4614-b1d3-ac66ae257922/part_3/011970.json,,,0.999387687539834,91.83,83.8815789473684,81.5789473684211,68.421052631579,88.7257617728532,82.61,0.938692258196938,0.942198871512579,
/media/vsi-dev/Lacie_2/mndot_workzone_project/Tesla/campaign_8348ccbe-b6ca-4be8-82ff-b4eba2616879-Tesla_-_Princeton_169_new/campaign/processed_json/segments/9b1c0b60-a317-4614-b1d3-ac66ae257922/part_3/011971.json,,,0.999887506327888,88.91,83.8815789473684,81.25,18.005540166205,89.9445983379501,75.16,0.942492815305906,0.942321463189712,
/media/vsi-dev/Lacie_2/mndot_workzone_project/Tesla/campaign_8348ccbe-b6ca-4be8-82ff-b4eba2616879-Tesla_-_Princeton_169_new/campaign/processed_json/segments/9b1c0b60-a317-4614-b1d3-ac66ae257922/part_3/011972.json,,,0.999200319914684,91.81,82.8947368421053,80.5921052631579,69.1412742382271,91.1357340720222,82.51,0.941229036624083,0.942299747420315,
/media/vsi-dev/Lacie_2/mndot_workzone_project/Tesla/campaign_8348ccbe-b6ca-4be8-82ff-b4eba2616879-Tesla_-_Princeton_169_new/campaign/processed_json/segments/9b1c0b60-a317-4614-b1d3-ac66ae257922/part_3/011973.json,,,0.999387687539834,89.12,83.8815789473684,81.5789473684211,22.4376731301939,88.3102493074792,75.69,0.944333792552902,0.942704564584535,
/media/vsi-dev/Lacie_2/mndot_workzone_project/Tesla/campaign_8348ccbe-b6ca-4be8-82ff-b4eba2616879-Tesla_-_Princeton_169_new/campaign/processed_json/segments/9b1c0b60-a317-4614-b1d3-ac66ae257922/part_3/011974.json,,,0.999550101234814,88.85,83.8815789473684,81.25,16.6481994459834,89.584487534626,74.92,0.946425148231143,0.943184951520072,
/media/vsi-dev/Lacie_2/mndot_workzone_project/Tesla/campaign_8348ccbe-b6ca-4be8-82ff-b4eba2616879-Tesla_-_Princeton_169_new/campaign/processed_json/segments/9b1c0b60-a317-4614-b1d3-ac66ae257922/part_3/011975.json,,,0.999200319914684,89.09,83.8815789473684,81.25,19.8614958448753,90.415512465374,75.53,0.946986961858693,0.94365846636615,
/media/vsi-dev/Lacie_2/mndot_workzone_project/Tesla/campaign_8348ccbe-b6ca-4be8-82ff-b4eba2616879-Tesla_-_Princeton_169_new/campaign/processed_json/segments/9b1c0b60-a317-4614-b1d3-ac66ae257922/part_3/011976.json,,,0.999200319914684,88.31,83.8815789473684,80.9210526315789,5.18005540166205,91.9390581717451,73.48,0.951347017116561,0.943464812553761,
/media/vsi-dev/Lacie_2/mndot_workzone_project/Tesla/campaign_8348ccbe-b6ca-4be8-82ff-b4eba2616879-Tesla_-_Princeton_169_new/campaign/processed_json/segments/9b1c0b60-a317-4614-b1d3-ac66ae257922/part_3/011977.json,,,0.997191451372845,91.9,82.8947368421053,80.2631578947369,71.4958448753463,91.3850415512465,82.82,0.944123008071916,0.944044460859867,
/media/vsi-dev/Lacie_2/mndot_workzone_project/Tesla/campaign_8348ccbe-b6ca-4be8-82ff-b4eba2616879-Tesla_-_Princeton_169_new/campaign/processed_json/segments/9b1c0b60-a317-4614-b1d3-ac66ae257922/part_3/011978.json,,,0.998750780924581,88.95,82.8947368421053,80.2631578947369,19.8060941828255,90.5540166204986,75,0.955544503675933,0.94439320604189,
/media/vsi-dev/Lacie_2/mndot_workzone_project/Tesla/campaign_8348ccbe-b6ca-4be8-82ff-b4eba2616879-Tesla_-_Princeton_169_new/campaign/processed_json/segments/9b1c0b60-a317-4614-b1d3-ac66ae257922/part_3/011979.json,,,0.999387687539834,88.01,82.2368421052632,79.9342105263158,3.15789473684211,92.0775623268698,72.46,0.96038683079309,0.944550284404295,
/media/vsi-dev/Lacie_2/mndot_workzone_project/Tesla/campaign_8348ccbe-b6ca-4be8-82ff-b4eba2616879-Tesla_-_Princeton_169_new/campaign/processed_json/segments/9b1c0b60-a317-4614-b1d3-ac66ae257922/part_3/011980.json,,,0.998488643251663,88.71,82.8947368421053,79.9342105263158,14.5983379501385,92.1883656509695,74.38,0.956768043095203,0.94494290895442,
/media/vsi-dev/Lacie_2/mndot_workzone_project/Tesla/campaign_8348ccbe-b6ca-4be8-82ff-b4eba2616879-Tesla_-_Princeton_169_new/campaign/processed_json/segments/9b1c0b60-a317-4614-b1d3-ac66ae257922/part_3/011981.json,,,0.999550101234814,88.48,82.8947368421053,79.6052631578947,10.1662049861496,92.9916897506925,73.73,0.955557031849043,0.945173946235549,
/media/vsi-dev/Lacie_2/mndot_workzone_project/Tesla/campaign_8348ccbe-b6ca-4be8-82ff-b4eba2616879-Tesla_-_Princeton_169_new/campaign/processed_json/segments/9b1c0b60-a317-4614-b1d3-ac66ae257922/part_3/011982.json,,,0.999550101234814,88.75,82.2368421052632,79.2763157894737,16.5096952908587,93.2409972299169,74.42,0.954839006762304,0.945276752128832,
/media/vsi-dev/Lacie_2/mndot_workzone_project/Tesla/campaign_8348ccbe-b6ca-4be8-82ff-b4eba2616879-Tesla_-_Princeton_169_new/campaign/processed_json/segments/9b1c0b60-a317-4614-b1d3-ac66ae257922/part_3/011983.json,,,0.998750780924581,88.4,82.2368421052632,78.6184210526316,13.7950138504155,91.9667590027701,73.62,0.954902021829866,0.945681956142629,
/media/vsi-dev/Lacie_2/mndot_workzone_project/Tesla/campaign_8348ccbe-b6ca-4be8-82ff-b4eba2616879-Tesla_-_Princeton_169_new/campaign/processed_json/segments/9b1c0b60-a317-4614-b1d3-ac66ae257922/part_3/011984.json,,,0.999800019998667,88.26,82.2368421052632,78.6184210526316,11.5789473684211,90.8864265927978,73.13,0.956067481178184,0.945615064007998,
/media/vsi-dev/Lacie_2/mndot_workzone_project/Tesla/campaign_8348ccbe-b6ca-4be8-82ff-b4eba2616879-Tesla_-_Princeton_169_new/campaign/processed_json/segments/9b1c0b60-a317-4614-b1d3-ac66ae257922/part_3/011985.json,,,0.999200319914684,88.13,82.8947368421053,78.2894736842105,11.1080332409972,89.3074792243767,72.92,0.953133720736442,0.94635119374234,
/media/vsi-dev/Lacie_2/mndot_workzone_project/Tesla/campaign_8348ccbe-b6ca-4be8-82ff-b4eba2616879-Tesla_-_Princeton_169_new/campaign/processed_json/segments/9b1c0b60-a317-4614-b1d3-ac66ae257922/part_3/011986.json,,,0.990247863518234,87.38,82.8947368421053,81.25,7.22991689750693,89.0304709141274,72.97,0.912318928015614,0.945988073689541,
/media/vsi-dev/Lacie_2/mndot_workzone_project/Tesla/campaign_8348ccbe-b6ca-4be8-82ff-b4eba2616879-Tesla_-_Princeton_169_new/campaign/processed_json/segments/9b1c0b60-a317-4614-b1d3-ac66ae257922/part_3/011987.json,,,0.965191424665858,84.14,82.2368421052632,81.5789473684211,32.8254847645429,90.1662049861496,75.3,0.595221701095132,0.94586959395733,
/media/vsi-dev/Lacie_2/mndot_workzone_project/Tesla/campaign_8348ccbe-b6ca-4be8-82ff-b4eba2616879-Tesla_-_Princeton_169_new/campaign/processed_json/segments/9b1c0b60-a317-4614-b1d3-ac66ae257922/part_3/011988.json,,,0.999687548823039,91.1,82.2368421052632,81.9078947368421,58.7534626038781,90.0831024930748,80.94,0.927315617609179,0.946208408625058,
/media/vsi-dev/Lacie_2/mndot_workzone_project/Tesla/campaign_8348ccbe-b6ca-4be8-82ff-b4eba2616879-Tesla_-_Princeton_169_new/campaign/processed_json/segments/9b1c0b60-a317-4614-b1d3-ac66ae257922/part_3/011989.json,,,0.999200319914684,89.96,82.8947368421053,81.9078947368421,95.4570637119114,87.8947368421053,84.95,0.654463344522368,0.946294086696548,
/media/vsi-dev/Lacie_2/mndot_workzone_project/Tesla/campaign_8348ccbe-b6ca-4be8-82ff-b4eba2616879-Tesla_-_Princeton_169_new/campaign/processed_json/segments/9b1c0b60-a317-4614-b1d3-ac66ae257922/part_3/011990.json,,,0.999887506327888,89.36,82.2368421052632,81.5789473684211,83.5457063711911,84.9861495844875,82.59,0.686763428511667,0.946345020877916,
/media/vsi-dev/Lacie_2/mndot_workzone_project/Tesla/campaign_8348ccbe-b6ca-4be8-82ff-b4eba2616879-Tesla_-_Princeton_169_new/campaign/processed_json/segments/9b1c0b60-a317-4614-b1d3-ac66ae257922/part_3/011991.json,,,0.998750780924581,93.45,82.2368421052632,81.5789473684211,100,86.1772853185596,86.52,0.943695580774811,0.945255964447077,
/media/vsi-dev/Lacie_2/mndot_workzone_project/Tesla/campaign_8348ccbe-b6ca-4be8-82ff-b4eba2616879-Tesla_-_Princeton_169_new/campaign/processed_json/segments/9b1c0b60-a317-4614-b1d3-ac66ae257922/part_3/011992.json,,,0.998201619028437,93.62,82.8947368421053,82.8947368421053,100,85.6786703601108,87.03,0.944621715222378,0.942980487355068,
/media/vsi-dev/Lacie_2/mndot_workzone_project/Tesla/campaign_8348ccbe-b6ca-4be8-82ff-b4eba2616879-Tesla_-_Princeton_169_new/campaign/processed_json/segments/9b1c0b60-a317-4614-b1d3-ac66ae257922/part_3/011993.json,,,0.999800019998667,86.15,82.5657894736842,75.6578947368421,0,72.7146814404432,67.88,0.944699579452298,0.956139670107229,
/media/vsi-dev/Lacie_2/mndot_workzone_project/Tesla/campaign_8348ccbe-b6ca-4be8-82ff-b4eba2616879-Tesla_-_Princeton_169_new/campaign/processed_json/segments/9b1c0b60-a317-4614-b1d3-ac66ae257922/part_3/011994.json,,,0.999950001249979,88.78,82.8947368421053,81.25,18.4764542936288,86.8698060941828,74.53,0.951934271092439,0.945268933983145,
/media/vsi-dev/Lacie_2/mndot_workzone_project/Tesla/campaign_8348ccbe-b6ca-4be8-82ff-b4eba2616879-Tesla_-_Princeton_169_new/campaign/processed_json/segments/9b1c0b60-a317-4614-b1d3-ac66ae257922/part_3/011995.json,,,1,88.76,82.2368421052632,80.5921052631579,19.0027700831025,86.8421052631579,74.25,0.960004718025836,0.945783237915514,
/media/vsi-dev/Lacie_2/mndot_workzone_project/Tesla/campaign_8348ccbe-b6ca-4be8-82ff-b4eba2616879-Tesla_-_Princeton_169_new/campaign/processed_json/segments/9b1c0b60-a317-4614-b1d3-ac66ae257922/part_3/011996.json,,,0.997889729757728,83.2,82.2368421052632,76.3157894736842,24.2936288088643,0,60.71,0.958227913749339,0.941664137933431,
/media/vsi-dev/Lacie_2/mndot_workzone_project/Tesla/campaign_8348ccbe-b6ca-4be8-82ff-b4eba2616879-Tesla_-_Princeton_169_new/campaign/processed_json/segments/9b1c0b60-a317-4614-b1d3-ac66ae257922/part_3/011997.json,,,0.999200319914684,88.47,82.2368421052632,82.8947368421053,16.6759002770083,79.5290858725762,73.52,0.961014193460113,0.948479908571331,
/media/vsi-dev/Lacie_2/mndot_workzone_project/Tesla/campaign_8348ccbe-b6ca-4be8-82ff-b4eba2616879-Tesla_-_Princeton_169_new/campaign/processed_json/segments/9b1c0b60-a317-4614-b1d3-ac66ae257922/part_3/011998.json,,,0.997889729757728,87.98,82.2368421052632,82.5657894736842,21.9390581717452,68.3379501385042,72.51,0.959107812214393,0.947172575878705,
/media/vsi-dev/Lacie_2/mndot_workzone_project/Tesla/campaign_8348ccbe-b6ca-4be8-82ff-b4eba2616879-Tesla_-_Princeton_169_new/campaign/processed_json/segments/9b1c0b60-a317-4614-b1d3-ac66ae257922/part_3/011999.json,,,0.995497666030972,86.61,81.5789473684211,82.2368421052632,19.1135734072022,52.2437673130194,69.37,0.959301602589743,0.945150366773214,
/media/vsi-dev/Lacie_2/mndot_workzone_project/Tesla/campaign_8348ccbe-b6ca-4be8-82ff-b4eba2616879-Tesla_-_Princeton_169_new/campaign/processed_json/segments/9b1c0b60-a317-4614-b1d3-ac66ae257922/part_3/012000.json,,,0.996805114543033,91.61,81.9078947368421,82.2368421052632,76.398891966759,78.9750692520776,82.01,0.944513577977946,0.948390256474624,
/media/vsi-dev/Lacie_2/mndot_workzone_project/Tesla/campaign_8348ccbe-b6ca-4be8-82ff-b4eba2616879-Tesla_-_Princeton_169_new/campaign/processed_json/segments/9b1c0b60-a317-4614-b1d3-ac66ae257922/part_3/012001.json,,,0.993409314468916,91.72,82.2368421052632,82.2368421052632,79.1689750692521,79.9722991689751,82.67,0.943879212767275,0.947662072029473,
/media/vsi-dev/Lacie_2/mndot_workzone_project/Tesla/campaign_8348ccbe-b6ca-4be8-82ff-b4eba2616879-Tesla_-_Princeton_169_new/campaign/processed_json/segments/9b1c0b60-a317-4614-b1d3-ac66ae257922/part_3/012002.json,,,0.98728157159029,87.68,81.5789473684211,81.5789473684211,18.9473684210526,76.9806094182826,72.86,0.956491671061833,0.947717860974814,
/media/vsi-dev/Lacie_2/mndot_workzone_project/Tesla/campaign_8348ccbe-b6ca-4be8-82ff-b4eba2616879-Tesla_-_Princeton_169_new/campaign/processed_json/segments/9b1c0b60-a317-4614-b1d3-ac66ae257922/part_3/012003.json,,,0.98728157159029,88,81.25,81.5789473684211,25.9002770083103,76.5927977839335,73.73,0.954802278323563,0.946946746669511,
/media/vsi-dev/Lacie_2/mndot_workzone_project/Tesla/campaign_8348ccbe-b6ca-4be8-82ff-b4eba2616879-Tesla_-_Princeton_169_new/campaign/processed_json/segments/9b1c0b60-a317-4614-b1d3-ac66ae257922/part_3/012004.json,,,0.983930514272508,87.15,80.9210526315789,81.5789473684211,16.8421052631579,74.2659279778393,71.93,0.955383675754894,0.947050796191251,
/media/vsi-dev/Lacie_2/mndot_workzone_project/Tesla/campaign_8348ccbe-b6ca-4be8-82ff-b4eba2616879-Tesla_-_Princeton_169_new/campaign/processed_json/segments/9b1c0b60-a317-4614-b1d3-ac66ae257922/part_3/012005.json,,,0.984804140218096,87.53,80.9210526315789,80.9210526315789,22.8254847645429,75.5678670360111,72.82,0.954354663994024,0.946456140526954,
/media/vsi-dev/Lacie_2/mndot_workzone_project/Tesla/campaign_8348ccbe-b6ca-4be8-82ff-b4eba2616879-Tesla_-_Princeton_169_new/campaign/processed_json/segments/9b1c0b60-a317-4614-b1d3-ac66ae257922/part_3/012006.json,,,0.98728157159029,87.86,80.9210526315789,81.25,26.5096952908587,75.0415512465374,73.39,0.95383228673607,0.947640946540186,
/media/vsi-dev/Lacie_2/mndot_workzone_project/Tesla/campaign_8348ccbe-b6ca-4be8-82ff-b4eba2616879-Tesla_-_Princeton_169_new/campaign/processed_json/segments/9b1c0b60-a317-4614-b1d3-ac66ae257922/part_3/012007.json,,,0.988813044611233,87.65,80.5921052631579,80.9210526315789,20.9972299168975,77.1745152354571,72.69,0.9545745285521,0.947233589356852,
/media/vsi-dev/Lacie_2/mndot_workzone_project/Tesla/campaign_8348ccbe-b6ca-4be8-82ff-b4eba2616879-Tesla_-_Princeton_169_new/campaign/processed_json/segments/9b1c0b60-a317-4614-b1d3-ac66ae257922/part_3/012008.json,,,0.990928893001464,87.78,80.9210526315789,81.5789473684211,20.8864265927978,75.7340720221607,72.76,0.956414524459366,0.947821567797148,
/media/vsi-dev/Lacie_2/mndot_workzone_project/Tesla/campaign_8348ccbe-b6ca-4be8-82ff-b4eba2616879-Tesla_-_Princeton_169_new/campaign/processed_json/segments/9b1c0b60-a317-4614-b1d3-ac66ae257922/part_3/012009.json,,,0.972765240307908,82.43,80.9210526315789,81.5789473684211,22.2991689750693,0,61.55,0.956031588803463,0.93416486670817,
/media/vsi-dev/Lacie_2/mndot_workzone_project/Tesla/campaign_8348ccbe-b6ca-4be8-82ff-b4eba2616879-Tesla_-_Princeton_169_new/campaign/processed_json/segments/9b1c0b60-a317-4614-b1d3-ac66ae257922/part_3/012010.json,,,0.969033254475011,81.52,80.9210526315789,80.9210526315789,10.2770083102493,0,59.56,0.958524463737213,0.934665893049684,
/media/vsi-dev/Lacie_2/mndot_workzone_project/Tesla/campaign_8348ccbe-b6ca-4be8-82ff-b4eba2616879-Tesla_-_Princeton_169_new/campaign/processed_json/segments/9b1c0b60-a317-4614-b1d3-ac66ae257922/part_3/012011.json,,,0.996805114543033,87.74,81.25,80.9210526315789,16.7590027700831,76.7313019390582,72.17,0.950966123422047,0.949012755502776,
/media/vsi-dev/Lacie_2/mndot_workzone_project/Tesla/campaign_8348ccbe-b6ca-4be8-82ff-b4eba2616879-Tesla_-_Princeton_169_new/campaign/processed_json/segments/9b1c0b60-a317-4614-b1d3-ac66ae257922/part_3/012012.json,,,0.998988012405174,87.14,82.2368421052632,81.5789473684211,0,76.398891966759,70.16,0.962166908081699,0.949825718314198,
/media/vsi-dev/Lacie_2/mndot_workzone_project/Tesla/campaign_8348ccbe-b6ca-4be8-82ff-b4eba2616879-Tesla_-_Princeton_169_new/campaign/processed_json/segments/9b1c0b60-a317-4614-b1d3-ac66ae257922/part_3/012013.json,,,0.999800019998667,87.34,82.2368421052632,81.5789473684211,20.4986149584488,59.7229916897507,70.71,0.95678360261471,0.949154504891996,
/media/vsi-dev/Lacie_2/mndot_workzone_project/Tesla/campaign_8348ccbe-b6ca-4be8-82ff-b4eba2616879-Tesla_-_Princeton_169_new/campaign/processed_json/segments/9b1c0b60-a317-4614-b1d3-ac66ae257922/part_3/012014.json,,,0.999887506327888,87.07,82.2368421052632,81.9078947368421,17.3961218836565,57.5069252077562,70.01,0.957672760049363,0.949187869674286,
/media/vsi-dev/Lacie_2/mndot_workzone_project/Tesla/campaign_8348ccbe-b6ca-4be8-82ff-b4eba2616879-Tesla_-_Princeton_169_new/campaign/processed_json/segments/9b1c0b60-a317-4614-b1d3-ac66ae257922/part_3/012015.json,,,0.999987500078125,87.59,82.2368421052632,81.5789473684211,23.1578947368421,60.9972299168975,71.3,0.957149520660456,0.949477501841044,
/media/vsi-dev/Lacie_2/mndot_workzone_project/Tesla/campaign_8348ccbe-b6ca-4be8-82ff-b4eba2616879-Tesla_-_Princeton_169_new/campaign/processed_json/segments/9b1c0b60-a317-4614-b1d3-ac66ae257922/part_3/012016.json,,,0.999950001249979,88.6,81.5789473684211,81.5789473684211,27.0914127423823,75.4293628808864,73.86,0.956359681487196,0.949892338963648,
/media/vsi-dev/Lacie_2/mndot_workzone_project/Tesla/campaign_8348ccbe-b6ca-4be8-82ff-b4eba2616879-Tesla_-_Princeton_169_new/campaign/processed_json/segments/9b1c0b60-a317-4614-b1d3-ac66ae257922/part_3/012017.json,,,0.999387687539834,91.63,81.5789473684211,81.5789473684211,79.0027700831025,76.1218836565097,81.7,0.947633185015151,0.949596797227982,
/media/vsi-dev/Lacie_2/mndot_workzone_project/Tesla/campaign_8348ccbe-b6ca-4be8-82ff-b4eba2616879-Tesla_-_Princeton_169_new/campaign/processed_json/segments/9b1c0b60-a317-4614-b1d3-ac66ae257922/part_3/012018.json,,,0.999950001249979,88.65,80.9210526315789,81.5789473684211,29.584487534626,74.9307479224377,73.96,0.95699062923021,0.949746978672896,
/media/vsi-dev/Lacie_2/mndot_workzone_project/Tesla/campaign_8348ccbe-b6ca-4be8-82ff-b4eba2616879-Tesla_-_Princeton_169_new/campaign/processed_json/segments/9b1c0b60-a317-4614-b1d3-ac66ae257922/part_3/012019.json,,,0.999950001249979,88.42,80.9210526315789,81.25,25.180055401662,76.2880886426593,73.4,0.95685177910167,0.948971155504303,
/media/vsi-dev/Lacie_2/mndot_workzone_project/Tesla/campaign_8348ccbe-b6ca-4be8-82ff-b4eba2616879-Tesla_-_Princeton_169_new/campaign/processed_json/segments/9b1c0b60-a317-4614-b1d3-ac66ae257922/part_3/012020.json,,,0.999200319914684,91.33,80.9210526315789,80.9210526315789,78.4487534626039,74.3213296398892,80.96,0.948796513359093,0.949454682942158,
/media/vsi-dev/Lacie_2/mndot_workzone_project/Tesla/campaign_8348ccbe-b6ca-4be8-82ff-b4eba2616879-Tesla_-_Princeton_169_new/campaign/processed_json/segments/9b1c0b60-a317-4614-b1d3-ac66ae257922/part_3/012021.json,,,0.999200319914684,88.82,80.9210526315789,80.9210526315789,34.7091412742382,73.9612188365651,74.4,0.959846587465135,0.949591391518863,
/media/vsi-dev/Lacie_2/mndot_workzone_project/Tesla/campaign_8348ccbe-b6ca-4be8-82ff-b4eba2616879-Tesla_-_Princeton_169_new/campaign/processed_json/segments/9b1c0b60-a317-4614-b1d3-ac66ae257922/part_3/012022.json,,,0.998750780924581,89.09,81.25,81.5789473684211,37.3961218836565,75.207756232687,75.26,0.954367836584943,0.949229747855302,
/media/vsi-dev/Lacie_2/mndot_workzone_project/Tesla/campaign_8348ccbe-b6ca-4be8-82ff-b4eba2616879-Tesla_-_Princeton_169_new/campaign/processed_json/segments/9b1c0b60-a317-4614-b1d3-ac66ae257922/part_3/012023.json,,,0.997552998800479,91.52,81.25,80.9210526315789,80.3047091412742,76.1218836565097,81.6,0.948552119278804,0.948826869601091,
/media/vsi-dev/Lacie_2/mndot_workzone_project/Tesla/campaign_8348ccbe-b6ca-4be8-82ff-b4eba2616879-Tesla_-_Princeton_169_new/campaign/processed_json/segments/9b1c0b60-a317-4614-b1d3-ac66ae257922/part_3/012024.json,,,0.999200319914684,88.02,80.9210526315789,80.9210526315789,18.6703601108033,75.7063711911357,72.28,0.96521963834329,0.949060539335413,
/media/vsi-dev/Lacie_2/mndot_workzone_project/Tesla/campaign_8348ccbe-b6ca-4be8-82ff-b4eba2616879-Tesla_-_Princeton_169_new/campaign/processed_json/segments/9b1c0b60-a317-4614-b1d3-ac66ae257922/part_3/012025.json,,,0.998750780924581,88.33,80.2631578947369,81.5789473684211,22.3545706371191,77.590027700831,73.11,0.965041973315777,0.948099529686546,
/media/vsi-dev/Lacie_2/mndot_workzone_project/Tesla/campaign_8348ccbe-b6ca-4be8-82ff-b4eba2616879-Tesla_-_Princeton_169_new/campaign/processed_json/segments/9b1c0b60-a317-4614-b1d3-ac66ae257922/part_3/012026.json,,,0.999200319914684,88.15,79.9342105263158,81.25,18.0886426592798,79.5013850415513,72.57,0.966917421542149,0.948278017932822,
/media/vsi-dev/Lacie_2/mndot_workzone_project/Tesla/campaign_8348ccbe-b6ca-4be8-82ff-b4eba2616879-Tesla_-_Princeton_169_new/campaign/processed_json/segments/9b1c0b60-a317-4614-b1d3-ac66ae257922/part_3/012027.json,,,0.999200319914684,88.93,79.9342105263158,81.5789473684211,32.2160664819945,78.5318559556787,74.62,0.962817302904639,0.948443811699032,
/media/vsi-dev/Lacie_2/mndot_workzone_project/Tesla/campaign_8348ccbe-b6ca-4be8-82ff-b4eba2616879-Tesla_-_Princeton_169_new/campaign/processed_json/segments/9b1c0b60-a317-4614-b1d3-ac66ae257922/part_3/012028.json,,,0.999200319914684,89.03,78.9473684210526,81.25,35.7063711911357,79.584487534626,74.9,0.961604194368942,0.94825689365707,
/media/vsi-dev/Lacie_2/mndot_workzone_project/Tesla/campaign_8348ccbe-b6ca-4be8-82ff-b4eba2616879-Tesla_-_Princeton_169_new/campaign/processed_json/segments/9b1c0b60-a317-4614-b1d3-ac66ae257922/part_3/012029.json,,,0.999887506327888,87.75,79.6052631578947,81.5789473684211,12.1329639889197,78.5872576177285,71.53,0.965177443184077,0.948816498342497,
/media/vsi-dev/Lacie_2/mndot_workzone_project/Tesla/campaign_8348ccbe-b6ca-4be8-82ff-b4eba2616879-Tesla_-_Princeton_169_new/campaign/processed_json/segments/9b1c0b60-a317-4614-b1d3-ac66ae257922/part_3/012030.json,,,0.999887506327888,88.34,79.6052631578947,81.25,23.6565096952909,78.1163434903047,73.08,0.962123184268642,0.949356196437045,
/media/vsi-dev/Lacie_2/mndot_workzone_project/Tesla/campaign_8348ccbe-b6ca-4be8-82ff-b4eba2616879-Tesla_-_Princeton_169_new/campaign/processed_json/segments/9b1c0b60-a317-4614-b1d3-ac66ae257922/part_3/012031.json,,,0.999887506327888,88.39,78.9473684210526,80.9210526315789,25.5678670360111,78.9196675900277,73.19,0.962636986626102,0.949314348472008,
/media/vsi-dev/Lacie_2/mndot_workzone_project/Tesla/campaign_8348ccbe-b6ca-4be8-82ff-b4eba2616879-Tesla_-_Princeton_169_new/campaign/processed_json/segments/9b1c0b60-a317-4614-b1d3-ac66ae257922/part_3/012032.json,,,0.999800019998667,88.24,77.9605263157895,80.9210526315789,22.2160664819945,81.5789473684211,72.8,0.963944163775983,0.94910294004695,
/media/vsi-dev/Lacie_2/mndot_workzone_project/Tesla/campaign_8348ccbe-b6ca-4be8-82ff-b4eba2616879-Tesla_-_Princeton_169_new/campaign/processed_json/segments/9b1c0b60-a317-4614-b1d3-ac66ae257922/part_3/012033.json,,,0.999950001249979,88.57,79.6052631578947,81.25,23.3795013850415,82.8254847645429,73.73,0.959386349830685,0.948830246518897,
/media/vsi-dev/Lacie_2/mndot_workzone_project/Tesla/campaign_8348ccbe-b6ca-4be8-82ff-b4eba2616879-Tesla_-_Princeton_169_new/campaign/processed_json/segments/9b1c0b60-a317-4614-b1d3-ac66ae257922/part_3/012034.json,,,0.999987500078125,87.23,77.9605263157895,80.9210526315789,1.68975069252078,84.404432132964,70.16,0.96728652909679,0.948918123340943,
/media/vsi-dev/Lacie_2/mndot_workzone_project/Tesla/campaign_8348ccbe-b6ca-4be8-82ff-b4eba2616879-Tesla_-_Princeton_169_new/campaign/processed_json/segments/9b1c0b60-a317-4614-b1d3-ac66ae257922/part_3/012035.json,,,0.999950001249979,87.66,77.9605263157895,80.2631578947369,12.2714681440443,82.797783933518,71.3,0.964709272633306,0.949426157098832,
/media/vsi-dev/Lacie_2/mndot_workzone_project/Tesla/campaign_8348ccbe-b6ca-4be8-82ff-b4eba2616879-Tesla_-_Princeton_169_new/campaign/processed_json/segments/9b1c0b60-a317-4614-b1d3-ac66ae257922/part_3/012036.json,,,0.999987500078125,87.09,76.9736842105263,80.2631578947369,2.60387811634349,84.5152354570637,69.82,0.96773372266998,0.94869977838341,
/media/vsi-dev/Lacie_2/mndot_workzone_project/Tesla/campaign_8348ccbe-b6ca-4be8-82ff-b4eba2616879-Tesla_-_Princeton_169_new/campaign/processed_json/segments/9b1c0b60-a317-4614-b1d3-ac66ae257922/part_3/012037.json,,,0.999987500078125,88.38,78.9473684210526,80.9210526315789,20.6371191135734,84.9584487534626,73.32,0.956699612616577,0.948269316112101,
/media/vsi-dev/Lacie_2/mndot_workzone_project/Tesla/campaign_8348ccbe-b6ca-4be8-82ff-b4eba2616879-Tesla_-_Princeton_169_new/campaign/processed_json/segments/9b1c0b60-a317-4614-b1d3-ac66ae257922/part_3/012038.json,,,0.999887506327888,88.11,76.9736842105263,80.2631578947369,16.7036011080332,88.4487534626039,72.5,0.963119621488841,0.947836110597499,
/media/vsi-dev/Lacie_2/mndot_workzone_project/Tesla/campaign_8348ccbe-b6ca-4be8-82ff-b4eba2616879-Tesla_-_Princeton_169_new/campaign/processed_json/segments/9b1c0b60-a317-4614-b1d3-ac66ae257922/part_3/012039.json,,,1,88.24,78.6184210526316,80.5921052631579,15.3185595567867,88.8365650969529,72.92,0.958492135771861,0.94836162909248,
/media/vsi-dev/Lacie_2/mndot_workzone_project/Tesla/campaign_8348ccbe-b6ca-4be8-82ff-b4eba2616879-Tesla_-_Princeton_169_new/campaign/processed_json/segments/9b1c0b60-a317-4614-b1d3-ac66ae257922/part_3/012040.json,,,0.999950001249979,88.12,78.2894736842105,80.2631578947369,13.5457063711911,89.9168975069252,72.62,0.958343587370246,0.94874034345662,
/media/vsi-dev/Lacie_2/mndot_workzone_project/Tesla/campaign_8348ccbe-b6ca-4be8-82ff-b4eba2616879-Tesla_-_Princeton_169_new/campaign/processed_json/segments/9b1c0b60-a317-4614-b1d3-ac66ae257922/part_3/012041.json,,,0.999200319914684,88.64,76.6447368421053,80.2631578947369,24.9861495844875,90.5817174515235,73.95,0.96036784784664,0.949114755387668,
/media/vsi-dev/Lacie_2/mndot_workzone_project/Tesla/campaign_8348ccbe-b6ca-4be8-82ff-b4eba2616879-Tesla_-_Princeton_169_new/campaign/processed_json/segments/9b1c0b60-a317-4614-b1d3-ac66ae257922/part_3/012042.json,,,0.998750780924581,88.17,76.6447368421053,80.2631578947369,16.5650969529086,90.9695290858726,72.76,0.963025069618055,0.949047210385111,
/media/vsi-dev/Lacie_2/mndot_workzone_project/Tesla/campaign_8348ccbe-b6ca-4be8-82ff-b4eba2616879-Tesla_-_Princeton_169_new/campaign/processed_json/segments/9b1c0b60-a317-4614-b1d3-ac66ae257922/part_3/012043.json,,,0.999200319914684,88.35,77.9605263157895,79.6052631578947,18.4487534626039,91.5235457063712,73.3,0.95721191634265,0.949459718855316,
/media/vsi-dev/Lacie_2/mndot_workzone_project/Tesla/campaign_8348ccbe-b6ca-4be8-82ff-b4eba2616879-Tesla_-_Princeton_169_new/campaign/processed_json/segments/9b1c0b60-a317-4614-b1d3-ac66ae257922/part_3/012044.json,,,0.996805114543033,91.89,80.9210526315789,80.2631578947369,74.7091412742382,92.7146814404432,82.9,0.936985131130836,0.949247024864053,
/media/vsi-dev/Lacie_2/mndot_workzone_project/Tesla/campaign_8348ccbe-b6ca-4be8-82ff-b4eba2616879-Tesla_-_Princeton_169_new/campaign/processed_json/segments/9b1c0b60-a317-4614-b1d3-ac66ae257922/part_3/012045.json,,,0.995497666030972,91.74,80.9210526315789,80.2631578947369,73.8781163434903,91.5789473684211,82.61,0.937837934061521,0.949330228959425,
/media/vsi-dev/Lacie_2/mndot_workzone_project/Tesla/campaign_8348ccbe-b6ca-4be8-82ff-b4eba2616879-Tesla_-_Princeton_169_new/campaign/processed_json/segments/9b1c0b60-a317-4614-b1d3-ac66ae257922/part_3/012046.json,,,0.995958190189513,91.85,80.9210526315789,80.5921052631579,74.4321329639889,92.382271468144,82.9,0.936352236426437,0.948511395729549,
/media/vsi-dev/Lacie_2/mndot_workzone_project/Tesla/campaign_8348ccbe-b6ca-4be8-82ff-b4eba2616879-Tesla_-_Princeton_169_new/campaign/processed_json/segments/9b1c0b60-a317-4614-b1d3-ac66ae257922/part_3/012047.json,,,0.995958190189513,91.83,80.9210526315789,80.5921052631579,74.2936288088643,92.409972299169,82.88,0.935690526321373,0.948411958140586,
/media/vsi-dev/Lacie_2/mndot_workzone_project/Tesla/campaign_8348ccbe-b6ca-4be8-82ff-b4eba2616879-Tesla_-_Princeton_169_new/campaign/processed_json/segments/9b1c0b60-a317-4614-b1d3-ac66ae257922/part_3/012048.json,,,0.997552998800479,87.4,74.3421052631579,80.9210526315789,6.26038781163435,92.6592797783934,70.97,0.965042327960363,0.946407786905654,
/media/vsi-dev/Lacie_2/mndot_workzone_project/Tesla/campaign_8348ccbe-b6ca-4be8-82ff-b4eba2616879-Tesla_-_Princeton_169_new/campaign/processed_json/segments/9b1c0b60-a317-4614-b1d3-ac66ae257922/part_3/012049.json,,,0.996805114543033,88.37,72.6973684210526,80.2631578947369,27.8947368421053,93.3518005540166,73.6,0.958480153696777,0.947094163801463,
/media/vsi-dev/Lacie_2/mndot_workzone_project/Tesla/campaign_8348ccbe-b6ca-4be8-82ff-b4eba2616879-Tesla_-_Princeton_169_new/campaign/processed_json/segments/9b1c0b60-a317-4614-b1d3-ac66ae257922/part_3/012050.json,,,0.997191451372845,88.27,71.7105263157895,79.6052631578947,28.8919667590028,93.6288088642659,73.3,0.958014978720318,0.948117257891437,
/media/vsi-dev/Lacie_2/mndot_workzone_project/Tesla/campaign_8348ccbe-b6ca-4be8-82ff-b4eba2616879-Tesla_-_Princeton_169_new/campaign/processed_json/segments/9b1c0b60-a317-4614-b1d3-ac66ae257922/part_3/012051.json,,,0.998488643251663,88.38,74.0131578947369,80.2631578947369,24.4321329639889,93.4072022160665,73.48,0.957477394277432,0.947011519727421,
/media/vsi-dev/Lacie_2/mndot_workzone_project/Tesla/campaign_8348ccbe-b6ca-4be8-82ff-b4eba2616879-Tesla_-_Princeton_169_new/campaign/processed_json/segments/9b1c0b60-a317-4614-b1d3-ac66ae257922/part_3/012052.json,,,0.999550101234814,87.88,73.3552631578947,80.2631578947369,18.5872576177285,91.191135734072,72.08,0.959351652158782,0.947164461409205,
/media/vsi-dev/Lacie_2/mndot_workzone_project/Tesla/campaign_8348ccbe-b6ca-4be8-82ff-b4eba2616879-Tesla_-_Princeton_169_new/campaign/processed_json/segments/9b1c0b60-a317-4614-b1d3-ac66ae257922/part_3/012053.json,,,0.999950001249979,86.91,69.4078947368421,80.2631578947369,9.25207756232687,91.191135734072,69.52,0.963110749772039,0.947410707023297,
/media/vsi-dev/Lacie_2/mndot_workzone_project/Tesla/campaign_8348ccbe-b6ca-4be8-82ff-b4eba2616879-Tesla_-_Princeton_169_new/campaign/processed_json/segments/9b1c0b60-a317-4614-b1d3-ac66ae257922/part_3/012054.json,,,0.999987500078125,87.09,72.0394736842105,80.2631578947369,9.25207756232687,89.3351800554017,70.02,0.960999528678549,0.947132210319732,
/media/vsi-dev/Lacie_2/mndot_workzone_project/Tesla/campaign_8348ccbe-b6ca-4be8-82ff-b4eba2616879-Tesla_-_Princeton_169_new/campaign/processed_json/segments/9b1c0b60-a317-4614-b1d3-ac66ae257922/part_3/012055.json,,,0.999887506327888,87.5,71.3815789473684,80.5921052631579,16.2049861495845,90.5540166204986,71.13,0.959655613028219,0.945731052100115,
/media/vsi-dev/Lacie_2/mndot_workzone_project/Tesla/campaign_8348ccbe-b6ca-4be8-82ff-b4eba2616879-Tesla_-_Princeton_169_new/campaign/processed_json/segments/9b1c0b60-a317-4614-b1d3-ac66ae257922/part_3/012056.json,,,1,91.86,76.9736842105263,80.9210526315789,77.7008310249308,94.1828254847646,82.57,0.940194297699655,0.94317102628575,
/media/vsi-dev/Lacie_2/mndot_workzone_project/Tesla/campaign_8348ccbe-b6ca-4be8-82ff-b4eba2616879-Tesla_-_Princeton_169_new/campaign/processed_json/segments/9b1c0b60-a317-4614-b1d3-ac66ae257922/part_3/012057.json,,,0.999950001249979,91.96,76.9736842105263,81.5789473684211,78.1994459833795,94.5706371191136,82.89,0.939866787075824,0.940982476331987,
/media/vsi-dev/Lacie_2/mndot_workzone_project/Tesla/campaign_8348ccbe-b6ca-4be8-82ff-b4eba2616879-Tesla_-_Princeton_169_new/campaign/processed_json/segments/9b1c0b60-a317-4614-b1d3-ac66ae257922/part_3/012058.json,,,1,92.01,76.3157894736842,81.5789473684211,78.9473684210526,96.1218836565097,83.03,0.939238848657013,0.940298719598518,
/media/vsi-dev/Lacie_2/mndot_workzone_project/Tesla/campaign_8348ccbe-b6ca-4be8-82ff-b4eba2616879-Tesla_-_Princeton_169_new/campaign/processed_json/segments/9b1c0b60-a317-4614-b1d3-ac66ae257922/part_3/012059.json,,,0.999800019998667,87.28,68.0921052631579,81.25,12.2714681440443,96.0664819944598,70.58,0.95970680249131,0.945521754978937,
/media/vsi-dev/Lacie_2/mndot_workzone_project/Tesla/campaign_8348ccbe-b6ca-4be8-82ff-b4eba2616879-Tesla_-_Princeton_169_new/campaign/processed_json/segments/9b1c0b60-a317-4614-b1d3-ac66ae257922/part_3/012060.json,,,0.999887506327888,86.74,67.1052631578947,81.5789473684211,5.29085872576177,95.0138504155125,69.19,0.961395173301542,0.945795750809068,
/media/vsi-dev/Lacie_2/mndot_workzone_project/Tesla/campaign_8348ccbe-b6ca-4be8-82ff-b4eba2616879-Tesla_-_Princeton_169_new/campaign/processed_json/segments/9b1c0b60-a317-4614-b1d3-ac66ae257922/part_3/012061.json,,,0.999950001249979,86.92,67.4342105263158,81.25,6.34349030470914,96.786703601108,69.61,0.961597772984845,0.946142801649961,
/media/vsi-dev/Lacie_2/mndot_workzone_project/Tesla/campaign_8348ccbe-b6ca-4be8-82ff-b4eba2616879-Tesla_-_Princeton_169_new/campaign/processed_json/segments/9b1c0b60-a317-4614-b1d3-ac66ae257922/part_3/012062.json,,,0.999800019998667,88.16,71.3815789473684,82.2368421052632,17.4515235457064,97.7562326869806,72.88,0.958115767798297,0.943827407334356,
/media/vsi-dev/Lacie_2/mndot_workzone_project/Tesla/campaign_8348ccbe-b6ca-4be8-82ff-b4eba2616879-Tesla_-_Princeton_169_new/campaign/processed_json/segments/9b1c0b60-a317-4614-b1d3-ac66ae257922/part_3/012063.json,,,0.998750780924581,87.51,71.3815789473684,82.2368421052632,5.6786703601108,98.3379501385042,71.22,0.962202470707565,0.944527087786658,
/media/vsi-dev/Lacie_2/mndot_workzone_project/Tesla/campaign_8348ccbe-b6ca-4be8-82ff-b4eba2616879-Tesla_-_Princeton_169_new/campaign/processed_json/segments/9b1c0b60-a317-4614-b1d3-ac66ae257922/part_3/012064.json,,,0.997191451372845,88.55,72.3684210526316,82.2368421052632,22.7700831024931,99.0027700831025,74.15,0.95679090759594,0.943917254628779,
/media/vsi-dev/Lacie_2/mndot_workzone_project/Tesla/campaign_8348ccbe-b6ca-4be8-82ff-b4eba2616879-Tesla_-_Princeton_169_new/campaign/processed_json/segments/9b1c0b60-a317-4614-b1d3-ac66ae257922/part_3/012065.json,,,0.997552998800479,88.11,72.3684210526316,82.8947368421053,13.5457063711911,98.9750692520776,72.97,0.959320818728661,0.942371544785981,
/media/vsi-dev/Lacie_2/mndot_workzone_project/Tesla/campaign_8348ccbe-b6ca-4be8-82ff-b4eba2616879-Tesla_-_Princeton_169_new/campaign/processed_json/segments/9b1c0b60-a317-4614-b1d3-ac66ae257922/part_3/012066.json,,,0.994502665947899,88.74,73.0263157894737,82.8947368421053,25.4016620498615,99.0858725761773,74.94,0.955810426089526,0.942914162304903,
/media/vsi-dev/Lacie_2/mndot_workzone_project/Tesla/campaign_8348ccbe-b6ca-4be8-82ff-b4eba2616879-Tesla_-_Princeton_169_new/campaign/processed_json/segments/9b1c0b60-a317-4614-b1d3-ac66ae257922/part_3/012067.json,,,0.995958190189513,88.41,72.6973684210526,83.5526315789474,20.3601108033241,96.398891966759,73.89,0.95725163344567,0.943948832071103,
/media/vsi-dev/Lacie_2/mndot_workzone_project/Tesla/campaign_8348ccbe-b6ca-4be8-82ff-b4eba2616879-Tesla_-_Princeton_169_new/campaign/processed_json/segments/9b1c0b60-a317-4614-b1d3-ac66ae257922/part_3/012068.json,,,0.994502665947899,87.78,72.0394736842105,82.8947368421053,14.2105263157895,95.180055401662,72.41,0.960192762373055,0.943353314468488,
/media/vsi-dev/Lacie_2/mndot_workzone_project/Tesla/campaign_8348ccbe-b6ca-4be8-82ff-b4eba2616879-Tesla_-_Princeton_169_new/campaign/processed_json/segments/9b1c0b60-a317-4614-b1d3-ac66ae257922/part_3/012069.json,,,0.995958190189513,87.26,72.0394736842105,83.5526315789474,2.90858725761773,95.1246537396122,70.91,0.963062392533505,0.942669321529788,
/media/vsi-dev/Lacie_2/mndot_workzone_project/Tesla/campaign_8348ccbe-b6ca-4be8-82ff-b4eba2616879-Tesla_-_Princeton_169_new/campaign/processed_json/segments/9b1c0b60-a317-4614-b1d3-ac66ae257922/part_3/012070.json,,,0.995497666030972,87.8,72.3684210526316,83.8815789473684,11.5789473684211,95.0969529085873,72.39,0.960101259482533,0.942530680251098,
/media/vsi-dev/Lacie_2/mndot_workzone_project/Tesla/campaign_8348ccbe-b6ca-4be8-82ff-b4eba2616879-Tesla_-_Princeton_169_new/campaign/processed_json/segments/9b1c0b60-a317-4614-b1d3-ac66ae257922/part_3/012071.json,,,0.995958190189513,87.26,68.75,82.8947368421053,12.8808864265928,93.4349030470914,70.96,0.96037037586053,0.943818514188745,
/media/vsi-dev/Lacie_2/mndot_workzone_project/Tesla/campaign_8348ccbe-b6ca-4be8-82ff-b4eba2616879-Tesla_-_Princeton_169_new/campaign/processed_json/segments/9b1c0b60-a317-4614-b1d3-ac66ae257922/part_3/012072.json,,,0.994502665947899,87.46,69.0789473684211,82.8947368421053,16.7590027700831,93.4626038781163,71.64,0.959567560592121,0.942900046682049,
/media/vsi-dev/Lacie_2/mndot_workzone_project/Tesla/campaign_8348ccbe-b6ca-4be8-82ff-b4eba2616879-Tesla_-_Princeton_169_new/campaign/processed_json/segments/9b1c0b60-a317-4614-b1d3-ac66ae257922/part_3/012073.json,,,0.994502665947899,87.23,69.4078947368421,82.8947368421053,15.4016620498615,90.0554016620499,71.03,0.959766972476587,0.943947758211392,
/media/vsi-dev/Lacie_2/mndot_workzone_project/Tesla/campaign_8348ccbe-b6ca-4be8-82ff-b4eba2616879-Tesla_-_Princeton_169_new/campaign/processed_json/segments/9b1c0b60-a317-4614-b1d3-ac66ae257922/part_3/012074.json,,,0.998750780924581,84.42,67.7631578947369,83.8815789473684,15.4293628808864,41.994459833795,63.62,0.958702595000917,0.943429704352159,
/media/vsi-dev/Lacie_2/mndot_workzone_project/Tesla/campaign_8348ccbe-b6ca-4be8-82ff-b4eba2616879-Tesla_-_Princeton_169_new/campaign/processed_json/segments/9b1c0b60-a317-4614-b1d3-ac66ae257922/part_3/012075.json,,,0.996805114543033,87.2,66.7763157894737,83.8815789473684,14.6814404432133,92.2437673130194,70.75,0.958649738022016,0.943673805790788,
/media/vsi-dev/Lacie_2/mndot_workzone_project/Tesla/campaign_8348ccbe-b6ca-4be8-82ff-b4eba2616879-Tesla_-_Princeton_169_new/campaign/processed_json/segments/9b1c0b60-a317-4614-b1d3-ac66ae257922/part_3/012076.json,,,0.998201619028437,86.57,65.4605263157895,82.8947368421053,6.78670360110803,93.185595567867,69.02,0.960428329997211,0.942538859761802,
/media/vsi-dev/Lacie_2/mndot_workzone_project/Tesla/campaign_8348ccbe-b6ca-4be8-82ff-b4eba2616879-Tesla_-_Princeton_169_new/campaign/processed_json/segments/9b1c0b60-a317-4614-b1d3-ac66ae257922/part_3/012077.json,,,0.999200319914684,87.6,70.0657894736842,84.2105263157895,12.382271468144,92.5761772853186,71.54,0.9586449355163,0.943041391369855,
/media/vsi-dev/Lacie_2/mndot_workzone_project/Tesla/campaign_8348ccbe-b6ca-4be8-82ff-b4eba2616879-Tesla_-_Princeton_169_new/campaign/processed_json/segments/9b1c0b60-a317-4614-b1d3-ac66ae257922/part_3/012078.json,,,0.999200319914684,87.33,69.4078947368421,84.2105263157895,9.33518005540166,92.5207756232687,70.87,0.959452049265938,0.941869929294041,
/media/vsi-dev/Lacie_2/mndot_workzone_project/Tesla/campaign_8348ccbe-b6ca-4be8-82ff-b4eba2616879-Tesla_-_Princeton_169_new/campaign/processed_json/segments/9b1c0b60-a317-4614-b1d3-ac66ae257922/part_3/012079.json,,,0.999550101234814,86.43,64.4736842105263,83.8815789473684,3.2409972299169,93.185595567867,68.49,0.96099443139713,0.943849003753548,
/media/vsi-dev/Lacie_2/mndot_workzone_project/Tesla/campaign_8348ccbe-b6ca-4be8-82ff-b4eba2616879-Tesla_-_Princeton_169_new/campaign/processed_json/segments/9b1c0b60-a317-4614-b1d3-ac66ae257922/part_3/012080.json,,,0.999887506327888,87.4,69.0789473684211,84.2105263157895,9.97229916897507,93.2409972299169,70.98,0.959473410883954,0.942019726246232,
/media/vsi-dev/Lacie_2/mndot_workzone_project/Tesla/campaign_8348ccbe-b6ca-4be8-82ff-b4eba2616879-Tesla_-_Princeton_169_new/campaign/processed_json/segments/9b1c0b60-a317-4614-b1d3-ac66ae257922/part_3/012081.json,,,0.999950001249979,87.88,69.4078947368421,84.2105263157895,17.8116343490305,93.4072022160665,72.26,0.956160941701698,0.941407108771059,
/media/vsi-dev/Lacie_2/mndot_workzone_project/Tesla/campaign_8348ccbe-b6ca-4be8-82ff-b4eba2616879-Tesla_-_Princeton_169_new/campaign/processed_json/segments/9b1c0b60-a317-4614-b1d3-ac66ae257922/part_3/012082.json,,,1,87.13,69.0789473684211,84.2105263157895,7.45152354570637,92.4376731301939,70.45,0.959981206470756,0.935275010141372,
/media/vsi-dev/Lacie_2/mndot_workzone_project/Tesla/campaign_8348ccbe-b6ca-4be8-82ff-b4eba2616879-Tesla_-_Princeton_169_new/campaign/processed_json/segments/9b1c0b60-a317-4614-b1d3-ac66ae257922/part_3/012083.json,,,0.999987500078125,87.07,68.75,84.2105263157895,5.59556786703601,92.5484764542936,70.12,0.960705837204129,0.94159629819846,
/media/vsi-dev/Lacie_2/mndot_workzone_project/Tesla/campaign_8348ccbe-b6ca-4be8-82ff-b4eba2616879-Tesla_-_Princeton_169_new/campaign/processed_json/segments/9b1c0b60-a317-4614-b1d3-ac66ae257922/part_3/012084.json,,,0.999800019998667,87.41,67.7631578947369,84.2105263157895,15.595567867036,90.9972299168975,71.07,0.957297082507342,0.941487561075736,
/media/vsi-dev/Lacie_2/mndot_workzone_project/Tesla/campaign_8348ccbe-b6ca-4be8-82ff-b4eba2616879-Tesla_-_Princeton_169_new/campaign/processed_json/segments/9b1c0b60-a317-4614-b1d3-ac66ae257922/part_3/012085.json,,,0.998988012405174,87.25,67.7631578947369,84.2105263157895,16.1772853185596,90.5263157894737,71.04,0.956890595847646,0.930667886795313,
/media/vsi-dev/Lacie_2/mndot_workzone_project/Tesla/campaign_8348ccbe-b6ca-4be8-82ff-b4eba2616879-Tesla_-_Princeton_169_new/campaign/processed_json/segments/9b1c0b60-a317-4614-b1d3-ac66ae257922/part_3/012086.json,,,0.997889729757728,87.02,67.4342105263158,84.5394736842105,13.7673130193906,89.3628808864266,70.51,0.957953093444066,0.931962730364336,
/media/vsi-dev/Lacie_2/mndot_workzone_project/Tesla/campaign_8348ccbe-b6ca-4be8-82ff-b4eba2616879-Tesla_-_Princeton_169_new/campaign/processed_json/segments/9b1c0b60-a317-4614-b1d3-ac66ae257922/part_3/012087.json,,,0.998488643251663,91.53,76.9736842105263,84.8684210526316,73.6565096952909,88.7534626038781,82.26,0.93861133925818,0.929819673715454,
/media/vsi-dev/Lacie_2/mndot_workzone_project/Tesla/campaign_8348ccbe-b6ca-4be8-82ff-b4eba2616879-Tesla_-_Princeton_169_new/campaign/processed_json/segments/9b1c0b60-a317-4614-b1d3-ac66ae257922/part_3/012088.json,,,0.995497666030972,86.52,65.7894736842105,84.2105263157895,9.6398891966759,88.5872576177285,69.24,0.958058135493108,0.942650647747972,
/media/vsi-dev/Lacie_2/mndot_workzone_project/Tesla/campaign_8348ccbe-b6ca-4be8-82ff-b4eba2616879-Tesla_-_Princeton_169_new/campaign/processed_json/segments/9b1c0b60-a317-4614-b1d3-ac66ae257922/part_3/012089.json,,,0.995012479192682,86.51,65.7894736842105,84.2105263157895,11.1080332409972,87.590027700831,69.3,0.957319761795994,0.941309287746919,
/media/vsi-dev/Lacie_2/mndot_workzone_project/Tesla/campaign_8348ccbe-b6ca-4be8-82ff-b4eba2616879-Tesla_-_Princeton_169_new/campaign/processed_json/segments/9b1c0b60-a317-4614-b1d3-ac66ae257922/part_3/012090.json,,,0.993409314468916,86.02,64.4736842105263,84.2105263157895,6.7590027700831,87.4515235457064,68.23,0.958112621236033,0.94073518920507,
/media/vsi-dev/Lacie_2/mndot_workzone_project/Tesla/campaign_8348ccbe-b6ca-4be8-82ff-b4eba2616879-Tesla_-_Princeton_169_new/campaign/processed_json/segments/9b1c0b60-a317-4614-b1d3-ac66ae257922/part_3/012091.json,,,0.997191451372845,91.2,76.9736842105263,84.8684210526316,71.3573407202216,85.6509695290859,81.47,0.939893628620846,0.932539384643193,
/media/vsi-dev/Lacie_2/mndot_workzone_project/Tesla/campaign_8348ccbe-b6ca-4be8-82ff-b4eba2616879-Tesla_-_Princeton_169_new/campaign/processed_json/segments/9b1c0b60-a317-4614-b1d3-ac66ae257922/part_3/012092.json,,,0.997191451372845,91.18,76.6447368421053,85.5263157894737,70.7756232686981,84.792243767313,81.36,0.939561022567761,0.935603139036432,
/media/vsi-dev/Lacie_2/mndot_workzone_project/Tesla/campaign_8348ccbe-b6ca-4be8-82ff-b4eba2616879-Tesla_-_Princeton_169_new/campaign/processed_json/segments/9b1c0b60-a317-4614-b1d3-ac66ae257922/part_3/012093.json,,,0.995012479192682,85.66,63.1578947368421,84.2105263157895,4.54293628808864,85.4016620498615,67.19,0.95745764756425,0.940828701323423,
/media/vsi-dev/Lacie_2/mndot_workzone_project/Tesla/campaign_8348ccbe-b6ca-4be8-82ff-b4eba2616879-Tesla_-_Princeton_169_new/campaign/processed_json/segments/9b1c0b60-a317-4614-b1d3-ac66ae257922/part_3/012094.json,,,0.996394017227934,85.96,64.8026315789474,84.2105263157895,6.7590027700831,84.7368421052632,67.9,0.95757873210275,0.937328859385198,
/media/vsi-dev/Lacie_2/mndot_workzone_project/Tesla/campaign_8348ccbe-b6ca-4be8-82ff-b4eba2616879-Tesla_-_Princeton_169_new/campaign/processed_json/segments/9b1c0b60-a317-4614-b1d3-ac66ae257922/part_3/012095.json,,,0.995012479192682,87.01,72.0394736842105,84.8684210526316,10.5263157894737,84.8476454293629,70.82,0.957718947981838,0.930180372973326,
/media/vsi-dev/Lacie_2/mndot_workzone_project/Tesla/campaign_8348ccbe-b6ca-4be8-82ff-b4eba2616879-Tesla_-_Princeton_169_new/campaign/processed_json/segments/9b1c0b60-a317-4614-b1d3-ac66ae257922/part_3/012096.json,,,0.995497666030972,86.75,71.3815789473684,84.8684210526316,11.0803324099723,82.7146814404432,70.34,0.958264311507585,0.920913524129248,
/media/vsi-dev/Lacie_2/mndot_workzone_project/Tesla/campaign_8348ccbe-b6ca-4be8-82ff-b4eba2616879-Tesla_-_Princeton_169_new/campaign/processed_json/segments/9b1c0b60-a317-4614-b1d3-ac66ae257922/part_3/012097.json,,,0.997889729757728,85.59,64.1447368421053,84.8684210526316,0.027700831024931,84.8753462603878,66.9,0.96044185601824,0.93073084901424,
/media/vsi-dev/Lacie_2/mndot_workzone_project/Tesla/campaign_8348ccbe-b6ca-4be8-82ff-b4eba2616879-Tesla_-_Princeton_169_new/campaign/processed_json/segments/9b1c0b60-a317-4614-b1d3-ac66ae257922/part_3/012098.json,,,0.998201619028437,87.42,73.3552631578947,85.5263157894737,13.185595567867,84.8476454293629,71.76,0.958227381474806,0.92057026656684,
/media/vsi-dev/Lacie_2/mndot_workzone_project/Tesla/campaign_8348ccbe-b6ca-4be8-82ff-b4eba2616879-Tesla_-_Princeton_169_new/campaign/processed_json/segments/9b1c0b60-a317-4614-b1d3-ac66ae257922/part_3/012099.json,,,0.999200319914684,86.32,67.1052631578947,84.8684210526316,5.59556786703601,86.0941828254848,68.77,0.960577732948905,0.924186157475387,
/media/vsi-dev/Lacie_2/mndot_workzone_project/Tesla/campaign_8348ccbe-b6ca-4be8-82ff-b4eba2616879-Tesla_-_Princeton_169_new/campaign/processed_json/segments/9b1c0b60-a317-4614-b1d3-ac66ae257922/part_3/012100.json,,,0.999387687539834,87.25,70.0657894736842,85.5263157894737,13.9335180055402,86.5096952908587,71.15,0.958608224476793,0.92251029863714,
/media/vsi-dev/Lacie_2/mndot_workzone_project/Tesla/campaign_8348ccbe-b6ca-4be8-82ff-b4eba2616879-Tesla_-_Princeton_169_new/campaign/processed_json/segments/9b1c0b60-a317-4614-b1d3-ac66ae257922/part_3/012101.json,,,0.999800019998667,91.63,81.25,85.5263157894737,72.2160664819945,84.6814404432133,82.82,0.940841452698453,0.910113948423599,
/media/vsi-dev/Lacie_2/mndot_workzone_project/Tesla/campaign_8348ccbe-b6ca-4be8-82ff-b4eba2616879-Tesla_-_Princeton_169_new/campaign/processed_json/segments/9b1c0b60-a317-4614-b1d3-ac66ae257922/part_3/012102.json,,,0.999887506327888,86.62,70.0657894736842,85.5263157894737,3.07479224376731,86.3711911357341,69.51,0.963292523333397,0.91892434605904,
/media/vsi-dev/Lacie_2/mndot_workzone_project/Tesla/campaign_8348ccbe-b6ca-4be8-82ff-b4eba2616879-Tesla_-_Princeton_169_new/campaign/processed_json/segments/9b1c0b60-a317-4614-b1d3-ac66ae257922/part_3/012103.json,,,0.999200319914684,82.22,72.3684210526316,85.5263157894737,11.8005540166205,0,58.55,0.960582410835814,0.92269714858582,
/media/vsi-dev/Lacie_2/mndot_workzone_project/Tesla/campaign_8348ccbe-b6ca-4be8-82ff-b4eba2616879-Tesla_-_Princeton_169_new/campaign/processed_json/segments/9b1c0b60-a317-4614-b1d3-ac66ae257922/part_3/012104.json,,,0.998488643251663,82.29,72.3684210526316,85.5263157894737,13.2409972299169,0,58.78,0.960795391911637,0.923370053681806,
/media/vsi-dev/Lacie_2/mndot_workzone_project/Tesla/campaign_8348ccbe-b6ca-4be8-82ff-b4eba2616879-Tesla_-_Princeton_169_new/campaign/processed_json/segments/9b1c0b60-a317-4614-b1d3-ac66ae257922/part_3/012105.json,,,0.994502665947899,91.99,80.9210526315789,86.1842105263158,75.2631578947369,89.7506925207756,84.16,0.940714933501359,0.913640476925752,
/media/vsi-dev/Lacie_2/mndot_workzone_project/Tesla/campaign_8348ccbe-b6ca-4be8-82ff-b4eba2616879-Tesla_-_Princeton_169_new/campaign/processed_json/segments/9b1c0b60-a317-4614-b1d3-ac66ae257922/part_3/012106.json,,,0.997191451372845,88.04,73.3552631578947,85.5263157894737,15.0969529085873,91.8836565096953,73.16,0.960296339483722,0.928627850830259,
/media/vsi-dev/Lacie_2/mndot_workzone_project/Tesla/campaign_8348ccbe-b6ca-4be8-82ff-b4eba2616879-Tesla_-_Princeton_169_new/campaign/processed_json/segments/9b1c0b60-a317-4614-b1d3-ac66ae257922/part_3/012107.json,,,0.993409314468916,92.39,80.9210526315789,85.8552631578947,75.9002770083102,94.3767313019391,84.92,0.940235091782966,0.927892500823413,
/media/vsi-dev/Lacie_2/mndot_workzone_project/Tesla/campaign_8348ccbe-b6ca-4be8-82ff-b4eba2616879-Tesla_-_Princeton_169_new/campaign/processed_json/segments/9b1c0b60-a317-4614-b1d3-ac66ae257922/part_3/012108.json,,,0.996805114543033,87.86,72.3684210526316,85.1973684210526,8.50415512465374,97.8393351800554,72.68,0.962437721516308,0.929074853082823,
/media/vsi-dev/Lacie_2/mndot_workzone_project/Tesla/campaign_8348ccbe-b6ca-4be8-82ff-b4eba2616879-Tesla_-_Princeton_169_new/campaign/processed_json/segments/9b1c0b60-a317-4614-b1d3-ac66ae257922/part_3/012109.json,,,0.997191451372845,88.17,72.3684210526316,84.8684210526316,13.3518005540166,100,73.6,0.960490268751226,0.923921629252501,
/media/vsi-dev/Lacie_2/mndot_workzone_project/Tesla/campaign_8348ccbe-b6ca-4be8-82ff-b4eba2616879-Tesla_-_Princeton_169_new/campaign/processed_json/segments/9b1c0b60-a317-4614-b1d3-ac66ae257922/part_3/012110.json,,,0.998488643251663,87.68,70.0657894736842,84.8684210526316,8.53185595567867,100,72.19,0.96175125843806,0.924909287181764,
/media/vsi-dev/Lacie_2/mndot_workzone_project/Tesla/campaign_8348ccbe-b6ca-4be8-82ff-b4eba2616879-Tesla_-_Princeton_169_new/campaign/processed_json/segments/9b1c0b60-a317-4614-b1d3-ac66ae257922/part_3/012111.json,,,0.998750780924581,88.19,71.0526315789474,84.8684210526316,14.9861495844875,100,73.45,0.959466846068806,0.926658075798401,
/media/vsi-dev/Lacie_2/mndot_workzone_project/Tesla/campaign_8348ccbe-b6ca-4be8-82ff-b4eba2616879-Tesla_-_Princeton_169_new/campaign/processed_json/segments/9b1c0b60-a317-4614-b1d3-ac66ae257922/part_3/012112.json,,,0.998488643251663,92.43,79.2763157894737,84.8684210526316,72.8531855955679,100,84.51,0.940801290666805,0.92746932093447,
/media/vsi-dev/Lacie_2/mndot_workzone_project/Tesla/campaign_8348ccbe-b6ca-4be8-82ff-b4eba2616879-Tesla_-_Princeton_169_new/campaign/processed_json/segments/9b1c0b60-a317-4614-b1d3-ac66ae257922/part_3/012113.json,,,0.999800019998667,88.38,71.7105263157895,84.2105263157895,17.2299168975069,100,73.8,0.958506604162952,0.928407143225561,
/media/vsi-dev/Lacie_2/mndot_workzone_project/Tesla/campaign_8348ccbe-b6ca-4be8-82ff-b4eba2616879-Tesla_-_Princeton_169_new/campaign/processed_json/segments/9b1c0b60-a317-4614-b1d3-ac66ae257922/part_3/012114.json,,,0.999950001249979,87.97,70.3947368421053,84.2105263157895,12.5207756232687,100,72.71,0.96010317368886,0.929003276825718,
/media/vsi-dev/Lacie_2/mndot_workzone_project/Tesla/campaign_8348ccbe-b6ca-4be8-82ff-b4eba2616879-Tesla_-_Princeton_169_new/campaign/processed_json/segments/9b1c0b60-a317-4614-b1d3-ac66ae257922/part_3/012115.json,,,0.999887506327888,87.82,69.4078947368421,83.8815789473684,13.98891966759,100,72.5,0.959186335854454,0.92288040622663,
/media/vsi-dev/Lacie_2/mndot_workzone_project/Tesla/campaign_8348ccbe-b6ca-4be8-82ff-b4eba2616879-Tesla_-_Princeton_169_new/campaign/processed_json/segments/9b1c0b60-a317-4614-b1d3-ac66ae257922/part_3/012116.json,,,0.999800019998667,87.73,69.4078947368421,83.8815789473684,12.1052631578947,100,72.23,0.9600920948248,0.924725609440089,
/media/vsi-dev/Lacie_2/mndot_workzone_project/Tesla/campaign_8348ccbe-b6ca-4be8-82ff-b4eba2616879-Tesla_-_Princeton_169_new/campaign/processed_json/segments/9b1c0b60-a317-4614-b1d3-ac66ae257922/part_3/012117.json,,,0.999887506327888,88.09,70.3947368421053,83.8815789473684,16.5650969529086,100,73.18,0.958905370564361,0.923012323668389,
/media/vsi-dev/Lacie_2/mndot_workzone_project/Tesla/campaign_8348ccbe-b6ca-4be8-82ff-b4eba2616879-Tesla_-_Princeton_169_new/campaign/processed_json/segments/9b1c0b60-a317-4614-b1d3-ac66ae257922/part_3/012118.json,,,1,93.69,80.9210526315789,83.8815789473684,100,100,88.57,0.907565095401713,0.918634720341939,
/media/vsi-dev/Lacie_2/mndot_workzone_project/Tesla/campaign_8348ccbe-b6ca-4be8-82ff-b4eba2616879-Tesla_-_Princeton_169_new/campaign/processed_json/segments/9b1c0b60-a317-4614-b1d3-ac66ae257922/part_3/012119.json,,,0.999200319914684,87.43,69.7368421052632,83.8815789473684,7.17451523545706,100,71.58,0.961675678917918,0.92172301051304,
/media/vsi-dev/Lacie_2/mndot_workzone_project/Tesla/campaign_8348ccbe-b6ca-4be8-82ff-b4eba2616879-Tesla_-_Princeton_169_new/campaign/processed_json/segments/9b1c0b60-a317-4614-b1d3-ac66ae257922/part_3/012120.json,,,0.999200319914684,87.88,70.3947368421053,83.8815789473684,14.3213296398892,100,72.82,0.959053684808248,0.919517653259597,
/media/vsi-dev/Lacie_2/mndot_workzone_project/Tesla/campaign_8348ccbe-b6ca-4be8-82ff-b4eba2616879-Tesla_-_Princeton_169_new/campaign/processed_json/segments/9b1c0b60-a317-4614-b1d3-ac66ae257922/part_3/012121.json,,,0.999800019998667,87.63,67.1052631578947,82.8947368421053,18.0332409972299,100,72.1,0.956726721632052,0.922967201277032,
/media/vsi-dev/Lacie_2/mndot_workzone_project/Tesla/campaign_8348ccbe-b6ca-4be8-82ff-b4eba2616879-Tesla_-_Princeton_169_new/campaign/processed_json/segments/9b1c0b60-a317-4614-b1d3-ac66ae257922/part_3/012122.json,,,0.999950001249979,92.32,78.2894736842105,82.8947368421053,77.4515235457064,100,84.28,0.93891184947812,0.922353206571126,
/media/vsi-dev/Lacie_2/mndot_workzone_project/Tesla/campaign_8348ccbe-b6ca-4be8-82ff-b4eba2616879-Tesla_-_Princeton_169_new/campaign/processed_json/segments/9b1c0b60-a317-4614-b1d3-ac66ae257922/part_3/012123.json,,,0.995012479192682,82.95,65.1315789473684,82.2368421052632,16.786703601108,27.5069252077562,60.36,0.955908659274983,0.944538078438278,
/media/vsi-dev/Lacie_2/mndot_workzone_project/Tesla/campaign_8348ccbe-b6ca-4be8-82ff-b4eba2616879-Tesla_-_Princeton_169_new/campaign/processed_json/segments/9b1c0b60-a317-4614-b1d3-ac66ae257922/part_3/012124.json,,,0.996394017227934,86.61,65.1315789473684,82.5657894736842,17.1468144044321,91.3850415512465,69.97,0.955491829125598,0.921416416579184,
/media/vsi-dev/Lacie_2/mndot_workzone_project/Tesla/campaign_8348ccbe-b6ca-4be8-82ff-b4eba2616879-Tesla_-_Princeton_169_new/campaign/processed_json/segments/9b1c0b60-a317-4614-b1d3-ac66ae257922/part_3/012125.json,,,0.993409314468916,85.94,63.8157894736842,82.2368421052632,10.387811634349,91.0803324099723,68.45,0.957499965498634,0.924615005273471,
/media/vsi-dev/Lacie_2/mndot_workzone_project/Tesla/campaign_8348ccbe-b6ca-4be8-82ff-b4eba2616879-Tesla_-_Princeton_169_new/campaign/processed_json/segments/9b1c0b60-a317-4614-b1d3-ac66ae257922/part_3/012126.json,,,0.995497666030972,86.28,64.8026315789474,82.2368421052632,13.213296398892,90.9695290858726,69.14,0.956595951687014,0.924139684978677,
/media/vsi-dev/Lacie_2/mndot_workzone_project/Tesla/campaign_8348ccbe-b6ca-4be8-82ff-b4eba2616879-Tesla_-_Princeton_169_new/campaign/processed_json/segments/9b1c0b60-a317-4614-b1d3-ac66ae257922/part_3/012127.json,,,0.98728157159029,82.25,64.1447368421053,82.2368421052632,10.5263157894737,31.1357340720222,59.62,0.95750080737722,0.934045961968327,
/media/vsi-dev/Lacie_2/mndot_workzone_project/Tesla/campaign_8348ccbe-b6ca-4be8-82ff-b4eba2616879-Tesla_-_Princeton_169_new/campaign/processed_json/segments/9b1c0b60-a317-4614-b1d3-ac66ae257922/part_3/012128.json,,,0.988059362042712,87.09,71.3815789473684,82.2368421052632,26.5650969529086,85.595567867036,72.25,0.954256043487101,0.912946726199492,
/media/vsi-dev/Lacie_2/mndot_workzone_project/Tesla/campaign_8348ccbe-b6ca-4be8-82ff-b4eba2616879-Tesla_-_Princeton_169_new/campaign/processed_json/segments/9b1c0b60-a317-4614-b1d3-ac66ae257922/part_3/012129.json,,,0.985653900195345,86.31,70.7236842105263,82.2368421052632,14.7091412742382,86.6759002770083,70.45,0.957592071069879,0.912831845966989,
/media/vsi-dev/Lacie_2/mndot_workzone_project/Tesla/campaign_8348ccbe-b6ca-4be8-82ff-b4eba2616879-Tesla_-_Princeton_169_new/campaign/processed_json/segments/9b1c0b60-a317-4614-b1d3-ac66ae257922/part_3/012130.json,,,0.990928893001464,91.07,78.9473684210526,82.2368421052632,78.393351800554,85.595567867036,82.23,0.93866778174747,0.915916603361418,
/media/vsi-dev/Lacie_2/mndot_workzone_project/Tesla/campaign_8348ccbe-b6ca-4be8-82ff-b4eba2616879-Tesla_-_Princeton_169_new/campaign/processed_json/segments/9b1c0b60-a317-4614-b1d3-ac66ae257922/part_3/012131.json,,,0.98728157159029,85.67,65.7894736842105,82.2368421052632,12.1606648199446,86.398891966759,68.57,0.958325125811404,0.916440887537661,
/media/vsi-dev/Lacie_2/mndot_workzone_project/Tesla/campaign_8348ccbe-b6ca-4be8-82ff-b4eba2616879-Tesla_-_Princeton_169_new/campaign/processed_json/segments/9b1c0b60-a317-4614-b1d3-ac66ae257922/part_3/012132.json,,,0.98728157159029,85.74,66.7763157894737,82.5657894736842,13.3240997229917,83.6565096952909,68.73,0.958293045939522,0.917849291730826,
/media/vsi-dev/Lacie_2/mndot_workzone_project/Tesla/campaign_8348ccbe-b6ca-4be8-82ff-b4eba2616879-Tesla_-_Princeton_169_new/campaign/processed_json/segments/9b1c0b60-a317-4614-b1d3-ac66ae257922/part_3/012133.json,,,0.990247863518234,85.72,67.1052631578947,82.8947368421053,8.39335180055402,84.5706371191136,68.33,0.960865197464583,0.916935361777094,
/media/vsi-dev/Lacie_2/mndot_workzone_project/Tesla/campaign_8348ccbe-b6ca-4be8-82ff-b4eba2616879-Tesla_-_Princeton_169_new/campaign/processed_json/segments/9b1c0b60-a317-4614-b1d3-ac66ae257922/part_3/012134.json,,,0.992825857903813,85.87,68.75,82.8947368421053,6.09418282548477,83.6288088642659,68.36,0.96251916979164,0.918432643220436,
/media/vsi-dev/Lacie_2/mndot_workzone_project/Tesla/campaign_8348ccbe-b6ca-4be8-82ff-b4eba2616879-Tesla_-_Princeton_169_new/campaign/processed_json/segments/9b1c0b60-a317-4614-b1d3-ac66ae257922/part_3/012135.json,,,0.995012479192682,86.8,70.0657894736842,82.8947368421053,18.5872576177285,83.5734072022161,70.59,0.958833139652021,0.917651139128158,
/media/vsi-dev/Lacie_2/mndot_workzone_project/Tesla/campaign_8348ccbe-b6ca-4be8-82ff-b4eba2616879-Tesla_-_Princeton_169_new/campaign/processed_json/segments/9b1c0b60-a317-4614-b1d3-ac66ae257922/part_3/012136.json,,,0.996805114543033,87.2,71.0526315789474,82.8947368421053,21.7174515235457,83.4349030470914,71.35,0.95771961043152,0.920989877167966,
/media/vsi-dev/Lacie_2/mndot_workzone_project/Tesla/campaign_8348ccbe-b6ca-4be8-82ff-b4eba2616879-Tesla_-_Princeton_169_new/campaign/processed_json/segments/9b1c0b60-a317-4614-b1d3-ac66ae257922/part_3/012137.json,,,0.998488643251663,85.75,63.1578947368421,82.8947368421053,9.41828254847646,85.8725761772853,67.51,0.959091697625573,0.921223160818677,
/media/vsi-dev/Lacie_2/mndot_workzone_project/Tesla/campaign_8348ccbe-b6ca-4be8-82ff-b4eba2616879-Tesla_-_Princeton_169_new/campaign/processed_json/segments/9b1c0b60-a317-4614-b1d3-ac66ae257922/part_3/012138.json,,,0.999387687539834,86.24,66.1184210526316,83.8815789473684,12.9085872576177,82.3268698060942,68.68,0.959666833397631,0.919876077152869,
/media/vsi-dev/Lacie_2/mndot_workzone_project/Tesla/campaign_8348ccbe-b6ca-4be8-82ff-b4eba2616879-Tesla_-_Princeton_169_new/campaign/processed_json/segments/9b1c0b60-a317-4614-b1d3-ac66ae257922/part_3/012139.json,,,0.999387687539834,86.25,65.4605263157895,83.8815789473684,13.2409972299169,83.5180055401662,68.71,0.959260363149267,0.920235778679906,
/media/vsi-dev/Lacie_2/mndot_workzone_project/Tesla/campaign_8348ccbe-b6ca-4be8-82ff-b4eba2616879-Tesla_-_Princeton_169_new/campaign/processed_json/segments/9b1c0b60-a317-4614-b1d3-ac66ae257922/part_3/012140.json,,,0.999387687539834,86.63,67.1052631578947,83.5526315789474,15.4570637119114,84.6537396121884,69.62,0.958668150237759,0.922377033821361,
/media/vsi-dev/Lacie_2/mndot_workzone_project/Tesla/campaign_8348ccbe-b6ca-4be8-82ff-b4eba2616879-Tesla_-_Princeton_169_new/campaign/processed_json/segments/9b1c0b60-a317-4614-b1d3-ac66ae257922/part_3/012141.json,,,0.999887506327888,86.56,67.1052631578947,83.8815789473684,13.3240997229917,84.9030470914127,69.43,0.959597005190472,0.91995657751059,
/media/vsi-dev/Lacie_2/mndot_workzone_project/Tesla/campaign_8348ccbe-b6ca-4be8-82ff-b4eba2616879-Tesla_-_Princeton_169_new/campaign/processed_json/segments/9b1c0b60-a317-4614-b1d3-ac66ae257922/part_3/012142.json,,,0.999887506327888,86.33,67.1052631578947,83.8815789473684,7.78393351800554,86.01108033241,68.78,0.961552823521989,0.920553316200383,
/media/vsi-dev/Lacie_2/mndot_workzone_project/Tesla/campaign_8348ccbe-b6ca-4be8-82ff-b4eba2616879-Tesla_-_Princeton_169_new/campaign/processed_json/segments/9b1c0b60-a317-4614-b1d3-ac66ae257922/part_3/012143.json,,,0.999887506327888,87.84,74.0131578947369,83.8815789473684,21.8559556786704,83.5457063711911,72.58,0.958287295932377,0.922924054655701,
/media/vsi-dev/Lacie_2/mndot_workzone_project/Tesla/campaign_8348ccbe-b6ca-4be8-82ff-b4eba2616879-Tesla_-_Princeton_169_new/campaign/processed_json/segments/9b1c0b60-a317-4614-b1d3-ac66ae257922/part_3/012144.json,,,0.999800019998667,87.56,73.0263157894737,83.8815789473684,18.3102493074792,84.1828254847646,71.86,0.959660802981105,0.92249293328127,
/media/vsi-dev/Lacie_2/mndot_workzone_project/Tesla/campaign_8348ccbe-b6ca-4be8-82ff-b4eba2616879-Tesla_-_Princeton_169_new/campaign/processed_json/segments/9b1c0b60-a317-4614-b1d3-ac66ae257922/part_3/012145.json,,,0.999950001249979,91.75,80.9210526315789,82.8947368421053,78.0609418282549,83.5457063711911,82.72,0.943155468217032,0.92373807102042,
/media/vsi-dev/Lacie_2/mndot_workzone_project/Tesla/campaign_8348ccbe-b6ca-4be8-82ff-b4eba2616879-Tesla_-_Princeton_169_new/campaign/processed_json/segments/9b1c0b60-a317-4614-b1d3-ac66ae257922/part_3/012146.json,,,0.999800019998667,87.37,74.0131578947369,83.5526315789474,13.4903047091413,83.9612188365651,71.31,0.961922619775132,0.923337464598355,
/media/vsi-dev/Lacie_2/mndot_workzone_project/Tesla/campaign_8348ccbe-b6ca-4be8-82ff-b4eba2616879-Tesla_-_Princeton_169_new/campaign/processed_json/segments/9b1c0b60-a317-4614-b1d3-ac66ae257922/part_3/012147.json,,,0.999887506327888,91.82,81.5789473684211,82.8947368421053,77.6731301939058,83.6565096952909,82.88,0.942751979033814,0.92445276405132,
/media/vsi-dev/Lacie_2/mndot_workzone_project/Tesla/campaign_8348ccbe-b6ca-4be8-82ff-b4eba2616879-Tesla_-_Princeton_169_new/campaign/processed_json/segments/9b1c0b60-a317-4614-b1d3-ac66ae257922/part_3/012148.json,,,0.999200319914684,88.03,75.6578947368421,82.8947368421053,23.4072022160665,83.8504155124654,73.07,0.959001918914774,0.924338085509093,
/media/vsi-dev/Lacie_2/mndot_workzone_project/Tesla/campaign_8348ccbe-b6ca-4be8-82ff-b4eba2616879-Tesla_-_Princeton_169_new/campaign/processed_json/segments/9b1c0b60-a317-4614-b1d3-ac66ae257922/part_3/012149.json,,,0.998988012405174,87.51,75.6578947368421,82.2368421052632,17.9224376731302,81.7174515235457,71.74,0.960423152411403,0.924823923274512,
/media/vsi-dev/Lacie_2/mndot_workzone_project/Tesla/campaign_8348ccbe-b6ca-4be8-82ff-b4eba2616879-Tesla_-_Princeton_169_new/campaign/processed_json/segments/9b1c0b60-a317-4614-b1d3-ac66ae257922/part_3/012150.json,,,0.998488643251663,87.76,76.6447368421053,82.8947368421053,19.1412742382271,84.0443213296399,72.71,0.959734672549403,0.914357333577068,
/media/vsi-dev/Lacie_2/mndot_workzone_project/Tesla/campaign_8348ccbe-b6ca-4be8-82ff-b4eba2616879-Tesla_-_Princeton_169_new/campaign/processed_json/segments/9b1c0b60-a317-4614-b1d3-ac66ae257922/part_3/012151.json,,,0.998201619028437,87.93,76.3157894736842,82.8947368421053,21.3019390581717,84.1828254847646,72.99,0.958574782877371,0.922218677240851,
/media/vsi-dev/Lacie_2/mndot_workzone_project/Tesla/campaign_8348ccbe-b6ca-4be8-82ff-b4eba2616879-Tesla_-_Princeton_169_new/campaign/processed_json/segments/9b1c0b60-a317-4614-b1d3-ac66ae257922/part_3/012152.json,,,0.998488643251663,87.58,72.3684210526316,82.2368421052632,23.8504155124654,85.1246537396122,72.12,0.959088440776213,0.919994929063363,
/media/vsi-dev/Lacie_2/mndot_workzone_project/Tesla/campaign_8348ccbe-b6ca-4be8-82ff-b4eba2616879-Tesla_-_Princeton_169_new/campaign/processed_json/segments/9b1c0b60-a317-4614-b1d3-ac66ae257922/part_3/012153.json,,,0.998488643251663,86.57,69.4078947368421,82.2368421052632,12.6869806094183,84.4321329639889,69.48,0.961741169594803,0.922362579528715,
/media/vsi-dev/Lacie_2/mndot_workzone_project/Tesla/campaign_8348ccbe-b6ca-4be8-82ff-b4eba2616879-Tesla_-_Princeton_169_new/campaign/processed_json/segments/9b1c0b60-a317-4614-b1d3-ac66ae257922/part_3/012154.json,,,0.998201619028437,87.61,76.3157894736842,82.8947368421053,17.5346260387812,82.1329639889197,72.13,0.960700348190449,0.921895629796672,
/media/vsi-dev/Lacie_2/mndot_workzone_project/Tesla/campaign_8348ccbe-b6ca-4be8-82ff-b4eba2616879-Tesla_-_Princeton_169_new/campaign/processed_json/segments/9b1c0b60-a317-4614-b1d3-ac66ae257922/part_3/012155.json,,,0.998988012405174,86.62,68.0921052631579,81.5789473684211,13.7119113573407,86.2603878116344,69.36,0.960788772312651,0.931246562623543,
/media/vsi-dev/Lacie_2/mndot_workzone_project/Tesla/campaign_8348ccbe-b6ca-4be8-82ff-b4eba2616879-Tesla_-_Princeton_169_new/campaign/processed_json/segments/9b1c0b60-a317-4614-b1d3-ac66ae257922/part_3/012156.json,,,0.999387687539834,87.36,75,82.2368421052632,11.7451523545706,84.9584487534626,71.14,0.962680315540913,0.929879885706026,
/media/vsi-dev/Lacie_2/mndot_workzone_project/Tesla/campaign_8348ccbe-b6ca-4be8-82ff-b4eba2616879-Tesla_-_Princeton_169_new/campaign/processed_json/segments/9b1c0b60-a317-4614-b1d3-ac66ae257922/part_3/012157.json,,,0.999687548823039,87.84,75,81.5789473684211,19.5290858725762,87.2853185595568,72.43,0.959638185018346,0.928162597222855,
/media/vsi-dev/Lacie_2/mndot_workzone_project/Tesla/campaign_8348ccbe-b6ca-4be8-82ff-b4eba2616879-Tesla_-_Princeton_169_new/campaign/processed_json/segments/9b1c0b60-a317-4614-b1d3-ac66ae257922/part_3/012158.json,,,0.999687548823039,87.41,74.0131578947369,81.5789473684211,14.0997229916898,87.2576177285319,71.33,0.961508233776357,0.927426157417612,
/media/vsi-dev/Lacie_2/mndot_workzone_project/Tesla/campaign_8348ccbe-b6ca-4be8-82ff-b4eba2616879-Tesla_-_Princeton_169_new/campaign/processed_json/segments/9b1c0b60-a317-4614-b1d3-ac66ae257922/part_3/012159.json,,,0.999200319914684,87.41,73.6842105263158,81.5789473684211,14.404432132964,88.1994459833795,71.41,0.960982106255346,0.926685703827648,
/media/vsi-dev/Lacie_2/mndot_workzone_project/Tesla/campaign_8348ccbe-b6ca-4be8-82ff-b4eba2616879-Tesla_-_Princeton_169_new/campaign/processed_json/segments/9b1c0b60-a317-4614-b1d3-ac66ae257922/part_3/012160.json,,,0.999687548823039,87.92,74.671052631579,81.5789473684211,21.4404432132964,86.6204986149585,72.54,0.958833401369596,0.932591767108649,
/media/vsi-dev/Lacie_2/mndot_workzone_project/Tesla/campaign_8348ccbe-b6ca-4be8-82ff-b4eba2616879-Tesla_-_Princeton_169_new/campaign/processed_json/segments/9b1c0b60-a317-4614-b1d3-ac66ae257922/part_3/012161.json,,,0.999200319914684,86.92,72.6973684210526,81.5789473684211,7.95013850415512,87.9501385041551,70.12,0.962442302696319,0.927779619915859,
/media/vsi-dev/Lacie_2/mndot_workzone_project/Tesla/campaign_8348ccbe-b6ca-4be8-82ff-b4eba2616879-Tesla_-_Princeton_169_new/campaign/processed_json/segments/9b1c0b60-a317-4614-b1d3-ac66ae257922/part_3/012162.json,,,0.999387687539834,88.04,74.3421052631579,82.2368421052632,24.4875346260388,86.7313019390582,73.07,0.958077583712036,0.925235281791497,
/media/vsi-dev/Lacie_2/mndot_workzone_project/Tesla/campaign_8348ccbe-b6ca-4be8-82ff-b4eba2616879-Tesla_-_Princeton_169_new/campaign/processed_json/segments/9b1c0b60-a317-4614-b1d3-ac66ae257922/part_3/012163.json,,,0.999200319914684,91.4,81.9078947368421,81.5789473684211,70.1939058171745,85.7063711911357,81.79,0.942427349214217,0.928903249961364,
/media/vsi-dev/Lacie_2/mndot_workzone_project/Tesla/campaign_8348ccbe-b6ca-4be8-82ff-b4eba2616879-Tesla_-_Princeton_169_new/campaign/processed_json/segments/9b1c0b60-a317-4614-b1d3-ac66ae257922/part_3/012164.json,,,0.998488643251663,91.75,81.9078947368421,82.2368421052632,74.1828254847646,87.0360110803324,82.78,0.942583316559402,0.927516209091043,
/media/vsi-dev/Lacie_2/mndot_workzone_project/Tesla/campaign_8348ccbe-b6ca-4be8-82ff-b4eba2616879-Tesla_-_Princeton_169_new/campaign/processed_json/segments/9b1c0b60-a317-4614-b1d3-ac66ae257922/part_3/012165.json,,,0.997191451372845,91.26,79.9342105263158,80.5921052631579,73.4072022160665,87.4238227146815,81.64,0.943092961014173,0.928437545096602,
/media/vsi-dev/Lacie_2/mndot_workzone_project/Tesla/campaign_8348ccbe-b6ca-4be8-82ff-b4eba2616879-Tesla_-_Princeton_169_new/campaign/processed_json/segments/9b1c0b60-a317-4614-b1d3-ac66ae257922/part_3/012166.json,,,0.993409314468916,87.48,74.671052631579,80.9210526315789,21.0803324099723,86.7036011080332,72.26,0.958971505385678,0.924565767901084,
/media/vsi-dev/Lacie_2/mndot_workzone_project/Tesla/campaign_8348ccbe-b6ca-4be8-82ff-b4eba2616879-Tesla_-_Princeton_169_new/campaign/processed_json/segments/9b1c0b60-a317-4614-b1d3-ac66ae257922/part_3/012167.json,,,0.993409314468916,87.11,74.3421052631579,82.8947368421053,12.2991689750693,87.1191135734072,71.48,0.962146126027456,0.916265078215498,
/media/vsi-dev/Lacie_2/mndot_workzone_project/Tesla/campaign_8348ccbe-b6ca-4be8-82ff-b4eba2616879-Tesla_-_Princeton_169_new/campaign/processed_json/segments/9b1c0b60-a317-4614-b1d3-ac66ae257922/part_3/012168.json,,,0.99158560090355,86.36,73.6842105263158,82.8947368421053,2.1606648199446,86.786703601108,69.72,0.965376997207699,0.915500521619087,
/media/vsi-dev/Lacie_2/mndot_workzone_project/Tesla/campaign_8348ccbe-b6ca-4be8-82ff-b4eba2616879-Tesla_-_Princeton_169_new/campaign/processed_json/segments/9b1c0b60-a317-4614-b1d3-ac66ae257922/part_3/012169.json,,,0.993409314468916,86.57,76.6447368421053,82.2368421052632,0,87.3130193905817,70.15,0.963174321818579,0.914202948263372,
/media/vsi-dev/Lacie_2/mndot_workzone_project/Tesla/campaign_8348ccbe-b6ca-4be8-82ff-b4eba2616879-Tesla_-_Princeton_169_new/campaign/processed_json/segments/9b1c0b60-a317-4614-b1d3-ac66ae257922/part_3/012170.json,,,0.995497666030972,86.94,74.0131578947369,81.25,7.34072022160665,90.387811634349,70.66,0.964353110986484,0.920982532401299,
/media/vsi-dev/Lacie_2/mndot_workzone_project/Tesla/campaign_8348ccbe-b6ca-4be8-82ff-b4eba2616879-Tesla_-_Princeton_169_new/campaign/processed_json/segments/9b1c0b60-a317-4614-b1d3-ac66ae257922/part_3/012171.json,,,0.995497666030972,87.45,74.0131578947369,82.2368421052632,15.8171745152355,89.3074792243767,72.05,0.961378369890661,0.920050753089683,
/media/vsi-dev/Lacie_2/mndot_workzone_project/Tesla/campaign_8348ccbe-b6ca-4be8-82ff-b4eba2616879-Tesla_-_Princeton_169_new/campaign/processed_json/segments/9b1c0b60-a317-4614-b1d3-ac66ae257922/part_3/012172.json,,,0.996805114543033,87.29,74.0131578947369,82.2368421052632,12.2160664819945,89.7506925207756,71.57,0.962813589388731,0.916385880427931,
/media/vsi-dev/Lacie_2/mndot_workzone_project/Tesla/campaign_8348ccbe-b6ca-4be8-82ff-b4eba2616879-Tesla_-_Princeton_169_new/campaign/processed_json/segments/9b1c0b60-a317-4614-b1d3-ac66ae257922/part_3/012173.json,,,0.997889729757728,87.57,74.671052631579,81.9078947368421,13.1024930747922,89.8891966759003,71.88,0.962114019563745,0.92845179877509,
/media/vsi-dev/Lacie_2/mndot_workzone_project/Tesla/campaign_8348ccbe-b6ca-4be8-82ff-b4eba2616879-Tesla_-_Princeton_169_new/campaign/processed_json/segments/9b1c0b60-a317-4614-b1d3-ac66ae257922/part_3/012174.json,,,0.998988012405174,87.91,74.671052631579,82.2368421052632,15.5124653739612,92.2991689750693,72.68,0.960737402331649,0.926681293647367,
/media/vsi-dev/Lacie_2/mndot_workzone_project/Tesla/campaign_8348ccbe-b6ca-4be8-82ff-b4eba2616879-Tesla_-_Princeton_169_new/campaign/processed_json/segments/9b1c0b60-a317-4614-b1d3-ac66ae257922/part_3/012175.json,,,0.999800019998667,92.03,81.5789473684211,82.5657894736842,73.8504155124654,91.7728531855956,83.42,0.940199524808643,0.92729815897738,
/media/vsi-dev/Lacie_2/mndot_workzone_project/Tesla/campaign_8348ccbe-b6ca-4be8-82ff-b4eba2616879-Tesla_-_Princeton_169_new/campaign/processed_json/segments/9b1c0b60-a317-4614-b1d3-ac66ae257922/part_3/012176.json,,,0.998988012405174,87.65,74.671052631579,79.6052631578947,13.7673130193906,94.2936288088643,71.95,0.961205895704846,0.930155408489654,
/media/vsi-dev/Lacie_2/mndot_workzone_project/Tesla/campaign_8348ccbe-b6ca-4be8-82ff-b4eba2616879-Tesla_-_Princeton_169_new/campaign/processed_json/segments/9b1c0b60-a317-4614-b1d3-ac66ae257922/part_3/012177.json,,,0.999387687539834,82.08,75,78.9473684210526,17.7839335180055,0,58.25,0.959181311186896,0.920918119826007,
/media/vsi-dev/Lacie_2/mndot_workzone_project/Tesla/campaign_8348ccbe-b6ca-4be8-82ff-b4eba2616879-Tesla_-_Princeton_169_new/campaign/processed_json/segments/9b1c0b60-a317-4614-b1d3-ac66ae257922/part_3/012178.json,,,0.998988012405174,85.38,72.3684210526316,81.5789473684211,29.1135734072022,39.9722991689751,66.05,0.957222498394347,0.942655664825036,
/media/vsi-dev/Lacie_2/mndot_workzone_project/Tesla/campaign_8348ccbe-b6ca-4be8-82ff-b4eba2616879-Tesla_-_Princeton_169_new/campaign/processed_json/segments/9b1c0b60-a317-4614-b1d3-ac66ae257922/part_3/012179.json,,,0.999887506327888,87.47,71.3815789473684,78.9473684210526,15.6509695290859,98.6980609418283,71.66,0.961599773586798,0.919561231964114,
/media/vsi-dev/Lacie_2/mndot_workzone_project/Tesla/campaign_8348ccbe-b6ca-4be8-82ff-b4eba2616879-Tesla_-_Princeton_169_new/campaign/processed_json/segments/9b1c0b60-a317-4614-b1d3-ac66ae257922/part_3/012180.json,,,0.998988012405174,84.46,71.3815789473684,82.8947368421053,17.7562326869806,36.0941828254848,63.84,0.960886779076771,0.935434113844352,
/media/vsi-dev/Lacie_2/mndot_workzone_project/Tesla/campaign_8348ccbe-b6ca-4be8-82ff-b4eba2616879-Tesla_-_Princeton_169_new/campaign/processed_json/segments/9b1c0b60-a317-4614-b1d3-ac66ae257922/part_3/012181.json,,,0.999887506327888,87.8,71.3815789473684,78.6184210526316,19.5567867036011,100,72.36,0.960042685163213,0.925745493308514,
/media/vsi-dev/Lacie_2/mndot_workzone_project/Tesla/campaign_8348ccbe-b6ca-4be8-82ff-b4eba2616879-Tesla_-_Princeton_169_new/campaign/processed_json/segments/9b1c0b60-a317-4614-b1d3-ac66ae257922/part_3/012182.json,,,1,87.63,70.3947368421053,77.6315789473684,20.7202216066482,100,71.94,0.959479075113769,0.925945972071552,
/media/vsi-dev/Lacie_2/mndot_workzone_project/Tesla/campaign_8348ccbe-b6ca-4be8-82ff-b4eba2616879-Tesla_-_Princeton_169_new/campaign/processed_json/segments/9b1c0b60-a317-4614-b1d3-ac66ae257922/part_3/012183.json,,,0.999800019998667,87.56,70.0657894736842,77.9605263157895,19.5013850415513,100,71.76,0.959455017760459,0.926710765023308,
/media/vsi-dev/Lacie_2/mndot_workzone_project/Tesla/campaign_8348ccbe-b6ca-4be8-82ff-b4eba2616879-Tesla_-_Princeton_169_new/campaign/processed_json/segments/9b1c0b60-a317-4614-b1d3-ac66ae257922/part_3/012184.json,,,0.999800019998667,88.24,70.0657894736842,83.8815789473684,21.0249307479224,100,73.72,0.958649253889154,0.917200520512295,
/media/vsi-dev/Lacie_2/mndot_workzone_project/Tesla/campaign_8348ccbe-b6ca-4be8-82ff-b4eba2616879-Tesla_-_Princeton_169_new/campaign/processed_json/segments/9b1c0b60-a317-4614-b1d3-ac66ae257922/part_3/012185.json,,,0.999200319914684,87.82,71.3815789473684,83.8815789473684,11.3850415512465,100,72.68,0.959475652219015,0.918200074348845,
/media/vsi-dev/Lacie_2/mndot_workzone_project/Tesla/campaign_8348ccbe-b6ca-4be8-82ff-b4eba2616879-Tesla_-_Princeton_169_new/campaign/processed_json/segments/9b1c0b60-a317-4614-b1d3-ac66ae257922/part_3/012186.json,,,0.999800019998667,92.53,80.5921052631579,82.8947368421053,78.808864265928,100,85.11,0.937010916933674,0.912041466586802,
/media/vsi-dev/Lacie_2/mndot_workzone_project/Tesla/campaign_8348ccbe-b6ca-4be8-82ff-b4eba2616879-Tesla_-_Princeton_169_new/campaign/processed_json/segments/9b1c0b60-a317-4614-b1d3-ac66ae257922/part_3/012187.json,,,0.997191451372845,87.18,69.4078947368421,83.5526315789474,7.25761772853186,100,71.35,0.960422961408194,0.914400921137444,
/media/vsi-dev/Lacie_2/mndot_workzone_project/Tesla/campaign_8348ccbe-b6ca-4be8-82ff-b4eba2616879-Tesla_-_Princeton_169_new/campaign/processed_json/segments/9b1c0b60-a317-4614-b1d3-ac66ae257922/part_3/012188.json,,,0.998488643251663,87,69.7368421052632,75.6578947368421,17.5346260387812,100,70.65,0.957426932792979,0.922162739618654,
/media/vsi-dev/Lacie_2/mndot_workzone_project/Tesla/campaign_8348ccbe-b6ca-4be8-82ff-b4eba2616879-Tesla_-_Princeton_169_new/campaign/processed_json/segments/9b1c0b60-a317-4614-b1d3-ac66ae257922/part_3/012189.json,,,0.996805114543033,86.43,67.1052631578947,76.6447368421053,12.2437673130194,100,69.37,0.959105533283424,0.922066503248334,
/media/vsi-dev/Lacie_2/mndot_workzone_project/Tesla/campaign_8348ccbe-b6ca-4be8-82ff-b4eba2616879-Tesla_-_Princeton_169_new/campaign/processed_json/segments/9b1c0b60-a317-4614-b1d3-ac66ae257922/part_3/012190.json,,,0.995012479192682,86.31,66.1184210526316,76.9736842105263,12.797783933518,100,69.25,0.958303195066624,0.922861009294868,
/media/vsi-dev/Lacie_2/mndot_workzone_project/Tesla/campaign_8348ccbe-b6ca-4be8-82ff-b4eba2616879-Tesla_-_Princeton_169_new/campaign/processed_json/segments/9b1c0b60-a317-4614-b1d3-ac66ae257922/part_3/012191.json,,,0.906488130089022,81.62,69.0789473684211,78.9473684210526,13.601108033241,80.7202216066482,67.7,0.957203512742388,0.871229432516555,
/media/vsi-dev/Lacie_2/mndot_workzone_project/Tesla/campaign_8348ccbe-b6ca-4be8-82ff-b4eba2616879-Tesla_-_Princeton_169_new/campaign/processed_json/segments/9b1c0b60-a317-4614-b1d3-ac66ae257922/part_3/012192.json,,,0.997552998800479,79.3,69.7368421052632,75.6578947368421,0,0,52.76,0.956352307627672,0.872919958336458,
/media/vsi-dev/Lacie_2/mndot_workzone_project/Tesla/campaign_8348ccbe-b6ca-4be8-82ff-b4eba2616879-Tesla_-_Princeton_169_new/campaign/processed_json/segments/9b1c0b60-a317-4614-b1d3-ac66ae257922/part_3/012193.json,,,0.983930514272508,80.33,69.0789473684211,75,16.3434903047091,0,55.13,0.955465655888563,0.936112912149146,
/media/vsi-dev/Lacie_2/mndot_workzone_project/Tesla/campaign_8348ccbe-b6ca-4be8-82ff-b4eba2616879-Tesla_-_Princeton_169_new/campaign/processed_json/segments/9b1c0b60-a317-4614-b1d3-ac66ae257922/part_3/012194.json,,,0.984804140218096,78.98,67.4342105263158,74.3421052631579,0,0,51.94,0.957076357292026,0.92454454925669,
/media/vsi-dev/Lacie_2/mndot_workzone_project/Tesla/campaign_8348ccbe-b6ca-4be8-82ff-b4eba2616879-Tesla_-_Princeton_169_new/campaign/processed_json/segments/9b1c0b60-a317-4614-b1d3-ac66ae257922/part_3/012195.json,,,0.968620922016178,83.49,62.828947368421,74.3421052631579,13.1578947368421,81.1080332409972,64.72,0.955725093702753,0.930317793151727,
/media/vsi-dev/Lacie_2/mndot_workzone_project/Tesla/campaign_8348ccbe-b6ca-4be8-82ff-b4eba2616879-Tesla_-_Princeton_169_new/campaign/processed_json/segments/9b1c0b60-a317-4614-b1d3-ac66ae257922/part_3/012196.json,,,0.966786233276824,76.96,47.3684210526316,84.8684210526316,0,0,49.01,0.939760920314682,0.928844814593088,
/media/vsi-dev/Lacie_2/mndot_workzone_project/Tesla/campaign_8348ccbe-b6ca-4be8-82ff-b4eba2616879-Tesla_-_Princeton_169_new/campaign/processed_json/segments/9b1c0b60-a317-4614-b1d3-ac66ae257922/part_3/012197.json,,,0.982111925534364,78.66,83.8815789473684,74.3421052631579,0,4.15512465373961,56.48,0.741100858644968,0.936829801888067,
/media/vsi-dev/Lacie_2/mndot_workzone_project/Tesla/campaign_8348ccbe-b6ca-4be8-82ff-b4eba2616879-Tesla_-_Princeton_169_new/campaign/processed_json/segments/9b1c0b60-a317-4614-b1d3-ac66ae257922/part_3/012198.json,,,0.982111925534364,87.9,81.25,74.0131578947369,27.0360110803324,100,74.95,0.925373380048712,0.938098028792114,
/media/vsi-dev/Lacie_2/mndot_workzone_project/Tesla/campaign_8348ccbe-b6ca-4be8-82ff-b4eba2616879-Tesla_-_Princeton_169_new/campaign/processed_json/segments/9b1c0b60-a317-4614-b1d3-ac66ae257922/part_3/012199.json,,,0.967721877728007,86.3,84.2105263157895,73.6842105263158,0,100,71.8,0.947375757530299,0.939543612725222,
/media/vsi-dev/Lacie_2/mndot_workzone_project/Tesla/campaign_8348ccbe-b6ca-4be8-82ff-b4eba2616879-Tesla_-_Princeton_169_new/campaign/processed_json/segments/9b1c0b60-a317-4614-b1d3-ac66ae257922/part_3/012200.json,,,0.980198673306755,81.67,81.25,84.8684210526316,0,0,59.22,0.940480629696892,0.937108295318882,
/media/vsi-dev/Lacie_2/mndot_workzone_project/Tesla/campaign_8348ccbe-b6ca-4be8-82ff-b4eba2616879-Tesla_-_Princeton_169_new/campaign/processed_json/segments/9b1c0b60-a317-4614-b1d3-ac66ae257922/part_3/012201.json,,,0.992217938260244,84.75,51.3157894736842,84.8684210526316,0,100,65.32,0.954130470791176,0.939354638855269,
/media/vsi-dev/Lacie_2/mndot_workzone_project/Tesla/campaign_8348ccbe-b6ca-4be8-82ff-b4eba2616879-Tesla_-_Princeton_169_new/campaign/processed_json/segments/9b1c0b60-a317-4614-b1d3-ac66ae257922/part_3/012202.json,,,0.992217938260244,86.06,60.1973684210526,84.8684210526316,3.37950138504155,100,68.51,0.95367214107001,0.942645272310597,
/media/vsi-dev/Lacie_2/mndot_workzone_project/Tesla/campaign_8348ccbe-b6ca-4be8-82ff-b4eba2616879-Tesla_-_Princeton_169_new/campaign/processed_json/segments/9b1c0b60-a317-4614-b1d3-ac66ae257922/part_3/012203.json,,,0.994502665947899,88.42,84.8684210526316,84.5394736842105,0,100,75.12,0.919462675829885,0.940165909043396,
/media/vsi-dev/Lacie_2/mndot_workzone_project/Tesla/campaign_8348ccbe-b6ca-4be8-82ff-b4eba2616879-Tesla_-_Princeton_169_new/campaign/processed_json/segments/9b1c0b60-a317-4614-b1d3-ac66ae257922/part_3/012204.json,,,0.998488643251663,87.17,84.8684210526316,72.3684210526316,0,100,71.49,0.922398905336103,0.94064305401376,
/media/vsi-dev/Lacie_2/mndot_workzone_project/Tesla/campaign_8348ccbe-b6ca-4be8-82ff-b4eba2616879-Tesla_-_Princeton_169_new/campaign/processed_json/segments/9b1c0b60-a317-4614-b1d3-ac66ae257922/part_3/012205.json,,,0.999800019998667,87.6,84.8684210526316,72.3684210526316,5.78947368421053,100,72.37,0.924630116686399,0.940922306109932,
/media/vsi-dev/Lacie_2/mndot_workzone_project/Tesla/campaign_8348ccbe-b6ca-4be8-82ff-b4eba2616879-Tesla_-_Princeton_169_new/campaign/processed_json/segments/9b1c0b60-a317-4614-b1d3-ac66ae257922/part_3/012206.json,,,0.999387687539834,89.32,84.2105263157895,71.0526315789474,36.7590027700831,100,76.47,0.935451864939578,0.939900202812545,
/media/vsi-dev/Lacie_2/mndot_workzone_project/Tesla/campaign_8348ccbe-b6ca-4be8-82ff-b4eba2616879-Tesla_-_Princeton_169_new/campaign/processed_json/segments/9b1c0b60-a317-4614-b1d3-ac66ae257922/part_3/012207.json,,,0.999887506327888,89.57,84.8684210526316,70.3947368421053,41.7174515235457,100,77.19,0.938350701970337,0.931967432769907,
/media/vsi-dev/Lacie_2/mndot_workzone_project/Tesla/campaign_8348ccbe-b6ca-4be8-82ff-b4eba2616879-Tesla_-_Princeton_169_new/campaign/processed_json/segments/9b1c0b60-a317-4614-b1d3-ac66ae257922/part_3/012208.json,,,0.996394017227934,87.05,84.5394736842105,70.3947368421053,0,100,70.9,0.95264134128312,0.93065670624267,
/media/vsi-dev/Lacie_2/mndot_workzone_project/Tesla/campaign_8348ccbe-b6ca-4be8-82ff-b4eba2616879-Tesla_-_Princeton_169_new/campaign/processed_json/segments/9b1c0b60-a317-4614-b1d3-ac66ae257922/part_3/012209.json,,,0.999687548823039,90.02,84.8684210526316,69.7368421052632,49.1135734072022,100,78.14,0.941304717832317,0.936766639594001,
/media/vsi-dev/Lacie_2/mndot_workzone_project/Tesla/campaign_8348ccbe-b6ca-4be8-82ff-b4eba2616879-Tesla_-_Princeton_169_new/campaign/processed_json/segments/9b1c0b60-a317-4614-b1d3-ac66ae257922/part_3/012210.json,,,0.994502665947899,86.66,84.5394736842105,69.4078947368421,0,100,70.52,0.962360055200402,0.904473964587194,
/media/vsi-dev/Lacie_2/mndot_workzone_project/Tesla/campaign_8348ccbe-b6ca-4be8-82ff-b4eba2616879-Tesla_-_Princeton_169_new/campaign/processed_json/segments/9b1c0b60-a317-4614-b1d3-ac66ae257922/part_3/012211.json,,,0.99158560090355,86.59,85.1973684210526,68.75,0,100,70.54,0.96501834186662,0.906264451345073,
/media/vsi-dev/Lacie_2/mndot_workzone_project/Tesla/campaign_8348ccbe-b6ca-4be8-82ff-b4eba2616879-Tesla_-_Princeton_169_new/campaign/processed_json/segments/9b1c0b60-a317-4614-b1d3-ac66ae257922/part_3/012212.json,,,0.990928893001464,86.33,85.5263157894737,67.7631578947369,0,100,70.28,0.964910737335794,0.893131727317724,
/media/vsi-dev/Lacie_2/mndot_workzone_project/Tesla/campaign_8348ccbe-b6ca-4be8-82ff-b4eba2616879-Tesla_-_Princeton_169_new/campaign/processed_json/segments/9b1c0b60-a317-4614-b1d3-ac66ae257922/part_3/012213.json,,,0.99158560090355,86.57,84.5394736842105,67.1052631578947,0,100,69.96,0.96754061166711,0.925139339686673,
/media/vsi-dev/Lacie_2/mndot_workzone_project/Tesla/campaign_8348ccbe-b6ca-4be8-82ff-b4eba2616879-Tesla_-_Princeton_169_new/campaign/processed_json/segments/9b1c0b60-a317-4614-b1d3-ac66ae257922/part_3/012214.json,,,0.990247863518234,86.55,85.1973684210526,66.1184210526316,3.79501385041551,100,70.36,0.964310575124354,0.915339441586648,
/media/vsi-dev/Lacie_2/mndot_workzone_project/Tesla/campaign_8348ccbe-b6ca-4be8-82ff-b4eba2616879-Tesla_-_Princeton_169_new/campaign/processed_json/segments/9b1c0b60-a317-4614-b1d3-ac66ae257922/part_3/012215.json,,,0.993409314468916,90.08,85.5263157894737,65.1315789473684,67.6731301939058,100,79.6,0.941605227727339,0.909230400496121,
/media/vsi-dev/Lacie_2/mndot_workzone_project/Tesla/campaign_8348ccbe-b6ca-4be8-82ff-b4eba2616879-Tesla_-_Princeton_169_new/campaign/processed_json/segments/9b1c0b60-a317-4614-b1d3-ac66ae257922/part_3/012216.json,,,0.988059362042712,85.96,85.1973684210526,64.4736842105263,0,100,69.27,0.966167098007656,0.906765058124227,
/media/vsi-dev/Lacie_2/mndot_workzone_project/Tesla/campaign_8348ccbe-b6ca-4be8-82ff-b4eba2616879-Tesla_-_Princeton_169_new/campaign/processed_json/segments/9b1c0b60-a317-4614-b1d3-ac66ae257922/part_3/012217.json,,,0.988059362042712,86.16,85.5263157894737,63.8157894736842,0,100,69.27,0.966983918046184,0.926322428747013,
/media/vsi-dev/Lacie_2/mndot_workzone_project/Tesla/campaign_8348ccbe-b6ca-4be8-82ff-b4eba2616879-Tesla_-_Princeton_169_new/campaign/processed_json/segments/9b1c0b60-a317-4614-b1d3-ac66ae257922/part_3/012218.json,,,0.992825857903813,86.66,85.5263157894737,63.1578947368421,6.45429362880886,100,70.04,0.965174885591068,0.928073961166838,
/media/vsi-dev/Lacie_2/mndot_workzone_project/Tesla/campaign_8348ccbe-b6ca-4be8-82ff-b4eba2616879-Tesla_-_Princeton_169_new/campaign/processed_json/segments/9b1c0b60-a317-4614-b1d3-ac66ae257922/part_3/012219.json,,,0.99158560090355,85.92,85.1973684210526,62.171052631579,2.93628808864266,100,68.98,0.965907204302306,0.900444661891771,
/media/vsi-dev/Lacie_2/mndot_workzone_project/Tesla/campaign_8348ccbe-b6ca-4be8-82ff-b4eba2616879-Tesla_-_Princeton_169_new/campaign/processed_json/segments/9b1c0b60-a317-4614-b1d3-ac66ae257922/part_3/012220.json,,,0.996805114543033,89.81,85.5263157894737,60.5263157894737,71.6897506925208,100,78.78,0.942796946997973,0.90027181427269,
/media/vsi-dev/Lacie_2/mndot_workzone_project/Tesla/campaign_8348ccbe-b6ca-4be8-82ff-b4eba2616879-Tesla_-_Princeton_169_new/campaign/processed_json/segments/9b1c0b60-a317-4614-b1d3-ac66ae257922/part_3/012221.json,,,0.993409314468916,85.57,85.5263157894737,59.2105263157895,0,100,67.78,0.964899965054089,0.907084039146023,
/media/vsi-dev/Lacie_2/mndot_workzone_project/Tesla/campaign_8348ccbe-b6ca-4be8-82ff-b4eba2616879-Tesla_-_Princeton_169_new/campaign/processed_json/segments/9b1c0b60-a317-4614-b1d3-ac66ae257922/part_3/012222.json,,,0.981167097577432,79.26,84.5394736842105,56.25,1.68975069252078,0,52.08,0.96771134577914,0.950768688603968,
/media/vsi-dev/Lacie_2/mndot_workzone_project/Tesla/campaign_8348ccbe-b6ca-4be8-82ff-b4eba2616879-Tesla_-_Princeton_169_new/campaign/processed_json/segments/9b1c0b60-a317-4614-b1d3-ac66ae257922/part_3/012223.json,,,0.996805114543033,85.01,84.8684210526316,56.25,2.90858725761773,100,66.95,0.966788118822383,0.868830380048948,
/media/vsi-dev/Lacie_2/mndot_workzone_project/Tesla/campaign_8348ccbe-b6ca-4be8-82ff-b4eba2616879-Tesla_-_Princeton_169_new/campaign/processed_json/segments/9b1c0b60-a317-4614-b1d3-ac66ae257922/part_3/012224.json,,,0.996805114543033,84.33,84.8684210526316,54.6052631578947,0.470914127423823,100,65.95,0.967426693897241,0.840051681580667,
/media/vsi-dev/Lacie_2/mndot_workzone_project/Tesla/campaign_8348ccbe-b6ca-4be8-82ff-b4eba2616879-Tesla_-_Princeton_169_new/campaign/processed_json/segments/9b1c0b60-a317-4614-b1d3-ac66ae257922/part_3/012225.json,,,0.996805114543033,84.94,85.1973684210526,52.6315789473684,8.64265927977839,100,66.82,0.963351304414497,0.87111892251685,
/media/vsi-dev/Lacie_2/mndot_workzone_project/Tesla/campaign_8348ccbe-b6ca-4be8-82ff-b4eba2616879-Tesla_-_Princeton_169_new/campaign/processed_json/segments/9b1c0b60-a317-4614-b1d3-ac66ae257922/part_3/012226.json,,,0.970433403055154,87.96,84.8684210526316,84.2105263157895,8.03324099722992,100,76.25,0.960807696275514,0.903212673648305,
/media/vsi-dev/Lacie_2/mndot_workzone_project/Tesla/campaign_8348ccbe-b6ca-4be8-82ff-b4eba2616879-Tesla_-_Princeton_169_new/campaign/processed_json/segments/9b1c0b60-a317-4614-b1d3-ac66ae257922/part_3/012227.json,,,0.969233234476344,87.89,84.8684210526316,84.2105263157895,4.40443213296399,100,75.79,0.967961058655006,0.912665110640192,
/media/vsi-dev/Lacie_2/mndot_workzone_project/Tesla/campaign_8348ccbe-b6ca-4be8-82ff-b4eba2616879-Tesla_-_Princeton_169_new/campaign/processed_json/segments/9b1c0b60-a317-4614-b1d3-ac66ae257922/part_3/012228.json,,,0.969220734554469,88.37,85.1973684210526,84.5394736842105,10.7202216066482,100,76.94,0.965446494768778,0.917337439615135,
/media/vsi-dev/Lacie_2/mndot_workzone_project/Tesla/campaign_8348ccbe-b6ca-4be8-82ff-b4eba2616879-Tesla_-_Princeton_169_new/campaign/processed_json/segments/9b1c0b60-a317-4614-b1d3-ac66ae257922/part_3/012229.json,,,0.969220734554469,88.03,84.8684210526316,84.8684210526316,6.64819944598338,100,76.29,0.965739086330862,0.908411796676579,
/media/vsi-dev/Lacie_2/mndot_workzone_project/Tesla/campaign_8348ccbe-b6ca-4be8-82ff-b4eba2616879-Tesla_-_Princeton_169_new/campaign/processed_json/segments/9b1c0b60-a317-4614-b1d3-ac66ae257922/part_3/012230.json,,,0.969220734554469,88.41,85.5263157894737,83.8815789473684,11.4127423822715,100,76.96,0.96340250659537,0.921932875154178,
/media/vsi-dev/Lacie_2/mndot_workzone_project/Tesla/campaign_8348ccbe-b6ca-4be8-82ff-b4eba2616879-Tesla_-_Princeton_169_new/campaign/processed_json/segments/9b1c0b60-a317-4614-b1d3-ac66ae257922/part_3/012231.json,,,0.968920783299383,88.31,84.2105263157895,83.8815789473684,19.0027700831025,97.4238227146814,77.22,0.964713866710799,0.901355378972086,
/media/vsi-dev/Lacie_2/mndot_workzone_project/Tesla/campaign_8348ccbe-b6ca-4be8-82ff-b4eba2616879-Tesla_-_Princeton_169_new/campaign/processed_json/segments/9b1c0b60-a317-4614-b1d3-ac66ae257922/part_3/012232.json,,,0.969233234476344,87.98,84.5394736842105,84.2105263157895,7.61772853185596,96.4265927977839,75.7,0.96819291992698,0.924725865134,
/media/vsi-dev/Lacie_2/mndot_workzone_project/Tesla/campaign_8348ccbe-b6ca-4be8-82ff-b4eba2616879-Tesla_-_Princeton_169_new/campaign/processed_json/segments/9b1c0b60-a317-4614-b1d3-ac66ae257922/part_3/012233.json,,,0.999950001249979,82.86,84.2105263157895,84.2105263157895,3.85041551246537,0,60.45,0.968248380187215,0.900093382102309,
/media/vsi-dev/Lacie_2/mndot_workzone_project/Tesla/campaign_8348ccbe-b6ca-4be8-82ff-b4eba2616879-Tesla_-_Princeton_169_new/campaign/processed_json/segments/9b1c0b60-a317-4614-b1d3-ac66ae257922/part_3/012234.json,,,0.999800019998667,83.4,84.5394736842105,84.2105263157895,12.5207756232687,0,61.84,0.965504661535797,0.901921882192504,
/media/vsi-dev/Lacie_2/mndot_workzone_project/Tesla/campaign_8348ccbe-b6ca-4be8-82ff-b4eba2616879-Tesla_-_Princeton_169_new/campaign/processed_json/segments/9b1c0b60-a317-4614-b1d3-ac66ae257922/part_3/012235.json,,,0.996394017227934,83.05,84.2105263157895,84.2105263157895,5.95567867036011,0,60.85,0.965988790863627,0.91960326016102,
/media/vsi-dev/Lacie_2/mndot_workzone_project/Tesla/campaign_8348ccbe-b6ca-4be8-82ff-b4eba2616879-Tesla_-_Princeton_169_new/campaign/processed_json/segments/9b1c0b60-a317-4614-b1d3-ac66ae257922/part_3/012236.json,,,0.998201619028437,83.13,84.2105263157895,83.8815789473684,8.64265927977839,0,61.1,0.965105106217762,0.910713892943389,
/media/vsi-dev/Lacie_2/mndot_workzone_project/Tesla/campaign_8348ccbe-b6ca-4be8-82ff-b4eba2616879-Tesla_-_Princeton_169_new/campaign/processed_json/segments/9b1c0b60-a317-4614-b1d3-ac66ae257922/part_3/012237.json,,,0.966424685849189,74.49,84.5394736842105,13.8157894736842,24.6814404432133,0,42.6,0.961453608965554,0.917772201798052,
/media/vsi-dev/Lacie_2/mndot_workzone_project/Tesla/campaign_8348ccbe-b6ca-4be8-82ff-b4eba2616879-Tesla_-_Princeton_169_new/campaign/processed_json/segments/9b1c0b60-a317-4614-b1d3-ac66ae257922/part_3/012238.json,,,0.992217938260244,85.13,84.2105263157895,83.8815789473684,10.9418282548476,30.4432132963989,66.13,0.968243146725628,0.930258823849821,
/media/vsi-dev/Lacie_2/mndot_workzone_project/Tesla/campaign_8348ccbe-b6ca-4be8-82ff-b4eba2616879-Tesla_-_Princeton_169_new/campaign/processed_json/segments/9b1c0b60-a317-4614-b1d3-ac66ae257922/part_3/012239.json,,,0.997552998800479,88.56,84.8684210526316,84.2105263157895,20.8864265927978,70.3601108033241,73.95,0.965121208802729,0.942968448893093,
/media/vsi-dev/Lacie_2/mndot_workzone_project/Tesla/campaign_8348ccbe-b6ca-4be8-82ff-b4eba2616879-Tesla_-_Princeton_169_new/campaign/processed_json/segments/9b1c0b60-a317-4614-b1d3-ac66ae257922/part_3/012240.json,,,0.985653900195345,87.17,84.5394736842105,84.2105263157895,20.6925207756233,57.0083102493075,71.79,0.963225988410427,0.939549832600519,
/media/vsi-dev/Lacie_2/mndot_workzone_project/Tesla/campaign_8348ccbe-b6ca-4be8-82ff-b4eba2616879-Tesla_-_Princeton_169_new/campaign/processed_json/segments/9b1c0b60-a317-4614-b1d3-ac66ae257922/part_3/012241.json,,,0.996805114543033,88.2,84.2105263157895,84.2105263157895,13.98891966759,72.2714681440443,73.02,0.967451634092675,0.944292630136257,
/media/vsi-dev/Lacie_2/mndot_workzone_project/Tesla/campaign_8348ccbe-b6ca-4be8-82ff-b4eba2616879-Tesla_-_Princeton_169_new/campaign/processed_json/segments/9b1c0b60-a317-4614-b1d3-ac66ae257922/part_3/012242.json,,,0.997191451372845,89.5,84.2105263157895,83.8815789473684,14.0720221606648,93.5457063711911,76.15,0.967336553576849,0.948181340386917,
/media/vsi-dev/Lacie_2/mndot_workzone_project/Tesla/campaign_8348ccbe-b6ca-4be8-82ff-b4eba2616879-Tesla_-_Princeton_169_new/campaign/processed_json/segments/9b1c0b60-a317-4614-b1d3-ac66ae257922/part_3/012243.json,,,0.997191451372845,89.8,84.2105263157895,83.8815789473684,19.3074792243767,93.7396121883657,76.95,0.965404696618411,0.948185301099804,
/media/vsi-dev/Lacie_2/mndot_workzone_project/Tesla/campaign_8348ccbe-b6ca-4be8-82ff-b4eba2616879-Tesla_-_Princeton_169_new/campaign/processed_json/segments/9b1c0b60-a317-4614-b1d3-ac66ae257922/part_3/012244.json,,,0.996805114543033,89.62,84.2105263157895,83.8815789473684,12.7700831024931,97.202216066482,76.5,0.967491534588378,0.947433361775155,
/media/vsi-dev/Lacie_2/mndot_workzone_project/Tesla/campaign_8348ccbe-b6ca-4be8-82ff-b4eba2616879-Tesla_-_Princeton_169_new/campaign/processed_json/segments/9b1c0b60-a317-4614-b1d3-ac66ae257922/part_3/012245.json,,,0.996805114543033,89.74,84.2105263157895,84.2105263157895,17.3130193905817,94.2382271468144,76.83,0.966222804317938,0.94748549658728,
/media/vsi-dev/Lacie_2/mndot_workzone_project/Tesla/campaign_8348ccbe-b6ca-4be8-82ff-b4eba2616879-Tesla_-_Princeton_169_new/campaign/processed_json/segments/9b1c0b60-a317-4614-b1d3-ac66ae257922/part_3/012246.json,,,0.998201619028437,89.81,84.2105263157895,83.8815789473684,14.792243767313,97.4792243767313,76.84,0.967049389771232,0.94763424260845,
/media/vsi-dev/Lacie_2/mndot_workzone_project/Tesla/campaign_8348ccbe-b6ca-4be8-82ff-b4eba2616879-Tesla_-_Princeton_169_new/campaign/processed_json/segments/9b1c0b60-a317-4614-b1d3-ac66ae257922/part_3/012247.json,,,0.997191451372845,90.5,84.2105263157895,84.2105263157895,24.0443213296399,100,78.7,0.964299582624019,0.948905537911145,
/media/vsi-dev/Lacie_2/mndot_workzone_project/Tesla/campaign_8348ccbe-b6ca-4be8-82ff-b4eba2616879-Tesla_-_Princeton_169_new/campaign/processed_json/segments/9b1c0b60-a317-4614-b1d3-ac66ae257922/part_3/012248.json,,,0.999800019998667,89.62,85.5263157894737,84.5394736842105,6.09418282548477,98.3656509695291,76.25,0.963492727527727,0.948830654281684,
/media/vsi-dev/Lacie_2/mndot_workzone_project/Tesla/campaign_8348ccbe-b6ca-4be8-82ff-b4eba2616879-Tesla_-_Princeton_169_new/campaign/processed_json/segments/9b1c0b60-a317-4614-b1d3-ac66ae257922/part_3/012249.json,,,0.997191451372845,89.87,84.2105263157895,84.2105263157895,14.5706371191136,98.4487534626039,77.06,0.96700414344795,0.949299564228426,
/media/vsi-dev/Lacie_2/mndot_workzone_project/Tesla/campaign_8348ccbe-b6ca-4be8-82ff-b4eba2616879-Tesla_-_Princeton_169_new/campaign/processed_json/segments/9b1c0b60-a317-4614-b1d3-ac66ae257922/part_3/012250.json,,,0.993409314468916,89.88,84.2105263157895,84.2105263157895,15.7063711911357,100,77.46,0.966562375807153,0.949437635463768,
/media/vsi-dev/Lacie_2/mndot_workzone_project/Tesla/campaign_8348ccbe-b6ca-4be8-82ff-b4eba2616879-Tesla_-_Princeton_169_new/campaign/processed_json/segments/9b1c0b60-a317-4614-b1d3-ac66ae257922/part_3/012251.json,,,0.995958190189513,89.59,84.2105263157895,84.8684210526316,14.9307479224377,92.797783933518,76.46,0.966686691350234,0.949653227378381,
/media/vsi-dev/Lacie_2/mndot_workzone_project/Tesla/campaign_8348ccbe-b6ca-4be8-82ff-b4eba2616879-Tesla_-_Princeton_169_new/campaign/processed_json/segments/9b1c0b60-a317-4614-b1d3-ac66ae257922/part_3/012252.json,,,0.997191451372845,89.49,84.2105263157895,84.8684210526316,19.1135734072022,87.0083102493075,76.2,0.965529687053282,0.946810027413925,
/media/vsi-dev/Lacie_2/mndot_workzone_project/Tesla/campaign_8348ccbe-b6ca-4be8-82ff-b4eba2616879-Tesla_-_Princeton_169_new/campaign/processed_json/segments/9b1c0b60-a317-4614-b1d3-ac66ae257922/part_3/012253.json,,,0.997552998800479,90.18,84.2105263157895,84.8684210526316,16.4819944598338,100,77.78,0.966618498162678,0.94948690792594,
/media/vsi-dev/Lacie_2/mndot_workzone_project/Tesla/campaign_8348ccbe-b6ca-4be8-82ff-b4eba2616879-Tesla_-_Princeton_169_new/campaign/processed_json/segments/9b1c0b60-a317-4614-b1d3-ac66ae257922/part_3/012254.json,,,0.999387687539834,90.62,85.5263157894737,84.8684210526316,21.2188365650969,100,78.85,0.960493233029885,0.94966156275463,
/media/vsi-dev/Lacie_2/mndot_workzone_project/Tesla/campaign_8348ccbe-b6ca-4be8-82ff-b4eba2616879-Tesla_-_Princeton_169_new/campaign/processed_json/segments/9b1c0b60-a317-4614-b1d3-ac66ae257922/part_3/012255.json,,,0.999387687539834,90.68,84.5394736842105,84.8684210526316,23.5734072022161,100,78.92,0.964375266135598,0.948839165556688,
/media/vsi-dev/Lacie_2/mndot_workzone_project/Tesla/campaign_8348ccbe-b6ca-4be8-82ff-b4eba2616879-Tesla_-_Princeton_169_new/campaign/processed_json/segments/9b1c0b60-a317-4614-b1d3-ac66ae257922/part_3/012256.json,,,0.999950001249979,89.55,84.8684210526316,84.5394736842105,4.18282548476454,100,76.02,0.965478836142695,0.94898364864521,
/media/vsi-dev/Lacie_2/mndot_workzone_project/Tesla/campaign_8348ccbe-b6ca-4be8-82ff-b4eba2616879-Tesla_-_Princeton_169_new/campaign/processed_json/segments/9b1c0b60-a317-4614-b1d3-ac66ae257922/part_3/012257.json,,,0.999800019998667,89.63,84.5394736842105,84.2105263157895,6.17728531855956,100,76.14,0.969525859928139,0.948955145428431,
/media/vsi-dev/Lacie_2/mndot_workzone_project/Tesla/campaign_8348ccbe-b6ca-4be8-82ff-b4eba2616879-Tesla_-_Princeton_169_new/campaign/processed_json/segments/9b1c0b60-a317-4614-b1d3-ac66ae257922/part_3/012258.json,,,0.999887506327888,89.42,85.1973684210526,84.8684210526316,0.38781163434903,100,75.66,0.967879061065634,0.948597421962588,
/media/vsi-dev/Lacie_2/mndot_workzone_project/Tesla/campaign_8348ccbe-b6ca-4be8-82ff-b4eba2616879-Tesla_-_Princeton_169_new/campaign/processed_json/segments/9b1c0b60-a317-4614-b1d3-ac66ae257922/part_3/012259.json,,,0.999887506327888,89.4,84.8684210526316,84.2105263157895,2.1606648199446,100,75.63,0.967149946560216,0.94835957854603,
/media/vsi-dev/Lacie_2/mndot_workzone_project/Tesla/campaign_8348ccbe-b6ca-4be8-82ff-b4eba2616879-Tesla_-_Princeton_169_new/campaign/processed_json/segments/9b1c0b60-a317-4614-b1d3-ac66ae257922/part_3/012260.json,,,0.998488643251663,87.79,85.5263157894737,84.2105263157895,4.6814404432133,71.0803324099723,71.84,0.965805044128746,0.945725228623279,
/media/vsi-dev/Lacie_2/mndot_workzone_project/Tesla/campaign_8348ccbe-b6ca-4be8-82ff-b4eba2616879-Tesla_-_Princeton_169_new/campaign/processed_json/segments/9b1c0b60-a317-4614-b1d3-ac66ae257922/part_3/012261.json,,,0.999887506327888,88.12,85.5263157894737,84.2105263157895,20.1662049861496,61.8836565096953,72.74,0.961522876068647,0.941099797350521,
/media/vsi-dev/Lacie_2/mndot_workzone_project/Tesla/campaign_8348ccbe-b6ca-4be8-82ff-b4eba2616879-Tesla_-_Princeton_169_new/campaign/processed_json/segments/9b1c0b60-a317-4614-b1d3-ac66ae257922/part_3/012262.json,,,0.997191451372845,88.52,85.5263157894737,84.8684210526316,10.8310249307479,77.8116343490305,73.94,0.964208015684492,0.941677096918414,
/media/vsi-dev/Lacie_2/mndot_workzone_project/Tesla/campaign_8348ccbe-b6ca-4be8-82ff-b4eba2616879-Tesla_-_Princeton_169_new/campaign/processed_json/segments/9b1c0b60-a317-4614-b1d3-ac66ae257922/part_3/012263.json,,,0.995497666030972,91.48,85.5263157894737,84.8684210526316,52.8808864265928,86.786703601108,81.58,0.955484680472572,0.947556589332775,
/media/vsi-dev/Lacie_2/mndot_workzone_project/Tesla/campaign_8348ccbe-b6ca-4be8-82ff-b4eba2616879-Tesla_-_Princeton_169_new/campaign/processed_json/segments/9b1c0b60-a317-4614-b1d3-ac66ae257922/part_3/012264.json,,,0.993968264398234,90.43,85.5263157894737,85.5263157894737,34.1828254847645,86.3711911357341,78.94,0.961375343556414,0.947738787288597,
/media/vsi-dev/Lacie_2/mndot_workzone_project/Tesla/campaign_8348ccbe-b6ca-4be8-82ff-b4eba2616879-Tesla_-_Princeton_169_new/campaign/processed_json/segments/9b1c0b60-a317-4614-b1d3-ac66ae257922/part_3/012265.json,,,0.996805114543033,89.05,84.8684210526316,85.5263157894737,0,94.9307479224377,74.96,0.970913256057445,0.948603465050176,
/media/vsi-dev/Lacie_2/mndot_workzone_project/Tesla/campaign_8348ccbe-b6ca-4be8-82ff-b4eba2616879-Tesla_-_Princeton_169_new/campaign/processed_json/segments/9b1c0b60-a317-4614-b1d3-ac66ae257922/part_3/012266.json,,,0.995958190189513,89.36,85.5263157894737,85.5263157894737,8.86426592797784,91.6620498614958,75.96,0.96508557608121,0.948542662217635,
/media/vsi-dev/Lacie_2/mndot_workzone_project/Tesla/campaign_8348ccbe-b6ca-4be8-82ff-b4eba2616879-Tesla_-_Princeton_169_new/campaign/processed_json/segments/9b1c0b60-a317-4614-b1d3-ac66ae257922/part_3/012267.json,,,0.995958190189513,89.49,85.5263157894737,85.5263157894737,9.55678670360111,93.0470914127424,76.28,0.965273423125276,0.948550828821102,
/media/vsi-dev/Lacie_2/mndot_workzone_project/Tesla/campaign_8348ccbe-b6ca-4be8-82ff-b4eba2616879-Tesla_-_Princeton_169_new/campaign/processed_json/segments/9b1c0b60-a317-4614-b1d3-ac66ae257922/part_3/012268.json,,,0.997191451372845,89.61,85.5263157894737,85.5263157894737,9.94459833795014,93.6565096952909,76.43,0.965656567912895,0.949639675103746,
/media/vsi-dev/Lacie_2/mndot_workzone_project/Tesla/campaign_8348ccbe-b6ca-4be8-82ff-b4eba2616879-Tesla_-_Princeton_169_new/campaign/processed_json/segments/9b1c0b60-a317-4614-b1d3-ac66ae257922/part_3/012269.json,,,0.998488643251663,89.63,85.5263157894737,85.5263157894737,8.58725761772853,94.3767313019391,76.34,0.965522483368482,0.949469945577577,
/media/vsi-dev/Lacie_2/mndot_workzone_project/Tesla/campaign_8348ccbe-b6ca-4be8-82ff-b4eba2616879-Tesla_-_Princeton_169_new/campaign/processed_json/segments/9b1c0b60-a317-4614-b1d3-ac66ae257922/part_3/012270.json,,,0.995497666030972,89.52,85.1973684210526,84.8684210526316,15.3462603878116,89.6952908587258,76.36,0.967090695298733,0.948890426966803,
/media/vsi-dev/Lacie_2/mndot_workzone_project/Tesla/campaign_8348ccbe-b6ca-4be8-82ff-b4eba2616879-Tesla_-_Princeton_169_new/campaign/processed_json/segments/9b1c0b60-a317-4614-b1d3-ac66ae257922/part_3/012271.json,,,0.998488643251663,90.24,85.5263157894737,85.1973684210526,19.196675900277,94.4598337950139,77.85,0.966402087765223,0.949684743781086,
/media/vsi-dev/Lacie_2/mndot_workzone_project/Tesla/campaign_8348ccbe-b6ca-4be8-82ff-b4eba2616879-Tesla_-_Princeton_169_new/campaign/processed_json/segments/9b1c0b60-a317-4614-b1d3-ac66ae257922/part_3/012272.json,,,0.998201619028437,88.67,85.5263157894737,85.5263157894737,20.0277008310249,68.421052631579,74.13,0.966010218401824,0.943266747992409,
/media/vsi-dev/Lacie_2/mndot_workzone_project/Tesla/campaign_8348ccbe-b6ca-4be8-82ff-b4eba2616879-Tesla_-_Princeton_169_new/campaign/processed_json/segments/9b1c0b60-a317-4614-b1d3-ac66ae257922/part_3/012273.json,,,0.997191451372845,90.45,85.5263157894737,85.1973684210526,19.2797783933518,99.0027700831025,78.54,0.965909696037183,0.949199394496563,
/media/vsi-dev/Lacie_2/mndot_workzone_project/Tesla/campaign_8348ccbe-b6ca-4be8-82ff-b4eba2616879-Tesla_-_Princeton_169_new/campaign/processed_json/segments/9b1c0b60-a317-4614-b1d3-ac66ae257922/part_3/012274.json,,,0.999550101234814,88.54,85.5263157894737,84.2105263157895,87.9224376731302,0,73.66,0.936913250449061,0.972605296178062,
/media/vsi-dev/Lacie_2/mndot_workzone_project/Tesla/campaign_8348ccbe-b6ca-4be8-82ff-b4eba2616879-Tesla_-_Princeton_169_new/campaign/processed_json/segments/9b1c0b60-a317-4614-b1d3-ac66ae257922/part_3/012275.json,,,0.999550101234814,90.17,85.1973684210526,84.8684210526316,13.1301939058172,100,77.57,0.967672958641006,0.948657182966587,
/media/vsi-dev/Lacie_2/mndot_workzone_project/Tesla/campaign_8348ccbe-b6ca-4be8-82ff-b4eba2616879-Tesla_-_Princeton_169_new/campaign/processed_json/segments/9b1c0b60-a317-4614-b1d3-ac66ae257922/part_3/012276.json,,,0.997191451372845,94.02,85.8552631578947,84.8684210526316,85.5678670360111,98.3102493074792,88.22,0.935495229567871,0.949072229590205,
/media/vsi-dev/Lacie_2/mndot_workzone_project/Tesla/campaign_8348ccbe-b6ca-4be8-82ff-b4eba2616879-Tesla_-_Princeton_169_new/campaign/processed_json/segments/9b1c0b60-a317-4614-b1d3-ac66ae257922/part_3/012277.json,,,0.999800019998667,90.33,85.5263157894737,85.1973684210526,14.5152354570637,100,77.97,0.966548841092722,0.948815073134857,
/media/vsi-dev/Lacie_2/mndot_workzone_project/Tesla/campaign_8348ccbe-b6ca-4be8-82ff-b4eba2616879-Tesla_-_Princeton_169_new/campaign/processed_json/segments/9b1c0b60-a317-4614-b1d3-ac66ae257922/part_3/012278.json,,,0.999887506327888,90.16,85.8552631578947,85.5263157894737,10.2770083102493,100,77.53,0.967177268674433,0.948490647143765,
/media/vsi-dev/Lacie_2/mndot_workzone_project/Tesla/campaign_8348ccbe-b6ca-4be8-82ff-b4eba2616879-Tesla_-_Princeton_169_new/campaign/processed_json/segments/9b1c0b60-a317-4614-b1d3-ac66ae257922/part_3/012279.json,,,0.999550101234814,90.8,84.8684210526316,84.8684210526316,24.819944598338,100,79.21,0.964764953691645,0.948186488710566,
/media/vsi-dev/Lacie_2/mndot_workzone_project/Tesla/campaign_8348ccbe-b6ca-4be8-82ff-b4eba2616879-Tesla_-_Princeton_169_new/campaign/processed_json/segments/9b1c0b60-a317-4614-b1d3-ac66ae257922/part_3/012280.json,,,1,89.16,84.5394736842105,85.5263157894737,2.46537396121884,93.1301939058172,74.95,0.971712345960551,0.946301118190731,
/media/vsi-dev/Lacie_2/mndot_workzone_project/Tesla/campaign_8348ccbe-b6ca-4be8-82ff-b4eba2616879-Tesla_-_Princeton_169_new/campaign/processed_json/segments/9b1c0b60-a317-4614-b1d3-ac66ae257922/part_3/012281.json,,,0.999550101234814,89.59,85.8552631578947,85.5263157894737,17.8393351800554,84.0443213296399,76.25,0.967676796776189,0.94342532964102,
/media/vsi-dev/Lacie_2/mndot_workzone_project/Tesla/campaign_8348ccbe-b6ca-4be8-82ff-b4eba2616879-Tesla_-_Princeton_169_new/campaign/processed_json/segments/9b1c0b60-a317-4614-b1d3-ac66ae257922/part_3/012282.json,,,0.999887506327888,89.31,85.1973684210526,84.8684210526316,25.5124653739612,74.5429362880886,75.57,0.965049070292706,0.943921382862248,
/media/vsi-dev/Lacie_2/mndot_workzone_project/Tesla/campaign_8348ccbe-b6ca-4be8-82ff-b4eba2616879-Tesla_-_Princeton_169_new/campaign/processed_json/segments/9b1c0b60-a317-4614-b1d3-ac66ae257922/part_3/012283.json,,,0.999800019998667,89.32,85.8552631578947,85.5263157894737,27.3407202216066,70.0831024930748,75.58,0.964666217522611,0.945311581311728,
/media/vsi-dev/Lacie_2/mndot_workzone_project/Tesla/campaign_8348ccbe-b6ca-4be8-82ff-b4eba2616879-Tesla_-_Princeton_169_new/campaign/processed_json/segments/9b1c0b60-a317-4614-b1d3-ac66ae257922/part_3/012284.json,,,0.999987500078125,90.21,85.5263157894737,86.1842105263158,26.0387811634349,85.0969529085873,77.74,0.963912845226068,0.94740868875285,
/media/vsi-dev/Lacie_2/mndot_workzone_project/Tesla/campaign_8348ccbe-b6ca-4be8-82ff-b4eba2616879-Tesla_-_Princeton_169_new/campaign/processed_json/segments/9b1c0b60-a317-4614-b1d3-ac66ae257922/part_3/012285.json,,,0.999800019998667,89.21,85.5263157894737,85.5263157894737,10.9972299168975,84.2659279778393,75.18,0.966444961759106,0.948044013820234,
/media/vsi-dev/Lacie_2/mndot_workzone_project/Tesla/campaign_8348ccbe-b6ca-4be8-82ff-b4eba2616879-Tesla_-_Princeton_169_new/campaign/processed_json/segments/9b1c0b60-a317-4614-b1d3-ac66ae257922/part_3/012286.json,,,0.999987500078125,89.93,85.1973684210526,85.5263157894737,20.1385041551247,87.3130193905817,76.92,0.968193851841191,0.948237726342909,
/media/vsi-dev/Lacie_2/mndot_workzone_project/Tesla/campaign_8348ccbe-b6ca-4be8-82ff-b4eba2616879-Tesla_-_Princeton_169_new/campaign/processed_json/segments/9b1c0b60-a317-4614-b1d3-ac66ae257922/part_3/012287.json,,,0.999550101234814,89.66,85.5263157894737,85.5263157894737,17.8947368421053,84.8476454293629,76.3,0.968847684115348,0.946635346297893,
/media/vsi-dev/Lacie_2/mndot_workzone_project/Tesla/campaign_8348ccbe-b6ca-4be8-82ff-b4eba2616879-Tesla_-_Princeton_169_new/campaign/processed_json/segments/9b1c0b60-a317-4614-b1d3-ac66ae257922/part_3/012288.json,,,0.999887506327888,89.75,85.8552631578947,85.5263157894737,18.005540166205,85.4847645429363,76.51,0.967332989416031,0.947439969179637,
/media/vsi-dev/Lacie_2/mndot_workzone_project/Tesla/campaign_8348ccbe-b6ca-4be8-82ff-b4eba2616879-Tesla_-_Princeton_169_new/campaign/processed_json/segments/9b1c0b60-a317-4614-b1d3-ac66ae257922/part_3/012289.json,,,0.999887506327888,89,85.5263157894737,85.5263157894737,20.9141274238227,71.8005540166205,74.77,0.965045128393236,0.945008405199078,
/media/vsi-dev/Lacie_2/mndot_workzone_project/Tesla/campaign_8348ccbe-b6ca-4be8-82ff-b4eba2616879-Tesla_-_Princeton_169_new/campaign/processed_json/segments/9b1c0b60-a317-4614-b1d3-ac66ae257922/part_3/012290.json,,,0.999550101234814,89.88,86.1842105263158,85.5263157894737,19.8337950138504,85.7894736842105,76.92,0.965282596014338,0.947687898649627,
/media/vsi-dev/Lacie_2/mndot_workzone_project/Tesla/campaign_8348ccbe-b6ca-4be8-82ff-b4eba2616879-Tesla_-_Princeton_169_new/campaign/processed_json/segments/9b1c0b60-a317-4614-b1d3-ac66ae257922/part_3/012291.json,,,0.999800019998667,85.42,84.8684210526316,85.5263157894737,29.7783933518006,0,65.25,0.966519084101807,0.966692692530488,
/media/vsi-dev/Lacie_2/mndot_workzone_project/Tesla/campaign_8348ccbe-b6ca-4be8-82ff-b4eba2616879-Tesla_-_Princeton_169_new/campaign/processed_json/segments/9b1c0b60-a317-4614-b1d3-ac66ae257922/part_3/012292.json,,,0.998201619028437,90.41,85.1973684210526,85.5263157894737,32.0221606648199,85.1523545706371,78.36,0.965903152948684,0.947654293795732,
/media/vsi-dev/Lacie_2/mndot_workzone_project/Tesla/campaign_8348ccbe-b6ca-4be8-82ff-b4eba2616879-Tesla_-_Princeton_169_new/campaign/processed_json/segments/9b1c0b60-a317-4614-b1d3-ac66ae257922/part_3/012293.json,,,0.998488643251663,90.36,85.8552631578947,85.5263157894737,30.5817174515235,84.4598337950139,78.23,0.964739734999328,0.947775802769546,
/media/vsi-dev/Lacie_2/mndot_workzone_project/Tesla/campaign_8348ccbe-b6ca-4be8-82ff-b4eba2616879-Tesla_-_Princeton_169_new/campaign/processed_json/segments/9b1c0b60-a317-4614-b1d3-ac66ae257922/part_3/012294.json,,,0.998201619028437,89.99,84.8684210526316,86.1842105263158,26.3434903047091,82.6038781163435,77.24,0.968531467822369,0.947897500108794,
/media/vsi-dev/Lacie_2/mndot_workzone_project/Tesla/campaign_8348ccbe-b6ca-4be8-82ff-b4eba2616879-Tesla_-_Princeton_169_new/campaign/processed_json/segments/9b1c0b60-a317-4614-b1d3-ac66ae257922/part_3/012295.json,,,0.998750780924581,90.17,84.8684210526316,85.8552631578947,29.9445983379501,82.5761772853186,77.67,0.967883924207332,0.94716614090593,
/media/vsi-dev/Lacie_2/mndot_workzone_project/Tesla/campaign_8348ccbe-b6ca-4be8-82ff-b4eba2616879-Tesla_-_Princeton_169_new/campaign/processed_json/segments/9b1c0b60-a317-4614-b1d3-ac66ae257922/part_3/012296.json,,,0.999387687539834,90.83,85.5263157894737,85.8552631578947,41.0803324099723,81.4958448753463,79.36,0.964592278851321,0.946778566797434,
/media/vsi-dev/Lacie_2/mndot_workzone_project/Tesla/campaign_8348ccbe-b6ca-4be8-82ff-b4eba2616879-Tesla_-_Princeton_169_new/campaign/processed_json/segments/9b1c0b60-a317-4614-b1d3-ac66ae257922/part_3/012297.json,,,0.999200319914684,90.22,85.8552631578947,85.5263157894737,30.2770083102493,82.1883656509695,77.84,0.966065047649321,0.945988434514956,
/media/vsi-dev/Lacie_2/mndot_workzone_project/Tesla/campaign_8348ccbe-b6ca-4be8-82ff-b4eba2616879-Tesla_-_Princeton_169_new/campaign/processed_json/segments/9b1c0b60-a317-4614-b1d3-ac66ae257922/part_3/012298.json,,,0.999800019998667,90.31,86.1842105263158,86.1842105263158,31.606648199446,80.0277008310249,78.01,0.965548466719067,0.945821715225427,
/media/vsi-dev/Lacie_2/mndot_workzone_project/Tesla/campaign_8348ccbe-b6ca-4be8-82ff-b4eba2616879-Tesla_-_Princeton_169_new/campaign/processed_json/segments/9b1c0b60-a317-4614-b1d3-ac66ae257922/part_3/012299.json,,,0.999800019998667,90.47,85.5263157894737,85.5263157894737,36.7313019390582,79.8891966759003,78.37,0.967548454719099,0.945147515646351,
/media/vsi-dev/Lacie_2/mndot_workzone_project/Tesla/campaign_8348ccbe-b6ca-4be8-82ff-b4eba2616879-Tesla_-_Princeton_169_new/campaign/processed_json/segments/9b1c0b60-a317-4614-b1d3-ac66ae257922/part_3/012300.json,,,0.999887506327888,90.2,85.8552631578947,85.8552631578947,32.7423822714681,78.0332409972299,77.69,0.968335771095974,0.944760796426754,
/media/vsi-dev/Lacie_2/mndot_workzone_project/Tesla/campaign_8348ccbe-b6ca-4be8-82ff-b4eba2616879-Tesla_-_Princeton_169_new/campaign/processed_json/segments/9b1c0b60-a317-4614-b1d3-ac66ae257922/part_3/012301.json,,,0.997552998800479,89.36,86.5131578947369,85.8552631578947,19.5567867036011,78.005540166205,75.89,0.965351321441699,0.944637970876847,
/media/vsi-dev/Lacie_2/mndot_workzone_project/Tesla/campaign_8348ccbe-b6ca-4be8-82ff-b4eba2616879-Tesla_-_Princeton_169_new/campaign/processed_json/segments/9b1c0b60-a317-4614-b1d3-ac66ae257922/part_3/012302.json,,,0.999550101234814,90.71,84.8684210526316,86.1842105263158,41.994459833795,79.3351800554017,79.07,0.966983260630177,0.943393046695837,
/media/vsi-dev/Lacie_2/mndot_workzone_project/Tesla/campaign_8348ccbe-b6ca-4be8-82ff-b4eba2616879-Tesla_-_Princeton_169_new/campaign/processed_json/segments/9b1c0b60-a317-4614-b1d3-ac66ae257922/part_3/012303.json,,,0.998488643251663,87.93,85.8552631578947,86.8421052631579,31.191135734072,41.8559556786704,72.3,0.970264087508581,0.937206229372826,
/media/vsi-dev/Lacie_2/mndot_workzone_project/Tesla/campaign_8348ccbe-b6ca-4be8-82ff-b4eba2616879-Tesla_-_Princeton_169_new/campaign/processed_json/segments/9b1c0b60-a317-4614-b1d3-ac66ae257922/part_3/012304.json,,,0.996805114543033,89.85,86.5131578947369,86.8421052631579,49.8337950138504,55.595567867036,77.34,0.963940202323825,0.93979041019541,
/media/vsi-dev/Lacie_2/mndot_workzone_project/Tesla/campaign_8348ccbe-b6ca-4be8-82ff-b4eba2616879-Tesla_-_Princeton_169_new/campaign/processed_json/segments/9b1c0b60-a317-4614-b1d3-ac66ae257922/part_3/012305.json,,,0.998201619028437,89.89,86.1842105263158,86.1842105263158,43.4903047091413,62.1883656509695,77.12,0.968790432308122,0.942386107781374,
/media/vsi-dev/Lacie_2/mndot_workzone_project/Tesla/campaign_8348ccbe-b6ca-4be8-82ff-b4eba2616879-Tesla_-_Princeton_169_new/campaign/processed_json/segments/9b1c0b60-a317-4614-b1d3-ac66ae257922/part_3/012306.json,,,0.990928893001464,90.06,86.5131578947369,86.1842105263158,45.7617728531856,67.0637119113573,78.29,0.966772343531099,0.943881733804434,
/media/vsi-dev/Lacie_2/mndot_workzone_project/Tesla/campaign_8348ccbe-b6ca-4be8-82ff-b4eba2616879-Tesla_-_Princeton_169_new/campaign/processed_json/segments/9b1c0b60-a317-4614-b1d3-ac66ae257922/part_3/012307.json,,,0.995497666030972,88.5,86.1842105263158,86.8421052631579,26.1218836565097,56.6204986149585,73.88,0.969821841582694,0.942948142118804,
/media/vsi-dev/Lacie_2/mndot_workzone_project/Tesla/campaign_8348ccbe-b6ca-4be8-82ff-b4eba2616879-Tesla_-_Princeton_169_new/campaign/processed_json/segments/9b1c0b60-a317-4614-b1d3-ac66ae257922/part_3/012308.json,,,0.989542563208551,89.08,86.5131578947369,86.1842105263158,42.1606648199446,55.4016620498615,75.99,0.96994710273899,0.939824089033085,
/media/vsi-dev/Lacie_2/mndot_workzone_project/Tesla/campaign_8348ccbe-b6ca-4be8-82ff-b4eba2616879-Tesla_-_Princeton_169_new/campaign/processed_json/segments/9b1c0b60-a317-4614-b1d3-ac66ae257922/part_3/012309.json,,,0.988813044611233,91.75,86.8421052631579,86.1842105263158,100,46.7036011080332,83.34,0.949830558963118,0.93585474132307,
/media/vsi-dev/Lacie_2/mndot_workzone_project/Tesla/campaign_8348ccbe-b6ca-4be8-82ff-b4eba2616879-Tesla_-_Princeton_169_new/campaign/processed_json/segments/9b1c0b60-a317-4614-b1d3-ac66ae257922/part_3/012310.json,,,0.993968264398234,89.29,86.8421052631579,86.5131578947369,42.0498614958449,56.0664819944598,76.24,0.964753129777753,0.938999549441792,
/media/vsi-dev/Lacie_2/mndot_workzone_project/Tesla/campaign_8348ccbe-b6ca-4be8-82ff-b4eba2616879-Tesla_-_Princeton_169_new/campaign/processed_json/segments/9b1c0b60-a317-4614-b1d3-ac66ae257922/part_3/012311.json,,,0.995497666030972,86.69,86.5131578947369,86.1842105263158,50,0,68.95,0.964850007313278,0.964280918151294,
/media/vsi-dev/Lacie_2/mndot_workzone_project/Tesla/campaign_8348ccbe-b6ca-4be8-82ff-b4eba2616879-Tesla_-_Princeton_169_new/campaign/processed_json/segments/9b1c0b60-a317-4614-b1d3-ac66ae257922/part_3/012312.json,,,0.989542563208551,89.17,86.8421052631579,86.8421052631579,42.9362880886427,55.4570637119114,76.38,0.964880419723414,0.938452896881735,
/media/vsi-dev/Lacie_2/mndot_workzone_project/Tesla/campaign_8348ccbe-b6ca-4be8-82ff-b4eba2616879-Tesla_-_Princeton_169_new/campaign/processed_json/segments/9b1c0b60-a317-4614-b1d3-ac66ae257922/part_3/012313.json,,,0.988059362042712,88.75,85.5263157894737,86.1842105263158,43.4626038781163,53.2409972299169,75.53,0.965397037589415,0.936624172560446,
/media/vsi-dev/Lacie_2/mndot_workzone_project/Tesla/campaign_8348ccbe-b6ca-4be8-82ff-b4eba2616879-Tesla_-_Princeton_169_new/campaign/processed_json/segments/9b1c0b60-a317-4614-b1d3-ac66ae257922/part_3/012314.json,,,0.99158560090355,88.97,86.1842105263158,86.8421052631579,42.0775623268698,53.2963988919668,75.72,0.964153956623407,0.937234567410452,
/media/vsi-dev/Lacie_2/mndot_workzone_project/Tesla/campaign_8348ccbe-b6ca-4be8-82ff-b4eba2616879-Tesla_-_Princeton_169_new/campaign/processed_json/segments/9b1c0b60-a317-4614-b1d3-ac66ae257922/part_3/012315.json,,,0.989542563208551,88.8,86.1842105263158,86.1842105263158,42.8254847645429,53.3518005540166,75.62,0.961781577023216,0.935648625293086,
/media/vsi-dev/Lacie_2/mndot_workzone_project/Tesla/campaign_8348ccbe-b6ca-4be8-82ff-b4eba2616879-Tesla_-_Princeton_169_new/campaign/processed_json/segments/9b1c0b60-a317-4614-b1d3-ac66ae257922/part_3/012316.json,,,0.992217938260244,88.48,86.1842105263158,85.5263157894737,42.797783933518,47.9224376731302,74.6,0.958686235349333,0.936491936444793,
/media/vsi-dev/Lacie_2/mndot_workzone_project/Tesla/campaign_8348ccbe-b6ca-4be8-82ff-b4eba2616879-Tesla_-_Princeton_169_new/campaign/processed_json/segments/9b1c0b60-a317-4614-b1d3-ac66ae257922/part_3/012317.json,,,0.995958190189513,87.46,85.8552631578947,85.5263157894737,32.8531855955679,38.1994459833795,71.57,0.963344408634802,0.936342394796266,
/media/vsi-dev/Lacie_2/mndot_workzone_project/Tesla/campaign_8348ccbe-b6ca-4be8-82ff-b4eba2616879-Tesla_-_Princeton_169_new/campaign/processed_json/segments/9b1c0b60-a317-4614-b1d3-ac66ae257922/part_3/012318.json,,,0.995497666030972,82.96,86.1842105263158,86.1842105263158,0,4.87534626038781,61.68,0.929854565257629,0.91709416532948,
/media/vsi-dev/Lacie_2/mndot_workzone_project/Tesla/campaign_8348ccbe-b6ca-4be8-82ff-b4eba2616879-Tesla_-_Princeton_169_new/campaign/processed_json/segments/9b1c0b60-a317-4614-b1d3-ac66ae257922/part_3/012319.json,,,0.998750780924581,86.41,86.1842105263158,86.1842105263158,26.0664819944598,26.0941828254848,68.97,0.960641578588217,0.926585441988704,
/media/vsi-dev/Lacie_2/mndot_workzone_project/Tesla/campaign_8348ccbe-b6ca-4be8-82ff-b4eba2616879-Tesla_-_Princeton_169_new/campaign/processed_json/segments/9b1c0b60-a317-4614-b1d3-ac66ae257922/part_3/012320.json,,,0.998201619028437,88,85.5263157894737,86.1842105263158,41.5235457063712,38.4487534626039,72.95,0.958868646764935,0.930152905330345,
/media/vsi-dev/Lacie_2/mndot_workzone_project/Tesla/campaign_8348ccbe-b6ca-4be8-82ff-b4eba2616879-Tesla_-_Princeton_169_new/campaign/processed_json/segments/9b1c0b60-a317-4614-b1d3-ac66ae257922/part_3/012321.json,,,0.999200319914684,88.11,86.1842105263158,86.1842105263158,42.3545706371191,38.1994459833795,73.22,0.95793215513877,0.927555325094535,
/media/vsi-dev/Lacie_2/mndot_workzone_project/Tesla/campaign_8348ccbe-b6ca-4be8-82ff-b4eba2616879-Tesla_-_Princeton_169_new/campaign/processed_json/segments/9b1c0b60-a317-4614-b1d3-ac66ae257922/part_3/012322.json,,,0.998201619028437,90.36,86.1842105263158,85.5263157894737,86.5096952908587,37.7285318559557,79.47,0.939445391782696,0.925310121898833,
/media/vsi-dev/Lacie_2/mndot_workzone_project/Tesla/campaign_8348ccbe-b6ca-4be8-82ff-b4eba2616879-Tesla_-_Princeton_169_new/campaign/processed_json/segments/9b1c0b60-a317-4614-b1d3-ac66ae257922/part_3/012323.json,,,0.999887506327888,83.46,84.8684210526316,84.5394736842105,0,0,60.46,0.963927778120042,0.963646420274591,
/media/vsi-dev/Lacie_2/mndot_workzone_project/Tesla/campaign_8348ccbe-b6ca-4be8-82ff-b4eba2616879-Tesla_-_Princeton_169_new/campaign/processed_json/segments/9b1c0b60-a317-4614-b1d3-ac66ae257922/part_3/012324.json,,,1,85.92,85.8552631578947,85.5263157894737,29.1689750692521,18.781163434903,67.97,0.959012641087563,0.914207841138202,
/media/vsi-dev/Lacie_2/mndot_workzone_project/Tesla/campaign_8348ccbe-b6ca-4be8-82ff-b4eba2616879-Tesla_-_Princeton_169_new/campaign/processed_json/segments/9b1c0b60-a317-4614-b1d3-ac66ae257922/part_3/012325.json,,,0.999200319914684,84.13,86.1842105263158,85.5263157894737,23.213296398892,0,64.23,0.959445288084192,0.88797369894809,
/media/vsi-dev/Lacie_2/mndot_workzone_project/Tesla/campaign_8348ccbe-b6ca-4be8-82ff-b4eba2616879-Tesla_-_Princeton_169_new/campaign/processed_json/segments/9b1c0b60-a317-4614-b1d3-ac66ae257922/part_3/012326.json,,,0.999387687539834,84.65,84.8684210526316,84.2105263157895,36.398891966759,0,65.43,0.955066091790893,0.895200411225465,
/media/vsi-dev/Lacie_2/mndot_workzone_project/Tesla/campaign_8348ccbe-b6ca-4be8-82ff-b4eba2616879-Tesla_-_Princeton_169_new/campaign/processed_json/segments/9b1c0b60-a317-4614-b1d3-ac66ae257922/part_3/012327.json,,,0.999800019998667,84.44,85.8552631578947,85.5263157894737,26.6204986149584,0.803324099722992,64.79,0.952523840594575,0.900812526348819,
/media/vsi-dev/Lacie_2/mndot_workzone_project/Tesla/campaign_8348ccbe-b6ca-4be8-82ff-b4eba2616879-Tesla_-_Princeton_169_new/campaign/processed_json/segments/9b1c0b60-a317-4614-b1d3-ac66ae257922/part_3/012328.json,,,0.999550101234814,83.83,85.5263157894737,84.8684210526316,23.4349030470914,0,63.8,0.957240158824746,0.875539863540056,
/media/vsi-dev/Lacie_2/mndot_workzone_project/Tesla/campaign_8348ccbe-b6ca-4be8-82ff-b4eba2616879-Tesla_-_Princeton_169_new/campaign/processed_json/segments/9b1c0b60-a317-4614-b1d3-ac66ae257922/part_3/012329.json,,,0.999887506327888,86.38,85.5263157894737,84.8684210526316,71.4404432132964,0,70.86,0.932641368490733,0.871612308115661,
/media/vsi-dev/Lacie_2/mndot_workzone_project/Tesla/campaign_8348ccbe-b6ca-4be8-82ff-b4eba2616879-Tesla_-_Princeton_169_new/campaign/processed_json/segments/9b1c0b60-a317-4614-b1d3-ac66ae257922/part_3/012330.json,,,0.998201619028437,83.16,85.5263157894737,85.5263157894737,11.2465373961219,0,62.18,0.955904249238484,0.879963619067076,
/media/vsi-dev/Lacie_2/mndot_workzone_project/Tesla/campaign_8348ccbe-b6ca-4be8-82ff-b4eba2616879-Tesla_-_Princeton_169_new/campaign/processed_json/segments/9b1c0b60-a317-4614-b1d3-ac66ae257922/part_3/012331.json,,,0.998988012405174,83.4,85.8552631578947,85.5263157894737,16.3711911357341,0,62.99,0.951516308037857,0.872989023618903,
/media/vsi-dev/Lacie_2/mndot_workzone_project/Tesla/campaign_8348ccbe-b6ca-4be8-82ff-b4eba2616879-Tesla_-_Princeton_169_new/campaign/processed_json/segments/9b1c0b60-a317-4614-b1d3-ac66ae257922/part_3/012332.json,,,0.999987500078125,83.35,85.5263157894737,85.5263157894737,16.7313019390582,0,62.92,0.956091164328782,0.862014125068208,
/media/vsi-dev/Lacie_2/mndot_workzone_project/Tesla/campaign_8348ccbe-b6ca-4be8-82ff-b4eba2616879-Tesla_-_Princeton_169_new/campaign/processed_json/segments/9b1c0b60-a317-4614-b1d3-ac66ae257922/part_3/012333.json,,,0.999800019998667,83.3,85.8552631578947,85.5263157894737,21.994459833795,0,63.64,0.953108270889312,0.832456355178278,
/media/vsi-dev/Lacie_2/mndot_workzone_project/Tesla/campaign_8348ccbe-b6ca-4be8-82ff-b4eba2616879-Tesla_-_Princeton_169_new/campaign/processed_json/segments/9b1c0b60-a317-4614-b1d3-ac66ae257922/part_3/012334.json,,,0.998201619028437,82.86,85.5263157894737,85.5263157894737,18.4764542936288,0,62.96,0.951075530374247,0.823470453104217,
/media/vsi-dev/Lacie_2/mndot_workzone_project/Tesla/campaign_8348ccbe-b6ca-4be8-82ff-b4eba2616879-Tesla_-_Princeton_169_new/campaign/processed_json/segments/9b1c0b60-a317-4614-b1d3-ac66ae257922/part_3/012335.json,,,0.992825857903813,82.12,86.1842105263158,85.1973684210526,10.387811634349,0,61.81,0.952339982358509,0.816125295632408,
/media/vsi-dev/Lacie_2/mndot_workzone_project/Tesla/campaign_8348ccbe-b6ca-4be8-82ff-b4eba2616879-Tesla_-_Princeton_169_new/campaign/processed_json/segments/9b1c0b60-a317-4614-b1d3-ac66ae257922/part_3/012336.json,,,0,46.04,85.5263157894737,86.1842105263158,0,48.6149584487535,68.19,0.949628749674367,0.927187348293988,
/media/vsi-dev/Lacie_2/mndot_workzone_project/Tesla/campaign_8348ccbe-b6ca-4be8-82ff-b4eba2616879-Tesla_-_Princeton_169_new/campaign/processed_json/segments/9b1c0b60-a317-4614-b1d3-ac66ae257922/part_3/012337.json,,,0,43.9,85.5263157894737,86.1842105263158,12.1052631578947,0,62.73,0.954308717654249,0.926486764164523,
/media/vsi-dev/Lacie_2/mndot_workzone_project/Tesla/campaign_8348ccbe-b6ca-4be8-82ff-b4eba2616879-Tesla_-_Princeton_169_new/campaign/processed_json/segments/9b1c0b60-a317-4614-b1d3-ac66ae257922/part_3/012338.json,,,0,43.68,85.5263157894737,85.8552631578947,10.3324099722992,0,62.34,0.953132646752181,0.921145086076746,
/media/vsi-dev/Lacie_2/mndot_workzone_project/Tesla/campaign_8348ccbe-b6ca-4be8-82ff-b4eba2616879-Tesla_-_Princeton_169_new/campaign/processed_json/segments/9b1c0b60-a317-4614-b1d3-ac66ae257922/part_3/012339.json,,,0.990928893001464,83.86,86.1842105263158,84.2105263157895,18.4764542936288,0,63.33,0.94845016702503,0.940445891937701,
/media/vsi-dev/Lacie_2/mndot_workzone_project/Tesla/campaign_8348ccbe-b6ca-4be8-82ff-b4eba2616879-Tesla_-_Princeton_169_new/campaign/processed_json/segments/9b1c0b60-a317-4614-b1d3-ac66ae257922/part_3/012340.json,,,0.990928893001464,80.81,85.5263157894737,85.1973684210526,4.81994459833795,0,60.44,0.952213229234167,0.747351991476988,
/media/vsi-dev/Lacie_2/mndot_workzone_project/Tesla/campaign_8348ccbe-b6ca-4be8-82ff-b4eba2616879-Tesla_-_Princeton_169_new/campaign/processed_json/segments/9b1c0b60-a317-4614-b1d3-ac66ae257922/part_3/012341.json,,,0,43.08,85.5263157894737,85.5263157894737,0,0,60.71,0.949958300219799,0.929314263231667,
/media/vsi-dev/Lacie_2/mndot_workzone_project/Tesla/campaign_8348ccbe-b6ca-4be8-82ff-b4eba2616879-Tesla_-_Princeton_169_new/campaign/processed_json/segments/9b1c0b60-a317-4614-b1d3-ac66ae257922/part_3/012342.json,,,0,46.36,85.5263157894737,85.5263157894737,0,55.6786703601108,69.04,0.945770801875283,0.928783426932522,
/media/vsi-dev/Lacie_2/mndot_workzone_project/Tesla/campaign_8348ccbe-b6ca-4be8-82ff-b4eba2616879-Tesla_-_Princeton_169_new/campaign/processed_json/segments/9b1c0b60-a317-4614-b1d3-ac66ae257922/part_3/012343.json,,,0,46.35,84.2105263157895,85.5263157894737,0,56.7313019390582,68.84,0.951878911101577,0.929809574640923,
/media/vsi-dev/Lacie_2/mndot_workzone_project/Tesla/campaign_8348ccbe-b6ca-4be8-82ff-b4eba2616879-Tesla_-_Princeton_169_new/campaign/processed_json/segments/9b1c0b60-a317-4614-b1d3-ac66ae257922/part_3/012344.json,,,0,46.49,85.1973684210526,85.5263157894737,0,58.2825484764543,69.34,0.945773366734804,0.929677807291964,
/media/vsi-dev/Lacie_2/mndot_workzone_project/Tesla/campaign_8348ccbe-b6ca-4be8-82ff-b4eba2616879-Tesla_-_Princeton_169_new/campaign/processed_json/segments/9b1c0b60-a317-4614-b1d3-ac66ae257922/part_3/012345.json,,,0,45.15,85.1973684210526,85.5263157894737,0,56.1218836565097,68.51,0.842950675786343,0.931694883397867,
/media/vsi-dev/Lacie_2/mndot_workzone_project/Tesla/campaign_8348ccbe-b6ca-4be8-82ff-b4eba2616879-Tesla_-_Princeton_169_new/campaign/processed_json/segments/9b1c0b60-a317-4614-b1d3-ac66ae257922/part_3/012346.json,,,0,46.41,84.5394736842105,84.8684210526316,0,59.5290858725762,69.13,0.944794684978004,0.931223121726834,
/media/vsi-dev/Lacie_2/mndot_workzone_project/Tesla/campaign_8348ccbe-b6ca-4be8-82ff-b4eba2616879-Tesla_-_Princeton_169_new/campaign/processed_json/segments/9b1c0b60-a317-4614-b1d3-ac66ae257922/part_3/012347.json,,,0,45.49,84.8684210526316,85.5263157894737,0,60.2216066481994,69.08,0.853867802110498,0.931749333268657,
/media/vsi-dev/Lacie_2/mndot_workzone_project/Tesla/campaign_8348ccbe-b6ca-4be8-82ff-b4eba2616879-Tesla_-_Princeton_169_new/campaign/processed_json/segments/9b1c0b60-a317-4614-b1d3-ac66ae257922/part_3/012348.json,,,0,46.75,85.5263157894737,85.5263157894737,0,61.1080332409972,69.88,0.948014499608937,0.932093779477001,
/media/vsi-dev/Lacie_2/mndot_workzone_project/Tesla/campaign_8348ccbe-b6ca-4be8-82ff-b4eba2616879-Tesla_-_Princeton_169_new/campaign/processed_json/segments/9b1c0b60-a317-4614-b1d3-ac66ae257922/part_3/012349.json,,,0,46.61,84.5394736842105,85.1973684210526,0,62.4653739612188,69.66,0.941760971764438,0.932521185787058,
/media/vsi-dev/Lacie_2/mndot_workzone_project/Tesla/campaign_8348ccbe-b6ca-4be8-82ff-b4eba2616879-Tesla_-_Princeton_169_new/campaign/processed_json/segments/9b1c0b60-a317-4614-b1d3-ac66ae257922/part_3/012350.json,,,0,46.95,85.5263157894737,85.5263157894737,0,63.2963988919668,70.24,0.952118628783561,0.933140734615108,
/media/vsi-dev/Lacie_2/mndot_workzone_project/Tesla/campaign_8348ccbe-b6ca-4be8-82ff-b4eba2616879-Tesla_-_Princeton_169_new/campaign/processed_json/segments/9b1c0b60-a317-4614-b1d3-ac66ae257922/part_3/012351.json,,,0,46.84,84.2105263157895,84.8684210526316,0,66.3434903047091,70.08,0.947954548553525,0.932886874571918,
/media/vsi-dev/Lacie_2/mndot_workzone_project/Tesla/campaign_8348ccbe-b6ca-4be8-82ff-b4eba2616879-Tesla_-_Princeton_169_new/campaign/processed_json/segments/9b1c0b60-a317-4614-b1d3-ac66ae257922/part_3/012352.json,,,0,47.14,84.8684210526316,85.5263157894737,0,68.5318559556787,70.81,0.948011470430129,0.933747958437062,
/media/vsi-dev/Lacie_2/mndot_workzone_project/Tesla/campaign_8348ccbe-b6ca-4be8-82ff-b4eba2616879-Tesla_-_Princeton_169_new/campaign/processed_json/segments/9b1c0b60-a317-4614-b1d3-ac66ae257922/part_3/012353.json,,,0.97715254792786,83.15,85.1973684210526,86.1842105263158,0,67.2299168975069,69.61,0.686881210389828,0.934976550340781,
/media/vsi-dev/Lacie_2/mndot_workzone_project/Tesla/campaign_8348ccbe-b6ca-4be8-82ff-b4eba2616879-Tesla_-_Princeton_169_new/campaign/processed_json/segments/9b1c0b60-a317-4614-b1d3-ac66ae257922/part_3/012354.json,,,0.975005175298418,82.92,84.8684210526316,85.5263157894737,0,69.3628808864266,69.57,0.675040525210939,0.934321319043232,
/media/vsi-dev/Lacie_2/mndot_workzone_project/Tesla/campaign_8348ccbe-b6ca-4be8-82ff-b4eba2616879-Tesla_-_Princeton_169_new/campaign/processed_json/segments/9b1c0b60-a317-4614-b1d3-ac66ae257922/part_3/012355.json,,,0.969233234476344,85.3,83.8815789473684,85.1973684210526,0,70.5817174515236,70.48,0.898984692148788,0.935194458120358,
/media/vsi-dev/Lacie_2/mndot_workzone_project/Tesla/campaign_8348ccbe-b6ca-4be8-82ff-b4eba2616879-Tesla_-_Princeton_169_new/campaign/processed_json/segments/9b1c0b60-a317-4614-b1d3-ac66ae257922/part_3/012356.json,,,0.973896737455057,84.01,85.5263157894737,85.8552631578947,0,68.6980609418283,70.21,0.76088160188363,0.93659828190641,
/media/vsi-dev/Lacie_2/mndot_workzone_project/Tesla/campaign_8348ccbe-b6ca-4be8-82ff-b4eba2616879-Tesla_-_Princeton_169_new/campaign/processed_json/segments/9b1c0b60-a317-4614-b1d3-ac66ae257922/part_3/012357.json,,,0.98728157159029,85.24,84.8684210526316,85.5263157894737,0,70.6648199445983,70.49,0.818456244095994,0.936592743735992,
/media/vsi-dev/Lacie_2/mndot_workzone_project/Tesla/campaign_8348ccbe-b6ca-4be8-82ff-b4eba2616879-Tesla_-_Princeton_169_new/campaign/processed_json/segments/9b1c0b60-a317-4614-b1d3-ac66ae257922/part_3/012358.json,,,0.983930514272508,85.14,84.8684210526316,85.5263157894737,0,71.1634349030471,70.57,0.818330298403447,0.937077149816015,
/media/vsi-dev/Lacie_2/mndot_workzone_project/Tesla/campaign_8348ccbe-b6ca-4be8-82ff-b4eba2616879-Tesla_-_Princeton_169_new/campaign/processed_json/segments/9b1c0b60-a317-4614-b1d3-ac66ae257922/part_3/012359.json,,,0.993409314468916,86.11,84.8684210526316,85.1973684210526,0,73.2409972299169,70.99,0.860674687612007,0.936611998632765,
/media/vsi-dev/Lacie_2/mndot_workzone_project/Tesla/campaign_8348ccbe-b6ca-4be8-82ff-b4eba2616879-Tesla_-_Princeton_169_new/campaign/processed_json/segments/9b1c0b60-a317-4614-b1d3-ac66ae257922/part_3/012360.json,,,0.983930514272508,86.78,83.8815789473684,85.5263157894737,0,74.7368421052632,71.45,0.947725237745616,0.936569946928011,
/media/vsi-dev/Lacie_2/mndot_workzone_project/Tesla/campaign_8348ccbe-b6ca-4be8-82ff-b4eba2616879-Tesla_-_Princeton_169_new/campaign/processed_json/segments/9b1c0b60-a317-4614-b1d3-ac66ae257922/part_3/012361.json,,,0.993409314468916,87.23,84.8684210526316,84.8684210526316,13.8227146814404,76.3711911357341,73.5,0.873112948488572,0.93643679679733,
/media/vsi-dev/Lacie_2/mndot_workzone_project/Tesla/campaign_8348ccbe-b6ca-4be8-82ff-b4eba2616879-Tesla_-_Princeton_169_new/campaign/processed_json/segments/9b1c0b60-a317-4614-b1d3-ac66ae257922/part_3/012362.json,,,0.988813044611233,87.24,84.8684210526316,84.8684210526316,15.3185595567867,76.4819944598338,73.78,0.879966191537016,0.937640769283563,
/media/vsi-dev/Lacie_2/mndot_workzone_project/Tesla/campaign_8348ccbe-b6ca-4be8-82ff-b4eba2616879-Tesla_-_Princeton_169_new/campaign/processed_json/segments/9b1c0b60-a317-4614-b1d3-ac66ae257922/part_3/012363.json,,,0.982111925534364,86.9,84.2105263157895,84.8684210526316,0,77.5069252077562,71.8,0.951868669399496,0.937989988887733,
/media/vsi-dev/Lacie_2/mndot_workzone_project/Tesla/campaign_8348ccbe-b6ca-4be8-82ff-b4eba2616879-Tesla_-_Princeton_169_new/campaign/processed_json/segments/9b1c0b60-a317-4614-b1d3-ac66ae257922/part_3/012364.json,,,0.99158560090355,88.06,84.8684210526316,85.5263157894737,19.6675900277008,80.9972299168975,75.35,0.887888218553022,0.937723068688046,
/media/vsi-dev/Lacie_2/mndot_workzone_project/Tesla/campaign_8348ccbe-b6ca-4be8-82ff-b4eba2616879-Tesla_-_Princeton_169_new/campaign/processed_json/segments/9b1c0b60-a317-4614-b1d3-ac66ae257922/part_3/012365.json,,,0.992825857903813,88.3,84.8684210526316,85.5263157894737,22.0221606648199,81.2742382271468,75.75,0.890113355119236,0.938222973475803,
/media/vsi-dev/Lacie_2/mndot_workzone_project/Tesla/campaign_8348ccbe-b6ca-4be8-82ff-b4eba2616879-Tesla_-_Princeton_169_new/campaign/processed_json/segments/9b1c0b60-a317-4614-b1d3-ac66ae257922/part_3/012366.json,,,0.990247863518234,87.78,84.5394736842105,85.5263157894737,0,83.8504155124654,73.07,0.955895793368512,0.93825562868907,
/media/vsi-dev/Lacie_2/mndot_workzone_project/Tesla/campaign_8348ccbe-b6ca-4be8-82ff-b4eba2616879-Tesla_-_Princeton_169_new/campaign/processed_json/segments/9b1c0b60-a317-4614-b1d3-ac66ae257922/part_3/012367.json,,,0.981167097577432,87.25,83.8815789473684,85.5263157894737,0,82.6869806094183,72.69,0.953472850041115,0.939588715456594,
/media/vsi-dev/Lacie_2/mndot_workzone_project/Tesla/campaign_8348ccbe-b6ca-4be8-82ff-b4eba2616879-Tesla_-_Princeton_169_new/campaign/processed_json/segments/9b1c0b60-a317-4614-b1d3-ac66ae257922/part_3/012368.json,,,0.992825857903813,87.13,84.8684210526316,85.5263157894737,0,83.7396121883657,72.82,0.888575235517481,0.94007457403764,
/media/vsi-dev/Lacie_2/mndot_workzone_project/Tesla/campaign_8348ccbe-b6ca-4be8-82ff-b4eba2616879-Tesla_-_Princeton_169_new/campaign/processed_json/segments/9b1c0b60-a317-4614-b1d3-ac66ae257922/part_3/012369.json,,,0.990247863518234,87.88,84.2105263157895,85.5263157894737,0,86.0387811634349,73.3,0.955670125230957,0.939828946055017,
/media/vsi-dev/Lacie_2/mndot_workzone_project/Tesla/campaign_8348ccbe-b6ca-4be8-82ff-b4eba2616879-Tesla_-_Princeton_169_new/campaign/processed_json/segments/9b1c0b60-a317-4614-b1d3-ac66ae257922/part_3/012370.json,,,0.993409314468916,87.95,84.2105263157895,84.8684210526316,0,87.0360110803324,73.24,0.95193061999429,0.939801456347822,
/media/vsi-dev/Lacie_2/mndot_workzone_project/Tesla/campaign_8348ccbe-b6ca-4be8-82ff-b4eba2616879-Tesla_-_Princeton_169_new/campaign/processed_json/segments/9b1c0b60-a317-4614-b1d3-ac66ae257922/part_3/012371.json,,,0.998988012405174,89.28,84.8684210526316,84.8684210526316,23.9335180055402,88.4210526315789,77.03,0.911173033227457,0.940083243527998,
/media/vsi-dev/Lacie_2/mndot_workzone_project/Tesla/campaign_8348ccbe-b6ca-4be8-82ff-b4eba2616879-Tesla_-_Princeton_169_new/campaign/processed_json/segments/9b1c0b60-a317-4614-b1d3-ac66ae257922/part_3/012372.json,,,0.992825857903813,82.83,84.2105263157895,84.8684210526316,0,0,60.24,0.96178600258203,0.94073151342768,
/media/vsi-dev/Lacie_2/mndot_workzone_project/Tesla/campaign_8348ccbe-b6ca-4be8-82ff-b4eba2616879-Tesla_-_Princeton_169_new/campaign/processed_json/segments/9b1c0b60-a317-4614-b1d3-ac66ae257922/part_3/012373.json,,,0.995497666030972,88.26,84.5394736842105,85.1973684210526,0,89.5290858725762,73.81,0.94990589297655,0.941499863973486,
/media/vsi-dev/Lacie_2/mndot_workzone_project/Tesla/campaign_8348ccbe-b6ca-4be8-82ff-b4eba2616879-Tesla_-_Princeton_169_new/campaign/processed_json/segments/9b1c0b60-a317-4614-b1d3-ac66ae257922/part_3/012374.json,,,0.996805114543033,88.38,83.5526315789474,84.8684210526316,0,91.1080332409972,73.71,0.961199054966103,0.941632445990304,
/media/vsi-dev/Lacie_2/mndot_workzone_project/Tesla/campaign_8348ccbe-b6ca-4be8-82ff-b4eba2616879-Tesla_-_Princeton_169_new/campaign/processed_json/segments/9b1c0b60-a317-4614-b1d3-ac66ae257922/part_3/012375.json,,,0.997889729757728,89.8,84.8684210526316,85.5263157894737,27.8670360110803,89.6398891966759,78.07,0.922297220024098,0.943117392231987,
/media/vsi-dev/Lacie_2/mndot_workzone_project/Tesla/campaign_8348ccbe-b6ca-4be8-82ff-b4eba2616879-Tesla_-_Princeton_169_new/campaign/processed_json/segments/9b1c0b60-a317-4614-b1d3-ac66ae257922/part_3/012376.json,,,0.999387687539834,90.17,84.8684210526316,85.1973684210526,33.5457063711911,89.4736842105263,78.81,0.923968632719805,0.943267051222219,
/media/vsi-dev/Lacie_2/mndot_workzone_project/Tesla/campaign_8348ccbe-b6ca-4be8-82ff-b4eba2616879-Tesla_-_Princeton_169_new/campaign/processed_json/segments/9b1c0b60-a317-4614-b1d3-ac66ae257922/part_3/012377.json,,,0.998488643251663,90.4,84.8684210526316,85.5263157894737,35.9002770083102,90.803324099723,79.46,0.924066710043872,0.943264567903758,
/media/vsi-dev/Lacie_2/mndot_workzone_project/Tesla/campaign_8348ccbe-b6ca-4be8-82ff-b4eba2616879-Tesla_-_Princeton_169_new/campaign/processed_json/segments/9b1c0b60-a317-4614-b1d3-ac66ae257922/part_3/012378.json,,,0.994502665947899,88.64,84.5394736842105,85.5263157894737,0,93.3795013850416,74.55,0.960033110482618,0.943675364422788,
/media/vsi-dev/Lacie_2/mndot_workzone_project/Tesla/campaign_8348ccbe-b6ca-4be8-82ff-b4eba2616879-Tesla_-_Princeton_169_new/campaign/processed_json/segments/9b1c0b60-a317-4614-b1d3-ac66ae257922/part_3/012379.json,,,0.997191451372845,88.8,84.8684210526316,85.5263157894737,0,94.1828254847646,74.75,0.957976986511844,0.943542797597793,
/media/vsi-dev/Lacie_2/mndot_workzone_project/Tesla/campaign_8348ccbe-b6ca-4be8-82ff-b4eba2616879-Tesla_-_Princeton_169_new/campaign/processed_json/segments/9b1c0b60-a317-4614-b1d3-ac66ae257922/part_3/012380.json,,,0.995012479192682,88.99,85.1973684210526,85.5263157894737,0,96.5927977839335,75.25,0.965207147910708,0.944083856819094,
/media/vsi-dev/Lacie_2/mndot_workzone_project/Tesla/campaign_8348ccbe-b6ca-4be8-82ff-b4eba2616879-Tesla_-_Princeton_169_new/campaign/processed_json/segments/9b1c0b60-a317-4614-b1d3-ac66ae257922/part_3/012381.json,,,0.999387687539834,91.19,85.5263157894737,85.8552631578947,40.2770083102493,95.7894736842105,81.19,0.929537050733784,0.94437491282428,
/media/vsi-dev/Lacie_2/mndot_workzone_project/Tesla/campaign_8348ccbe-b6ca-4be8-82ff-b4eba2616879-Tesla_-_Princeton_169_new/campaign/processed_json/segments/9b1c0b60-a317-4614-b1d3-ac66ae257922/part_3/012382.json,,,0.998988012405174,89.09,85.1973684210526,85.5263157894737,0,95.9279778393352,75.14,0.962491875507097,0.944888261493617,
/media/vsi-dev/Lacie_2/mndot_workzone_project/Tesla/campaign_8348ccbe-b6ca-4be8-82ff-b4eba2616879-Tesla_-_Princeton_169_new/campaign/processed_json/segments/9b1c0b60-a317-4614-b1d3-ac66ae257922/part_3/012383.json,,,0.997889729757728,89.27,85.1973684210526,85.5263157894737,0,99.9445983379501,75.74,0.961244523314622,0.944793230313476,
/media/vsi-dev/Lacie_2/mndot_workzone_project/Tesla/campaign_8348ccbe-b6ca-4be8-82ff-b4eba2616879-Tesla_-_Princeton_169_new/campaign/processed_json/segments/9b1c0b60-a317-4614-b1d3-ac66ae257922/part_3/012384.json,,,0.997889729757728,89.33,85.5263157894737,85.5263157894737,0,100,75.85,0.962555250747486,0.944460848768262,
/media/vsi-dev/Lacie_2/mndot_workzone_project/Tesla/campaign_8348ccbe-b6ca-4be8-82ff-b4eba2616879-Tesla_-_Princeton_169_new/campaign/processed_json/segments/9b1c0b60-a317-4614-b1d3-ac66ae257922/part_3/012385.json,,,0.998488643251663,89.14,84.5394736842105,84.8684210526316,0,100,75.35,0.961693491234236,0.944344904704716,
/media/vsi-dev/Lacie_2/mndot_workzone_project/Tesla/campaign_8348ccbe-b6ca-4be8-82ff-b4eba2616879-Tesla_-_Princeton_169_new/campaign/processed_json/segments/9b1c0b60-a317-4614-b1d3-ac66ae257922/part_3/012386.json,,,0.998988012405174,89.26,84.2105263157895,85.5263157894737,0,100,75.48,0.964958383649205,0.946265333461878,
/media/vsi-dev/Lacie_2/mndot_workzone_project/Tesla/campaign_8348ccbe-b6ca-4be8-82ff-b4eba2616879-Tesla_-_Princeton_169_new/campaign/processed_json/segments/9b1c0b60-a317-4614-b1d3-ac66ae257922/part_3/012387.json,,,0.997889729757728,89.11,84.5394736842105,84.8684210526316,0,100,75.35,0.960325198162091,0.9452866703426,
/media/vsi-dev/Lacie_2/mndot_workzone_project/Tesla/campaign_8348ccbe-b6ca-4be8-82ff-b4eba2616879-Tesla_-_Princeton_169_new/campaign/processed_json/segments/9b1c0b60-a317-4614-b1d3-ac66ae257922/part_3/012388.json,,,0.998988012405174,89.13,84.2105263157895,84.8684210526316,0,100,75.26,0.961669202218467,0.945295596577937,
/media/vsi-dev/Lacie_2/mndot_workzone_project/Tesla/campaign_8348ccbe-b6ca-4be8-82ff-b4eba2616879-Tesla_-_Princeton_169_new/campaign/processed_json/segments/9b1c0b60-a317-4614-b1d3-ac66ae257922/part_3/012389.json,,,0.999950001249979,89.24,84.2105263157895,85.5263157894737,0,100,75.45,0.959869133986745,0.946762653927518,
/media/vsi-dev/Lacie_2/mndot_workzone_project/Tesla/campaign_8348ccbe-b6ca-4be8-82ff-b4eba2616879-Tesla_-_Princeton_169_new/campaign/processed_json/segments/9b1c0b60-a317-4614-b1d3-ac66ae257922/part_3/012390.json,,,0.999987500078125,89.31,84.5394736842105,85.5263157894737,0,100,75.56,0.960515492658259,0.947690411584769,
/media/vsi-dev/Lacie_2/mndot_workzone_project/Tesla/campaign_8348ccbe-b6ca-4be8-82ff-b4eba2616879-Tesla_-_Princeton_169_new/campaign/processed_json/segments/9b1c0b60-a317-4614-b1d3-ac66ae257922/part_3/012391.json,,,0.999887506327888,89.18,84.2105263157895,84.8684210526316,0,100,75.26,0.96066604332563,0.947507925076241,
/media/vsi-dev/Lacie_2/mndot_workzone_project/Tesla/campaign_8348ccbe-b6ca-4be8-82ff-b4eba2616879-Tesla_-_Princeton_169_new/campaign/processed_json/segments/9b1c0b60-a317-4614-b1d3-ac66ae257922/part_3/012392.json,,,0.999800019998667,83.3,84.8684210526316,85.5263157894737,0,0,60.64,0.957070840898411,0.94801484381749,
/media/vsi-dev/Lacie_2/mndot_workzone_project/Tesla/campaign_8348ccbe-b6ca-4be8-82ff-b4eba2616879-Tesla_-_Princeton_169_new/campaign/processed_json/segments/9b1c0b60-a317-4614-b1d3-ac66ae257922/part_3/012393.json,,,0.999687548823039,89.19,84.2105263157895,84.8684210526316,0,100,75.27,0.961204965933202,0.948027508320752,
/media/vsi-dev/Lacie_2/mndot_workzone_project/Tesla/campaign_8348ccbe-b6ca-4be8-82ff-b4eba2616879-Tesla_-_Princeton_169_new/campaign/processed_json/segments/9b1c0b60-a317-4614-b1d3-ac66ae257922/part_3/012394.json,,,0.999687548823039,89.25,84.5394736842105,84.8684210526316,0,100,75.38,0.963664489333583,0.947518782066577,
/media/vsi-dev/Lacie_2/mndot_workzone_project/Tesla/campaign_8348ccbe-b6ca-4be8-82ff-b4eba2616879-Tesla_-_Princeton_169_new/campaign/processed_json/segments/9b1c0b60-a317-4614-b1d3-ac66ae257922/part_3/012395.json,,,0.999200319914684,89.27,84.5394736842105,84.8684210526316,0,100,75.39,0.966392993977013,0.947880011090244,
/media/vsi-dev/Lacie_2/mndot_workzone_project/Tesla/campaign_8348ccbe-b6ca-4be8-82ff-b4eba2616879-Tesla_-_Princeton_169_new/campaign/processed_json/segments/9b1c0b60-a317-4614-b1d3-ac66ae257922/part_3/012396.json,,,0.998988012405174,89.28,84.5394736842105,84.8684210526316,0,100,75.4,0.967996646801414,0.947777161502893,
/media/vsi-dev/Lacie_2/mndot_workzone_project/Tesla/campaign_8348ccbe-b6ca-4be8-82ff-b4eba2616879-Tesla_-_Princeton_169_new/campaign/processed_json/segments/9b1c0b60-a317-4614-b1d3-ac66ae257922/part_3/012397.json,,,0.999687548823039,89.21,84.2105263157895,84.8684210526316,0,100,75.28,0.963099111702298,0.947856331843818,
/media/vsi-dev/Lacie_2/mndot_workzone_project/Tesla/campaign_8348ccbe-b6ca-4be8-82ff-b4eba2616879-Tesla_-_Princeton_169_new/campaign/processed_json/segments/9b1c0b60-a317-4614-b1d3-ac66ae257922/part_3/012398.json,,,0.999200319914684,89.07,82.8947368421053,84.8684210526316,0,100,74.9,0.966122612256778,0.947983689037788,
/media/vsi-dev/Lacie_2/mndot_workzone_project/Tesla/campaign_8348ccbe-b6ca-4be8-82ff-b4eba2616879-Tesla_-_Princeton_169_new/campaign/processed_json/segments/9b1c0b60-a317-4614-b1d3-ac66ae257922/part_3/012399.json,,,0.998201619028437,89.16,84.2105263157895,84.8684210526316,0,100,75.28,0.963587868194118,0.948168294380547,
/media/vsi-dev/Lacie_2/mndot_workzone_project/Tesla/campaign_8348ccbe-b6ca-4be8-82ff-b4eba2616879-Tesla_-_Princeton_169_new/campaign/processed_json/segments/9b1c0b60-a317-4614-b1d3-ac66ae257922/part_3/012400.json,,,0.998988012405174,89.2,83.8815789473684,84.8684210526316,0,100,75.21,0.967779826673721,0.948254824109369,
/media/vsi-dev/Lacie_2/mndot_workzone_project/Tesla/campaign_8348ccbe-b6ca-4be8-82ff-b4eba2616879-Tesla_-_Princeton_169_new/campaign/processed_json/segments/9b1c0b60-a317-4614-b1d3-ac66ae257922/part_3/012401.json,,,0.998488643251663,88.99,82.2368421052632,84.8684210526316,0,100,74.71,0.967486097449911,0.948687173973222,
/media/vsi-dev/Lacie_2/mndot_workzone_project/Tesla/campaign_8348ccbe-b6ca-4be8-82ff-b4eba2616879-Tesla_-_Princeton_169_new/campaign/processed_json/segments/9b1c0b60-a317-4614-b1d3-ac66ae257922/part_3/012402.json,,,0.999687548823039,92.78,84.8684210526316,84.8684210526316,62.409972299169,100,84.73,0.941503275587857,0.948928721553987,
/media/vsi-dev/Lacie_2/mndot_workzone_project/Tesla/campaign_8348ccbe-b6ca-4be8-82ff-b4eba2616879-Tesla_-_Princeton_169_new/campaign/processed_json/segments/9b1c0b60-a317-4614-b1d3-ac66ae257922/part_3/012403.json,,,0.997191451372845,89.24,84.8684210526316,84.8684210526316,0,100,75.5,0.965817379766278,0.949494056402337,
/media/vsi-dev/Lacie_2/mndot_workzone_project/Tesla/campaign_8348ccbe-b6ca-4be8-82ff-b4eba2616879-Tesla_-_Princeton_169_new/campaign/processed_json/segments/9b1c0b60-a317-4614-b1d3-ac66ae257922/part_3/012404.json,,,0.997889729757728,89.16,84.2105263157895,84.5394736842105,0,100,75.2,0.967089074827148,0.948905699503174,
/media/vsi-dev/Lacie_2/mndot_workzone_project/Tesla/campaign_8348ccbe-b6ca-4be8-82ff-b4eba2616879-Tesla_-_Princeton_169_new/campaign/processed_json/segments/9b1c0b60-a317-4614-b1d3-ac66ae257922/part_3/012405.json,,,0.997889729757728,89.42,84.2105263157895,84.8684210526316,4.21052631578947,100,75.92,0.96399784105142,0.949198138709963,
/media/vsi-dev/Lacie_2/mndot_workzone_project/Tesla/campaign_8348ccbe-b6ca-4be8-82ff-b4eba2616879-Tesla_-_Princeton_169_new/campaign/processed_json/segments/9b1c0b60-a317-4614-b1d3-ac66ae257922/part_3/012406.json,,,0.995497666030972,89.11,84.2105263157895,84.8684210526316,0,100,75.31,0.967472095438166,0.94886610899352,
/media/vsi-dev/Lacie_2/mndot_workzone_project/Tesla/campaign_8348ccbe-b6ca-4be8-82ff-b4eba2616879-Tesla_-_Princeton_169_new/campaign/processed_json/segments/9b1c0b60-a317-4614-b1d3-ac66ae257922/part_3/012407.json,,,0.997191451372845,89.2,84.5394736842105,84.8684210526316,0,100,75.4,0.966175783894986,0.949094703536236,
/media/vsi-dev/Lacie_2/mndot_workzone_project/Tesla/campaign_8348ccbe-b6ca-4be8-82ff-b4eba2616879-Tesla_-_Princeton_169_new/campaign/processed_json/segments/9b1c0b60-a317-4614-b1d3-ac66ae257922/part_3/012408.json,,,0.996805114543033,89.15,84.5394736842105,84.5394736842105,0,100,75.3,0.966447568723472,0.949122382324867,
/media/vsi-dev/Lacie_2/mndot_workzone_project/Tesla/campaign_8348ccbe-b6ca-4be8-82ff-b4eba2616879-Tesla_-_Princeton_169_new/campaign/processed_json/segments/9b1c0b60-a317-4614-b1d3-ac66ae257922/part_3/012409.json,,,0.996394017227934,89.13,84.2105263157895,84.8684210526316,0,100,75.3,0.966396021227596,0.948827257888575,
/media/vsi-dev/Lacie_2/mndot_workzone_project/Tesla/campaign_8348ccbe-b6ca-4be8-82ff-b4eba2616879-Tesla_-_Princeton_169_new/campaign/processed_json/segments/9b1c0b60-a317-4614-b1d3-ac66ae257922/part_3/012410.json,,,0.997191451372845,89.75,84.2105263157895,84.2105263157895,12.0498614958449,100,76.89,0.961516981435441,0.948830451412583,
/media/vsi-dev/Lacie_2/mndot_workzone_project/Tesla/campaign_8348ccbe-b6ca-4be8-82ff-b4eba2616879-Tesla_-_Princeton_169_new/campaign/processed_json/segments/9b1c0b60-a317-4614-b1d3-ac66ae257922/part_3/012411.json,,,0.999887506327888,89.06,82.8947368421053,84.8684210526316,0,100,74.89,0.962164924412269,0.949090603930154,
/media/vsi-dev/Lacie_2/mndot_workzone_project/Tesla/campaign_8348ccbe-b6ca-4be8-82ff-b4eba2616879-Tesla_-_Princeton_169_new/campaign/processed_json/segments/9b1c0b60-a317-4614-b1d3-ac66ae257922/part_3/012412.json,,,0.996805114543033,82.94,83.8815789473684,84.2105263157895,0,0,59.97,0.959298622016335,0.948680377434794,
/media/vsi-dev/Lacie_2/mndot_workzone_project/Tesla/campaign_8348ccbe-b6ca-4be8-82ff-b4eba2616879-Tesla_-_Princeton_169_new/campaign/processed_json/segments/9b1c0b60-a317-4614-b1d3-ac66ae257922/part_3/012413.json,,,0.998201619028437,89.08,83.8815789473684,84.8684210526316,0,100,75.17,0.958777818119101,0.949380286433967,
/media/vsi-dev/Lacie_2/mndot_workzone_project/Tesla/campaign_8348ccbe-b6ca-4be8-82ff-b4eba2616879-Tesla_-_Princeton_169_new/campaign/processed_json/segments/9b1c0b60-a317-4614-b1d3-ac66ae257922/part_3/012414.json,,,0.999200319914684,88.98,82.8947368421053,84.2105263157895,0,100,74.7,0.963833097354309,0.948876246218041,
/media/vsi-dev/Lacie_2/mndot_workzone_project/Tesla/campaign_8348ccbe-b6ca-4be8-82ff-b4eba2616879-Tesla_-_Princeton_169_new/campaign/processed_json/segments/9b1c0b60-a317-4614-b1d3-ac66ae257922/part_3/012415.json,,,0.997191451372845,89.11,84.2105263157895,84.8684210526316,0,100,75.28,0.961805540541595,0.949190684756085,
/media/vsi-dev/Lacie_2/mndot_workzone_project/Tesla/campaign_8348ccbe-b6ca-4be8-82ff-b4eba2616879-Tesla_-_Princeton_169_new/campaign/processed_json/segments/9b1c0b60-a317-4614-b1d3-ac66ae257922/part_3/012416.json,,,0.998988012405174,89.5,82.8947368421053,84.8684210526316,7.78393351800554,100,76.06,0.963178888552749,0.948941082319336,
/media/vsi-dev/Lacie_2/mndot_workzone_project/Tesla/campaign_8348ccbe-b6ca-4be8-82ff-b4eba2616879-Tesla_-_Princeton_169_new/campaign/processed_json/segments/9b1c0b60-a317-4614-b1d3-ac66ae257922/part_3/012417.json,,,0.999200319914684,89.8,83.8815789473684,84.2105263157895,12.1883656509695,100,76.81,0.962602812173384,0.948427838076542,
/media/vsi-dev/Lacie_2/mndot_workzone_project/Tesla/campaign_8348ccbe-b6ca-4be8-82ff-b4eba2616879-Tesla_-_Princeton_169_new/campaign/processed_json/segments/9b1c0b60-a317-4614-b1d3-ac66ae257922/part_3/012418.json,,,0.999387687539834,89.1,83.5526315789474,84.2105263157895,0,100,74.91,0.96697982448431,0.948731088208803,
/media/vsi-dev/Lacie_2/mndot_workzone_project/Tesla/campaign_8348ccbe-b6ca-4be8-82ff-b4eba2616879-Tesla_-_Princeton_169_new/campaign/processed_json/segments/9b1c0b60-a317-4614-b1d3-ac66ae257922/part_3/012419.json,,,0.998988012405174,90.11,84.2105263157895,84.8684210526316,15.3185595567867,100,77.58,0.962772206383012,0.948754931629194,
/media/vsi-dev/Lacie_2/mndot_workzone_project/Tesla/campaign_8348ccbe-b6ca-4be8-82ff-b4eba2616879-Tesla_-_Princeton_169_new/campaign/processed_json/segments/9b1c0b60-a317-4614-b1d3-ac66ae257922/part_3/012420.json,,,0.998201619028437,89.72,84.2105263157895,84.8684210526316,9.08587257617729,100,76.65,0.964982697525351,0.948372477860768,
/media/vsi-dev/Lacie_2/mndot_workzone_project/Tesla/campaign_8348ccbe-b6ca-4be8-82ff-b4eba2616879-Tesla_-_Princeton_169_new/campaign/processed_json/segments/9b1c0b60-a317-4614-b1d3-ac66ae257922/part_3/012421.json,,,0.997191451372845,89.63,84.2105263157895,84.2105263157895,9.44598337950139,100,76.51,0.964901576896309,0.948678974601159,
/media/vsi-dev/Lacie_2/mndot_workzone_project/Tesla/campaign_8348ccbe-b6ca-4be8-82ff-b4eba2616879-Tesla_-_Princeton_169_new/campaign/processed_json/segments/9b1c0b60-a317-4614-b1d3-ac66ae257922/part_3/012422.json,,,0.997191451372845,89.07,83.5526315789474,84.5394736842105,0.277008310249307,100,75.05,0.967663650676215,0.948555110641976,
/media/vsi-dev/Lacie_2/mndot_workzone_project/Tesla/campaign_8348ccbe-b6ca-4be8-82ff-b4eba2616879-Tesla_-_Princeton_169_new/campaign/processed_json/segments/9b1c0b60-a317-4614-b1d3-ac66ae257922/part_3/012423.json,,,0.998988012405174,89.7,84.2105263157895,84.8684210526316,8.44875346260388,100,76.55,0.963926961950529,0.948603266331471,
/media/vsi-dev/Lacie_2/mndot_workzone_project/Tesla/campaign_8348ccbe-b6ca-4be8-82ff-b4eba2616879-Tesla_-_Princeton_169_new/campaign/processed_json/segments/9b1c0b60-a317-4614-b1d3-ac66ae257922/part_3/012424.json,,,0.997191451372845,89.63,83.8815789473684,84.8684210526316,8.86426592797784,100,76.52,0.964466520388109,0.948629360213794,
/media/vsi-dev/Lacie_2/mndot_workzone_project/Tesla/campaign_8348ccbe-b6ca-4be8-82ff-b4eba2616879-Tesla_-_Princeton_169_new/campaign/processed_json/segments/9b1c0b60-a317-4614-b1d3-ac66ae257922/part_3/012425.json,,,0.997191451372845,89.12,83.8815789473684,84.8684210526316,0,100,75.2,0.966946479794336,0.948706280519063,
/media/vsi-dev/Lacie_2/mndot_workzone_project/Tesla/campaign_8348ccbe-b6ca-4be8-82ff-b4eba2616879-Tesla_-_Princeton_169_new/campaign/processed_json/segments/9b1c0b60-a317-4614-b1d3-ac66ae257922/part_3/012426.json,,,0.998201619028437,89.47,84.2105263157895,84.8684210526316,5.0415512465374,100,76.04,0.964150452471245,0.948307799409807,
/media/vsi-dev/Lacie_2/mndot_workzone_project/Tesla/campaign_8348ccbe-b6ca-4be8-82ff-b4eba2616879-Tesla_-_Princeton_169_new/campaign/processed_json/segments/9b1c0b60-a317-4614-b1d3-ac66ae257922/part_3/012427.json,,,0.997889729757728,89.48,84.5394736842105,84.8684210526316,4.34903047091413,100,76.05,0.965498827029851,0.948858459485582,
/media/vsi-dev/Lacie_2/mndot_workzone_project/Tesla/campaign_8348ccbe-b6ca-4be8-82ff-b4eba2616879-Tesla_-_Princeton_169_new/campaign/processed_json/segments/9b1c0b60-a317-4614-b1d3-ac66ae257922/part_3/012428.json,,,0.997889729757728,89.2,84.2105263157895,84.8684210526316,0,100,75.31,0.967858892705597,0.94845779544275,
/media/vsi-dev/Lacie_2/mndot_workzone_project/Tesla/campaign_8348ccbe-b6ca-4be8-82ff-b4eba2616879-Tesla_-_Princeton_169_new/campaign/processed_json/segments/9b1c0b60-a317-4614-b1d3-ac66ae257922/part_3/012429.json,,,0.995497666030972,89.68,84.8684210526316,84.8684210526316,9.08587257617729,100,76.84,0.963631857900737,0.948553018824611,
/media/vsi-dev/Lacie_2/mndot_workzone_project/Tesla/campaign_8348ccbe-b6ca-4be8-82ff-b4eba2616879-Tesla_-_Princeton_169_new/campaign/processed_json/segments/9b1c0b60-a317-4614-b1d3-ac66ae257922/part_3/012430.json,,,0.995497666030972,89.1,84.2105263157895,84.8684210526316,0,100,75.3,0.96753019452476,0.948246918323446,
/media/vsi-dev/Lacie_2/mndot_workzone_project/Tesla/campaign_8348ccbe-b6ca-4be8-82ff-b4eba2616879-Tesla_-_Princeton_169_new/campaign/processed_json/segments/9b1c0b60-a317-4614-b1d3-ac66ae257922/part_3/012431.json,,,0.996805114543033,89.39,84.8684210526316,84.8684210526316,3.2409972299169,100,75.97,0.964849960490883,0.948592447083617,
/media/vsi-dev/Lacie_2/mndot_workzone_project/Tesla/campaign_8348ccbe-b6ca-4be8-82ff-b4eba2616879-Tesla_-_Princeton_169_new/campaign/processed_json/segments/9b1c0b60-a317-4614-b1d3-ac66ae257922/part_3/012432.json,,,0.997191451372845,89.85,84.5394736842105,84.8684210526316,11.7174515235457,100,77.13,0.962190813208693,0.94871713117924,
/media/vsi-dev/Lacie_2/mndot_workzone_project/Tesla/campaign_8348ccbe-b6ca-4be8-82ff-b4eba2616879-Tesla_-_Princeton_169_new/campaign/processed_json/segments/9b1c0b60-a317-4614-b1d3-ac66ae257922/part_3/012433.json,,,0.999387687539834,89.15,84.2105263157895,84.8684210526316,0,100,75.26,0.957569615002956,0.949000552467424,
/media/vsi-dev/Lacie_2/mndot_workzone_project/Tesla/campaign_8348ccbe-b6ca-4be8-82ff-b4eba2616879-Tesla_-_Princeton_169_new/campaign/processed_json/segments/9b1c0b60-a317-4614-b1d3-ac66ae257922/part_3/012434.json,,,0.996805114543033,89.16,84.8684210526316,85.1973684210526,0,100,75.55,0.957188839798505,0.949378111298807,
/media/vsi-dev/Lacie_2/mndot_workzone_project/Tesla/campaign_8348ccbe-b6ca-4be8-82ff-b4eba2616879-Tesla_-_Princeton_169_new/campaign/processed_json/segments/9b1c0b60-a317-4614-b1d3-ac66ae257922/part_3/012435.json,,,0.995012479192682,89.11,84.5394736842105,84.8684210526316,0,100,75.4,0.965798361613266,0.949009113400216,
/media/vsi-dev/Lacie_2/mndot_workzone_project/Tesla/campaign_8348ccbe-b6ca-4be8-82ff-b4eba2616879-Tesla_-_Princeton_169_new/campaign/processed_json/segments/9b1c0b60-a317-4614-b1d3-ac66ae257922/part_3/012436.json,,,0.995497666030972,83.12,84.8684210526316,85.1973684210526,0,0,60.56,0.958574284062692,0.948926347730777,
/media/vsi-dev/Lacie_2/mndot_workzone_project/Tesla/campaign_8348ccbe-b6ca-4be8-82ff-b4eba2616879-Tesla_-_Princeton_169_new/campaign/processed_json/segments/9b1c0b60-a317-4614-b1d3-ac66ae257922/part_3/012437.json,,,0.995497666030972,89.19,85.5263157894737,84.8684210526316,0,100,75.67,0.960721082948714,0.949165702728281,
/media/vsi-dev/Lacie_2/mndot_workzone_project/Tesla/campaign_8348ccbe-b6ca-4be8-82ff-b4eba2616879-Tesla_-_Princeton_169_new/campaign/processed_json/segments/9b1c0b60-a317-4614-b1d3-ac66ae257922/part_3/012438.json,,,0.996805114543033,89.59,84.8684210526316,84.8684210526316,6.1218836565097,100,76.42,0.965832220183014,0.949318711774755,
/media/vsi-dev/Lacie_2/mndot_workzone_project/Tesla/campaign_8348ccbe-b6ca-4be8-82ff-b4eba2616879-Tesla_-_Princeton_169_new/campaign/processed_json/segments/9b1c0b60-a317-4614-b1d3-ac66ae257922/part_3/012439.json,,,0.997889729757728,89.65,84.5394736842105,84.8684210526316,7.72853185595568,100,76.54,0.962598188824213,0.94971051094615,
/media/vsi-dev/Lacie_2/mndot_workzone_project/Tesla/campaign_8348ccbe-b6ca-4be8-82ff-b4eba2616879-Tesla_-_Princeton_169_new/campaign/processed_json/segments/9b1c0b60-a317-4614-b1d3-ac66ae257922/part_3/012440.json,,,0.995497666030972,90.39,84.5394736842105,84.8684210526316,22.0775623268698,100,78.68,0.960854668139168,0.949121093156103,
/media/vsi-dev/Lacie_2/mndot_workzone_project/Tesla/campaign_8348ccbe-b6ca-4be8-82ff-b4eba2616879-Tesla_-_Princeton_169_new/campaign/processed_json/segments/9b1c0b60-a317-4614-b1d3-ac66ae257922/part_3/012441.json,,,0.995497666030972,89.89,84.2105263157895,84.8684210526316,13.6842105263158,100,77.34,0.964003368064773,0.949287537558331,
/media/vsi-dev/Lacie_2/mndot_workzone_project/Tesla/campaign_8348ccbe-b6ca-4be8-82ff-b4eba2616879-Tesla_-_Princeton_169_new/campaign/processed_json/segments/9b1c0b60-a317-4614-b1d3-ac66ae257922/part_3/012442.json,,,0.997191451372845,89.94,84.8684210526316,84.8684210526316,12.0498614958449,100,77.3,0.964052700944652,0.949315907467144,
/media/vsi-dev/Lacie_2/mndot_workzone_project/Tesla/campaign_8348ccbe-b6ca-4be8-82ff-b4eba2616879-Tesla_-_Princeton_169_new/campaign/processed_json/segments/9b1c0b60-a317-4614-b1d3-ac66ae257922/part_3/012443.json,,,0.996394017227934,89.9,84.8684210526316,84.8684210526316,11.7174515235457,100,77.25,0.965363127055813,0.948768473178798,
/media/vsi-dev/Lacie_2/mndot_workzone_project/Tesla/campaign_8348ccbe-b6ca-4be8-82ff-b4eba2616879-Tesla_-_Princeton_169_new/campaign/processed_json/segments/9b1c0b60-a317-4614-b1d3-ac66ae257922/part_3/012444.json,,,0.998488643251663,89.29,83.5526315789474,84.8684210526316,2.1606648199446,100,75.44,0.968209089557546,0.949163129409891,
/media/vsi-dev/Lacie_2/mndot_workzone_project/Tesla/campaign_8348ccbe-b6ca-4be8-82ff-b4eba2616879-Tesla_-_Princeton_169_new/campaign/processed_json/segments/9b1c0b60-a317-4614-b1d3-ac66ae257922/part_3/012445.json,,,0.998201619028437,89.36,84.8684210526316,85.1973684210526,0.914127423822715,100,75.73,0.965510635839989,0.948770523919359,
/media/vsi-dev/Lacie_2/mndot_workzone_project/Tesla/campaign_8348ccbe-b6ca-4be8-82ff-b4eba2616879-Tesla_-_Princeton_169_new/campaign/processed_json/segments/9b1c0b60-a317-4614-b1d3-ac66ae257922/part_3/012446.json,,,0.999800019998667,90.11,84.2105263157895,84.8684210526316,14.4598337950139,100,77.46,0.964656902396228,0.948996559095747,
/media/vsi-dev/Lacie_2/mndot_workzone_project/Tesla/campaign_8348ccbe-b6ca-4be8-82ff-b4eba2616879-Tesla_-_Princeton_169_new/campaign/processed_json/segments/9b1c0b60-a317-4614-b1d3-ac66ae257922/part_3/012447.json,,,0.999387687539834,89.34,84.2105263157895,85.1973684210526,0,100,75.42,0.97036394672281,0.948807489501924,
/media/vsi-dev/Lacie_2/mndot_workzone_project/Tesla/campaign_8348ccbe-b6ca-4be8-82ff-b4eba2616879-Tesla_-_Princeton_169_new/campaign/processed_json/segments/9b1c0b60-a317-4614-b1d3-ac66ae257922/part_3/012448.json,,,0.999200319914684,90.02,84.8684210526316,85.1973684210526,10.7756232686981,100,77.22,0.967299361525998,0.948959385132092,
/media/vsi-dev/Lacie_2/mndot_workzone_project/Tesla/campaign_8348ccbe-b6ca-4be8-82ff-b4eba2616879-Tesla_-_Princeton_169_new/campaign/processed_json/segments/9b1c0b60-a317-4614-b1d3-ac66ae257922/part_3/012449.json,,,0.999887506327888,90.46,85.5263157894737,85.5263157894737,16.0387811634349,100,78.29,0.965444145096502,0.949007412594796,
/media/vsi-dev/Lacie_2/mndot_workzone_project/Tesla/campaign_8348ccbe-b6ca-4be8-82ff-b4eba2616879-Tesla_-_Princeton_169_new/campaign/processed_json/segments/9b1c0b60-a317-4614-b1d3-ac66ae257922/part_3/012450.json,,,0.999800019998667,94.11,85.5263157894737,85.1973684210526,81.8005540166205,100,87.95,0.945008406080306,0.948493608280139,
/media/vsi-dev/Lacie_2/mndot_workzone_project/Tesla/campaign_8348ccbe-b6ca-4be8-82ff-b4eba2616879-Tesla_-_Princeton_169_new/campaign/processed_json/segments/9b1c0b60-a317-4614-b1d3-ac66ae257922/part_3/012451.json,,,1,94.16,85.8552631578947,85.5263157894737,80.9695290858726,100,88.03,0.945453000839579,0.94912419397873,
/media/vsi-dev/Lacie_2/mndot_workzone_project/Tesla/campaign_8348ccbe-b6ca-4be8-82ff-b4eba2616879-Tesla_-_Princeton_169_new/campaign/processed_json/segments/9b1c0b60-a317-4614-b1d3-ac66ae257922/part_3/012452.json,,,0.999687548823039,89.87,85.1973684210526,85.5263157894737,6.62049861495845,100,76.79,0.967821495077997,0.949132229454878,
/media/vsi-dev/Lacie_2/mndot_workzone_project/Tesla/campaign_8348ccbe-b6ca-4be8-82ff-b4eba2616879-Tesla_-_Princeton_169_new/campaign/processed_json/segments/9b1c0b60-a317-4614-b1d3-ac66ae257922/part_3/012453.json,,,0.999387687539834,90.22,85.1973684210526,85.1973684210526,13.7950138504155,100,77.76,0.965130910197788,0.949089162724997,
/media/vsi-dev/Lacie_2/mndot_workzone_project/Tesla/campaign_8348ccbe-b6ca-4be8-82ff-b4eba2616879-Tesla_-_Princeton_169_new/campaign/processed_json/segments/9b1c0b60-a317-4614-b1d3-ac66ae257922/part_3/012454.json,,,0.998750780924581,89.21,85.1973684210526,84.8684210526316,0,100,75.54,0.955475968761933,0.949302902833428,
/media/vsi-dev/Lacie_2/mndot_workzone_project/Tesla/campaign_8348ccbe-b6ca-4be8-82ff-b4eba2616879-Tesla_-_Princeton_169_new/campaign/processed_json/segments/9b1c0b60-a317-4614-b1d3-ac66ae257922/part_3/012455.json,,,0.999887506327888,89.43,85.8552631578947,85.5263157894737,0,100,75.94,0.956833531608726,0.949226267789212,
/media/vsi-dev/Lacie_2/mndot_workzone_project/Tesla/campaign_8348ccbe-b6ca-4be8-82ff-b4eba2616879-Tesla_-_Princeton_169_new/campaign/processed_json/segments/9b1c0b60-a317-4614-b1d3-ac66ae257922/part_3/012456.json,,,0.992217938260244,93.76,85.5263157894737,85.1973684210526,81.0249307479224,100,87.84,0.94449118055409,0.949169838917881,
/media/vsi-dev/Lacie_2/mndot_workzone_project/Tesla/campaign_8348ccbe-b6ca-4be8-82ff-b4eba2616879-Tesla_-_Princeton_169_new/campaign/processed_json/segments/9b1c0b60-a317-4614-b1d3-ac66ae257922/part_3/012457.json,,,0.982111925534364,93.66,85.5263157894737,84.8684210526316,86.398891966759,100,88.55,0.946111332791184,0.94918963632518,
/media/vsi-dev/Lacie_2/mndot_workzone_project/Tesla/campaign_8348ccbe-b6ca-4be8-82ff-b4eba2616879-Tesla_-_Princeton_169_new/campaign/processed_json/segments/9b1c0b60-a317-4614-b1d3-ac66ae257922/part_3/012458.json,,,0.998488643251663,89.3,84.8684210526316,85.5263157894737,0,100,75.66,0.960117150262245,0.949054847347969,
/media/vsi-dev/Lacie_2/mndot_workzone_project/Tesla/campaign_8348ccbe-b6ca-4be8-82ff-b4eba2616879-Tesla_-_Princeton_169_new/campaign/processed_json/segments/9b1c0b60-a317-4614-b1d3-ac66ae257922/part_3/012459.json,,,1,89.43,85.5263157894737,85.5263157894737,0,100,75.86,0.959410268392074,0.949043986863226,
/media/vsi-dev/Lacie_2/mndot_workzone_project/Tesla/campaign_8348ccbe-b6ca-4be8-82ff-b4eba2616879-Tesla_-_Princeton_169_new/campaign/processed_json/segments/9b1c0b60-a317-4614-b1d3-ac66ae257922/part_3/012460.json,,,0.999387687539834,89.45,85.5263157894737,85.5263157894737,0,100,75.88,0.963091651912978,0.949170680717077,
/media/vsi-dev/Lacie_2/mndot_workzone_project/Tesla/campaign_8348ccbe-b6ca-4be8-82ff-b4eba2616879-Tesla_-_Princeton_169_new/campaign/processed_json/segments/9b1c0b60-a317-4614-b1d3-ac66ae257922/part_3/012461.json,,,0.999387687539834,89.26,84.2105263157895,85.5263157894737,0.637119113573407,100,75.55,0.957311788815592,0.948871526126336,
/media/vsi-dev/Lacie_2/mndot_workzone_project/Tesla/campaign_8348ccbe-b6ca-4be8-82ff-b4eba2616879-Tesla_-_Princeton_169_new/campaign/processed_json/segments/9b1c0b60-a317-4614-b1d3-ac66ae257922/part_3/012462.json,,,0.999800019998667,89.65,84.8684210526316,85.5263157894737,4.84764542936288,100,76.39,0.960905795636271,0.948847409791622,
/media/vsi-dev/Lacie_2/mndot_workzone_project/Tesla/campaign_8348ccbe-b6ca-4be8-82ff-b4eba2616879-Tesla_-_Princeton_169_new/campaign/processed_json/segments/9b1c0b60-a317-4614-b1d3-ac66ae257922/part_3/012463.json,,,0.999987500078125,89.76,84.2105263157895,85.5263157894737,6.73130193905817,100,76.51,0.9672561693292,0.948772934033145,
/media/vsi-dev/Lacie_2/mndot_workzone_project/Tesla/campaign_8348ccbe-b6ca-4be8-82ff-b4eba2616879-Tesla_-_Princeton_169_new/campaign/processed_json/segments/9b1c0b60-a317-4614-b1d3-ac66ae257922/part_3/012464.json,,,0.999687548823039,89.7,85.1973684210526,85.5263157894737,4.29362880886427,100,76.43,0.965233287920579,0.948855900307556,
/media/vsi-dev/Lacie_2/mndot_workzone_project/Tesla/campaign_8348ccbe-b6ca-4be8-82ff-b4eba2616879-Tesla_-_Princeton_169_new/campaign/processed_json/segments/9b1c0b60-a317-4614-b1d3-ac66ae257922/part_3/012465.json,,,0.999387687539834,89.42,84.5394736842105,85.5263157894737,0,100,75.62,0.970359527846803,0.949181022482087,
/media/vsi-dev/Lacie_2/mndot_workzone_project/Tesla/campaign_8348ccbe-b6ca-4be8-82ff-b4eba2616879-Tesla_-_Princeton_169_new/campaign/processed_json/segments/9b1c0b60-a317-4614-b1d3-ac66ae257922/part_3/012466.json,,,0.999687548823039,90.14,83.8815789473684,84.8684210526316,15.4016620498615,100,77.51,0.965782852115847,0.94889556612545,
/media/vsi-dev/Lacie_2/mndot_workzone_project/Tesla/campaign_8348ccbe-b6ca-4be8-82ff-b4eba2616879-Tesla_-_Princeton_169_new/campaign/processed_json/segments/9b1c0b60-a317-4614-b1d3-ac66ae257922/part_3/012467.json,,,0.999387687539834,90.73,85.5263157894737,85.5263157894737,21.8005540166205,99.7783933518006,79.11,0.961746846861784,0.949554967055285,
/media/vsi-dev/Lacie_2/mndot_workzone_project/Tesla/campaign_8348ccbe-b6ca-4be8-82ff-b4eba2616879-Tesla_-_Princeton_169_new/campaign/processed_json/segments/9b1c0b60-a317-4614-b1d3-ac66ae257922/part_3/012468.json,,,0.999987500078125,90.06,83.8815789473684,85.5263157894737,12.2437673130194,100,77.24,0.967482932977281,0.948927921893886,
/media/vsi-dev/Lacie_2/mndot_workzone_project/Tesla/campaign_8348ccbe-b6ca-4be8-82ff-b4eba2616879-Tesla_-_Princeton_169_new/campaign/processed_json/segments/9b1c0b60-a317-4614-b1d3-ac66ae257922/part_3/012469.json,,,0.999800019998667,90.16,84.5394736842105,85.5263157894737,12.7700831024931,100,77.52,0.967156118478342,0.949135648031446,
/media/vsi-dev/Lacie_2/mndot_workzone_project/Tesla/campaign_8348ccbe-b6ca-4be8-82ff-b4eba2616879-Tesla_-_Princeton_169_new/campaign/processed_json/segments/9b1c0b60-a317-4614-b1d3-ac66ae257922/part_3/012470.json,,,0.998988012405174,89.64,84.2105263157895,85.5263157894737,4.84764542936288,100,76.24,0.96958737038603,0.948865328148196,
/media/vsi-dev/Lacie_2/mndot_workzone_project/Tesla/campaign_8348ccbe-b6ca-4be8-82ff-b4eba2616879-Tesla_-_Princeton_169_new/campaign/processed_json/segments/9b1c0b60-a317-4614-b1d3-ac66ae257922/part_3/012471.json,,,0.999987500078125,90.02,84.8684210526316,85.5263157894737,9.39058171745152,100,77.11,0.968611972975516,0.948810242846059,
/media/vsi-dev/Lacie_2/mndot_workzone_project/Tesla/campaign_8348ccbe-b6ca-4be8-82ff-b4eba2616879-Tesla_-_Princeton_169_new/campaign/processed_json/segments/9b1c0b60-a317-4614-b1d3-ac66ae257922/part_3/012472.json,,,0.999987500078125,90.08,84.2105263157895,85.8552631578947,11.0249307479224,100,77.26,0.96783542556204,0.949491914172204,
/media/vsi-dev/Lacie_2/mndot_workzone_project/Tesla/campaign_8348ccbe-b6ca-4be8-82ff-b4eba2616879-Tesla_-_Princeton_169_new/campaign/processed_json/segments/9b1c0b60-a317-4614-b1d3-ac66ae257922/part_3/012473.json,,,0.999987500078125,90.32,84.8684210526316,86.1842105263158,13.185595567867,100,77.88,0.967445904855595,0.949200419475918,
/media/vsi-dev/Lacie_2/mndot_workzone_project/Tesla/campaign_8348ccbe-b6ca-4be8-82ff-b4eba2616879-Tesla_-_Princeton_169_new/campaign/processed_json/segments/9b1c0b60-a317-4614-b1d3-ac66ae257922/part_3/012474.json,,,0.999387687539834,89.65,86.1842105263158,86.1842105263158,0,100,76.29,0.966899029772835,0.949069620869826,
/media/vsi-dev/Lacie_2/mndot_workzone_project/Tesla/campaign_8348ccbe-b6ca-4be8-82ff-b4eba2616879-Tesla_-_Princeton_169_new/campaign/processed_json/segments/9b1c0b60-a317-4614-b1d3-ac66ae257922/part_3/012475.json,,,0.999387687539834,84.67,47.3684210526316,85.1973684210526,0,100,64.26,0.9500456876635,0.948823225063597,
/media/vsi-dev/Lacie_2/mndot_workzone_project/Tesla/campaign_8348ccbe-b6ca-4be8-82ff-b4eba2616879-Tesla_-_Princeton_169_new/campaign/processed_json/segments/9b1c0b60-a317-4614-b1d3-ac66ae257922/part_3/012476.json,,,0.999950001249979,89.28,85.1973684210526,85.5263157894737,0,100,75.72,0.950368367457322,0.949220778546106,
/media/vsi-dev/Lacie_2/mndot_workzone_project/Tesla/campaign_8348ccbe-b6ca-4be8-82ff-b4eba2616879-Tesla_-_Princeton_169_new/campaign/processed_json/segments/9b1c0b60-a317-4614-b1d3-ac66ae257922/part_3/012477.json,,,0.999200319914684,89.37,85.5263157894737,85.5263157894737,0,99.5290858725762,75.79,0.958825761824534,0.949599420881546,
/media/vsi-dev/Lacie_2/mndot_workzone_project/Tesla/campaign_8348ccbe-b6ca-4be8-82ff-b4eba2616879-Tesla_-_Princeton_169_new/campaign/processed_json/segments/9b1c0b60-a317-4614-b1d3-ac66ae257922/part_3/012478.json,,,0.999887506327888,89.67,85.1973684210526,85.8552631578947,4.51523545706371,99.8614958448754,76.51,0.957677337329363,0.949634348371311,
/media/vsi-dev/Lacie_2/mndot_workzone_project/Tesla/campaign_8348ccbe-b6ca-4be8-82ff-b4eba2616879-Tesla_-_Princeton_169_new/campaign/processed_json/segments/9b1c0b60-a317-4614-b1d3-ac66ae257922/part_3/012479.json,,,0.999950001249979,90.56,84.8684210526316,86.1842105263158,18.4487534626039,99.6952908587258,78.6,0.962743296043255,0.949586909872203,
/media/vsi-dev/Lacie_2/mndot_workzone_project/Tesla/campaign_8348ccbe-b6ca-4be8-82ff-b4eba2616879-Tesla_-_Princeton_169_new/campaign/processed_json/segments/9b1c0b60-a317-4614-b1d3-ac66ae257922/part_3/012480.json,,,0.998201619028437,88.96,82.2368421052632,85.5263157894737,0,100,74.87,0.959488613013315,0.94925687075582,
/media/vsi-dev/Lacie_2/mndot_workzone_project/Tesla/campaign_8348ccbe-b6ca-4be8-82ff-b4eba2616879-Tesla_-_Princeton_169_new/campaign/processed_json/segments/9b1c0b60-a317-4614-b1d3-ac66ae257922/part_3/012481.json,,,0.999387687539834,90.59,85.5263157894737,85.8552631578947,18.6149584487535,100,78.76,0.961772745413713,0.949258482782885,
/media/vsi-dev/Lacie_2/mndot_workzone_project/Tesla/campaign_8348ccbe-b6ca-4be8-82ff-b4eba2616879-Tesla_-_Princeton_169_new/campaign/processed_json/segments/9b1c0b60-a317-4614-b1d3-ac66ae257922/part_3/012482.json,,,0.999387687539834,89.48,85.1973684210526,85.5263157894737,1.85595567867036,100,76.04,0.959568091982361,0.949094225388615,
/media/vsi-dev/Lacie_2/mndot_workzone_project/Tesla/campaign_8348ccbe-b6ca-4be8-82ff-b4eba2616879-Tesla_-_Princeton_169_new/campaign/processed_json/segments/9b1c0b60-a317-4614-b1d3-ac66ae257922/part_3/012483.json,,,0.999800019998667,90.91,84.8684210526316,85.8552631578947,25.2908587257618,100,79.56,0.960655322441329,0.949142932155288,
/media/vsi-dev/Lacie_2/mndot_workzone_project/Tesla/campaign_8348ccbe-b6ca-4be8-82ff-b4eba2616879-Tesla_-_Princeton_169_new/campaign/processed_json/segments/9b1c0b60-a317-4614-b1d3-ac66ae257922/part_3/012484.json,,,0.999887506327888,90.21,85.5263157894737,85.5263157894737,12.1883656509695,100,77.71,0.96399573984918,0.949335952397152,
/media/vsi-dev/Lacie_2/mndot_workzone_project/Tesla/campaign_8348ccbe-b6ca-4be8-82ff-b4eba2616879-Tesla_-_Princeton_169_new/campaign/processed_json/segments/9b1c0b60-a317-4614-b1d3-ac66ae257922/part_3/012485.json,,,0.999887506327888,90.41,84.8684210526316,85.8552631578947,16.0941828254848,100,78.2,0.964962953128038,0.948976597712849,
/media/vsi-dev/Lacie_2/mndot_workzone_project/Tesla/campaign_8348ccbe-b6ca-4be8-82ff-b4eba2616879-Tesla_-_Princeton_169_new/campaign/processed_json/segments/9b1c0b60-a317-4614-b1d3-ac66ae257922/part_3/012486.json,,,0.999887506327888,90,84.2105263157895,85.5263157894737,10.7756232686981,100,77.12,0.966725013459274,0.949117201437464,
/media/vsi-dev/Lacie_2/mndot_workzone_project/Tesla/campaign_8348ccbe-b6ca-4be8-82ff-b4eba2616879-Tesla_-_Princeton_169_new/campaign/processed_json/segments/9b1c0b60-a317-4614-b1d3-ac66ae257922/part_3/012487.json,,,1,90.64,85.1973684210526,86.1842105263158,18.2548476454294,100,78.73,0.965641834504869,0.949436207221779,
/media/vsi-dev/Lacie_2/mndot_workzone_project/Tesla/campaign_8348ccbe-b6ca-4be8-82ff-b4eba2616879-Tesla_-_Princeton_169_new/campaign/processed_json/segments/9b1c0b60-a317-4614-b1d3-ac66ae257922/part_3/012488.json,,,0.999550101234814,90.62,85.5263157894737,85.5263157894737,19.3628808864266,100,78.78,0.963442362226238,0.949301388854685,
/media/vsi-dev/Lacie_2/mndot_workzone_project/Tesla/campaign_8348ccbe-b6ca-4be8-82ff-b4eba2616879-Tesla_-_Princeton_169_new/campaign/processed_json/segments/9b1c0b60-a317-4614-b1d3-ac66ae257922/part_3/012489.json,,,0.999887506327888,90.56,85.1973684210526,85.5263157894737,18.5595567867036,100,78.57,0.964884491701881,0.949091096921271,
/media/vsi-dev/Lacie_2/mndot_workzone_project/Tesla/campaign_8348ccbe-b6ca-4be8-82ff-b4eba2616879-Tesla_-_Princeton_169_new/campaign/processed_json/segments/9b1c0b60-a317-4614-b1d3-ac66ae257922/part_3/012490.json,,,0.999387687539834,91.3,85.5263157894737,85.8552631578947,30.4986149584488,100,80.54,0.960929250419173,0.949586103489217,
/media/vsi-dev/Lacie_2/mndot_workzone_project/Tesla/campaign_8348ccbe-b6ca-4be8-82ff-b4eba2616879-Tesla_-_Princeton_169_new/campaign/processed_json/segments/9b1c0b60-a317-4614-b1d3-ac66ae257922/part_3/012491.json,,,1,90.22,84.5394736842105,86.1842105263158,12.4930747922438,100,77.67,0.966053690441372,0.94899046172559,
/media/vsi-dev/Lacie_2/mndot_workzone_project/Tesla/campaign_8348ccbe-b6ca-4be8-82ff-b4eba2616879-Tesla_-_Princeton_169_new/campaign/processed_json/segments/9b1c0b60-a317-4614-b1d3-ac66ae257922/part_3/012492.json,,,0.999987500078125,90.41,84.5394736842105,85.5263157894737,17.2299168975069,100,78.18,0.965542658330333,0.948707879444868,
/media/vsi-dev/Lacie_2/mndot_workzone_project/Tesla/campaign_8348ccbe-b6ca-4be8-82ff-b4eba2616879-Tesla_-_Princeton_169_new/campaign/processed_json/segments/9b1c0b60-a317-4614-b1d3-ac66ae257922/part_3/012493.json,,,0.999800019998667,94.33,85.5263157894737,85.5263157894737,84.5983379501385,100,88.48,0.945806563135844,0.949243213140557,
/media/vsi-dev/Lacie_2/mndot_workzone_project/Tesla/campaign_8348ccbe-b6ca-4be8-82ff-b4eba2616879-Tesla_-_Princeton_169_new/campaign/processed_json/segments/9b1c0b60-a317-4614-b1d3-ac66ae257922/part_3/012494.json,,,0.999687548823039,89.98,83.8815789473684,85.8552631578947,10.415512465374,100,77.07,0.967541267894474,0.949216871803839,
/media/vsi-dev/Lacie_2/mndot_workzone_project/Tesla/campaign_8348ccbe-b6ca-4be8-82ff-b4eba2616879-Tesla_-_Princeton_169_new/campaign/processed_json/segments/9b1c0b60-a317-4614-b1d3-ac66ae257922/part_3/012495.json,,,0.998201619028437,89.41,84.8684210526316,85.8552631578947,0,100,75.8,0.967817357764483,0.948761994955711,
/media/vsi-dev/Lacie_2/mndot_workzone_project/Tesla/campaign_8348ccbe-b6ca-4be8-82ff-b4eba2616879-Tesla_-_Princeton_169_new/campaign/processed_json/segments/9b1c0b60-a317-4614-b1d3-ac66ae257922/part_3/012496.json,,,0.998201619028437,89.36,83.8815789473684,86.1842105263158,0,100,75.61,0.969704988661959,0.949032007489275,
/media/vsi-dev/Lacie_2/mndot_workzone_project/Tesla/campaign_8348ccbe-b6ca-4be8-82ff-b4eba2616879-Tesla_-_Princeton_169_new/campaign/processed_json/segments/9b1c0b60-a317-4614-b1d3-ac66ae257922/part_3/012497.json,,,0.999800019998667,93.61,85.5263157894737,86.1842105263158,70.9418282548477,100,86.64,0.94679869560387,0.949489004706852,
/media/vsi-dev/Lacie_2/mndot_workzone_project/Tesla/campaign_8348ccbe-b6ca-4be8-82ff-b4eba2616879-Tesla_-_Princeton_169_new/campaign/processed_json/segments/9b1c0b60-a317-4614-b1d3-ac66ae257922/part_3/012498.json,,,0.997191451372845,89.27,85.1973684210526,85.5263157894737,0,100,75.76,0.959028172446141,0.948952824326609,
/media/vsi-dev/Lacie_2/mndot_workzone_project/Tesla/campaign_8348ccbe-b6ca-4be8-82ff-b4eba2616879-Tesla_-_Princeton_169_new/campaign/processed_json/segments/9b1c0b60-a317-4614-b1d3-ac66ae257922/part_3/012499.json,,,0.998201619028437,89.34,85.5263157894737,85.5263157894737,0,100,75.85,0.957988123954769,0.949316706754309,
/media/vsi-dev/Lacie_2/mndot_workzone_project/Tesla/campaign_8348ccbe-b6ca-4be8-82ff-b4eba2616879-Tesla_-_Princeton_169_new/campaign/processed_json/segments/9b1c0b60-a317-4614-b1d3-ac66ae257922/part_3/012500.json,,,0.998488643251663,89.31,85.1973684210526,85.5263157894737,0,100,75.75,0.958508509233981,0.948990770648638,
/media/vsi-dev/Lacie_2/mndot_workzone_project/Tesla/campaign_8348ccbe-b6ca-4be8-82ff-b4eba2616879-Tesla_-_Princeton_169_new/campaign/processed_json/segments/9b1c0b60-a317-4614-b1d3-ac66ae257922/part_3/012501.json,,,0.998488643251663,89.33,85.1973684210526,85.5263157894737,0,100,75.76,0.959464170322161,0.949186542277647,
/media/vsi-dev/Lacie_2/mndot_workzone_project/Tesla/campaign_8348ccbe-b6ca-4be8-82ff-b4eba2616879-Tesla_-_Princeton_169_new/campaign/processed_json/segments/9b1c0b60-a317-4614-b1d3-ac66ae257922/part_3/012502.json,,,0.998488643251663,92.29,85.1973684210526,85.1973684210526,54.2105263157895,100,83.69,0.938677478482031,0.948596199943147,
/media/vsi-dev/Lacie_2/mndot_workzone_project/Tesla/campaign_8348ccbe-b6ca-4be8-82ff-b4eba2616879-Tesla_-_Princeton_169_new/campaign/processed_json/segments/9b1c0b60-a317-4614-b1d3-ac66ae257922/part_3/012503.json,,,0.999800019998667,93.27,86.1842105263158,86.1842105263158,65.0692520775623,99.3628808864266,85.85,0.944309069429955,0.949755082396334,
/media/vsi-dev/Lacie_2/mndot_workzone_project/Tesla/campaign_8348ccbe-b6ca-4be8-82ff-b4eba2616879-Tesla_-_Princeton_169_new/campaign/processed_json/segments/9b1c0b60-a317-4614-b1d3-ac66ae257922/part_3/012504.json,,,0.999800019998667,94.22,85.5263157894737,86.1842105263158,81.7728531855956,100,88.24,0.944381757065655,0.948727984456855,
/media/vsi-dev/Lacie_2/mndot_workzone_project/Tesla/campaign_8348ccbe-b6ca-4be8-82ff-b4eba2616879-Tesla_-_Princeton_169_new/campaign/processed_json/segments/9b1c0b60-a317-4614-b1d3-ac66ae257922/part_3/012505.json,,,0.999387687539834,89.36,85.1973684210526,85.5263157894737,0,100,75.76,0.958771959367833,0.949192158542427,
/media/vsi-dev/Lacie_2/mndot_workzone_project/Tesla/campaign_8348ccbe-b6ca-4be8-82ff-b4eba2616879-Tesla_-_Princeton_169_new/campaign/processed_json/segments/9b1c0b60-a317-4614-b1d3-ac66ae257922/part_3/012506.json,,,0.999387687539834,94.3,85.5263157894737,85.5263157894737,84.3767313019391,100,88.45,0.945933895374641,0.948701742926946,
/media/vsi-dev/Lacie_2/mndot_workzone_project/Tesla/campaign_8348ccbe-b6ca-4be8-82ff-b4eba2616879-Tesla_-_Princeton_169_new/campaign/processed_json/segments/9b1c0b60-a317-4614-b1d3-ac66ae257922/part_3/012507.json,,,0.999887506327888,89.55,85.8552631578947,86.1842105263158,0,100,76.16,0.959867926447126,0.949327309740718,
/media/vsi-dev/Lacie_2/mndot_workzone_project/Tesla/campaign_8348ccbe-b6ca-4be8-82ff-b4eba2616879-Tesla_-_Princeton_169_new/campaign/processed_json/segments/9b1c0b60-a317-4614-b1d3-ac66ae257922/part_3/012508.json,,,0.999387687539834,89.4,84.8684210526316,85.5263157894737,0,100,75.69,0.965774952902674,0.948888773039953,
/media/vsi-dev/Lacie_2/mndot_workzone_project/Tesla/campaign_8348ccbe-b6ca-4be8-82ff-b4eba2616879-Tesla_-_Princeton_169_new/campaign/processed_json/segments/9b1c0b60-a317-4614-b1d3-ac66ae257922/part_3/012509.json,,,0.999387687539834,89.86,84.2105263157895,85.5263157894737,8.64265927977839,100,76.8,0.967381216929314,0.948829145028167,
/media/vsi-dev/Lacie_2/mndot_workzone_project/Tesla/campaign_8348ccbe-b6ca-4be8-82ff-b4eba2616879-Tesla_-_Princeton_169_new/campaign/processed_json/segments/9b1c0b60-a317-4614-b1d3-ac66ae257922/part_3/012510.json,,,0.999887506327888,89.89,84.2105263157895,85.5263157894737,8.47645429362881,100,76.78,0.968476929810351,0.949391777679962,
/media/vsi-dev/Lacie_2/mndot_workzone_project/Tesla/campaign_8348ccbe-b6ca-4be8-82ff-b4eba2616879-Tesla_-_Princeton_169_new/campaign/processed_json/segments/9b1c0b60-a317-4614-b1d3-ac66ae257922/part_3/012511.json,,,0.999950001249979,90.98,84.5394736842105,86.1842105263158,25.7340720221607,100,79.64,0.963045565595426,0.949253821867797,
/media/vsi-dev/Lacie_2/mndot_workzone_project/Tesla/campaign_8348ccbe-b6ca-4be8-82ff-b4eba2616879-Tesla_-_Princeton_169_new/campaign/processed_json/segments/9b1c0b60-a317-4614-b1d3-ac66ae257922/part_3/012512.json,,,0.999800019998667,90.49,84.5394736842105,86.1842105263158,17.202216066482,100,78.37,0.965602209658535,0.949222328048825,
/media/vsi-dev/Lacie_2/mndot_workzone_project/Tesla/campaign_8348ccbe-b6ca-4be8-82ff-b4eba2616879-Tesla_-_Princeton_169_new/campaign/processed_json/segments/9b1c0b60-a317-4614-b1d3-ac66ae257922/part_3/012513.json,,,0.999800019998667,90.03,84.5394736842105,85.5263157894737,10.3324099722992,100,77.16,0.968131819423562,0.949238634407472,
/media/vsi-dev/Lacie_2/mndot_workzone_project/Tesla/campaign_8348ccbe-b6ca-4be8-82ff-b4eba2616879-Tesla_-_Princeton_169_new/campaign/processed_json/segments/9b1c0b60-a317-4614-b1d3-ac66ae257922/part_3/012514.json,,,0.999687548823039,90.22,84.2105263157895,85.5263157894737,14.6537396121884,100,77.7,0.96659577164401,0.948744930581722,
/media/vsi-dev/Lacie_2/mndot_workzone_project/Tesla/campaign_8348ccbe-b6ca-4be8-82ff-b4eba2616879-Tesla_-_Princeton_169_new/campaign/processed_json/segments/9b1c0b60-a317-4614-b1d3-ac66ae257922/part_3/012515.json,,,0.999800019998667,90.25,84.5394736842105,85.1973684210526,15.0138504155125,100,77.75,0.966432734737451,0.949000487333572,
/media/vsi-dev/Lacie_2/mndot_workzone_project/Tesla/campaign_8348ccbe-b6ca-4be8-82ff-b4eba2616879-Tesla_-_Princeton_169_new/campaign/processed_json/segments/9b1c0b60-a317-4614-b1d3-ac66ae257922/part_3/012516.json,,,0.999200319914684,89.86,86.1842105263158,86.1842105263158,3.93351800554017,100,76.87,0.966022334944962,0.948584105961635,
/media/vsi-dev/Lacie_2/mndot_workzone_project/Tesla/campaign_8348ccbe-b6ca-4be8-82ff-b4eba2616879-Tesla_-_Princeton_169_new/campaign/processed_json/segments/9b1c0b60-a317-4614-b1d3-ac66ae257922/part_3/012517.json,,,0.999387687539834,89.51,85.5263157894737,85.5263157894737,0,100,75.9,0.968929063804191,0.948552033273296,
/media/vsi-dev/Lacie_2/mndot_workzone_project/Tesla/campaign_8348ccbe-b6ca-4be8-82ff-b4eba2616879-Tesla_-_Princeton_169_new/campaign/processed_json/segments/9b1c0b60-a317-4614-b1d3-ac66ae257922/part_3/012518.json,,,0.998988012405174,90.11,85.8552631578947,85.5263157894737,10.4986149584488,100,77.55,0.96372409128113,0.948889603394117,
/media/vsi-dev/Lacie_2/mndot_workzone_project/Tesla/campaign_8348ccbe-b6ca-4be8-82ff-b4eba2616879-Tesla_-_Princeton_169_new/campaign/processed_json/segments/9b1c0b60-a317-4614-b1d3-ac66ae257922/part_3/012519.json,,,0.999950001249979,90.13,84.8684210526316,86.1842105263158,12.1883656509695,98.0886426592798,77.44,0.965748052966791,0.949894021500112,
/media/vsi-dev/Lacie_2/mndot_workzone_project/Tesla/campaign_8348ccbe-b6ca-4be8-82ff-b4eba2616879-Tesla_-_Princeton_169_new/campaign/processed_json/segments/9b1c0b60-a317-4614-b1d3-ac66ae257922/part_3/012520.json,,,0.998988012405174,83.43,85.5263157894737,85.5263157894737,0,0,60.88,0.962912480590776,0.949349239752799,
/media/vsi-dev/Lacie_2/mndot_workzone_project/Tesla/campaign_8348ccbe-b6ca-4be8-82ff-b4eba2616879-Tesla_-_Princeton_169_new/campaign/processed_json/segments/9b1c0b60-a317-4614-b1d3-ac66ae257922/part_3/012521.json,,,0.999800019998667,90.18,85.5263157894737,86.1842105263158,12.0221606648199,98.4487534626039,77.65,0.963529094706786,0.949720942351344,
/media/vsi-dev/Lacie_2/mndot_workzone_project/Tesla/campaign_8348ccbe-b6ca-4be8-82ff-b4eba2616879-Tesla_-_Princeton_169_new/campaign/processed_json/segments/9b1c0b60-a317-4614-b1d3-ac66ae257922/part_3/012522.json,,,0.999987500078125,89.41,85.5263157894737,86.1842105263158,0,98.5872576177285,75.84,0.957360753957411,0.949902348495389,
/media/vsi-dev/Lacie_2/mndot_workzone_project/Tesla/campaign_8348ccbe-b6ca-4be8-82ff-b4eba2616879-Tesla_-_Princeton_169_new/campaign/processed_json/segments/9b1c0b60-a317-4614-b1d3-ac66ae257922/part_3/012523.json,,,0.999387687539834,93.22,85.8552631578947,85.5263157894737,68.0332409972299,97.2299168975069,85.69,0.947165801957963,0.949959256771303,
/media/vsi-dev/Lacie_2/mndot_workzone_project/Tesla/campaign_8348ccbe-b6ca-4be8-82ff-b4eba2616879-Tesla_-_Princeton_169_new/campaign/processed_json/segments/9b1c0b60-a317-4614-b1d3-ac66ae257922/part_3/012524.json,,,0.999987500078125,89.38,84.8684210526316,85.5263157894737,0,100,75.67,0.962105078611014,0.94887961830247,
/media/vsi-dev/Lacie_2/mndot_workzone_project/Tesla/campaign_8348ccbe-b6ca-4be8-82ff-b4eba2616879-Tesla_-_Princeton_169_new/campaign/processed_json/segments/9b1c0b60-a317-4614-b1d3-ac66ae257922/part_3/012525.json,,,0.999800019998667,89.61,85.1973684210526,85.8552631578947,3.98891966759003,99.196675900277,76.33,0.958660342279492,0.949468767431883,
/media/vsi-dev/Lacie_2/mndot_workzone_project/Tesla/campaign_8348ccbe-b6ca-4be8-82ff-b4eba2616879-Tesla_-_Princeton_169_new/campaign/processed_json/segments/9b1c0b60-a317-4614-b1d3-ac66ae257922/part_3/012526.json,,,0.999887506327888,89.41,84.5394736842105,85.8552631578947,0,100,75.69,0.964528489241054,0.948909179598027,
/media/vsi-dev/Lacie_2/mndot_workzone_project/Tesla/campaign_8348ccbe-b6ca-4be8-82ff-b4eba2616879-Tesla_-_Princeton_169_new/campaign/processed_json/segments/9b1c0b60-a317-4614-b1d3-ac66ae257922/part_3/012527.json,,,0.999387687539834,89.51,85.5263157894737,85.5263157894737,0,100,75.9,0.96832467089175,0.948955201326413,
/media/vsi-dev/Lacie_2/mndot_workzone_project/Tesla/campaign_8348ccbe-b6ca-4be8-82ff-b4eba2616879-Tesla_-_Princeton_169_new/campaign/processed_json/segments/9b1c0b60-a317-4614-b1d3-ac66ae257922/part_3/012528.json,,,0.999687548823039,89.52,85.8552631578947,85.5263157894737,0,100,75.98,0.964691807960842,0.949065435666014,
/media/vsi-dev/Lacie_2/mndot_workzone_project/Tesla/campaign_8348ccbe-b6ca-4be8-82ff-b4eba2616879-Tesla_-_Princeton_169_new/campaign/processed_json/segments/9b1c0b60-a317-4614-b1d3-ac66ae257922/part_3/012529.json,,,0.999387687539834,89.8,86.1842105263158,85.5263157894737,4.18282548476454,100,76.71,0.96460788375505,0.949169989661845,
/media/vsi-dev/Lacie_2/mndot_workzone_project/Tesla/campaign_8348ccbe-b6ca-4be8-82ff-b4eba2616879-Tesla_-_Princeton_169_new/campaign/processed_json/segments/9b1c0b60-a317-4614-b1d3-ac66ae257922/part_3/012530.json,,,0.999987500078125,90.13,84.5394736842105,85.5263157894737,12.0221606648199,100,77.41,0.967837328850018,0.949102358906992,
/media/vsi-dev/Lacie_2/mndot_workzone_project/Tesla/campaign_8348ccbe-b6ca-4be8-82ff-b4eba2616879-Tesla_-_Princeton_169_new/campaign/processed_json/segments/9b1c0b60-a317-4614-b1d3-ac66ae257922/part_3/012531.json,,,0.999200319914684,94.33,85.5263157894737,85.5263157894737,84.9030470914127,100,88.53,0.945806426482391,0.949051568432896,
/media/vsi-dev/Lacie_2/mndot_workzone_project/Tesla/campaign_8348ccbe-b6ca-4be8-82ff-b4eba2616879-Tesla_-_Princeton_169_new/campaign/processed_json/segments/9b1c0b60-a317-4614-b1d3-ac66ae257922/part_3/012532.json,,,0.999987500078125,90.47,84.8684210526316,85.5263157894737,17.4515235457064,100,78.31,0.966094364035169,0.948703062341182,
/media/vsi-dev/Lacie_2/mndot_workzone_project/Tesla/campaign_8348ccbe-b6ca-4be8-82ff-b4eba2616879-Tesla_-_Princeton_169_new/campaign/processed_json/segments/9b1c0b60-a317-4614-b1d3-ac66ae257922/part_3/012533.json,,,0.995012479192682,83.83,86.1842105263158,86.5131578947369,0,0,61.52,0.969788863234886,0.9721398191957,
/media/vsi-dev/Lacie_2/mndot_workzone_project/Tesla/campaign_8348ccbe-b6ca-4be8-82ff-b4eba2616879-Tesla_-_Princeton_169_new/campaign/processed_json/segments/9b1c0b60-a317-4614-b1d3-ac66ae257922/part_3/012534.json,,,0.999987500078125,90.7,85.1973684210526,85.1973684210526,21.6620498614958,100,78.93,0.964135281226304,0.948629321619722,
/media/vsi-dev/Lacie_2/mndot_workzone_project/Tesla/campaign_8348ccbe-b6ca-4be8-82ff-b4eba2616879-Tesla_-_Princeton_169_new/campaign/processed_json/segments/9b1c0b60-a317-4614-b1d3-ac66ae257922/part_3/012535.json,,,0.999887506327888,90.46,84.8684210526316,85.5263157894737,17.3407202216067,100,78.29,0.966151810255993,0.9487457822092,
/media/vsi-dev/Lacie_2/mndot_workzone_project/Tesla/campaign_8348ccbe-b6ca-4be8-82ff-b4eba2616879-Tesla_-_Princeton_169_new/campaign/processed_json/segments/9b1c0b60-a317-4614-b1d3-ac66ae257922/part_3/012536.json,,,1,90.67,85.1973684210526,85.5263157894737,20.1108033240997,100,78.81,0.965383864457374,0.948980142616729,
/media/vsi-dev/Lacie_2/mndot_workzone_project/Tesla/campaign_8348ccbe-b6ca-4be8-82ff-b4eba2616879-Tesla_-_Princeton_169_new/campaign/processed_json/segments/9b1c0b60-a317-4614-b1d3-ac66ae257922/part_3/012537.json,,,1,90.35,84.8684210526316,84.8684210526316,16.7036011080332,100,78,0.966002168144334,0.948778479597151,
/media/vsi-dev/Lacie_2/mndot_workzone_project/Tesla/campaign_8348ccbe-b6ca-4be8-82ff-b4eba2616879-Tesla_-_Princeton_169_new/campaign/processed_json/segments/9b1c0b60-a317-4614-b1d3-ac66ae257922/part_3/012538.json,,,0.999987500078125,90.65,84.8684210526316,85.5263157894737,20.803324099723,100,78.8,0.964082529788713,0.948654987950096,
/media/vsi-dev/Lacie_2/mndot_workzone_project/Tesla/campaign_8348ccbe-b6ca-4be8-82ff-b4eba2616879-Tesla_-_Princeton_169_new/campaign/processed_json/segments/9b1c0b60-a317-4614-b1d3-ac66ae257922/part_3/012539.json,,,0.998988012405174,89.3,84.8684210526316,84.8684210526316,0,100,75.49,0.965219987218859,0.948860687086212,
/media/vsi-dev/Lacie_2/mndot_workzone_project/Tesla/campaign_8348ccbe-b6ca-4be8-82ff-b4eba2616879-Tesla_-_Princeton_169_new/campaign/processed_json/segments/9b1c0b60-a317-4614-b1d3-ac66ae257922/part_3/012540.json,,,0.999550101234814,89.15,85.1973684210526,85.5263157894737,0,98.3102493074792,75.46,0.948810626831075,0.949665853726355,
/media/vsi-dev/Lacie_2/mndot_workzone_project/Tesla/campaign_8348ccbe-b6ca-4be8-82ff-b4eba2616879-Tesla_-_Princeton_169_new/campaign/processed_json/segments/9b1c0b60-a317-4614-b1d3-ac66ae257922/part_3/012541.json,,,0.999687548823039,89.14,84.5394736842105,84.8684210526316,0,99.2243767313019,75.24,0.956830740477222,0.949308421095465,
/media/vsi-dev/Lacie_2/mndot_workzone_project/Tesla/campaign_8348ccbe-b6ca-4be8-82ff-b4eba2616879-Tesla_-_Princeton_169_new/campaign/processed_json/segments/9b1c0b60-a317-4614-b1d3-ac66ae257922/part_3/012542.json,,,0.999387687539834,91.85,85.1973684210526,85.5263157894737,49.0581717451524,95.8448753462604,82.41,0.941093377653471,0.949975202276551,
/media/vsi-dev/Lacie_2/mndot_workzone_project/Tesla/campaign_8348ccbe-b6ca-4be8-82ff-b4eba2616879-Tesla_-_Princeton_169_new/campaign/processed_json/segments/9b1c0b60-a317-4614-b1d3-ac66ae257922/part_3/012543.json,,,0.999987500078125,89.32,84.8684210526316,85.5263157894737,0,100,75.65,0.957228006364471,0.948714965315277,
/media/vsi-dev/Lacie_2/mndot_workzone_project/Tesla/campaign_8348ccbe-b6ca-4be8-82ff-b4eba2616879-Tesla_-_Princeton_169_new/campaign/processed_json/segments/9b1c0b60-a317-4614-b1d3-ac66ae257922/part_3/012544.json,,,0.999987500078125,89.3,84.8684210526316,84.8684210526316,0,100,75.48,0.962672577351221,0.948336944117115,
/media/vsi-dev/Lacie_2/mndot_workzone_project/Tesla/campaign_8348ccbe-b6ca-4be8-82ff-b4eba2616879-Tesla_-_Princeton_169_new/campaign/processed_json/segments/9b1c0b60-a317-4614-b1d3-ac66ae257922/part_3/012545.json,,,0.999800019998667,89.58,84.5394736842105,84.8684210526316,5.78947368421053,100,76.24,0.961328164979558,0.948265264399343,
/media/vsi-dev/Lacie_2/mndot_workzone_project/Tesla/campaign_8348ccbe-b6ca-4be8-82ff-b4eba2616879-Tesla_-_Princeton_169_new/campaign/processed_json/segments/9b1c0b60-a317-4614-b1d3-ac66ae257922/part_3/012546.json,,,0.999987500078125,89.38,84.8684210526316,85.1973684210526,0.055401662049862,100,75.6,0.965187072333639,0.948817102764453,
/media/vsi-dev/Lacie_2/mndot_workzone_project/Tesla/campaign_8348ccbe-b6ca-4be8-82ff-b4eba2616879-Tesla_-_Princeton_169_new/campaign/processed_json/segments/9b1c0b60-a317-4614-b1d3-ac66ae257922/part_3/012547.json,,,0.999687548823039,89.32,84.8684210526316,84.8684210526316,0,100,75.49,0.965138609393605,0.948666438894175,
/media/vsi-dev/Lacie_2/mndot_workzone_project/Tesla/campaign_8348ccbe-b6ca-4be8-82ff-b4eba2616879-Tesla_-_Princeton_169_new/campaign/processed_json/segments/9b1c0b60-a317-4614-b1d3-ac66ae257922/part_3/012548.json,,,0.999687548823039,89.97,85.1973684210526,84.8684210526316,10.3047091412742,100,77.13,0.964921659032965,0.948372211353792,
/media/vsi-dev/Lacie_2/mndot_workzone_project/Tesla/campaign_8348ccbe-b6ca-4be8-82ff-b4eba2616879-Tesla_-_Princeton_169_new/campaign/processed_json/segments/9b1c0b60-a317-4614-b1d3-ac66ae257922/part_3/012549.json,,,0.999387687539834,90.3,84.8684210526316,84.8684210526316,16.8975069252078,100,78.02,0.964084458059531,0.947960999234527,
/media/vsi-dev/Lacie_2/mndot_workzone_project/Tesla/campaign_8348ccbe-b6ca-4be8-82ff-b4eba2616879-Tesla_-_Princeton_169_new/campaign/processed_json/segments/9b1c0b60-a317-4614-b1d3-ac66ae257922/part_3/012550.json,,,0.999800019998667,89.51,84.2105263157895,84.8684210526316,4.76454293628809,100,76,0.963192295223448,0.94877863391713,
/media/vsi-dev/Lacie_2/mndot_workzone_project/Tesla/campaign_8348ccbe-b6ca-4be8-82ff-b4eba2616879-Tesla_-_Princeton_169_new/campaign/processed_json/segments/9b1c0b60-a317-4614-b1d3-ac66ae257922/part_3/012551.json,,,0.999887506327888,89.92,83.5526315789474,84.8684210526316,11.8836565096953,100,76.89,0.967772659484137,0.948960105599993,
/media/vsi-dev/Lacie_2/mndot_workzone_project/Tesla/campaign_8348ccbe-b6ca-4be8-82ff-b4eba2616879-Tesla_-_Princeton_169_new/campaign/processed_json/segments/9b1c0b60-a317-4614-b1d3-ac66ae257922/part_3/012552.json,,,0.999887506327888,89.6,84.5394736842105,84.8684210526316,4.65373961218837,100,76.1,0.96740525118483,0.948612738540879,
/media/vsi-dev/Lacie_2/mndot_workzone_project/Tesla/campaign_8348ccbe-b6ca-4be8-82ff-b4eba2616879-Tesla_-_Princeton_169_new/campaign/processed_json/segments/9b1c0b60-a317-4614-b1d3-ac66ae257922/part_3/012553.json,,,0.999687548823039,89.57,82.2368421052632,84.8684210526316,8.83656509695291,100,76.04,0.967689613207366,0.948465653953646,
/media/vsi-dev/Lacie_2/mndot_workzone_project/Tesla/campaign_8348ccbe-b6ca-4be8-82ff-b4eba2616879-Tesla_-_Princeton_169_new/campaign/processed_json/segments/9b1c0b60-a317-4614-b1d3-ac66ae257922/part_3/012554.json,,,0.999387687539834,90.12,84.5394736842105,84.8684210526316,14.3490304709141,100,77.54,0.964491894121213,0.948488959999231,
/media/vsi-dev/Lacie_2/mndot_workzone_project/Tesla/campaign_8348ccbe-b6ca-4be8-82ff-b4eba2616879-Tesla_-_Princeton_169_new/campaign/processed_json/segments/9b1c0b60-a317-4614-b1d3-ac66ae257922/part_3/012555.json,,,0.998988012405174,90.34,84.8684210526316,84.8684210526316,19.2520775623269,98.6980609418283,78.17,0.962976275397899,0.948613990717987,
/media/vsi-dev/Lacie_2/mndot_workzone_project/Tesla/campaign_8348ccbe-b6ca-4be8-82ff-b4eba2616879-Tesla_-_Princeton_169_new/campaign/processed_json/segments/9b1c0b60-a317-4614-b1d3-ac66ae257922/part_3/012556.json,,,0.999200319914684,89.51,84.2105263157895,84.8684210526316,6.7590027700831,97.6177285318559,75.96,0.966882284431196,0.94882914158235,
/media/vsi-dev/Lacie_2/mndot_workzone_project/Tesla/campaign_8348ccbe-b6ca-4be8-82ff-b4eba2616879-Tesla_-_Princeton_169_new/campaign/processed_json/segments/9b1c0b60-a317-4614-b1d3-ac66ae257922/part_3/012557.json,,,0.998988012405174,89.95,84.8684210526316,84.8684210526316,10.9972299168975,100,77.14,0.965322974859875,0.948259076572395,
/media/vsi-dev/Lacie_2/mndot_workzone_project/Tesla/campaign_8348ccbe-b6ca-4be8-82ff-b4eba2616879-Tesla_-_Princeton_169_new/campaign/processed_json/segments/9b1c0b60-a317-4614-b1d3-ac66ae257922/part_3/012558.json,,,0.999800019998667,90.23,83.5526315789474,84.8684210526316,18.5041551246537,99.2797783933518,77.76,0.964864864050394,0.948844627198843,
/media/vsi-dev/Lacie_2/mndot_workzone_project/Tesla/campaign_8348ccbe-b6ca-4be8-82ff-b4eba2616879-Tesla_-_Princeton_169_new/campaign/processed_json/segments/9b1c0b60-a317-4614-b1d3-ac66ae257922/part_3/012559.json,,,0.998201619028437,90.09,84.2105263157895,84.8684210526316,15.3462603878116,100,77.59,0.964231276098143,0.948181356652423,
/media/vsi-dev/Lacie_2/mndot_workzone_project/Tesla/campaign_8348ccbe-b6ca-4be8-82ff-b4eba2616879-Tesla_-_Princeton_169_new/campaign/processed_json/segments/9b1c0b60-a317-4614-b1d3-ac66ae257922/part_3/012560.json,,,0.999387687539834,89.11,84.8684210526316,84.8684210526316,0,98.7811634349031,75.26,0.954869642917149,0.948649309417358,
/media/vsi-dev/Lacie_2/mndot_workzone_project/Tesla/campaign_8348ccbe-b6ca-4be8-82ff-b4eba2616879-Tesla_-_Princeton_169_new/campaign/processed_json/segments/9b1c0b60-a317-4614-b1d3-ac66ae257922/part_3/012561.json,,,0.999987500078125,89.1,85.1973684210526,84.8684210526316,0,97.7285318559557,75.19,0.953053425132844,0.949025937967343,
/media/vsi-dev/Lacie_2/mndot_workzone_project/Tesla/campaign_8348ccbe-b6ca-4be8-82ff-b4eba2616879-Tesla_-_Princeton_169_new/campaign/processed_json/segments/9b1c0b60-a317-4614-b1d3-ac66ae257922/part_3/012562.json,,,0.998201619028437,88.91,83.8815789473684,84.2105263157895,0,100,74.93,0.95201766267275,0.948742213594004,
/media/vsi-dev/Lacie_2/mndot_workzone_project/Tesla/campaign_8348ccbe-b6ca-4be8-82ff-b4eba2616879-Tesla_-_Princeton_169_new/campaign/processed_json/segments/9b1c0b60-a317-4614-b1d3-ac66ae257922/part_3/012563.json,,,0.999687548823039,89.07,84.5394736842105,84.5394736842105,0,99.5290858725762,75.16,0.953373265452493,0.948852990306886,
/media/vsi-dev/Lacie_2/mndot_workzone_project/Tesla/campaign_8348ccbe-b6ca-4be8-82ff-b4eba2616879-Tesla_-_Princeton_169_new/campaign/processed_json/segments/9b1c0b60-a317-4614-b1d3-ac66ae257922/part_3/012564.json,,,0.999550101234814,92.61,84.5394736842105,84.8684210526316,60.7202216066482,100,84.37,0.939758707238999,0.948723178979705,
/media/vsi-dev/Lacie_2/mndot_workzone_project/Tesla/campaign_8348ccbe-b6ca-4be8-82ff-b4eba2616879-Tesla_-_Princeton_169_new/campaign/processed_json/segments/9b1c0b60-a317-4614-b1d3-ac66ae257922/part_3/012565.json,,,0.999687548823039,89.29,85.1973684210526,84.8684210526316,0,99.8337950138504,75.54,0.959791018480379,0.948539975638137,
/media/vsi-dev/Lacie_2/mndot_workzone_project/Tesla/campaign_8348ccbe-b6ca-4be8-82ff-b4eba2616879-Tesla_-_Princeton_169_new/campaign/processed_json/segments/9b1c0b60-a317-4614-b1d3-ac66ae257922/part_3/012566.json,,,1,89.28,84.8684210526316,84.8684210526316,0,98.808864265928,75.32,0.965809243183214,0.948906183000831,
/media/vsi-dev/Lacie_2/mndot_workzone_project/Tesla/campaign_8348ccbe-b6ca-4be8-82ff-b4eba2616879-Tesla_-_Princeton_169_new/campaign/processed_json/segments/9b1c0b60-a317-4614-b1d3-ac66ae257922/part_3/012567.json,,,0.999687548823039,89.32,84.8684210526316,84.8684210526316,2.32686980609418,98.5872576177285,75.6,0.960239247884108,0.948926387395378,
/media/vsi-dev/Lacie_2/mndot_workzone_project/Tesla/campaign_8348ccbe-b6ca-4be8-82ff-b4eba2616879-Tesla_-_Princeton_169_new/campaign/processed_json/segments/9b1c0b60-a317-4614-b1d3-ac66ae257922/part_3/012568.json,,,0.999200319914684,89.81,85.1973684210526,84.8684210526316,9.33518005540166,98.6980609418283,76.79,0.964523194754559,0.948545066413262,
/media/vsi-dev/Lacie_2/mndot_workzone_project/Tesla/campaign_8348ccbe-b6ca-4be8-82ff-b4eba2616879-Tesla_-_Princeton_169_new/campaign/processed_json/segments/9b1c0b60-a317-4614-b1d3-ac66ae257922/part_3/012569.json,,,0.999687548823039,90.66,84.8684210526316,84.2105263157895,25.180055401662,99.3351800554017,78.95,0.960722078304531,0.94842525319042,
/media/vsi-dev/Lacie_2/mndot_workzone_project/Tesla/campaign_8348ccbe-b6ca-4be8-82ff-b4eba2616879-Tesla_-_Princeton_169_new/campaign/processed_json/segments/9b1c0b60-a317-4614-b1d3-ac66ae257922/part_3/012570.json,,,0.998488643251663,89.45,84.2105263157895,84.8684210526316,6.09418282548477,98.8642659279778,76.02,0.961354737211499,0.949006830748188,
/media/vsi-dev/Lacie_2/mndot_workzone_project/Tesla/campaign_8348ccbe-b6ca-4be8-82ff-b4eba2616879-Tesla_-_Princeton_169_new/campaign/processed_json/segments/9b1c0b60-a317-4614-b1d3-ac66ae257922/part_3/012571.json,,,0.999387687539834,89.91,84.5394736842105,84.8684210526316,10.9972299168975,100,77.03,0.963667208957341,0.948573965514822,
/media/vsi-dev/Lacie_2/mndot_workzone_project/Tesla/campaign_8348ccbe-b6ca-4be8-82ff-b4eba2616879-Tesla_-_Princeton_169_new/campaign/processed_json/segments/9b1c0b60-a317-4614-b1d3-ac66ae257922/part_3/012572.json,,,0.999800019998667,89.34,84.5394736842105,84.8684210526316,1.82825484764543,98.5872576177285,75.47,0.967027170108361,0.949184934430423,
/media/vsi-dev/Lacie_2/mndot_workzone_project/Tesla/campaign_8348ccbe-b6ca-4be8-82ff-b4eba2616879-Tesla_-_Princeton_169_new/campaign/processed_json/segments/9b1c0b60-a317-4614-b1d3-ac66ae257922/part_3/012573.json,,,0.999800019998667,89.86,84.5394736842105,84.8684210526316,9.50138504155125,100,76.82,0.965022114725594,0.948734959911399,
/media/vsi-dev/Lacie_2/mndot_workzone_project/Tesla/campaign_8348ccbe-b6ca-4be8-82ff-b4eba2616879-Tesla_-_Princeton_169_new/campaign/processed_json/segments/9b1c0b60-a317-4614-b1d3-ac66ae257922/part_3/012574.json,,,0.999687548823039,90.28,84.8684210526316,85.1973684210526,15.5401662049862,99.8614958448754,77.9,0.964541659508559,0.948786604793482,
/media/vsi-dev/Lacie_2/mndot_workzone_project/Tesla/campaign_8348ccbe-b6ca-4be8-82ff-b4eba2616879-Tesla_-_Princeton_169_new/campaign/processed_json/segments/9b1c0b60-a317-4614-b1d3-ac66ae257922/part_3/012575.json,,,0.999800019998667,90.87,84.8684210526316,84.8684210526316,27.0914127423823,98.9473684210526,79.39,0.962726790201156,0.94905958400033,
/media/vsi-dev/Lacie_2/mndot_workzone_project/Tesla/campaign_8348ccbe-b6ca-4be8-82ff-b4eba2616879-Tesla_-_Princeton_169_new/campaign/processed_json/segments/9b1c0b60-a317-4614-b1d3-ac66ae257922/part_3/012576.json,,,1,89.8,82.8947368421053,85.5263157894737,9.86149584487535,100,76.59,0.967602227821292,0.948746895781753,
